第1天：2000个村民诞生了！
📊 第3天结束：当前村庄共有 2000 人存活。
📊 第4天结束：当前村庄共有 2000 人存活。
📊 第5天结束：当前村庄共有 2000 人存活。
📊 第6天结束：当前村庄共有 2000 人存活。
📊 第7天结束：当前村庄共有 2000 人存活。
📊 第8天结束：当前村庄共有 2000 人存活。
📊 第9天结束：当前村庄共有 2000 人存活。
📊 第10天结束：当前村庄共有 2000 人存活。
📊 第11天结束：当前村庄共有 2000 人存活。
📊 第12天结束：当前村庄共有 2000 人存活。
📊 第13天结束：当前村庄共有 2000 人存活。
📊 第14天结束：当前村庄共有 2000 人存活。
📊 第15天结束：当前村庄共有 2000 人存活。
📊 第16天结束：当前村庄共有 2000 人存活。
📊 第17天结束：当前村庄共有 2000 人存活。
📊 第18天结束：当前村庄共有 2000 人存活。
📊 第19天结束：当前村庄共有 2000 人存活。
📊 第20天结束：当前村庄共有 2000 人存活。
🌪️ --- 第21天，发生【寒冬】，万物凋零！---
📊 第21天结束：当前村庄共有 2000 人存活。
📊 第22天结束：当前村庄共有 2000 人存活。
📊 第23天结束：当前村庄共有 2000 人存活。
📊 第24天结束：当前村庄共有 2000 人存活。
📊 第25天结束：当前村庄共有 2000 人存活。
📊 第26天结束：当前村庄共有 2000 人存活。
📊 第27天结束：当前村庄共有 2000 人存活。
📊 第28天结束：当前村庄共有 2000 人存活。
📊 第29天结束：当前村庄共有 2000 人存活。
📊 第30天结束：当前村庄共有 2000 人存活。
📊 第31天结束：当前村庄共有 2000 人存活。
📊 第32天结束：当前村庄共有 2000 人存活。
📊 第33天结束：当前村庄共有 2000 人存活。
📊 第34天结束：当前村庄共有 2000 人存活。
📊 第35天结束：当前村庄共有 2000 人存活。
📊 第36天结束：当前村庄共有 2000 人存活。
🌪️ --- 第37天，发生【瘟疫】，万物凋零！---
📊 第37天结束：当前村庄共有 2000 人存活。
📊 第38天结束：当前村庄共有 2000 人存活。
📊 第39天结束：当前村庄共有 2000 人存活。
📊 第40天结束：当前村庄共有 2000 人存活。
📊 第41天结束：当前村庄共有 2000 人存活。
🌪️ --- 第42天，发生【瘟疫】！---
📊 第42天结束：当前村庄共有 2000 人存活。
📊 第43天结束：当前村庄共有 2000 人存活。
📊 第44天结束：当前村庄共有 2000 人存活。
📊 第45天结束：当前村庄共有 2000 人存活。
⚠️ 第45天，村民1食物耗尽！
⚠️ 第45天，村民1缺水！
⚠️ 第45天，村民2食物耗尽！
⚠️ 第45天，村民2缺水！
⚠️ 第45天，村民5食物耗尽！
⚠️ 第45天，村民5缺水！
⚠️ 第45天，村民6食物耗尽！
⚠️ 第45天，村民6缺水！
⚠️ 第45天，村民7食物耗尽！
⚠️ 第45天，村民7缺水！
⚠️ 第45天，村民8食物耗尽！
⚠️ 第45天，村民8缺水！
⚠️ 第45天，村民9食物耗尽！
⚠️ 第45天，村民9缺水！
⚠️ 第45天，村民12食物耗尽！
⚠️ 第45天，村民12缺水！
⚠️ 第45天，村民13食物耗尽！
⚠️ 第45天，村民13缺水！
⚠️ 第45天，村民14食物耗尽！
⚠️ 第45天，村民14缺水！
⚠️ 第45天，村民15食物耗尽！
⚠️ 第45天，村民15缺水！
⚠️ 第45天，村民16食物耗尽！
⚠️ 第45天，村民16缺水！
⚠️ 第45天，村民19食物耗尽！
⚠️ 第45天，村民19缺水！
⚠️ 第45天，村民20食物耗尽！
⚠️ 第45天，村民20缺水！
⚠️ 第45天，村民23食物耗尽！
⚠️ 第45天，村民23缺水！
⚠️ 第45天，村民24食物耗尽！
⚠️ 第45天，村民24缺水！
⚠️ 第45天，村民25食物耗尽！
⚠️ 第45天，村民25缺水！
⚠️ 第45天，村民27食物耗尽！
⚠️ 第45天，村民27缺水！
⚠️ 第45天，村民28食物耗尽！
⚠️ 第45天，村民28缺水！
⚠️ 第45天，村民29食物耗尽！
⚠️ 第45天，村民29缺水！
⚠️ 第45天，村民30食物耗尽！
⚠️ 第45天，村民30缺水！
⚠️ 第45天，村民31食物耗尽！
⚠️ 第45天，村民31缺水！
⚠️ 第45天，村民33食物耗尽！
⚠️ 第45天，村民33缺水！
⚠️ 第45天，村民35食物耗尽！
⚠️ 第45天，村民35缺水！
⚠️ 第45天，村民36食物耗尽！
⚠️ 第45天，村民36缺水！
⚠️ 第45天，村民37食物耗尽！
⚠️ 第45天，村民37缺水！
⚠️ 第45天，村民38食物耗尽！
⚠️ 第45天，村民38缺水！
⚠️ 第45天，村民39食物耗尽！
⚠️ 第45天，村民39缺水！
⚠️ 第45天，村民43食物耗尽！
⚠️ 第45天，村民43缺水！
⚠️ 第45天，村民45食物耗尽！
⚠️ 第45天，村民45缺水！
⚠️ 第45天，村民46食物耗尽！
⚠️ 第45天，村民46缺水！
⚠️ 第45天，村民48食物耗尽！
⚠️ 第45天，村民48缺水！
⚠️ 第45天，村民49食物耗尽！
⚠️ 第45天，村民49缺水！
⚠️ 第45天，村民52食物耗尽！
⚠️ 第45天，村民52缺水！
⚠️ 第45天，村民54食物耗尽！
⚠️ 第45天，村民54缺水！
⚠️ 第45天，村民57食物耗尽！
⚠️ 第45天，村民57缺水！
⚠️ 第45天，村民58食物耗尽！
⚠️ 第45天，村民58缺水！
⚠️ 第45天，村民59食物耗尽！
⚠️ 第45天，村民59缺水！
⚠️ 第45天，村民60食物耗尽！
⚠️ 第45天，村民60缺水！
⚠️ 第45天，村民62食物耗尽！
⚠️ 第45天，村民62缺水！
⚠️ 第45天，村民64食物耗尽！
⚠️ 第45天，村民64缺水！
⚠️ 第45天，村民65食物耗尽！
⚠️ 第45天，村民65缺水！
⚠️ 第45天，村民68食物耗尽！
⚠️ 第45天，村民68缺水！
⚠️ 第45天，村民69食物耗尽！
⚠️ 第45天，村民69缺水！
⚠️ 第45天，村民71食物耗尽！
⚠️ 第45天，村民71缺水！
⚠️ 第45天，村民72食物耗尽！
⚠️ 第45天，村民72缺水！
⚠️ 第45天，村民74食物耗尽！
⚠️ 第45天，村民74缺水！
⚠️ 第45天，村民77食物耗尽！
⚠️ 第45天，村民77缺水！
⚠️ 第45天，村民78食物耗尽！
⚠️ 第45天，村民78缺水！
⚠️ 第45天，村民79食物耗尽！
⚠️ 第45天，村民79缺水！
⚠️ 第45天，村民80食物耗尽！
⚠️ 第45天，村民80缺水！
⚠️ 第45天，村民81食物耗尽！
⚠️ 第45天，村民81缺水！
⚠️ 第45天，村民82食物耗尽！
⚠️ 第45天，村民82缺水！
⚠️ 第45天，村民83食物耗尽！
⚠️ 第45天，村民83缺水！
⚠️ 第45天，村民84食物耗尽！
⚠️ 第45天，村民84缺水！
⚠️ 第45天，村民85食物耗尽！
⚠️ 第45天，村民85缺水！
⚠️ 第45天，村民87食物耗尽！
⚠️ 第45天，村民87缺水！
⚠️ 第45天，村民88食物耗尽！
⚠️ 第45天，村民88缺水！
⚠️ 第45天，村民90食物耗尽！
⚠️ 第45天，村民90缺水！
⚠️ 第45天，村民92食物耗尽！
⚠️ 第45天，村民92缺水！
⚠️ 第45天，村民93食物耗尽！
⚠️ 第45天，村民93缺水！
⚠️ 第45天，村民95食物耗尽！
⚠️ 第45天，村民95缺水！
⚠️ 第45天，村民96食物耗尽！
⚠️ 第45天，村民96缺水！
⚠️ 第45天，村民97食物耗尽！
⚠️ 第45天，村民97缺水！
⚠️ 第45天，村民100食物耗尽！
⚠️ 第45天，村民100缺水！
⚠️ 第45天，村民101食物耗尽！
⚠️ 第45天，村民101缺水！
⚠️ 第45天，村民104食物耗尽！
⚠️ 第45天，村民104缺水！
⚠️ 第45天，村民105食物耗尽！
⚠️ 第45天，村民105缺水！
⚠️ 第45天，村民108食物耗尽！
⚠️ 第45天，村民108缺水！
⚠️ 第45天，村民109食物耗尽！
⚠️ 第45天，村民109缺水！
⚠️ 第45天，村民111食物耗尽！
⚠️ 第45天，村民111缺水！
⚠️ 第45天，村民112食物耗尽！
⚠️ 第45天，村民112缺水！
⚠️ 第45天，村民115食物耗尽！
⚠️ 第45天，村民115缺水！
⚠️ 第45天，村民116食物耗尽！
⚠️ 第45天，村民116缺水！
⚠️ 第45天，村民117食物耗尽！
⚠️ 第45天，村民117缺水！
⚠️ 第45天，村民118食物耗尽！
⚠️ 第45天，村民118缺水！
⚠️ 第45天，村民119食物耗尽！
⚠️ 第45天，村民119缺水！
⚠️ 第45天，村民121食物耗尽！
⚠️ 第45天，村民121缺水！
⚠️ 第45天，村民123食物耗尽！
⚠️ 第45天，村民123缺水！
⚠️ 第45天，村民124食物耗尽！
⚠️ 第45天，村民124缺水！
⚠️ 第45天，村民125食物耗尽！
⚠️ 第45天，村民125缺水！
⚠️ 第45天，村民126食物耗尽！
⚠️ 第45天，村民126缺水！
⚠️ 第45天，村民127食物耗尽！
⚠️ 第45天，村民127缺水！
⚠️ 第45天，村民128食物耗尽！
⚠️ 第45天，村民128缺水！
⚠️ 第45天，村民129食物耗尽！
⚠️ 第45天，村民129缺水！
⚠️ 第45天，村民131食物耗尽！
⚠️ 第45天，村民131缺水！
⚠️ 第45天，村民132食物耗尽！
⚠️ 第45天，村民132缺水！
⚠️ 第45天，村民133食物耗尽！
⚠️ 第45天，村民133缺水！
⚠️ 第45天，村民134食物耗尽！
⚠️ 第45天，村民134缺水！
⚠️ 第45天，村民135食物耗尽！
⚠️ 第45天，村民135缺水！
⚠️ 第45天，村民141食物耗尽！
⚠️ 第45天，村民141缺水！
⚠️ 第45天，村民142食物耗尽！
⚠️ 第45天，村民142缺水！
⚠️ 第45天，村民144食物耗尽！
⚠️ 第45天，村民144缺水！
⚠️ 第45天，村民145食物耗尽！
⚠️ 第45天，村民145缺水！
⚠️ 第45天，村民146食物耗尽！
⚠️ 第45天，村民146缺水！
⚠️ 第45天，村民148食物耗尽！
⚠️ 第45天，村民148缺水！
⚠️ 第45天，村民149食物耗尽！
⚠️ 第45天，村民149缺水！
⚠️ 第45天，村民153食物耗尽！
⚠️ 第45天，村民153缺水！
⚠️ 第45天，村民154食物耗尽！
⚠️ 第45天，村民154缺水！
⚠️ 第45天，村民161食物耗尽！
⚠️ 第45天，村民161缺水！
⚠️ 第45天，村民162食物耗尽！
⚠️ 第45天，村民162缺水！
⚠️ 第45天，村民163食物耗尽！
⚠️ 第45天，村民163缺水！
⚠️ 第45天，村民164食物耗尽！
⚠️ 第45天，村民164缺水！
⚠️ 第45天，村民166食物耗尽！
⚠️ 第45天，村民166缺水！
⚠️ 第45天，村民167食物耗尽！
⚠️ 第45天，村民167缺水！
⚠️ 第45天，村民168食物耗尽！
⚠️ 第45天，村民168缺水！
⚠️ 第45天，村民173食物耗尽！
⚠️ 第45天，村民173缺水！
⚠️ 第45天，村民174食物耗尽！
⚠️ 第45天，村民174缺水！
⚠️ 第45天，村民175食物耗尽！
⚠️ 第45天，村民175缺水！
⚠️ 第45天，村民179食物耗尽！
⚠️ 第45天，村民179缺水！
⚠️ 第45天，村民180食物耗尽！
⚠️ 第45天，村民180缺水！
⚠️ 第45天，村民182食物耗尽！
⚠️ 第45天，村民182缺水！
⚠️ 第45天，村民183食物耗尽！
⚠️ 第45天，村民183缺水！
⚠️ 第45天，村民184食物耗尽！
⚠️ 第45天，村民184缺水！
⚠️ 第45天，村民185食物耗尽！
⚠️ 第45天，村民185缺水！
⚠️ 第45天，村民188食物耗尽！
⚠️ 第45天，村民188缺水！
⚠️ 第45天，村民190食物耗尽！
⚠️ 第45天，村民190缺水！
⚠️ 第45天，村民192食物耗尽！
⚠️ 第45天，村民192缺水！
⚠️ 第45天，村民193食物耗尽！
⚠️ 第45天，村民193缺水！
⚠️ 第45天，村民194食物耗尽！
⚠️ 第45天，村民194缺水！
⚠️ 第45天，村民197食物耗尽！
⚠️ 第45天，村民197缺水！
⚠️ 第45天，村民198食物耗尽！
⚠️ 第45天，村民198缺水！
⚠️ 第45天，村民200食物耗尽！
⚠️ 第45天，村民200缺水！
⚠️ 第45天，村民201食物耗尽！
⚠️ 第45天，村民201缺水！
⚠️ 第45天，村民207食物耗尽！
⚠️ 第45天，村民207缺水！
⚠️ 第45天，村民208食物耗尽！
⚠️ 第45天，村民208缺水！
⚠️ 第45天，村民209食物耗尽！
⚠️ 第45天，村民209缺水！
⚠️ 第45天，村民212食物耗尽！
⚠️ 第45天，村民212缺水！
⚠️ 第45天，村民213食物耗尽！
⚠️ 第45天，村民213缺水！
⚠️ 第45天，村民214食物耗尽！
⚠️ 第45天，村民214缺水！
⚠️ 第45天，村民216食物耗尽！
⚠️ 第45天，村民216缺水！
⚠️ 第45天，村民217食物耗尽！
⚠️ 第45天，村民217缺水！
⚠️ 第45天，村民219食物耗尽！
⚠️ 第45天，村民219缺水！
⚠️ 第45天，村民220食物耗尽！
⚠️ 第45天，村民220缺水！
⚠️ 第45天，村民221食物耗尽！
⚠️ 第45天，村民221缺水！
⚠️ 第45天，村民222食物耗尽！
⚠️ 第45天，村民222缺水！
⚠️ 第45天，村民223食物耗尽！
⚠️ 第45天，村民223缺水！
⚠️ 第45天，村民225食物耗尽！
⚠️ 第45天，村民225缺水！
⚠️ 第45天，村民227食物耗尽！
⚠️ 第45天，村民227缺水！
⚠️ 第45天，村民228食物耗尽！
⚠️ 第45天，村民228缺水！
⚠️ 第45天，村民230食物耗尽！
⚠️ 第45天，村民230缺水！
⚠️ 第45天，村民231食物耗尽！
⚠️ 第45天，村民231缺水！
⚠️ 第45天，村民232食物耗尽！
⚠️ 第45天，村民232缺水！
⚠️ 第45天，村民233食物耗尽！
⚠️ 第45天，村民233缺水！
⚠️ 第45天，村民234食物耗尽！
⚠️ 第45天，村民234缺水！
⚠️ 第45天，村民235食物耗尽！
⚠️ 第45天，村民235缺水！
⚠️ 第45天，村民236食物耗尽！
⚠️ 第45天，村民236缺水！
⚠️ 第45天，村民237食物耗尽！
⚠️ 第45天，村民237缺水！
⚠️ 第45天，村民238食物耗尽！
⚠️ 第45天，村民238缺水！
⚠️ 第45天，村民239食物耗尽！
⚠️ 第45天，村民239缺水！
⚠️ 第45天，村民240食物耗尽！
⚠️ 第45天，村民240缺水！
⚠️ 第45天，村民242食物耗尽！
⚠️ 第45天，村民242缺水！
⚠️ 第45天，村民243食物耗尽！
⚠️ 第45天，村民243缺水！
⚠️ 第45天，村民244食物耗尽！
⚠️ 第45天，村民244缺水！
⚠️ 第45天，村民245食物耗尽！
⚠️ 第45天，村民245缺水！
⚠️ 第45天，村民246食物耗尽！
⚠️ 第45天，村民246缺水！
⚠️ 第45天，村民247食物耗尽！
⚠️ 第45天，村民247缺水！
⚠️ 第45天，村民248食物耗尽！
⚠️ 第45天，村民248缺水！
⚠️ 第45天，村民249食物耗尽！
⚠️ 第45天，村民249缺水！
⚠️ 第45天，村民252食物耗尽！
⚠️ 第45天，村民252缺水！
⚠️ 第45天，村民253食物耗尽！
⚠️ 第45天，村民253缺水！
⚠️ 第45天，村民254食物耗尽！
⚠️ 第45天，村民254缺水！
⚠️ 第45天，村民255食物耗尽！
⚠️ 第45天，村民255缺水！
⚠️ 第45天，村民256食物耗尽！
⚠️ 第45天，村民256缺水！
⚠️ 第45天，村民257食物耗尽！
⚠️ 第45天，村民257缺水！
⚠️ 第45天，村民260食物耗尽！
⚠️ 第45天，村民260缺水！
⚠️ 第45天，村民261食物耗尽！
⚠️ 第45天，村民261缺水！
⚠️ 第45天，村民262食物耗尽！
⚠️ 第45天，村民262缺水！
⚠️ 第45天，村民263食物耗尽！
⚠️ 第45天，村民263缺水！
⚠️ 第45天，村民265食物耗尽！
⚠️ 第45天，村民265缺水！
⚠️ 第45天，村民268食物耗尽！
⚠️ 第45天，村民268缺水！
⚠️ 第45天，村民270食物耗尽！
⚠️ 第45天，村民270缺水！
⚠️ 第45天，村民271食物耗尽！
⚠️ 第45天，村民271缺水！
⚠️ 第45天，村民272食物耗尽！
⚠️ 第45天，村民272缺水！
⚠️ 第45天，村民273食物耗尽！
⚠️ 第45天，村民273缺水！
⚠️ 第45天，村民275食物耗尽！
⚠️ 第45天，村民275缺水！
⚠️ 第45天，村民276食物耗尽！
⚠️ 第45天，村民276缺水！
⚠️ 第45天，村民278食物耗尽！
⚠️ 第45天，村民278缺水！
⚠️ 第45天，村民279食物耗尽！
⚠️ 第45天，村民279缺水！
⚠️ 第45天，村民280食物耗尽！
⚠️ 第45天，村民280缺水！
⚠️ 第45天，村民281食物耗尽！
⚠️ 第45天，村民281缺水！
⚠️ 第45天，村民284食物耗尽！
⚠️ 第45天，村民284缺水！
⚠️ 第45天，村民285食物耗尽！
⚠️ 第45天，村民285缺水！
⚠️ 第45天，村民286食物耗尽！
⚠️ 第45天，村民286缺水！
⚠️ 第45天，村民287食物耗尽！
⚠️ 第45天，村民287缺水！
⚠️ 第45天，村民289食物耗尽！
⚠️ 第45天，村民289缺水！
⚠️ 第45天，村民291食物耗尽！
⚠️ 第45天，村民291缺水！
⚠️ 第45天，村民292食物耗尽！
⚠️ 第45天，村民292缺水！
⚠️ 第45天，村民294食物耗尽！
⚠️ 第45天，村民294缺水！
⚠️ 第45天，村民295食物耗尽！
⚠️ 第45天，村民295缺水！
⚠️ 第45天，村民297食物耗尽！
⚠️ 第45天，村民297缺水！
⚠️ 第45天，村民298食物耗尽！
⚠️ 第45天，村民298缺水！
⚠️ 第45天，村民300食物耗尽！
⚠️ 第45天，村民300缺水！
⚠️ 第45天，村民301食物耗尽！
⚠️ 第45天，村民301缺水！
⚠️ 第45天，村民302食物耗尽！
⚠️ 第45天，村民302缺水！
⚠️ 第45天，村民303食物耗尽！
⚠️ 第45天，村民303缺水！
⚠️ 第45天，村民304食物耗尽！
⚠️ 第45天，村民304缺水！
⚠️ 第45天，村民306食物耗尽！
⚠️ 第45天，村民306缺水！
⚠️ 第45天，村民308食物耗尽！
⚠️ 第45天，村民308缺水！
⚠️ 第45天，村民309食物耗尽！
⚠️ 第45天，村民309缺水！
⚠️ 第45天，村民310食物耗尽！
⚠️ 第45天，村民310缺水！
⚠️ 第45天，村民311食物耗尽！
⚠️ 第45天，村民311缺水！
⚠️ 第45天，村民312食物耗尽！
⚠️ 第45天，村民312缺水！
⚠️ 第45天，村民313食物耗尽！
⚠️ 第45天，村民313缺水！
⚠️ 第45天，村民316食物耗尽！
⚠️ 第45天，村民316缺水！
⚠️ 第45天，村民317食物耗尽！
⚠️ 第45天，村民317缺水！
⚠️ 第45天，村民320食物耗尽！
⚠️ 第45天，村民320缺水！
⚠️ 第45天，村民321食物耗尽！
⚠️ 第45天，村民321缺水！
⚠️ 第45天，村民322食物耗尽！
⚠️ 第45天，村民322缺水！
⚠️ 第45天，村民323食物耗尽！
⚠️ 第45天，村民323缺水！
⚠️ 第45天，村民324食物耗尽！
⚠️ 第45天，村民324缺水！
⚠️ 第45天，村民325食物耗尽！
⚠️ 第45天，村民325缺水！
⚠️ 第45天，村民327食物耗尽！
⚠️ 第45天，村民327缺水！
⚠️ 第45天，村民328食物耗尽！
⚠️ 第45天，村民328缺水！
⚠️ 第45天，村民329食物耗尽！
⚠️ 第45天，村民329缺水！
⚠️ 第45天，村民331食物耗尽！
⚠️ 第45天，村民331缺水！
⚠️ 第45天，村民333食物耗尽！
⚠️ 第45天，村民333缺水！
⚠️ 第45天，村民334食物耗尽！
⚠️ 第45天，村民334缺水！
⚠️ 第45天，村民337食物耗尽！
⚠️ 第45天，村民337缺水！
⚠️ 第45天，村民339食物耗尽！
⚠️ 第45天，村民339缺水！
⚠️ 第45天，村民341食物耗尽！
⚠️ 第45天，村民341缺水！
⚠️ 第45天，村民342食物耗尽！
⚠️ 第45天，村民342缺水！
⚠️ 第45天，村民343食物耗尽！
⚠️ 第45天，村民343缺水！
⚠️ 第45天，村民345食物耗尽！
⚠️ 第45天，村民345缺水！
⚠️ 第45天，村民347食物耗尽！
⚠️ 第45天，村民347缺水！
⚠️ 第45天，村民348食物耗尽！
⚠️ 第45天，村民348缺水！
⚠️ 第45天，村民349食物耗尽！
⚠️ 第45天，村民349缺水！
⚠️ 第45天，村民350食物耗尽！
⚠️ 第45天，村民350缺水！
⚠️ 第45天，村民352食物耗尽！
⚠️ 第45天，村民352缺水！
⚠️ 第45天，村民353食物耗尽！
⚠️ 第45天，村民353缺水！
⚠️ 第45天，村民354食物耗尽！
⚠️ 第45天，村民354缺水！
⚠️ 第45天，村民355食物耗尽！
⚠️ 第45天，村民355缺水！
⚠️ 第45天，村民356食物耗尽！
⚠️ 第45天，村民356缺水！
⚠️ 第45天，村民357食物耗尽！
⚠️ 第45天，村民357缺水！
⚠️ 第45天，村民358食物耗尽！
⚠️ 第45天，村民358缺水！
⚠️ 第45天，村民359食物耗尽！
⚠️ 第45天，村民359缺水！
⚠️ 第45天，村民360食物耗尽！
⚠️ 第45天，村民360缺水！
⚠️ 第45天，村民361食物耗尽！
⚠️ 第45天，村民361缺水！
⚠️ 第45天，村民362食物耗尽！
⚠️ 第45天，村民362缺水！
⚠️ 第45天，村民363食物耗尽！
⚠️ 第45天，村民363缺水！
⚠️ 第45天，村民364食物耗尽！
⚠️ 第45天，村民364缺水！
⚠️ 第45天，村民365食物耗尽！
⚠️ 第45天，村民365缺水！
⚠️ 第45天，村民367食物耗尽！
⚠️ 第45天，村民367缺水！
⚠️ 第45天，村民369食物耗尽！
⚠️ 第45天，村民369缺水！
⚠️ 第45天，村民370食物耗尽！
⚠️ 第45天，村民370缺水！
⚠️ 第45天，村民371食物耗尽！
⚠️ 第45天，村民371缺水！
⚠️ 第45天，村民372食物耗尽！
⚠️ 第45天，村民372缺水！
⚠️ 第45天，村民373食物耗尽！
⚠️ 第45天，村民373缺水！
⚠️ 第45天，村民377食物耗尽！
⚠️ 第45天，村民377缺水！
⚠️ 第45天，村民379食物耗尽！
⚠️ 第45天，村民379缺水！
⚠️ 第45天，村民381食物耗尽！
⚠️ 第45天，村民381缺水！
⚠️ 第45天，村民382食物耗尽！
⚠️ 第45天，村民382缺水！
⚠️ 第45天，村民383食物耗尽！
⚠️ 第45天，村民383缺水！
⚠️ 第45天，村民385食物耗尽！
⚠️ 第45天，村民385缺水！
⚠️ 第45天，村民390食物耗尽！
⚠️ 第45天，村民390缺水！
⚠️ 第45天，村民391食物耗尽！
⚠️ 第45天，村民391缺水！
⚠️ 第45天，村民392食物耗尽！
⚠️ 第45天，村民392缺水！
⚠️ 第45天，村民393食物耗尽！
⚠️ 第45天，村民393缺水！
⚠️ 第45天，村民394食物耗尽！
⚠️ 第45天，村民394缺水！
⚠️ 第45天，村民395食物耗尽！
⚠️ 第45天，村民395缺水！
⚠️ 第45天，村民396食物耗尽！
⚠️ 第45天，村民396缺水！
⚠️ 第45天，村民397食物耗尽！
⚠️ 第45天，村民397缺水！
⚠️ 第45天，村民399食物耗尽！
⚠️ 第45天，村民399缺水！
⚠️ 第45天，村民400食物耗尽！
⚠️ 第45天，村民400缺水！
⚠️ 第45天，村民401食物耗尽！
⚠️ 第45天，村民401缺水！
⚠️ 第45天，村民402食物耗尽！
⚠️ 第45天，村民402缺水！
⚠️ 第45天，村民404食物耗尽！
⚠️ 第45天，村民404缺水！
⚠️ 第45天，村民405食物耗尽！
⚠️ 第45天，村民405缺水！
⚠️ 第45天，村民406食物耗尽！
⚠️ 第45天，村民406缺水！
⚠️ 第45天，村民408食物耗尽！
⚠️ 第45天，村民408缺水！
⚠️ 第45天，村民409食物耗尽！
⚠️ 第45天，村民409缺水！
⚠️ 第45天，村民410食物耗尽！
⚠️ 第45天，村民410缺水！
⚠️ 第45天，村民411食物耗尽！
⚠️ 第45天，村民411缺水！
⚠️ 第45天，村民413食物耗尽！
⚠️ 第45天，村民413缺水！
⚠️ 第45天，村民414食物耗尽！
⚠️ 第45天，村民414缺水！
⚠️ 第45天，村民415食物耗尽！
⚠️ 第45天，村民415缺水！
⚠️ 第45天，村民416食物耗尽！
⚠️ 第45天，村民416缺水！
⚠️ 第45天，村民417食物耗尽！
⚠️ 第45天，村民417缺水！
⚠️ 第45天，村民419食物耗尽！
⚠️ 第45天，村民419缺水！
⚠️ 第45天，村民420食物耗尽！
⚠️ 第45天，村民420缺水！
⚠️ 第45天，村民421食物耗尽！
⚠️ 第45天，村民421缺水！
⚠️ 第45天，村民423食物耗尽！
⚠️ 第45天，村民423缺水！
⚠️ 第45天，村民425食物耗尽！
⚠️ 第45天，村民425缺水！
⚠️ 第45天，村民426食物耗尽！
⚠️ 第45天，村民426缺水！
⚠️ 第45天，村民429食物耗尽！
⚠️ 第45天，村民429缺水！
⚠️ 第45天，村民430食物耗尽！
⚠️ 第45天，村民430缺水！
⚠️ 第45天，村民431食物耗尽！
⚠️ 第45天，村民431缺水！
⚠️ 第45天，村民432食物耗尽！
⚠️ 第45天，村民432缺水！
⚠️ 第45天，村民433食物耗尽！
⚠️ 第45天，村民433缺水！
⚠️ 第45天，村民434食物耗尽！
⚠️ 第45天，村民434缺水！
⚠️ 第45天，村民435食物耗尽！
⚠️ 第45天，村民435缺水！
⚠️ 第45天，村民436食物耗尽！
⚠️ 第45天，村民436缺水！
⚠️ 第45天，村民437食物耗尽！
⚠️ 第45天，村民437缺水！
⚠️ 第45天，村民438食物耗尽！
⚠️ 第45天，村民438缺水！
⚠️ 第45天，村民439食物耗尽！
⚠️ 第45天，村民439缺水！
⚠️ 第45天，村民441食物耗尽！
⚠️ 第45天，村民441缺水！
⚠️ 第45天，村民444食物耗尽！
⚠️ 第45天，村民444缺水！
⚠️ 第45天，村民445食物耗尽！
⚠️ 第45天，村民445缺水！
⚠️ 第45天，村民446食物耗尽！
⚠️ 第45天，村民446缺水！
⚠️ 第45天，村民448食物耗尽！
⚠️ 第45天，村民448缺水！
⚠️ 第45天，村民449食物耗尽！
⚠️ 第45天，村民449缺水！
⚠️ 第45天，村民450食物耗尽！
⚠️ 第45天，村民450缺水！
⚠️ 第45天，村民451食物耗尽！
⚠️ 第45天，村民451缺水！
⚠️ 第45天，村民452食物耗尽！
⚠️ 第45天，村民452缺水！
⚠️ 第45天，村民453食物耗尽！
⚠️ 第45天，村民453缺水！
⚠️ 第45天，村民454食物耗尽！
⚠️ 第45天，村民454缺水！
⚠️ 第45天，村民456食物耗尽！
⚠️ 第45天，村民456缺水！
⚠️ 第45天，村民457食物耗尽！
⚠️ 第45天，村民457缺水！
⚠️ 第45天，村民459食物耗尽！
⚠️ 第45天，村民459缺水！
⚠️ 第45天，村民460食物耗尽！
⚠️ 第45天，村民460缺水！
⚠️ 第45天，村民461食物耗尽！
⚠️ 第45天，村民461缺水！
⚠️ 第45天，村民462食物耗尽！
⚠️ 第45天，村民462缺水！
⚠️ 第45天，村民463食物耗尽！
⚠️ 第45天，村民463缺水！
⚠️ 第45天，村民464食物耗尽！
⚠️ 第45天，村民464缺水！
⚠️ 第45天，村民466食物耗尽！
⚠️ 第45天，村民466缺水！
⚠️ 第45天，村民467食物耗尽！
⚠️ 第45天，村民467缺水！
⚠️ 第45天，村民471食物耗尽！
⚠️ 第45天，村民471缺水！
⚠️ 第45天，村民472食物耗尽！
⚠️ 第45天，村民472缺水！
⚠️ 第45天，村民473食物耗尽！
⚠️ 第45天，村民473缺水！
⚠️ 第45天，村民474食物耗尽！
⚠️ 第45天，村民474缺水！
⚠️ 第45天，村民476食物耗尽！
⚠️ 第45天，村民476缺水！
⚠️ 第45天，村民477食物耗尽！
⚠️ 第45天，村民477缺水！
⚠️ 第45天，村民478食物耗尽！
⚠️ 第45天，村民478缺水！
⚠️ 第45天，村民479食物耗尽！
⚠️ 第45天，村民479缺水！
⚠️ 第45天，村民480食物耗尽！
⚠️ 第45天，村民480缺水！
⚠️ 第45天，村民481食物耗尽！
⚠️ 第45天，村民481缺水！
⚠️ 第45天，村民482食物耗尽！
⚠️ 第45天，村民482缺水！
⚠️ 第45天，村民483食物耗尽！
⚠️ 第45天，村民483缺水！
⚠️ 第45天，村民484食物耗尽！
⚠️ 第45天，村民484缺水！
⚠️ 第45天，村民485食物耗尽！
⚠️ 第45天，村民485缺水！
⚠️ 第45天，村民486食物耗尽！
⚠️ 第45天，村民486缺水！
⚠️ 第45天，村民487食物耗尽！
⚠️ 第45天，村民487缺水！
⚠️ 第45天，村民488食物耗尽！
⚠️ 第45天，村民488缺水！
⚠️ 第45天，村民489食物耗尽！
⚠️ 第45天，村民489缺水！
⚠️ 第45天，村民491食物耗尽！
⚠️ 第45天，村民491缺水！
⚠️ 第45天，村民492食物耗尽！
⚠️ 第45天，村民492缺水！
⚠️ 第45天，村民493食物耗尽！
⚠️ 第45天，村民493缺水！
⚠️ 第45天，村民494食物耗尽！
⚠️ 第45天，村民494缺水！
⚠️ 第45天，村民495食物耗尽！
⚠️ 第45天，村民495缺水！
⚠️ 第45天，村民496食物耗尽！
⚠️ 第45天，村民496缺水！
⚠️ 第45天，村民497食物耗尽！
⚠️ 第45天，村民497缺水！
⚠️ 第45天，村民498食物耗尽！
⚠️ 第45天，村民498缺水！
⚠️ 第45天，村民499食物耗尽！
⚠️ 第45天，村民499缺水！
⚠️ 第45天，村民501食物耗尽！
⚠️ 第45天，村民501缺水！
⚠️ 第45天，村民502食物耗尽！
⚠️ 第45天，村民502缺水！
⚠️ 第45天，村民504食物耗尽！
⚠️ 第45天，村民504缺水！
⚠️ 第45天，村民505食物耗尽！
⚠️ 第45天，村民505缺水！
⚠️ 第45天，村民506食物耗尽！
⚠️ 第45天，村民506缺水！
⚠️ 第45天，村民507食物耗尽！
⚠️ 第45天，村民507缺水！
⚠️ 第45天，村民508食物耗尽！
⚠️ 第45天，村民508缺水！
⚠️ 第45天，村民510食物耗尽！
⚠️ 第45天，村民510缺水！
⚠️ 第45天，村民511食物耗尽！
⚠️ 第45天，村民511缺水！
⚠️ 第45天，村民512食物耗尽！
⚠️ 第45天，村民512缺水！
⚠️ 第45天，村民513食物耗尽！
⚠️ 第45天，村民513缺水！
⚠️ 第45天，村民514食物耗尽！
⚠️ 第45天，村民514缺水！
⚠️ 第45天，村民515食物耗尽！
⚠️ 第45天，村民515缺水！
⚠️ 第45天，村民517食物耗尽！
⚠️ 第45天，村民517缺水！
⚠️ 第45天，村民518食物耗尽！
⚠️ 第45天，村民518缺水！
⚠️ 第45天，村民520食物耗尽！
⚠️ 第45天，村民520缺水！
⚠️ 第45天，村民521食物耗尽！
⚠️ 第45天，村民521缺水！
⚠️ 第45天，村民523食物耗尽！
⚠️ 第45天，村民523缺水！
⚠️ 第45天，村民527食物耗尽！
⚠️ 第45天，村民527缺水！
⚠️ 第45天，村民528食物耗尽！
⚠️ 第45天，村民528缺水！
⚠️ 第45天，村民533食物耗尽！
⚠️ 第45天，村民533缺水！
⚠️ 第45天，村民534食物耗尽！
⚠️ 第45天，村民534缺水！
⚠️ 第45天，村民536食物耗尽！
⚠️ 第45天，村民536缺水！
⚠️ 第45天，村民538食物耗尽！
⚠️ 第45天，村民538缺水！
⚠️ 第45天，村民540食物耗尽！
⚠️ 第45天，村民540缺水！
⚠️ 第45天，村民541食物耗尽！
⚠️ 第45天，村民541缺水！
⚠️ 第45天，村民542食物耗尽！
⚠️ 第45天，村民542缺水！
⚠️ 第45天，村民543食物耗尽！
⚠️ 第45天，村民543缺水！
⚠️ 第45天，村民544食物耗尽！
⚠️ 第45天，村民544缺水！
⚠️ 第45天，村民547食物耗尽！
⚠️ 第45天，村民547缺水！
⚠️ 第45天，村民549食物耗尽！
⚠️ 第45天，村民549缺水！
⚠️ 第45天，村民550食物耗尽！
⚠️ 第45天，村民550缺水！
⚠️ 第45天，村民551食物耗尽！
⚠️ 第45天，村民551缺水！
⚠️ 第45天，村民553食物耗尽！
⚠️ 第45天，村民553缺水！
⚠️ 第45天，村民556食物耗尽！
⚠️ 第45天，村民556缺水！
⚠️ 第45天，村民558食物耗尽！
⚠️ 第45天，村民558缺水！
⚠️ 第45天，村民561食物耗尽！
⚠️ 第45天，村民561缺水！
⚠️ 第45天，村民563食物耗尽！
⚠️ 第45天，村民563缺水！
⚠️ 第45天，村民564食物耗尽！
⚠️ 第45天，村民564缺水！
⚠️ 第45天，村民565食物耗尽！
⚠️ 第45天，村民565缺水！
⚠️ 第45天，村民566食物耗尽！
⚠️ 第45天，村民566缺水！
⚠️ 第45天，村民568食物耗尽！
⚠️ 第45天，村民568缺水！
⚠️ 第45天，村民569食物耗尽！
⚠️ 第45天，村民569缺水！
⚠️ 第45天，村民570食物耗尽！
⚠️ 第45天，村民570缺水！
⚠️ 第45天，村民572食物耗尽！
⚠️ 第45天，村民572缺水！
⚠️ 第45天，村民573食物耗尽！
⚠️ 第45天，村民573缺水！
⚠️ 第45天，村民575食物耗尽！
⚠️ 第45天，村民575缺水！
⚠️ 第45天，村民577食物耗尽！
⚠️ 第45天，村民577缺水！
⚠️ 第45天，村民578食物耗尽！
⚠️ 第45天，村民578缺水！
⚠️ 第45天，村民579食物耗尽！
⚠️ 第45天，村民579缺水！
⚠️ 第45天，村民580食物耗尽！
⚠️ 第45天，村民580缺水！
⚠️ 第45天，村民581食物耗尽！
⚠️ 第45天，村民581缺水！
⚠️ 第45天，村民583食物耗尽！
⚠️ 第45天，村民583缺水！
⚠️ 第45天，村民584食物耗尽！
⚠️ 第45天，村民584缺水！
⚠️ 第45天，村民585食物耗尽！
⚠️ 第45天，村民585缺水！
⚠️ 第45天，村民588食物耗尽！
⚠️ 第45天，村民588缺水！
⚠️ 第45天，村民592食物耗尽！
⚠️ 第45天，村民592缺水！
⚠️ 第45天，村民594食物耗尽！
⚠️ 第45天，村民594缺水！
⚠️ 第45天，村民595食物耗尽！
⚠️ 第45天，村民595缺水！
⚠️ 第45天，村民596食物耗尽！
⚠️ 第45天，村民596缺水！
⚠️ 第45天，村民598食物耗尽！
⚠️ 第45天，村民598缺水！
⚠️ 第45天，村民599食物耗尽！
⚠️ 第45天，村民599缺水！
⚠️ 第45天，村民600食物耗尽！
⚠️ 第45天，村民600缺水！
⚠️ 第45天，村民601食物耗尽！
⚠️ 第45天，村民601缺水！
⚠️ 第45天，村民602食物耗尽！
⚠️ 第45天，村民602缺水！
⚠️ 第45天，村民604食物耗尽！
⚠️ 第45天，村民604缺水！
⚠️ 第45天，村民605食物耗尽！
⚠️ 第45天，村民605缺水！
⚠️ 第45天，村民606食物耗尽！
⚠️ 第45天，村民606缺水！
⚠️ 第45天，村民607食物耗尽！
⚠️ 第45天，村民607缺水！
⚠️ 第45天，村民611食物耗尽！
⚠️ 第45天，村民611缺水！
⚠️ 第45天，村民612食物耗尽！
⚠️ 第45天，村民612缺水！
⚠️ 第45天，村民613食物耗尽！
⚠️ 第45天，村民613缺水！
⚠️ 第45天，村民614食物耗尽！
⚠️ 第45天，村民614缺水！
⚠️ 第45天，村民615食物耗尽！
⚠️ 第45天，村民615缺水！
⚠️ 第45天，村民616食物耗尽！
⚠️ 第45天，村民616缺水！
⚠️ 第45天，村民618食物耗尽！
⚠️ 第45天，村民618缺水！
⚠️ 第45天，村民619食物耗尽！
⚠️ 第45天，村民619缺水！
⚠️ 第45天，村民620食物耗尽！
⚠️ 第45天，村民620缺水！
⚠️ 第45天，村民622食物耗尽！
⚠️ 第45天，村民622缺水！
⚠️ 第45天，村民623食物耗尽！
⚠️ 第45天，村民623缺水！
⚠️ 第45天，村民626食物耗尽！
⚠️ 第45天，村民626缺水！
⚠️ 第45天，村民628食物耗尽！
⚠️ 第45天，村民628缺水！
⚠️ 第45天，村民630食物耗尽！
⚠️ 第45天，村民630缺水！
⚠️ 第45天，村民631食物耗尽！
⚠️ 第45天，村民631缺水！
⚠️ 第45天，村民632食物耗尽！
⚠️ 第45天，村民632缺水！
⚠️ 第45天，村民633食物耗尽！
⚠️ 第45天，村民633缺水！
⚠️ 第45天，村民635食物耗尽！
⚠️ 第45天，村民635缺水！
⚠️ 第45天，村民636食物耗尽！
⚠️ 第45天，村民636缺水！
⚠️ 第45天，村民637食物耗尽！
⚠️ 第45天，村民637缺水！
⚠️ 第45天，村民638食物耗尽！
⚠️ 第45天，村民638缺水！
⚠️ 第45天，村民640食物耗尽！
⚠️ 第45天，村民640缺水！
⚠️ 第45天，村民641食物耗尽！
⚠️ 第45天，村民641缺水！
⚠️ 第45天，村民644食物耗尽！
⚠️ 第45天，村民644缺水！
⚠️ 第45天，村民646食物耗尽！
⚠️ 第45天，村民646缺水！
⚠️ 第45天，村民647食物耗尽！
⚠️ 第45天，村民647缺水！
⚠️ 第45天，村民649食物耗尽！
⚠️ 第45天，村民649缺水！
⚠️ 第45天，村民650食物耗尽！
⚠️ 第45天，村民650缺水！
⚠️ 第45天，村民651食物耗尽！
⚠️ 第45天，村民651缺水！
⚠️ 第45天，村民652食物耗尽！
⚠️ 第45天，村民652缺水！
⚠️ 第45天，村民653食物耗尽！
⚠️ 第45天，村民653缺水！
⚠️ 第45天，村民654食物耗尽！
⚠️ 第45天，村民654缺水！
⚠️ 第45天，村民655食物耗尽！
⚠️ 第45天，村民655缺水！
⚠️ 第45天，村民656食物耗尽！
⚠️ 第45天，村民656缺水！
⚠️ 第45天，村民657食物耗尽！
⚠️ 第45天，村民657缺水！
⚠️ 第45天，村民658食物耗尽！
⚠️ 第45天，村民658缺水！
⚠️ 第45天，村民660食物耗尽！
⚠️ 第45天，村民660缺水！
⚠️ 第45天，村民661食物耗尽！
⚠️ 第45天，村民661缺水！
⚠️ 第45天，村民662食物耗尽！
⚠️ 第45天，村民662缺水！
⚠️ 第45天，村民663食物耗尽！
⚠️ 第45天，村民663缺水！
⚠️ 第45天，村民664食物耗尽！
⚠️ 第45天，村民664缺水！
⚠️ 第45天，村民667食物耗尽！
⚠️ 第45天，村民667缺水！
⚠️ 第45天，村民669食物耗尽！
⚠️ 第45天，村民669缺水！
⚠️ 第45天，村民670食物耗尽！
⚠️ 第45天，村民670缺水！
⚠️ 第45天，村民671食物耗尽！
⚠️ 第45天，村民671缺水！
⚠️ 第45天，村民672食物耗尽！
⚠️ 第45天，村民672缺水！
⚠️ 第45天，村民673食物耗尽！
⚠️ 第45天，村民673缺水！
⚠️ 第45天，村民674食物耗尽！
⚠️ 第45天，村民674缺水！
⚠️ 第45天，村民675食物耗尽！
⚠️ 第45天，村民675缺水！
⚠️ 第45天，村民676食物耗尽！
⚠️ 第45天，村民676缺水！
⚠️ 第45天，村民677食物耗尽！
⚠️ 第45天，村民677缺水！
⚠️ 第45天，村民680食物耗尽！
⚠️ 第45天，村民680缺水！
⚠️ 第45天，村民683食物耗尽！
⚠️ 第45天，村民683缺水！
⚠️ 第45天，村民684食物耗尽！
⚠️ 第45天，村民684缺水！
⚠️ 第45天，村民685食物耗尽！
⚠️ 第45天，村民685缺水！
⚠️ 第45天，村民686食物耗尽！
⚠️ 第45天，村民686缺水！
⚠️ 第45天，村民687食物耗尽！
⚠️ 第45天，村民687缺水！
⚠️ 第45天，村民689食物耗尽！
⚠️ 第45天，村民689缺水！
⚠️ 第45天，村民690食物耗尽！
⚠️ 第45天，村民690缺水！
⚠️ 第45天，村民693食物耗尽！
⚠️ 第45天，村民693缺水！
⚠️ 第45天，村民694食物耗尽！
⚠️ 第45天，村民694缺水！
⚠️ 第45天，村民696食物耗尽！
⚠️ 第45天，村民696缺水！
⚠️ 第45天，村民697食物耗尽！
⚠️ 第45天，村民697缺水！
⚠️ 第45天，村民700食物耗尽！
⚠️ 第45天，村民700缺水！
⚠️ 第45天，村民701食物耗尽！
⚠️ 第45天，村民701缺水！
⚠️ 第45天，村民703食物耗尽！
⚠️ 第45天，村民703缺水！
⚠️ 第45天，村民705食物耗尽！
⚠️ 第45天，村民705缺水！
⚠️ 第45天，村民708食物耗尽！
⚠️ 第45天，村民708缺水！
⚠️ 第45天，村民709食物耗尽！
⚠️ 第45天，村民709缺水！
⚠️ 第45天，村民711食物耗尽！
⚠️ 第45天，村民711缺水！
⚠️ 第45天，村民713食物耗尽！
⚠️ 第45天，村民713缺水！
⚠️ 第45天，村民714食物耗尽！
⚠️ 第45天，村民714缺水！
⚠️ 第45天，村民715食物耗尽！
⚠️ 第45天，村民715缺水！
⚠️ 第45天，村民721食物耗尽！
⚠️ 第45天，村民721缺水！
⚠️ 第45天，村民722食物耗尽！
⚠️ 第45天，村民722缺水！
⚠️ 第45天，村民723食物耗尽！
⚠️ 第45天，村民723缺水！
⚠️ 第45天，村民724食物耗尽！
⚠️ 第45天，村民724缺水！
⚠️ 第45天，村民725食物耗尽！
⚠️ 第45天，村民725缺水！
⚠️ 第45天，村民727食物耗尽！
⚠️ 第45天，村民727缺水！
⚠️ 第45天，村民730食物耗尽！
⚠️ 第45天，村民730缺水！
⚠️ 第45天，村民731食物耗尽！
⚠️ 第45天，村民731缺水！
⚠️ 第45天，村民733食物耗尽！
⚠️ 第45天，村民733缺水！
⚠️ 第45天，村民734食物耗尽！
⚠️ 第45天，村民734缺水！
⚠️ 第45天，村民735食物耗尽！
⚠️ 第45天，村民735缺水！
⚠️ 第45天，村民736食物耗尽！
⚠️ 第45天，村民736缺水！
⚠️ 第45天，村民737食物耗尽！
⚠️ 第45天，村民737缺水！
⚠️ 第45天，村民738食物耗尽！
⚠️ 第45天，村民738缺水！
⚠️ 第45天，村民739食物耗尽！
⚠️ 第45天，村民739缺水！
⚠️ 第45天，村民740食物耗尽！
⚠️ 第45天，村民740缺水！
⚠️ 第45天，村民741食物耗尽！
⚠️ 第45天，村民741缺水！
⚠️ 第45天，村民742食物耗尽！
⚠️ 第45天，村民742缺水！
⚠️ 第45天，村民744食物耗尽！
⚠️ 第45天，村民744缺水！
⚠️ 第45天，村民746食物耗尽！
⚠️ 第45天，村民746缺水！
⚠️ 第45天，村民750食物耗尽！
⚠️ 第45天，村民750缺水！
⚠️ 第45天，村民751食物耗尽！
⚠️ 第45天，村民751缺水！
⚠️ 第45天，村民755食物耗尽！
⚠️ 第45天，村民755缺水！
⚠️ 第45天，村民756食物耗尽！
⚠️ 第45天，村民756缺水！
⚠️ 第45天，村民757食物耗尽！
⚠️ 第45天，村民757缺水！
⚠️ 第45天，村民760食物耗尽！
⚠️ 第45天，村民760缺水！
⚠️ 第45天，村民762食物耗尽！
⚠️ 第45天，村民762缺水！
⚠️ 第45天，村民765食物耗尽！
⚠️ 第45天，村民765缺水！
⚠️ 第45天，村民766食物耗尽！
⚠️ 第45天，村民766缺水！
⚠️ 第45天，村民767食物耗尽！
⚠️ 第45天，村民767缺水！
⚠️ 第45天，村民768食物耗尽！
⚠️ 第45天，村民768缺水！
⚠️ 第45天，村民769食物耗尽！
⚠️ 第45天，村民769缺水！
⚠️ 第45天，村民770食物耗尽！
⚠️ 第45天，村民770缺水！
⚠️ 第45天，村民771食物耗尽！
⚠️ 第45天，村民771缺水！
⚠️ 第45天，村民772食物耗尽！
⚠️ 第45天，村民772缺水！
⚠️ 第45天，村民773食物耗尽！
⚠️ 第45天，村民773缺水！
⚠️ 第45天，村民774食物耗尽！
⚠️ 第45天，村民774缺水！
⚠️ 第45天，村民775食物耗尽！
⚠️ 第45天，村民775缺水！
⚠️ 第45天，村民776食物耗尽！
⚠️ 第45天，村民776缺水！
⚠️ 第45天，村民777食物耗尽！
⚠️ 第45天，村民777缺水！
⚠️ 第45天，村民778食物耗尽！
⚠️ 第45天，村民778缺水！
⚠️ 第45天，村民782食物耗尽！
⚠️ 第45天，村民782缺水！
⚠️ 第45天，村民783食物耗尽！
⚠️ 第45天，村民783缺水！
⚠️ 第45天，村民785食物耗尽！
⚠️ 第45天，村民785缺水！
⚠️ 第45天，村民786食物耗尽！
⚠️ 第45天，村民786缺水！
⚠️ 第45天，村民787食物耗尽！
⚠️ 第45天，村民787缺水！
⚠️ 第45天，村民788食物耗尽！
⚠️ 第45天，村民788缺水！
⚠️ 第45天，村民789食物耗尽！
⚠️ 第45天，村民789缺水！
⚠️ 第45天，村民790食物耗尽！
⚠️ 第45天，村民790缺水！
⚠️ 第45天，村民791食物耗尽！
⚠️ 第45天，村民791缺水！
⚠️ 第45天，村民792食物耗尽！
⚠️ 第45天，村民792缺水！
⚠️ 第45天，村民793食物耗尽！
⚠️ 第45天，村民793缺水！
⚠️ 第45天，村民796食物耗尽！
⚠️ 第45天，村民796缺水！
⚠️ 第45天，村民799食物耗尽！
⚠️ 第45天，村民799缺水！
⚠️ 第45天，村民800食物耗尽！
⚠️ 第45天，村民800缺水！
⚠️ 第45天，村民801食物耗尽！
⚠️ 第45天，村民801缺水！
⚠️ 第45天，村民802食物耗尽！
⚠️ 第45天，村民802缺水！
⚠️ 第45天，村民803食物耗尽！
⚠️ 第45天，村民803缺水！
⚠️ 第45天，村民807食物耗尽！
⚠️ 第45天，村民807缺水！
⚠️ 第45天，村民809食物耗尽！
⚠️ 第45天，村民809缺水！
⚠️ 第45天，村民810食物耗尽！
⚠️ 第45天，村民810缺水！
⚠️ 第45天，村民813食物耗尽！
⚠️ 第45天，村民813缺水！
⚠️ 第45天，村民814食物耗尽！
⚠️ 第45天，村民814缺水！
⚠️ 第45天，村民815食物耗尽！
⚠️ 第45天，村民815缺水！
⚠️ 第45天，村民816食物耗尽！
⚠️ 第45天，村民816缺水！
⚠️ 第45天，村民817食物耗尽！
⚠️ 第45天，村民817缺水！
⚠️ 第45天，村民818食物耗尽！
⚠️ 第45天，村民818缺水！
⚠️ 第45天，村民819食物耗尽！
⚠️ 第45天，村民819缺水！
⚠️ 第45天，村民821食物耗尽！
⚠️ 第45天，村民821缺水！
⚠️ 第45天，村民822食物耗尽！
⚠️ 第45天，村民822缺水！
⚠️ 第45天，村民824食物耗尽！
⚠️ 第45天，村民824缺水！
⚠️ 第45天，村民828食物耗尽！
⚠️ 第45天，村民828缺水！
⚠️ 第45天，村民829食物耗尽！
⚠️ 第45天，村民829缺水！
⚠️ 第45天，村民830食物耗尽！
⚠️ 第45天，村民830缺水！
⚠️ 第45天，村民832食物耗尽！
⚠️ 第45天，村民832缺水！
⚠️ 第45天，村民833食物耗尽！
⚠️ 第45天，村民833缺水！
⚠️ 第45天，村民835食物耗尽！
⚠️ 第45天，村民835缺水！
⚠️ 第45天，村民836食物耗尽！
⚠️ 第45天，村民836缺水！
⚠️ 第45天，村民839食物耗尽！
⚠️ 第45天，村民839缺水！
⚠️ 第45天，村民840食物耗尽！
⚠️ 第45天，村民840缺水！
⚠️ 第45天，村民841食物耗尽！
⚠️ 第45天，村民841缺水！
⚠️ 第45天，村民842食物耗尽！
⚠️ 第45天，村民842缺水！
⚠️ 第45天，村民844食物耗尽！
⚠️ 第45天，村民844缺水！
⚠️ 第45天，村民845食物耗尽！
⚠️ 第45天，村民845缺水！
⚠️ 第45天，村民846食物耗尽！
⚠️ 第45天，村民846缺水！
⚠️ 第45天，村民848食物耗尽！
⚠️ 第45天，村民848缺水！
⚠️ 第45天，村民849食物耗尽！
⚠️ 第45天，村民849缺水！
⚠️ 第45天，村民850食物耗尽！
⚠️ 第45天，村民850缺水！
⚠️ 第45天，村民853食物耗尽！
⚠️ 第45天，村民853缺水！
⚠️ 第45天，村民854食物耗尽！
⚠️ 第45天，村民854缺水！
⚠️ 第45天，村民855食物耗尽！
⚠️ 第45天，村民855缺水！
⚠️ 第45天，村民856食物耗尽！
⚠️ 第45天，村民856缺水！
⚠️ 第45天，村民858食物耗尽！
⚠️ 第45天，村民858缺水！
⚠️ 第45天，村民859食物耗尽！
⚠️ 第45天，村民859缺水！
⚠️ 第45天，村民860食物耗尽！
⚠️ 第45天，村民860缺水！
⚠️ 第45天，村民861食物耗尽！
⚠️ 第45天，村民861缺水！
⚠️ 第45天，村民862食物耗尽！
⚠️ 第45天，村民862缺水！
⚠️ 第45天，村民863食物耗尽！
⚠️ 第45天，村民863缺水！
⚠️ 第45天，村民865食物耗尽！
⚠️ 第45天，村民865缺水！
⚠️ 第45天，村民866食物耗尽！
⚠️ 第45天，村民866缺水！
⚠️ 第45天，村民867食物耗尽！
⚠️ 第45天，村民867缺水！
⚠️ 第45天，村民868食物耗尽！
⚠️ 第45天，村民868缺水！
⚠️ 第45天，村民869食物耗尽！
⚠️ 第45天，村民869缺水！
⚠️ 第45天，村民871食物耗尽！
⚠️ 第45天，村民871缺水！
⚠️ 第45天，村民872食物耗尽！
⚠️ 第45天，村民872缺水！
⚠️ 第45天，村民873食物耗尽！
⚠️ 第45天，村民873缺水！
⚠️ 第45天，村民877食物耗尽！
⚠️ 第45天，村民877缺水！
⚠️ 第45天，村民878食物耗尽！
⚠️ 第45天，村民878缺水！
⚠️ 第45天，村民879食物耗尽！
⚠️ 第45天，村民879缺水！
⚠️ 第45天，村民880食物耗尽！
⚠️ 第45天，村民880缺水！
⚠️ 第45天，村民881食物耗尽！
⚠️ 第45天，村民881缺水！
⚠️ 第45天，村民882食物耗尽！
⚠️ 第45天，村民882缺水！
⚠️ 第45天，村民883食物耗尽！
⚠️ 第45天，村民883缺水！
⚠️ 第45天，村民889食物耗尽！
⚠️ 第45天，村民889缺水！
⚠️ 第45天，村民892食物耗尽！
⚠️ 第45天，村民892缺水！
⚠️ 第45天，村民893食物耗尽！
⚠️ 第45天，村民893缺水！
⚠️ 第45天，村民894食物耗尽！
⚠️ 第45天，村民894缺水！
⚠️ 第45天，村民895食物耗尽！
⚠️ 第45天，村民895缺水！
⚠️ 第45天，村民896食物耗尽！
⚠️ 第45天，村民896缺水！
⚠️ 第45天，村民897食物耗尽！
⚠️ 第45天，村民897缺水！
⚠️ 第45天，村民898食物耗尽！
⚠️ 第45天，村民898缺水！
⚠️ 第45天，村民900食物耗尽！
⚠️ 第45天，村民900缺水！
⚠️ 第45天，村民901食物耗尽！
⚠️ 第45天，村民901缺水！
⚠️ 第45天，村民903食物耗尽！
⚠️ 第45天，村民903缺水！
⚠️ 第45天，村民905食物耗尽！
⚠️ 第45天，村民905缺水！
⚠️ 第45天，村民908食物耗尽！
⚠️ 第45天，村民908缺水！
⚠️ 第45天，村民909食物耗尽！
⚠️ 第45天，村民909缺水！
⚠️ 第45天，村民910食物耗尽！
⚠️ 第45天，村民910缺水！
⚠️ 第45天，村民912食物耗尽！
⚠️ 第45天，村民912缺水！
⚠️ 第45天，村民915食物耗尽！
⚠️ 第45天，村民915缺水！
⚠️ 第45天，村民916食物耗尽！
⚠️ 第45天，村民916缺水！
⚠️ 第45天，村民917食物耗尽！
⚠️ 第45天，村民917缺水！
⚠️ 第45天，村民918食物耗尽！
⚠️ 第45天，村民918缺水！
⚠️ 第45天，村民919食物耗尽！
⚠️ 第45天，村民919缺水！
⚠️ 第45天，村民920食物耗尽！
⚠️ 第45天，村民920缺水！
⚠️ 第45天，村民921食物耗尽！
⚠️ 第45天，村民921缺水！
⚠️ 第45天，村民922食物耗尽！
⚠️ 第45天，村民922缺水！
⚠️ 第45天，村民923食物耗尽！
⚠️ 第45天，村民923缺水！
⚠️ 第45天，村民925食物耗尽！
⚠️ 第45天，村民925缺水！
⚠️ 第45天，村民926食物耗尽！
⚠️ 第45天，村民926缺水！
⚠️ 第45天，村民927食物耗尽！
⚠️ 第45天，村民927缺水！
⚠️ 第45天，村民929食物耗尽！
⚠️ 第45天，村民929缺水！
⚠️ 第45天，村民930食物耗尽！
⚠️ 第45天，村民930缺水！
⚠️ 第45天，村民931食物耗尽！
⚠️ 第45天，村民931缺水！
⚠️ 第45天，村民932食物耗尽！
⚠️ 第45天，村民932缺水！
⚠️ 第45天，村民933食物耗尽！
⚠️ 第45天，村民933缺水！
⚠️ 第45天，村民936食物耗尽！
⚠️ 第45天，村民936缺水！
⚠️ 第45天，村民937食物耗尽！
⚠️ 第45天，村民937缺水！
⚠️ 第45天，村民938食物耗尽！
⚠️ 第45天，村民938缺水！
⚠️ 第45天，村民939食物耗尽！
⚠️ 第45天，村民939缺水！
⚠️ 第45天，村民940食物耗尽！
⚠️ 第45天，村民940缺水！
⚠️ 第45天，村民941食物耗尽！
⚠️ 第45天，村民941缺水！
⚠️ 第45天，村民943食物耗尽！
⚠️ 第45天，村民943缺水！
⚠️ 第45天，村民944食物耗尽！
⚠️ 第45天，村民944缺水！
⚠️ 第45天，村民945食物耗尽！
⚠️ 第45天，村民945缺水！
⚠️ 第45天，村民951食物耗尽！
⚠️ 第45天，村民951缺水！
⚠️ 第45天，村民952食物耗尽！
⚠️ 第45天，村民952缺水！
⚠️ 第45天，村民953食物耗尽！
⚠️ 第45天，村民953缺水！
⚠️ 第45天，村民956食物耗尽！
⚠️ 第45天，村民956缺水！
⚠️ 第45天，村民966食物耗尽！
⚠️ 第45天，村民966缺水！
⚠️ 第45天，村民967食物耗尽！
⚠️ 第45天，村民967缺水！
⚠️ 第45天，村民968食物耗尽！
⚠️ 第45天，村民968缺水！
⚠️ 第45天，村民969食物耗尽！
⚠️ 第45天，村民969缺水！
⚠️ 第45天，村民970食物耗尽！
⚠️ 第45天，村民970缺水！
⚠️ 第45天，村民971食物耗尽！
⚠️ 第45天，村民971缺水！
⚠️ 第45天，村民972食物耗尽！
⚠️ 第45天，村民972缺水！
⚠️ 第45天，村民973食物耗尽！
⚠️ 第45天，村民973缺水！
⚠️ 第45天，村民974食物耗尽！
⚠️ 第45天，村民974缺水！
⚠️ 第45天，村民975食物耗尽！
⚠️ 第45天，村民975缺水！
⚠️ 第45天，村民976食物耗尽！
⚠️ 第45天，村民976缺水！
⚠️ 第45天，村民977食物耗尽！
⚠️ 第45天，村民977缺水！
⚠️ 第45天，村民979食物耗尽！
⚠️ 第45天，村民979缺水！
⚠️ 第45天，村民980食物耗尽！
⚠️ 第45天，村民980缺水！
⚠️ 第45天，村民981食物耗尽！
⚠️ 第45天，村民981缺水！
⚠️ 第45天，村民982食物耗尽！
⚠️ 第45天，村民982缺水！
⚠️ 第45天，村民984食物耗尽！
⚠️ 第45天，村民984缺水！
⚠️ 第45天，村民985食物耗尽！
⚠️ 第45天，村民985缺水！
⚠️ 第45天，村民986食物耗尽！
⚠️ 第45天，村民986缺水！
⚠️ 第45天，村民987食物耗尽！
⚠️ 第45天，村民987缺水！
⚠️ 第45天，村民989食物耗尽！
⚠️ 第45天，村民989缺水！
⚠️ 第45天，村民990食物耗尽！
⚠️ 第45天，村民990缺水！
⚠️ 第45天，村民992食物耗尽！
⚠️ 第45天，村民992缺水！
⚠️ 第45天，村民993食物耗尽！
⚠️ 第45天，村民993缺水！
⚠️ 第45天，村民994食物耗尽！
⚠️ 第45天，村民994缺水！
⚠️ 第45天，村民995食物耗尽！
⚠️ 第45天，村民995缺水！
⚠️ 第45天，村民996食物耗尽！
⚠️ 第45天，村民996缺水！
⚠️ 第45天，村民997食物耗尽！
⚠️ 第45天，村民997缺水！
⚠️ 第45天，村民998食物耗尽！
⚠️ 第45天，村民998缺水！
⚠️ 第45天，村民1000食物耗尽！
⚠️ 第45天，村民1000缺水！
⚠️ 第45天，村民1001食物耗尽！
⚠️ 第45天，村民1001缺水！
⚠️ 第45天，村民1003食物耗尽！
⚠️ 第45天，村民1003缺水！
⚠️ 第45天，村民1004食物耗尽！
⚠️ 第45天，村民1004缺水！
⚠️ 第45天，村民1005食物耗尽！
⚠️ 第45天，村民1005缺水！
⚠️ 第45天，村民1007食物耗尽！
⚠️ 第45天，村民1007缺水！
⚠️ 第45天，村民1008食物耗尽！
⚠️ 第45天，村民1008缺水！
⚠️ 第45天，村民1009食物耗尽！
⚠️ 第45天，村民1009缺水！
⚠️ 第45天，村民1010食物耗尽！
⚠️ 第45天，村民1010缺水！
⚠️ 第45天，村民1011食物耗尽！
⚠️ 第45天，村民1011缺水！
⚠️ 第45天，村民1012食物耗尽！
⚠️ 第45天，村民1012缺水！
⚠️ 第45天，村民1014食物耗尽！
⚠️ 第45天，村民1014缺水！
⚠️ 第45天，村民1015食物耗尽！
⚠️ 第45天，村民1015缺水！
⚠️ 第45天，村民1016食物耗尽！
⚠️ 第45天，村民1016缺水！
⚠️ 第45天，村民1017食物耗尽！
⚠️ 第45天，村民1017缺水！
⚠️ 第45天，村民1018食物耗尽！
⚠️ 第45天，村民1018缺水！
⚠️ 第45天，村民1019食物耗尽！
⚠️ 第45天，村民1019缺水！
⚠️ 第45天，村民1020食物耗尽！
⚠️ 第45天，村民1020缺水！
⚠️ 第45天，村民1021食物耗尽！
⚠️ 第45天，村民1021缺水！
⚠️ 第45天，村民1022食物耗尽！
⚠️ 第45天，村民1022缺水！
⚠️ 第45天，村民1024食物耗尽！
⚠️ 第45天，村民1024缺水！
⚠️ 第45天，村民1026食物耗尽！
⚠️ 第45天，村民1026缺水！
⚠️ 第45天，村民1028食物耗尽！
⚠️ 第45天，村民1028缺水！
⚠️ 第45天，村民1030食物耗尽！
⚠️ 第45天，村民1030缺水！
⚠️ 第45天，村民1031食物耗尽！
⚠️ 第45天，村民1031缺水！
⚠️ 第45天，村民1033食物耗尽！
⚠️ 第45天，村民1033缺水！
⚠️ 第45天，村民1036食物耗尽！
⚠️ 第45天，村民1036缺水！
⚠️ 第45天，村民1037食物耗尽！
⚠️ 第45天，村民1037缺水！
⚠️ 第45天，村民1039食物耗尽！
⚠️ 第45天，村民1039缺水！
⚠️ 第45天，村民1040食物耗尽！
⚠️ 第45天，村民1040缺水！
⚠️ 第45天，村民1041食物耗尽！
⚠️ 第45天，村民1041缺水！
⚠️ 第45天，村民1044食物耗尽！
⚠️ 第45天，村民1044缺水！
⚠️ 第45天，村民1046食物耗尽！
⚠️ 第45天，村民1046缺水！
⚠️ 第45天，村民1047食物耗尽！
⚠️ 第45天，村民1047缺水！
⚠️ 第45天，村民1049食物耗尽！
⚠️ 第45天，村民1049缺水！
⚠️ 第45天，村民1050食物耗尽！
⚠️ 第45天，村民1050缺水！
⚠️ 第45天，村民1052食物耗尽！
⚠️ 第45天，村民1052缺水！
⚠️ 第45天，村民1053食物耗尽！
⚠️ 第45天，村民1053缺水！
⚠️ 第45天，村民1055食物耗尽！
⚠️ 第45天，村民1055缺水！
⚠️ 第45天，村民1056食物耗尽！
⚠️ 第45天，村民1056缺水！
⚠️ 第45天，村民1058食物耗尽！
⚠️ 第45天，村民1058缺水！
⚠️ 第45天，村民1059食物耗尽！
⚠️ 第45天，村民1059缺水！
⚠️ 第45天，村民1060食物耗尽！
⚠️ 第45天，村民1060缺水！
⚠️ 第45天，村民1062食物耗尽！
⚠️ 第45天，村民1062缺水！
⚠️ 第45天，村民1063食物耗尽！
⚠️ 第45天，村民1063缺水！
⚠️ 第45天，村民1064食物耗尽！
⚠️ 第45天，村民1064缺水！
⚠️ 第45天，村民1065食物耗尽！
⚠️ 第45天，村民1065缺水！
⚠️ 第45天，村民1066食物耗尽！
⚠️ 第45天，村民1066缺水！
⚠️ 第45天，村民1067食物耗尽！
⚠️ 第45天，村民1067缺水！
⚠️ 第45天，村民1068食物耗尽！
⚠️ 第45天，村民1068缺水！
⚠️ 第45天，村民1069食物耗尽！
⚠️ 第45天，村民1069缺水！
⚠️ 第45天，村民1071食物耗尽！
⚠️ 第45天，村民1071缺水！
⚠️ 第45天，村民1077食物耗尽！
⚠️ 第45天，村民1077缺水！
⚠️ 第45天，村民1078食物耗尽！
⚠️ 第45天，村民1078缺水！
⚠️ 第45天，村民1079食物耗尽！
⚠️ 第45天，村民1079缺水！
⚠️ 第45天，村民1082食物耗尽！
⚠️ 第45天，村民1082缺水！
⚠️ 第45天，村民1084食物耗尽！
⚠️ 第45天，村民1084缺水！
⚠️ 第45天，村民1085食物耗尽！
⚠️ 第45天，村民1085缺水！
⚠️ 第45天，村民1086食物耗尽！
⚠️ 第45天，村民1086缺水！
⚠️ 第45天，村民1087食物耗尽！
⚠️ 第45天，村民1087缺水！
⚠️ 第45天，村民1088食物耗尽！
⚠️ 第45天，村民1088缺水！
⚠️ 第45天，村民1090食物耗尽！
⚠️ 第45天，村民1090缺水！
⚠️ 第45天，村民1091食物耗尽！
⚠️ 第45天，村民1091缺水！
⚠️ 第45天，村民1093食物耗尽！
⚠️ 第45天，村民1093缺水！
⚠️ 第45天，村民1094食物耗尽！
⚠️ 第45天，村民1094缺水！
⚠️ 第45天，村民1096食物耗尽！
⚠️ 第45天，村民1096缺水！
⚠️ 第45天，村民1099食物耗尽！
⚠️ 第45天，村民1099缺水！
⚠️ 第45天，村民1100食物耗尽！
⚠️ 第45天，村民1100缺水！
⚠️ 第45天，村民1102食物耗尽！
⚠️ 第45天，村民1102缺水！
⚠️ 第45天，村民1103食物耗尽！
⚠️ 第45天，村民1103缺水！
⚠️ 第45天，村民1104食物耗尽！
⚠️ 第45天，村民1104缺水！
⚠️ 第45天，村民1105食物耗尽！
⚠️ 第45天，村民1105缺水！
⚠️ 第45天，村民1107食物耗尽！
⚠️ 第45天，村民1107缺水！
⚠️ 第45天，村民1109食物耗尽！
⚠️ 第45天，村民1109缺水！
⚠️ 第45天，村民1113食物耗尽！
⚠️ 第45天，村民1113缺水！
⚠️ 第45天，村民1114食物耗尽！
⚠️ 第45天，村民1114缺水！
⚠️ 第45天，村民1115食物耗尽！
⚠️ 第45天，村民1115缺水！
⚠️ 第45天，村民1116食物耗尽！
⚠️ 第45天，村民1116缺水！
⚠️ 第45天，村民1117食物耗尽！
⚠️ 第45天，村民1117缺水！
⚠️ 第45天，村民1119食物耗尽！
⚠️ 第45天，村民1119缺水！
⚠️ 第45天，村民1120食物耗尽！
⚠️ 第45天，村民1120缺水！
⚠️ 第45天，村民1123食物耗尽！
⚠️ 第45天，村民1123缺水！
⚠️ 第45天，村民1124食物耗尽！
⚠️ 第45天，村民1124缺水！
⚠️ 第45天，村民1125食物耗尽！
⚠️ 第45天，村民1125缺水！
⚠️ 第45天，村民1127食物耗尽！
⚠️ 第45天，村民1127缺水！
⚠️ 第45天，村民1128食物耗尽！
⚠️ 第45天，村民1128缺水！
⚠️ 第45天，村民1130食物耗尽！
⚠️ 第45天，村民1130缺水！
⚠️ 第45天，村民1131食物耗尽！
⚠️ 第45天，村民1131缺水！
⚠️ 第45天，村民1132食物耗尽！
⚠️ 第45天，村民1132缺水！
⚠️ 第45天，村民1133食物耗尽！
⚠️ 第45天，村民1133缺水！
⚠️ 第45天，村民1134食物耗尽！
⚠️ 第45天，村民1134缺水！
⚠️ 第45天，村民1135食物耗尽！
⚠️ 第45天，村民1135缺水！
⚠️ 第45天，村民1138食物耗尽！
⚠️ 第45天，村民1138缺水！
⚠️ 第45天，村民1139食物耗尽！
⚠️ 第45天，村民1139缺水！
⚠️ 第45天，村民1140食物耗尽！
⚠️ 第45天，村民1140缺水！
⚠️ 第45天，村民1141食物耗尽！
⚠️ 第45天，村民1141缺水！
⚠️ 第45天，村民1142食物耗尽！
⚠️ 第45天，村民1142缺水！
⚠️ 第45天，村民1143食物耗尽！
⚠️ 第45天，村民1143缺水！
⚠️ 第45天，村民1144食物耗尽！
⚠️ 第45天，村民1144缺水！
⚠️ 第45天，村民1146食物耗尽！
⚠️ 第45天，村民1146缺水！
⚠️ 第45天，村民1147食物耗尽！
⚠️ 第45天，村民1147缺水！
⚠️ 第45天，村民1148食物耗尽！
⚠️ 第45天，村民1148缺水！
⚠️ 第45天，村民1149食物耗尽！
⚠️ 第45天，村民1149缺水！
⚠️ 第45天，村民1153食物耗尽！
⚠️ 第45天，村民1153缺水！
⚠️ 第45天，村民1154食物耗尽！
⚠️ 第45天，村民1154缺水！
⚠️ 第45天，村民1155食物耗尽！
⚠️ 第45天，村民1155缺水！
⚠️ 第45天，村民1156食物耗尽！
⚠️ 第45天，村民1156缺水！
⚠️ 第45天，村民1157食物耗尽！
⚠️ 第45天，村民1157缺水！
⚠️ 第45天，村民1160食物耗尽！
⚠️ 第45天，村民1160缺水！
⚠️ 第45天，村民1161食物耗尽！
⚠️ 第45天，村民1161缺水！
⚠️ 第45天，村民1162食物耗尽！
⚠️ 第45天，村民1162缺水！
⚠️ 第45天，村民1163食物耗尽！
⚠️ 第45天，村民1163缺水！
⚠️ 第45天，村民1164食物耗尽！
⚠️ 第45天，村民1164缺水！
⚠️ 第45天，村民1165食物耗尽！
⚠️ 第45天，村民1165缺水！
⚠️ 第45天，村民1166食物耗尽！
⚠️ 第45天，村民1166缺水！
⚠️ 第45天，村民1167食物耗尽！
⚠️ 第45天，村民1167缺水！
⚠️ 第45天，村民1170食物耗尽！
⚠️ 第45天，村民1170缺水！
⚠️ 第45天，村民1171食物耗尽！
⚠️ 第45天，村民1171缺水！
⚠️ 第45天，村民1173食物耗尽！
⚠️ 第45天，村民1173缺水！
⚠️ 第45天，村民1174食物耗尽！
⚠️ 第45天，村民1174缺水！
⚠️ 第45天，村民1177食物耗尽！
⚠️ 第45天，村民1177缺水！
⚠️ 第45天，村民1180食物耗尽！
⚠️ 第45天，村民1180缺水！
⚠️ 第45天，村民1183食物耗尽！
⚠️ 第45天，村民1183缺水！
⚠️ 第45天，村民1185食物耗尽！
⚠️ 第45天，村民1185缺水！
⚠️ 第45天，村民1186食物耗尽！
⚠️ 第45天，村民1186缺水！
⚠️ 第45天，村民1188食物耗尽！
⚠️ 第45天，村民1188缺水！
⚠️ 第45天，村民1190食物耗尽！
⚠️ 第45天，村民1190缺水！
⚠️ 第45天，村民1192食物耗尽！
⚠️ 第45天，村民1192缺水！
⚠️ 第45天，村民1193食物耗尽！
⚠️ 第45天，村民1193缺水！
⚠️ 第45天，村民1195食物耗尽！
⚠️ 第45天，村民1195缺水！
⚠️ 第45天，村民1196食物耗尽！
⚠️ 第45天，村民1196缺水！
⚠️ 第45天，村民1197食物耗尽！
⚠️ 第45天，村民1197缺水！
⚠️ 第45天，村民1198食物耗尽！
⚠️ 第45天，村民1198缺水！
⚠️ 第45天，村民1199食物耗尽！
⚠️ 第45天，村民1199缺水！
⚠️ 第45天，村民1200食物耗尽！
⚠️ 第45天，村民1200缺水！
⚠️ 第45天，村民1201食物耗尽！
⚠️ 第45天，村民1201缺水！
⚠️ 第45天，村民1202食物耗尽！
⚠️ 第45天，村民1202缺水！
⚠️ 第45天，村民1207食物耗尽！
⚠️ 第45天，村民1207缺水！
⚠️ 第45天，村民1208食物耗尽！
⚠️ 第45天，村民1208缺水！
⚠️ 第45天，村民1210食物耗尽！
⚠️ 第45天，村民1210缺水！
⚠️ 第45天，村民1211食物耗尽！
⚠️ 第45天，村民1211缺水！
⚠️ 第45天，村民1212食物耗尽！
⚠️ 第45天，村民1212缺水！
⚠️ 第45天，村民1213食物耗尽！
⚠️ 第45天，村民1213缺水！
⚠️ 第45天，村民1214食物耗尽！
⚠️ 第45天，村民1214缺水！
⚠️ 第45天，村民1215食物耗尽！
⚠️ 第45天，村民1215缺水！
⚠️ 第45天，村民1216食物耗尽！
⚠️ 第45天，村民1216缺水！
⚠️ 第45天，村民1217食物耗尽！
⚠️ 第45天，村民1217缺水！
⚠️ 第45天，村民1218食物耗尽！
⚠️ 第45天，村民1218缺水！
⚠️ 第45天，村民1219食物耗尽！
⚠️ 第45天，村民1219缺水！
⚠️ 第45天，村民1220食物耗尽！
⚠️ 第45天，村民1220缺水！
⚠️ 第45天，村民1222食物耗尽！
⚠️ 第45天，村民1222缺水！
⚠️ 第45天，村民1223食物耗尽！
⚠️ 第45天，村民1223缺水！
⚠️ 第45天，村民1225食物耗尽！
⚠️ 第45天，村民1225缺水！
⚠️ 第45天，村民1227食物耗尽！
⚠️ 第45天，村民1227缺水！
⚠️ 第45天，村民1228食物耗尽！
⚠️ 第45天，村民1228缺水！
⚠️ 第45天，村民1235食物耗尽！
⚠️ 第45天，村民1235缺水！
⚠️ 第45天，村民1236食物耗尽！
⚠️ 第45天，村民1236缺水！
⚠️ 第45天，村民1237食物耗尽！
⚠️ 第45天，村民1237缺水！
⚠️ 第45天，村民1239食物耗尽！
⚠️ 第45天，村民1239缺水！
⚠️ 第45天，村民1240食物耗尽！
⚠️ 第45天，村民1240缺水！
⚠️ 第45天，村民1241食物耗尽！
⚠️ 第45天，村民1241缺水！
⚠️ 第45天，村民1242食物耗尽！
⚠️ 第45天，村民1242缺水！
⚠️ 第45天，村民1243食物耗尽！
⚠️ 第45天，村民1243缺水！
⚠️ 第45天，村民1244食物耗尽！
⚠️ 第45天，村民1244缺水！
⚠️ 第45天，村民1245食物耗尽！
⚠️ 第45天，村民1245缺水！
⚠️ 第45天，村民1247食物耗尽！
⚠️ 第45天，村民1247缺水！
⚠️ 第45天，村民1249食物耗尽！
⚠️ 第45天，村民1249缺水！
⚠️ 第45天，村民1252食物耗尽！
⚠️ 第45天，村民1252缺水！
⚠️ 第45天，村民1255食物耗尽！
⚠️ 第45天，村民1255缺水！
⚠️ 第45天，村民1258食物耗尽！
⚠️ 第45天，村民1258缺水！
⚠️ 第45天，村民1259食物耗尽！
⚠️ 第45天，村民1259缺水！
⚠️ 第45天，村民1260食物耗尽！
⚠️ 第45天，村民1260缺水！
⚠️ 第45天，村民1261食物耗尽！
⚠️ 第45天，村民1261缺水！
⚠️ 第45天，村民1262食物耗尽！
⚠️ 第45天，村民1262缺水！
⚠️ 第45天，村民1263食物耗尽！
⚠️ 第45天，村民1263缺水！
⚠️ 第45天，村民1264食物耗尽！
⚠️ 第45天，村民1264缺水！
⚠️ 第45天，村民1267食物耗尽！
⚠️ 第45天，村民1267缺水！
⚠️ 第45天，村民1268食物耗尽！
⚠️ 第45天，村民1268缺水！
⚠️ 第45天，村民1269食物耗尽！
⚠️ 第45天，村民1269缺水！
⚠️ 第45天，村民1271食物耗尽！
⚠️ 第45天，村民1271缺水！
⚠️ 第45天，村民1273食物耗尽！
⚠️ 第45天，村民1273缺水！
⚠️ 第45天，村民1276食物耗尽！
⚠️ 第45天，村民1276缺水！
⚠️ 第45天，村民1278食物耗尽！
⚠️ 第45天，村民1278缺水！
⚠️ 第45天，村民1279食物耗尽！
⚠️ 第45天，村民1279缺水！
⚠️ 第45天，村民1280食物耗尽！
⚠️ 第45天，村民1280缺水！
⚠️ 第45天，村民1281食物耗尽！
⚠️ 第45天，村民1281缺水！
⚠️ 第45天，村民1282食物耗尽！
⚠️ 第45天，村民1282缺水！
⚠️ 第45天，村民1283食物耗尽！
⚠️ 第45天，村民1283缺水！
⚠️ 第45天，村民1284食物耗尽！
⚠️ 第45天，村民1284缺水！
⚠️ 第45天，村民1288食物耗尽！
⚠️ 第45天，村民1288缺水！
⚠️ 第45天，村民1289食物耗尽！
⚠️ 第45天，村民1289缺水！
⚠️ 第45天，村民1290食物耗尽！
⚠️ 第45天，村民1290缺水！
⚠️ 第45天，村民1291食物耗尽！
⚠️ 第45天，村民1291缺水！
⚠️ 第45天，村民1292食物耗尽！
⚠️ 第45天，村民1292缺水！
⚠️ 第45天，村民1293食物耗尽！
⚠️ 第45天，村民1293缺水！
⚠️ 第45天，村民1294食物耗尽！
⚠️ 第45天，村民1294缺水！
⚠️ 第45天，村民1296食物耗尽！
⚠️ 第45天，村民1296缺水！
⚠️ 第45天，村民1297食物耗尽！
⚠️ 第45天，村民1297缺水！
⚠️ 第45天，村民1300食物耗尽！
⚠️ 第45天，村民1300缺水！
⚠️ 第45天，村民1301食物耗尽！
⚠️ 第45天，村民1301缺水！
⚠️ 第45天，村民1302食物耗尽！
⚠️ 第45天，村民1302缺水！
⚠️ 第45天，村民1304食物耗尽！
⚠️ 第45天，村民1304缺水！
⚠️ 第45天，村民1305食物耗尽！
⚠️ 第45天，村民1305缺水！
⚠️ 第45天，村民1306食物耗尽！
⚠️ 第45天，村民1306缺水！
⚠️ 第45天，村民1308食物耗尽！
⚠️ 第45天，村民1308缺水！
⚠️ 第45天，村民1309食物耗尽！
⚠️ 第45天，村民1309缺水！
⚠️ 第45天，村民1310食物耗尽！
⚠️ 第45天，村民1310缺水！
⚠️ 第45天，村民1311食物耗尽！
⚠️ 第45天，村民1311缺水！
⚠️ 第45天，村民1312食物耗尽！
⚠️ 第45天，村民1312缺水！
⚠️ 第45天，村民1313食物耗尽！
⚠️ 第45天，村民1313缺水！
⚠️ 第45天，村民1314食物耗尽！
⚠️ 第45天，村民1314缺水！
⚠️ 第45天，村民1315食物耗尽！
⚠️ 第45天，村民1315缺水！
⚠️ 第45天，村民1317食物耗尽！
⚠️ 第45天，村民1317缺水！
⚠️ 第45天，村民1318食物耗尽！
⚠️ 第45天，村民1318缺水！
⚠️ 第45天，村民1319食物耗尽！
⚠️ 第45天，村民1319缺水！
⚠️ 第45天，村民1321食物耗尽！
⚠️ 第45天，村民1321缺水！
⚠️ 第45天，村民1322食物耗尽！
⚠️ 第45天，村民1322缺水！
⚠️ 第45天，村民1324食物耗尽！
⚠️ 第45天，村民1324缺水！
⚠️ 第45天，村民1325食物耗尽！
⚠️ 第45天，村民1325缺水！
⚠️ 第45天，村民1326食物耗尽！
⚠️ 第45天，村民1326缺水！
⚠️ 第45天，村民1327食物耗尽！
⚠️ 第45天，村民1327缺水！
⚠️ 第45天，村民1328食物耗尽！
⚠️ 第45天，村民1328缺水！
⚠️ 第45天，村民1330食物耗尽！
⚠️ 第45天，村民1330缺水！
⚠️ 第45天，村民1331食物耗尽！
⚠️ 第45天，村民1331缺水！
⚠️ 第45天，村民1332食物耗尽！
⚠️ 第45天，村民1332缺水！
⚠️ 第45天，村民1333食物耗尽！
⚠️ 第45天，村民1333缺水！
⚠️ 第45天，村民1334食物耗尽！
⚠️ 第45天，村民1334缺水！
⚠️ 第45天，村民1336食物耗尽！
⚠️ 第45天，村民1336缺水！
⚠️ 第45天，村民1337食物耗尽！
⚠️ 第45天，村民1337缺水！
⚠️ 第45天，村民1338食物耗尽！
⚠️ 第45天，村民1338缺水！
⚠️ 第45天，村民1339食物耗尽！
⚠️ 第45天，村民1339缺水！
⚠️ 第45天，村民1340食物耗尽！
⚠️ 第45天，村民1340缺水！
⚠️ 第45天，村民1343食物耗尽！
⚠️ 第45天，村民1343缺水！
⚠️ 第45天，村民1344食物耗尽！
⚠️ 第45天，村民1344缺水！
⚠️ 第45天，村民1345食物耗尽！
⚠️ 第45天，村民1345缺水！
⚠️ 第45天，村民1346食物耗尽！
⚠️ 第45天，村民1346缺水！
⚠️ 第45天，村民1347食物耗尽！
⚠️ 第45天，村民1347缺水！
⚠️ 第45天，村民1350食物耗尽！
⚠️ 第45天，村民1350缺水！
⚠️ 第45天，村民1351食物耗尽！
⚠️ 第45天，村民1351缺水！
⚠️ 第45天，村民1352食物耗尽！
⚠️ 第45天，村民1352缺水！
⚠️ 第45天，村民1353食物耗尽！
⚠️ 第45天，村民1353缺水！
⚠️ 第45天，村民1354食物耗尽！
⚠️ 第45天，村民1354缺水！
⚠️ 第45天，村民1356食物耗尽！
⚠️ 第45天，村民1356缺水！
⚠️ 第45天，村民1359食物耗尽！
⚠️ 第45天，村民1359缺水！
⚠️ 第45天，村民1360食物耗尽！
⚠️ 第45天，村民1360缺水！
⚠️ 第45天，村民1361食物耗尽！
⚠️ 第45天，村民1361缺水！
⚠️ 第45天，村民1362食物耗尽！
⚠️ 第45天，村民1362缺水！
⚠️ 第45天，村民1364食物耗尽！
⚠️ 第45天，村民1364缺水！
⚠️ 第45天，村民1365食物耗尽！
⚠️ 第45天，村民1365缺水！
⚠️ 第45天，村民1366食物耗尽！
⚠️ 第45天，村民1366缺水！
⚠️ 第45天，村民1369食物耗尽！
⚠️ 第45天，村民1369缺水！
⚠️ 第45天，村民1371食物耗尽！
⚠️ 第45天，村民1371缺水！
⚠️ 第45天，村民1372食物耗尽！
⚠️ 第45天，村民1372缺水！
⚠️ 第45天，村民1373食物耗尽！
⚠️ 第45天，村民1373缺水！
⚠️ 第45天，村民1374食物耗尽！
⚠️ 第45天，村民1374缺水！
⚠️ 第45天，村民1376食物耗尽！
⚠️ 第45天，村民1376缺水！
⚠️ 第45天，村民1377食物耗尽！
⚠️ 第45天，村民1377缺水！
⚠️ 第45天，村民1378食物耗尽！
⚠️ 第45天，村民1378缺水！
⚠️ 第45天，村民1379食物耗尽！
⚠️ 第45天，村民1379缺水！
⚠️ 第45天，村民1381食物耗尽！
⚠️ 第45天，村民1381缺水！
⚠️ 第45天，村民1383食物耗尽！
⚠️ 第45天，村民1383缺水！
⚠️ 第45天，村民1384食物耗尽！
⚠️ 第45天，村民1384缺水！
⚠️ 第45天，村民1385食物耗尽！
⚠️ 第45天，村民1385缺水！
⚠️ 第45天，村民1386食物耗尽！
⚠️ 第45天，村民1386缺水！
⚠️ 第45天，村民1387食物耗尽！
⚠️ 第45天，村民1387缺水！
⚠️ 第45天，村民1388食物耗尽！
⚠️ 第45天，村民1388缺水！
⚠️ 第45天，村民1389食物耗尽！
⚠️ 第45天，村民1389缺水！
⚠️ 第45天，村民1390食物耗尽！
⚠️ 第45天，村民1390缺水！
⚠️ 第45天，村民1392食物耗尽！
⚠️ 第45天，村民1392缺水！
⚠️ 第45天，村民1394食物耗尽！
⚠️ 第45天，村民1394缺水！
⚠️ 第45天，村民1395食物耗尽！
⚠️ 第45天，村民1395缺水！
⚠️ 第45天，村民1397食物耗尽！
⚠️ 第45天，村民1397缺水！
⚠️ 第45天，村民1398食物耗尽！
⚠️ 第45天，村民1398缺水！
⚠️ 第45天，村民1399食物耗尽！
⚠️ 第45天，村民1399缺水！
⚠️ 第45天，村民1400食物耗尽！
⚠️ 第45天，村民1400缺水！
⚠️ 第45天，村民1401食物耗尽！
⚠️ 第45天，村民1401缺水！
⚠️ 第45天，村民1403食物耗尽！
⚠️ 第45天，村民1403缺水！
⚠️ 第45天，村民1405食物耗尽！
⚠️ 第45天，村民1405缺水！
⚠️ 第45天，村民1406食物耗尽！
⚠️ 第45天，村民1406缺水！
⚠️ 第45天，村民1407食物耗尽！
⚠️ 第45天，村民1407缺水！
⚠️ 第45天，村民1408食物耗尽！
⚠️ 第45天，村民1408缺水！
⚠️ 第45天，村民1409食物耗尽！
⚠️ 第45天，村民1409缺水！
⚠️ 第45天，村民1410食物耗尽！
⚠️ 第45天，村民1410缺水！
⚠️ 第45天，村民1412食物耗尽！
⚠️ 第45天，村民1412缺水！
⚠️ 第45天，村民1413食物耗尽！
⚠️ 第45天，村民1413缺水！
⚠️ 第45天，村民1417食物耗尽！
⚠️ 第45天，村民1417缺水！
⚠️ 第45天，村民1418食物耗尽！
⚠️ 第45天，村民1418缺水！
⚠️ 第45天，村民1420食物耗尽！
⚠️ 第45天，村民1420缺水！
⚠️ 第45天，村民1422食物耗尽！
⚠️ 第45天，村民1422缺水！
⚠️ 第45天，村民1423食物耗尽！
⚠️ 第45天，村民1423缺水！
⚠️ 第45天，村民1424食物耗尽！
⚠️ 第45天，村民1424缺水！
⚠️ 第45天，村民1425食物耗尽！
⚠️ 第45天，村民1425缺水！
⚠️ 第45天，村民1426食物耗尽！
⚠️ 第45天，村民1426缺水！
⚠️ 第45天，村民1428食物耗尽！
⚠️ 第45天，村民1428缺水！
⚠️ 第45天，村民1430食物耗尽！
⚠️ 第45天，村民1430缺水！
⚠️ 第45天，村民1432食物耗尽！
⚠️ 第45天，村民1432缺水！
⚠️ 第45天，村民1433食物耗尽！
⚠️ 第45天，村民1433缺水！
⚠️ 第45天，村民1434食物耗尽！
⚠️ 第45天，村民1434缺水！
⚠️ 第45天，村民1435食物耗尽！
⚠️ 第45天，村民1435缺水！
⚠️ 第45天，村民1437食物耗尽！
⚠️ 第45天，村民1437缺水！
⚠️ 第45天，村民1440食物耗尽！
⚠️ 第45天，村民1440缺水！
⚠️ 第45天，村民1442食物耗尽！
⚠️ 第45天，村民1442缺水！
⚠️ 第45天，村民1443食物耗尽！
⚠️ 第45天，村民1443缺水！
⚠️ 第45天，村民1444食物耗尽！
⚠️ 第45天，村民1444缺水！
⚠️ 第45天，村民1446食物耗尽！
⚠️ 第45天，村民1446缺水！
⚠️ 第45天，村民1449食物耗尽！
⚠️ 第45天，村民1449缺水！
⚠️ 第45天，村民1453食物耗尽！
⚠️ 第45天，村民1453缺水！
⚠️ 第45天，村民1455食物耗尽！
⚠️ 第45天，村民1455缺水！
⚠️ 第45天，村民1456食物耗尽！
⚠️ 第45天，村民1456缺水！
⚠️ 第45天，村民1457食物耗尽！
⚠️ 第45天，村民1457缺水！
⚠️ 第45天，村民1458食物耗尽！
⚠️ 第45天，村民1458缺水！
⚠️ 第45天，村民1459食物耗尽！
⚠️ 第45天，村民1459缺水！
⚠️ 第45天，村民1461食物耗尽！
⚠️ 第45天，村民1461缺水！
⚠️ 第45天，村民1462食物耗尽！
⚠️ 第45天，村民1462缺水！
⚠️ 第45天，村民1463食物耗尽！
⚠️ 第45天，村民1463缺水！
⚠️ 第45天，村民1464食物耗尽！
⚠️ 第45天，村民1464缺水！
⚠️ 第45天，村民1465食物耗尽！
⚠️ 第45天，村民1465缺水！
⚠️ 第45天，村民1466食物耗尽！
⚠️ 第45天，村民1466缺水！
⚠️ 第45天，村民1467食物耗尽！
⚠️ 第45天，村民1467缺水！
⚠️ 第45天，村民1468食物耗尽！
⚠️ 第45天，村民1468缺水！
⚠️ 第45天，村民1469食物耗尽！
⚠️ 第45天，村民1469缺水！
⚠️ 第45天，村民1470食物耗尽！
⚠️ 第45天，村民1470缺水！
⚠️ 第45天，村民1471食物耗尽！
⚠️ 第45天，村民1471缺水！
⚠️ 第45天，村民1473食物耗尽！
⚠️ 第45天，村民1473缺水！
⚠️ 第45天，村民1476食物耗尽！
⚠️ 第45天，村民1476缺水！
⚠️ 第45天，村民1477食物耗尽！
⚠️ 第45天，村民1477缺水！
⚠️ 第45天，村民1478食物耗尽！
⚠️ 第45天，村民1478缺水！
⚠️ 第45天，村民1479食物耗尽！
⚠️ 第45天，村民1479缺水！
⚠️ 第45天，村民1480食物耗尽！
⚠️ 第45天，村民1480缺水！
⚠️ 第45天，村民1481食物耗尽！
⚠️ 第45天，村民1481缺水！
⚠️ 第45天，村民1482食物耗尽！
⚠️ 第45天，村民1482缺水！
⚠️ 第45天，村民1483食物耗尽！
⚠️ 第45天，村民1483缺水！
⚠️ 第45天，村民1484食物耗尽！
⚠️ 第45天，村民1484缺水！
⚠️ 第45天，村民1485食物耗尽！
⚠️ 第45天，村民1485缺水！
⚠️ 第45天，村民1486食物耗尽！
⚠️ 第45天，村民1486缺水！
⚠️ 第45天，村民1487食物耗尽！
⚠️ 第45天，村民1487缺水！
⚠️ 第45天，村民1488食物耗尽！
⚠️ 第45天，村民1488缺水！
⚠️ 第45天，村民1490食物耗尽！
⚠️ 第45天，村民1490缺水！
⚠️ 第45天，村民1491食物耗尽！
⚠️ 第45天，村民1491缺水！
⚠️ 第45天，村民1493食物耗尽！
⚠️ 第45天，村民1493缺水！
⚠️ 第45天，村民1494食物耗尽！
⚠️ 第45天，村民1494缺水！
⚠️ 第45天，村民1496食物耗尽！
⚠️ 第45天，村民1496缺水！
⚠️ 第45天，村民1497食物耗尽！
⚠️ 第45天，村民1497缺水！
⚠️ 第45天，村民1498食物耗尽！
⚠️ 第45天，村民1498缺水！
⚠️ 第45天，村民1499食物耗尽！
⚠️ 第45天，村民1499缺水！
⚠️ 第45天，村民1502食物耗尽！
⚠️ 第45天，村民1502缺水！
⚠️ 第45天，村民1503食物耗尽！
⚠️ 第45天，村民1503缺水！
⚠️ 第45天，村民1504食物耗尽！
⚠️ 第45天，村民1504缺水！
⚠️ 第45天，村民1506食物耗尽！
⚠️ 第45天，村民1506缺水！
⚠️ 第45天，村民1514食物耗尽！
⚠️ 第45天，村民1514缺水！
⚠️ 第45天，村民1515食物耗尽！
⚠️ 第45天，村民1515缺水！
⚠️ 第45天，村民1516食物耗尽！
⚠️ 第45天，村民1516缺水！
⚠️ 第45天，村民1518食物耗尽！
⚠️ 第45天，村民1518缺水！
⚠️ 第45天，村民1519食物耗尽！
⚠️ 第45天，村民1519缺水！
⚠️ 第45天，村民1520食物耗尽！
⚠️ 第45天，村民1520缺水！
⚠️ 第45天，村民1521食物耗尽！
⚠️ 第45天，村民1521缺水！
⚠️ 第45天，村民1522食物耗尽！
⚠️ 第45天，村民1522缺水！
⚠️ 第45天，村民1523食物耗尽！
⚠️ 第45天，村民1523缺水！
⚠️ 第45天，村民1524食物耗尽！
⚠️ 第45天，村民1524缺水！
⚠️ 第45天，村民1525食物耗尽！
⚠️ 第45天，村民1525缺水！
⚠️ 第45天，村民1526食物耗尽！
⚠️ 第45天，村民1526缺水！
⚠️ 第45天，村民1530食物耗尽！
⚠️ 第45天，村民1530缺水！
⚠️ 第45天，村民1531食物耗尽！
⚠️ 第45天，村民1531缺水！
⚠️ 第45天，村民1532食物耗尽！
⚠️ 第45天，村民1532缺水！
⚠️ 第45天，村民1534食物耗尽！
⚠️ 第45天，村民1534缺水！
⚠️ 第45天，村民1536食物耗尽！
⚠️ 第45天，村民1536缺水！
⚠️ 第45天，村民1537食物耗尽！
⚠️ 第45天，村民1537缺水！
⚠️ 第45天，村民1538食物耗尽！
⚠️ 第45天，村民1538缺水！
⚠️ 第45天，村民1539食物耗尽！
⚠️ 第45天，村民1539缺水！
⚠️ 第45天，村民1540食物耗尽！
⚠️ 第45天，村民1540缺水！
⚠️ 第45天，村民1541食物耗尽！
⚠️ 第45天，村民1541缺水！
⚠️ 第45天，村民1543食物耗尽！
⚠️ 第45天，村民1543缺水！
⚠️ 第45天，村民1545食物耗尽！
⚠️ 第45天，村民1545缺水！
⚠️ 第45天，村民1548食物耗尽！
⚠️ 第45天，村民1548缺水！
⚠️ 第45天，村民1549食物耗尽！
⚠️ 第45天，村民1549缺水！
⚠️ 第45天，村民1550食物耗尽！
⚠️ 第45天，村民1550缺水！
⚠️ 第45天，村民1553食物耗尽！
⚠️ 第45天，村民1553缺水！
⚠️ 第45天，村民1555食物耗尽！
⚠️ 第45天，村民1555缺水！
⚠️ 第45天，村民1557食物耗尽！
⚠️ 第45天，村民1557缺水！
⚠️ 第45天，村民1560食物耗尽！
⚠️ 第45天，村民1560缺水！
⚠️ 第45天，村民1561食物耗尽！
⚠️ 第45天，村民1561缺水！
⚠️ 第45天，村民1562食物耗尽！
⚠️ 第45天，村民1562缺水！
⚠️ 第45天，村民1563食物耗尽！
⚠️ 第45天，村民1563缺水！
⚠️ 第45天，村民1564食物耗尽！
⚠️ 第45天，村民1564缺水！
⚠️ 第45天，村民1567食物耗尽！
⚠️ 第45天，村民1567缺水！
⚠️ 第45天，村民1572食物耗尽！
⚠️ 第45天，村民1572缺水！
⚠️ 第45天，村民1573食物耗尽！
⚠️ 第45天，村民1573缺水！
⚠️ 第45天，村民1574食物耗尽！
⚠️ 第45天，村民1574缺水！
⚠️ 第45天，村民1576食物耗尽！
⚠️ 第45天，村民1576缺水！
⚠️ 第45天，村民1577食物耗尽！
⚠️ 第45天，村民1577缺水！
⚠️ 第45天，村民1579食物耗尽！
⚠️ 第45天，村民1579缺水！
⚠️ 第45天，村民1580食物耗尽！
⚠️ 第45天，村民1580缺水！
⚠️ 第45天，村民1581食物耗尽！
⚠️ 第45天，村民1581缺水！
⚠️ 第45天，村民1582食物耗尽！
⚠️ 第45天，村民1582缺水！
⚠️ 第45天，村民1583食物耗尽！
⚠️ 第45天，村民1583缺水！
⚠️ 第45天，村民1588食物耗尽！
⚠️ 第45天，村民1588缺水！
⚠️ 第45天，村民1589食物耗尽！
⚠️ 第45天，村民1589缺水！
⚠️ 第45天，村民1591食物耗尽！
⚠️ 第45天，村民1591缺水！
⚠️ 第45天，村民1595食物耗尽！
⚠️ 第45天，村民1595缺水！
⚠️ 第45天，村民1597食物耗尽！
⚠️ 第45天，村民1597缺水！
⚠️ 第45天，村民1598食物耗尽！
⚠️ 第45天，村民1598缺水！
⚠️ 第45天，村民1600食物耗尽！
⚠️ 第45天，村民1600缺水！
⚠️ 第45天，村民1601食物耗尽！
⚠️ 第45天，村民1601缺水！
⚠️ 第45天，村民1603食物耗尽！
⚠️ 第45天，村民1603缺水！
⚠️ 第45天，村民1604食物耗尽！
⚠️ 第45天，村民1604缺水！
⚠️ 第45天，村民1606食物耗尽！
⚠️ 第45天，村民1606缺水！
⚠️ 第45天，村民1608食物耗尽！
⚠️ 第45天，村民1608缺水！
⚠️ 第45天，村民1609食物耗尽！
⚠️ 第45天，村民1609缺水！
⚠️ 第45天，村民1610食物耗尽！
⚠️ 第45天，村民1610缺水！
⚠️ 第45天，村民1611食物耗尽！
⚠️ 第45天，村民1611缺水！
⚠️ 第45天，村民1613食物耗尽！
⚠️ 第45天，村民1613缺水！
⚠️ 第45天，村民1615食物耗尽！
⚠️ 第45天，村民1615缺水！
⚠️ 第45天，村民1616食物耗尽！
⚠️ 第45天，村民1616缺水！
⚠️ 第45天，村民1617食物耗尽！
⚠️ 第45天，村民1617缺水！
⚠️ 第45天，村民1618食物耗尽！
⚠️ 第45天，村民1618缺水！
⚠️ 第45天，村民1619食物耗尽！
⚠️ 第45天，村民1619缺水！
⚠️ 第45天，村民1620食物耗尽！
⚠️ 第45天，村民1620缺水！
⚠️ 第45天，村民1622食物耗尽！
⚠️ 第45天，村民1622缺水！
⚠️ 第45天，村民1623食物耗尽！
⚠️ 第45天，村民1623缺水！
⚠️ 第45天，村民1624食物耗尽！
⚠️ 第45天，村民1624缺水！
⚠️ 第45天，村民1625食物耗尽！
⚠️ 第45天，村民1625缺水！
⚠️ 第45天，村民1627食物耗尽！
⚠️ 第45天，村民1627缺水！
⚠️ 第45天，村民1629食物耗尽！
⚠️ 第45天，村民1629缺水！
⚠️ 第45天，村民1630食物耗尽！
⚠️ 第45天，村民1630缺水！
⚠️ 第45天，村民1631食物耗尽！
⚠️ 第45天，村民1631缺水！
⚠️ 第45天，村民1632食物耗尽！
⚠️ 第45天，村民1632缺水！
⚠️ 第45天，村民1633食物耗尽！
⚠️ 第45天，村民1633缺水！
⚠️ 第45天，村民1634食物耗尽！
⚠️ 第45天，村民1634缺水！
⚠️ 第45天，村民1635食物耗尽！
⚠️ 第45天，村民1635缺水！
⚠️ 第45天，村民1636食物耗尽！
⚠️ 第45天，村民1636缺水！
⚠️ 第45天，村民1637食物耗尽！
⚠️ 第45天，村民1637缺水！
⚠️ 第45天，村民1638食物耗尽！
⚠️ 第45天，村民1638缺水！
⚠️ 第45天，村民1639食物耗尽！
⚠️ 第45天，村民1639缺水！
⚠️ 第45天，村民1641食物耗尽！
⚠️ 第45天，村民1641缺水！
⚠️ 第45天，村民1642食物耗尽！
⚠️ 第45天，村民1642缺水！
⚠️ 第45天，村民1643食物耗尽！
⚠️ 第45天，村民1643缺水！
⚠️ 第45天，村民1645食物耗尽！
⚠️ 第45天，村民1645缺水！
⚠️ 第45天，村民1647食物耗尽！
⚠️ 第45天，村民1647缺水！
⚠️ 第45天，村民1648食物耗尽！
⚠️ 第45天，村民1648缺水！
⚠️ 第45天，村民1649食物耗尽！
⚠️ 第45天，村民1649缺水！
⚠️ 第45天，村民1653食物耗尽！
⚠️ 第45天，村民1653缺水！
⚠️ 第45天，村民1656食物耗尽！
⚠️ 第45天，村民1656缺水！
⚠️ 第45天，村民1657食物耗尽！
⚠️ 第45天，村民1657缺水！
⚠️ 第45天，村民1658食物耗尽！
⚠️ 第45天，村民1658缺水！
⚠️ 第45天，村民1659食物耗尽！
⚠️ 第45天，村民1659缺水！
⚠️ 第45天，村民1660食物耗尽！
⚠️ 第45天，村民1660缺水！
⚠️ 第45天，村民1661食物耗尽！
⚠️ 第45天，村民1661缺水！
⚠️ 第45天，村民1663食物耗尽！
⚠️ 第45天，村民1663缺水！
⚠️ 第45天，村民1665食物耗尽！
⚠️ 第45天，村民1665缺水！
⚠️ 第45天，村民1666食物耗尽！
⚠️ 第45天，村民1666缺水！
⚠️ 第45天，村民1667食物耗尽！
⚠️ 第45天，村民1667缺水！
⚠️ 第45天，村民1669食物耗尽！
⚠️ 第45天，村民1669缺水！
⚠️ 第45天，村民1670食物耗尽！
⚠️ 第45天，村民1670缺水！
⚠️ 第45天，村民1671食物耗尽！
⚠️ 第45天，村民1671缺水！
⚠️ 第45天，村民1672食物耗尽！
⚠️ 第45天，村民1672缺水！
⚠️ 第45天，村民1673食物耗尽！
⚠️ 第45天，村民1673缺水！
⚠️ 第45天，村民1675食物耗尽！
⚠️ 第45天，村民1675缺水！
⚠️ 第45天，村民1677食物耗尽！
⚠️ 第45天，村民1677缺水！
⚠️ 第45天，村民1678食物耗尽！
⚠️ 第45天，村民1678缺水！
⚠️ 第45天，村民1679食物耗尽！
⚠️ 第45天，村民1679缺水！
⚠️ 第45天，村民1680食物耗尽！
⚠️ 第45天，村民1680缺水！
⚠️ 第45天，村民1682食物耗尽！
⚠️ 第45天，村民1682缺水！
⚠️ 第45天，村民1684食物耗尽！
⚠️ 第45天，村民1684缺水！
⚠️ 第45天，村民1686食物耗尽！
⚠️ 第45天，村民1686缺水！
⚠️ 第45天，村民1692食物耗尽！
⚠️ 第45天，村民1692缺水！
⚠️ 第45天，村民1694食物耗尽！
⚠️ 第45天，村民1694缺水！
⚠️ 第45天，村民1695食物耗尽！
⚠️ 第45天，村民1695缺水！
⚠️ 第45天，村民1696食物耗尽！
⚠️ 第45天，村民1696缺水！
⚠️ 第45天，村民1698食物耗尽！
⚠️ 第45天，村民1698缺水！
⚠️ 第45天，村民1700食物耗尽！
⚠️ 第45天，村民1700缺水！
⚠️ 第45天，村民1701食物耗尽！
⚠️ 第45天，村民1701缺水！
⚠️ 第45天，村民1703食物耗尽！
⚠️ 第45天，村民1703缺水！
⚠️ 第45天，村民1704食物耗尽！
⚠️ 第45天，村民1704缺水！
⚠️ 第45天，村民1705食物耗尽！
⚠️ 第45天，村民1705缺水！
⚠️ 第45天，村民1706食物耗尽！
⚠️ 第45天，村民1706缺水！
⚠️ 第45天，村民1708食物耗尽！
⚠️ 第45天，村民1708缺水！
⚠️ 第45天，村民1709食物耗尽！
⚠️ 第45天，村民1709缺水！
⚠️ 第45天，村民1710食物耗尽！
⚠️ 第45天，村民1710缺水！
⚠️ 第45天，村民1711食物耗尽！
⚠️ 第45天，村民1711缺水！
⚠️ 第45天，村民1712食物耗尽！
⚠️ 第45天，村民1712缺水！
⚠️ 第45天，村民1713食物耗尽！
⚠️ 第45天，村民1713缺水！
⚠️ 第45天，村民1715食物耗尽！
⚠️ 第45天，村民1715缺水！
⚠️ 第45天，村民1717食物耗尽！
⚠️ 第45天，村民1717缺水！
⚠️ 第45天，村民1718食物耗尽！
⚠️ 第45天，村民1718缺水！
⚠️ 第45天，村民1721食物耗尽！
⚠️ 第45天，村民1721缺水！
⚠️ 第45天，村民1722食物耗尽！
⚠️ 第45天，村民1722缺水！
⚠️ 第45天，村民1724食物耗尽！
⚠️ 第45天，村民1724缺水！
⚠️ 第45天，村民1725食物耗尽！
⚠️ 第45天，村民1725缺水！
⚠️ 第45天，村民1729食物耗尽！
⚠️ 第45天，村民1729缺水！
⚠️ 第45天，村民1730食物耗尽！
⚠️ 第45天，村民1730缺水！
⚠️ 第45天，村民1732食物耗尽！
⚠️ 第45天，村民1732缺水！
⚠️ 第45天，村民1733食物耗尽！
⚠️ 第45天，村民1733缺水！
⚠️ 第45天，村民1734食物耗尽！
⚠️ 第45天，村民1734缺水！
⚠️ 第45天，村民1735食物耗尽！
⚠️ 第45天，村民1735缺水！
⚠️ 第45天，村民1736食物耗尽！
⚠️ 第45天，村民1736缺水！
⚠️ 第45天，村民1738食物耗尽！
⚠️ 第45天，村民1738缺水！
⚠️ 第45天，村民1739食物耗尽！
⚠️ 第45天，村民1739缺水！
⚠️ 第45天，村民1741食物耗尽！
⚠️ 第45天，村民1741缺水！
⚠️ 第45天，村民1743食物耗尽！
⚠️ 第45天，村民1743缺水！
⚠️ 第45天，村民1744食物耗尽！
⚠️ 第45天，村民1744缺水！
⚠️ 第45天，村民1745食物耗尽！
⚠️ 第45天，村民1745缺水！
⚠️ 第45天，村民1746食物耗尽！
⚠️ 第45天，村民1746缺水！
⚠️ 第45天，村民1748食物耗尽！
⚠️ 第45天，村民1748缺水！
⚠️ 第45天，村民1749食物耗尽！
⚠️ 第45天，村民1749缺水！
⚠️ 第45天，村民1751食物耗尽！
⚠️ 第45天，村民1751缺水！
⚠️ 第45天，村民1752食物耗尽！
⚠️ 第45天，村民1752缺水！
⚠️ 第45天，村民1754食物耗尽！
⚠️ 第45天，村民1754缺水！
⚠️ 第45天，村民1756食物耗尽！
⚠️ 第45天，村民1756缺水！
⚠️ 第45天，村民1757食物耗尽！
⚠️ 第45天，村民1757缺水！
⚠️ 第45天，村民1758食物耗尽！
⚠️ 第45天，村民1758缺水！
⚠️ 第45天，村民1759食物耗尽！
⚠️ 第45天，村民1759缺水！
⚠️ 第45天，村民1760食物耗尽！
⚠️ 第45天，村民1760缺水！
⚠️ 第45天，村民1762食物耗尽！
⚠️ 第45天，村民1762缺水！
⚠️ 第45天，村民1763食物耗尽！
⚠️ 第45天，村民1763缺水！
⚠️ 第45天，村民1766食物耗尽！
⚠️ 第45天，村民1766缺水！
⚠️ 第45天，村民1767食物耗尽！
⚠️ 第45天，村民1767缺水！
⚠️ 第45天，村民1771食物耗尽！
⚠️ 第45天，村民1771缺水！
⚠️ 第45天，村民1773食物耗尽！
⚠️ 第45天，村民1773缺水！
⚠️ 第45天，村民1774食物耗尽！
⚠️ 第45天，村民1774缺水！
⚠️ 第45天，村民1777食物耗尽！
⚠️ 第45天，村民1777缺水！
⚠️ 第45天，村民1778食物耗尽！
⚠️ 第45天，村民1778缺水！
⚠️ 第45天，村民1779食物耗尽！
⚠️ 第45天，村民1779缺水！
⚠️ 第45天，村民1780食物耗尽！
⚠️ 第45天，村民1780缺水！
⚠️ 第45天，村民1781食物耗尽！
⚠️ 第45天，村民1781缺水！
⚠️ 第45天，村民1783食物耗尽！
⚠️ 第45天，村民1783缺水！
⚠️ 第45天，村民1784食物耗尽！
⚠️ 第45天，村民1784缺水！
⚠️ 第45天，村民1785食物耗尽！
⚠️ 第45天，村民1785缺水！
⚠️ 第45天，村民1787食物耗尽！
⚠️ 第45天，村民1787缺水！
⚠️ 第45天，村民1789食物耗尽！
⚠️ 第45天，村民1789缺水！
⚠️ 第45天，村民1793食物耗尽！
⚠️ 第45天，村民1793缺水！
⚠️ 第45天，村民1794食物耗尽！
⚠️ 第45天，村民1794缺水！
⚠️ 第45天，村民1796食物耗尽！
⚠️ 第45天，村民1796缺水！
⚠️ 第45天，村民1799食物耗尽！
⚠️ 第45天，村民1799缺水！
⚠️ 第45天，村民1800食物耗尽！
⚠️ 第45天，村民1800缺水！
⚠️ 第45天，村民1801食物耗尽！
⚠️ 第45天，村民1801缺水！
⚠️ 第45天，村民1802食物耗尽！
⚠️ 第45天，村民1802缺水！
⚠️ 第45天，村民1805食物耗尽！
⚠️ 第45天，村民1805缺水！
⚠️ 第45天，村民1806食物耗尽！
⚠️ 第45天，村民1806缺水！
⚠️ 第45天，村民1807食物耗尽！
⚠️ 第45天，村民1807缺水！
⚠️ 第45天，村民1809食物耗尽！
⚠️ 第45天，村民1809缺水！
⚠️ 第45天，村民1810食物耗尽！
⚠️ 第45天，村民1810缺水！
⚠️ 第45天，村民1811食物耗尽！
⚠️ 第45天，村民1811缺水！
⚠️ 第45天，村民1819食物耗尽！
⚠️ 第45天，村民1819缺水！
⚠️ 第45天，村民1820食物耗尽！
⚠️ 第45天，村民1820缺水！
⚠️ 第45天，村民1821食物耗尽！
⚠️ 第45天，村民1821缺水！
⚠️ 第45天，村民1822食物耗尽！
⚠️ 第45天，村民1822缺水！
⚠️ 第45天，村民1823食物耗尽！
⚠️ 第45天，村民1823缺水！
⚠️ 第45天，村民1824食物耗尽！
⚠️ 第45天，村民1824缺水！
⚠️ 第45天，村民1825食物耗尽！
⚠️ 第45天，村民1825缺水！
⚠️ 第45天，村民1826食物耗尽！
⚠️ 第45天，村民1826缺水！
⚠️ 第45天，村民1827食物耗尽！
⚠️ 第45天，村民1827缺水！
⚠️ 第45天，村民1828食物耗尽！
⚠️ 第45天，村民1828缺水！
⚠️ 第45天，村民1829食物耗尽！
⚠️ 第45天，村民1829缺水！
⚠️ 第45天，村民1832食物耗尽！
⚠️ 第45天，村民1832缺水！
⚠️ 第45天，村民1833食物耗尽！
⚠️ 第45天，村民1833缺水！
⚠️ 第45天，村民1835食物耗尽！
⚠️ 第45天，村民1835缺水！
⚠️ 第45天，村民1836食物耗尽！
⚠️ 第45天，村民1836缺水！
⚠️ 第45天，村民1837食物耗尽！
⚠️ 第45天，村民1837缺水！
⚠️ 第45天，村民1838食物耗尽！
⚠️ 第45天，村民1838缺水！
⚠️ 第45天，村民1840食物耗尽！
⚠️ 第45天，村民1840缺水！
⚠️ 第45天，村民1841食物耗尽！
⚠️ 第45天，村民1841缺水！
⚠️ 第45天，村民1842食物耗尽！
⚠️ 第45天，村民1842缺水！
⚠️ 第45天，村民1843食物耗尽！
⚠️ 第45天，村民1843缺水！
⚠️ 第45天，村民1844食物耗尽！
⚠️ 第45天，村民1844缺水！
⚠️ 第45天，村民1847食物耗尽！
⚠️ 第45天，村民1847缺水！
⚠️ 第45天，村民1848食物耗尽！
⚠️ 第45天，村民1848缺水！
⚠️ 第45天，村民1849食物耗尽！
⚠️ 第45天，村民1849缺水！
⚠️ 第45天，村民1850食物耗尽！
⚠️ 第45天，村民1850缺水！
⚠️ 第45天，村民1852食物耗尽！
⚠️ 第45天，村民1852缺水！
⚠️ 第45天，村民1853食物耗尽！
⚠️ 第45天，村民1853缺水！
⚠️ 第45天，村民1855食物耗尽！
⚠️ 第45天，村民1855缺水！
⚠️ 第45天，村民1857食物耗尽！
⚠️ 第45天，村民1857缺水！
⚠️ 第45天，村民1858食物耗尽！
⚠️ 第45天，村民1858缺水！
⚠️ 第45天，村民1859食物耗尽！
⚠️ 第45天，村民1859缺水！
⚠️ 第45天，村民1860食物耗尽！
⚠️ 第45天，村民1860缺水！
⚠️ 第45天，村民1862食物耗尽！
⚠️ 第45天，村民1862缺水！
⚠️ 第45天，村民1863食物耗尽！
⚠️ 第45天，村民1863缺水！
⚠️ 第45天，村民1864食物耗尽！
⚠️ 第45天，村民1864缺水！
⚠️ 第45天，村民1866食物耗尽！
⚠️ 第45天，村民1866缺水！
⚠️ 第45天，村民1867食物耗尽！
⚠️ 第45天，村民1867缺水！
⚠️ 第45天，村民1868食物耗尽！
⚠️ 第45天，村民1868缺水！
⚠️ 第45天，村民1869食物耗尽！
⚠️ 第45天，村民1869缺水！
⚠️ 第45天，村民1870食物耗尽！
⚠️ 第45天，村民1870缺水！
⚠️ 第45天，村民1874食物耗尽！
⚠️ 第45天，村民1874缺水！
⚠️ 第45天，村民1876食物耗尽！
⚠️ 第45天，村民1876缺水！
⚠️ 第45天，村民1877食物耗尽！
⚠️ 第45天，村民1877缺水！
⚠️ 第45天，村民1878食物耗尽！
⚠️ 第45天，村民1878缺水！
⚠️ 第45天，村民1879食物耗尽！
⚠️ 第45天，村民1879缺水！
⚠️ 第45天，村民1880食物耗尽！
⚠️ 第45天，村民1880缺水！
⚠️ 第45天，村民1881食物耗尽！
⚠️ 第45天，村民1881缺水！
⚠️ 第45天，村民1882食物耗尽！
⚠️ 第45天，村民1882缺水！
⚠️ 第45天，村民1884食物耗尽！
⚠️ 第45天，村民1884缺水！
⚠️ 第45天，村民1885食物耗尽！
⚠️ 第45天，村民1885缺水！
⚠️ 第45天，村民1886食物耗尽！
⚠️ 第45天，村民1886缺水！
⚠️ 第45天，村民1887食物耗尽！
⚠️ 第45天，村民1887缺水！
⚠️ 第45天，村民1888食物耗尽！
⚠️ 第45天，村民1888缺水！
⚠️ 第45天，村民1891食物耗尽！
⚠️ 第45天，村民1891缺水！
⚠️ 第45天，村民1892食物耗尽！
⚠️ 第45天，村民1892缺水！
⚠️ 第45天，村民1893食物耗尽！
⚠️ 第45天，村民1893缺水！
⚠️ 第45天，村民1894食物耗尽！
⚠️ 第45天，村民1894缺水！
⚠️ 第45天，村民1895食物耗尽！
⚠️ 第45天，村民1895缺水！
⚠️ 第45天，村民1896食物耗尽！
⚠️ 第45天，村民1896缺水！
⚠️ 第45天，村民1897食物耗尽！
⚠️ 第45天，村民1897缺水！
⚠️ 第45天，村民1898食物耗尽！
⚠️ 第45天，村民1898缺水！
⚠️ 第45天，村民1900食物耗尽！
⚠️ 第45天，村民1900缺水！
⚠️ 第45天，村民1901食物耗尽！
⚠️ 第45天，村民1901缺水！
⚠️ 第45天，村民1903食物耗尽！
⚠️ 第45天，村民1903缺水！
⚠️ 第45天，村民1905食物耗尽！
⚠️ 第45天，村民1905缺水！
⚠️ 第45天，村民1907食物耗尽！
⚠️ 第45天，村民1907缺水！
⚠️ 第45天，村民1908食物耗尽！
⚠️ 第45天，村民1908缺水！
⚠️ 第45天，村民1909食物耗尽！
⚠️ 第45天，村民1909缺水！
⚠️ 第45天，村民1910食物耗尽！
⚠️ 第45天，村民1910缺水！
⚠️ 第45天，村民1911食物耗尽！
⚠️ 第45天，村民1911缺水！
⚠️ 第45天，村民1912食物耗尽！
⚠️ 第45天，村民1912缺水！
⚠️ 第45天，村民1913食物耗尽！
⚠️ 第45天，村民1913缺水！
⚠️ 第45天，村民1914食物耗尽！
⚠️ 第45天，村民1914缺水！
⚠️ 第45天，村民1915食物耗尽！
⚠️ 第45天，村民1915缺水！
⚠️ 第45天，村民1916食物耗尽！
⚠️ 第45天，村民1916缺水！
⚠️ 第45天，村民1917食物耗尽！
⚠️ 第45天，村民1917缺水！
⚠️ 第45天，村民1918食物耗尽！
⚠️ 第45天，村民1918缺水！
⚠️ 第45天，村民1919食物耗尽！
⚠️ 第45天，村民1919缺水！
⚠️ 第45天，村民1920食物耗尽！
⚠️ 第45天，村民1920缺水！
⚠️ 第45天，村民1921食物耗尽！
⚠️ 第45天，村民1921缺水！
⚠️ 第45天，村民1922食物耗尽！
⚠️ 第45天，村民1922缺水！
⚠️ 第45天，村民1924食物耗尽！
⚠️ 第45天，村民1924缺水！
⚠️ 第45天，村民1925食物耗尽！
⚠️ 第45天，村民1925缺水！
⚠️ 第45天，村民1927食物耗尽！
⚠️ 第45天，村民1927缺水！
⚠️ 第45天，村民1929食物耗尽！
⚠️ 第45天，村民1929缺水！
⚠️ 第45天，村民1930食物耗尽！
⚠️ 第45天，村民1930缺水！
⚠️ 第45天，村民1933食物耗尽！
⚠️ 第45天，村民1933缺水！
⚠️ 第45天，村民1934食物耗尽！
⚠️ 第45天，村民1934缺水！
⚠️ 第45天，村民1935食物耗尽！
⚠️ 第45天，村民1935缺水！
⚠️ 第45天，村民1936食物耗尽！
⚠️ 第45天，村民1936缺水！
⚠️ 第45天，村民1937食物耗尽！
⚠️ 第45天，村民1937缺水！
⚠️ 第45天，村民1939食物耗尽！
⚠️ 第45天，村民1939缺水！
⚠️ 第45天，村民1942食物耗尽！
⚠️ 第45天，村民1942缺水！
⚠️ 第45天，村民1944食物耗尽！
⚠️ 第45天，村民1944缺水！
⚠️ 第45天，村民1945食物耗尽！
⚠️ 第45天，村民1945缺水！
⚠️ 第45天，村民1947食物耗尽！
⚠️ 第45天，村民1947缺水！
⚠️ 第45天，村民1948食物耗尽！
⚠️ 第45天，村民1948缺水！
⚠️ 第45天，村民1950食物耗尽！
⚠️ 第45天，村民1950缺水！
⚠️ 第45天，村民1952食物耗尽！
⚠️ 第45天，村民1952缺水！
⚠️ 第45天，村民1953食物耗尽！
⚠️ 第45天，村民1953缺水！
⚠️ 第45天，村民1955食物耗尽！
⚠️ 第45天，村民1955缺水！
⚠️ 第45天，村民1956食物耗尽！
⚠️ 第45天，村民1956缺水！
⚠️ 第45天，村民1957食物耗尽！
⚠️ 第45天，村民1957缺水！
⚠️ 第45天，村民1959食物耗尽！
⚠️ 第45天，村民1959缺水！
⚠️ 第45天，村民1961食物耗尽！
⚠️ 第45天，村民1961缺水！
⚠️ 第45天，村民1962食物耗尽！
⚠️ 第45天，村民1962缺水！
⚠️ 第45天，村民1963食物耗尽！
⚠️ 第45天，村民1963缺水！
⚠️ 第45天，村民1964食物耗尽！
⚠️ 第45天，村民1964缺水！
⚠️ 第45天，村民1966食物耗尽！
⚠️ 第45天，村民1966缺水！
⚠️ 第45天，村民1968食物耗尽！
⚠️ 第45天，村民1968缺水！
⚠️ 第45天，村民1969食物耗尽！
⚠️ 第45天，村民1969缺水！
⚠️ 第45天，村民1974食物耗尽！
⚠️ 第45天，村民1974缺水！
⚠️ 第45天，村民1976食物耗尽！
⚠️ 第45天，村民1976缺水！
⚠️ 第45天，村民1977食物耗尽！
⚠️ 第45天，村民1977缺水！
⚠️ 第45天，村民1981食物耗尽！
⚠️ 第45天，村民1981缺水！
⚠️ 第45天，村民1983食物耗尽！
⚠️ 第45天，村民1983缺水！
⚠️ 第45天，村民1984食物耗尽！
⚠️ 第45天，村民1984缺水！
⚠️ 第45天，村民1985食物耗尽！
⚠️ 第45天，村民1985缺水！
⚠️ 第45天，村民1987食物耗尽！
⚠️ 第45天，村民1987缺水！
⚠️ 第45天，村民1988食物耗尽！
⚠️ 第45天，村民1988缺水！
⚠️ 第45天，村民1990食物耗尽！
⚠️ 第45天，村民1990缺水！
⚠️ 第45天，村民1991食物耗尽！
⚠️ 第45天，村民1991缺水！
⚠️ 第45天，村民1992食物耗尽！
⚠️ 第45天，村民1992缺水！
⚠️ 第45天，村民1994食物耗尽！
⚠️ 第45天，村民1994缺水！
⚠️ 第45天，村民1996食物耗尽！
⚠️ 第45天，村民1996缺水！
⚠️ 第45天，村民1997食物耗尽！
⚠️ 第45天，村民1997缺水！
⚠️ 第45天，村民1999食物耗尽！
⚠️ 第45天，村民1999缺水！
⚠️ 第45天，村民2000食物耗尽！
⚠️ 第45天，村民2000缺水！
🌪️ --- 第46天，发生【寒冬】！---
📊 第46天结束：当前村庄共有 2000 人存活。
⚠️ 第46天，村民1食物耗尽！
⚠️ 第46天，村民1缺水！
⚠️ 第46天，村民2食物耗尽！
⚠️ 第46天，村民2缺水！
⚠️ 第46天，村民3食物耗尽！
⚠️ 第46天，村民3缺水！
⚠️ 第46天，村民4食物耗尽！
⚠️ 第46天，村民4缺水！
⚠️ 第46天，村民5食物耗尽！
⚠️ 第46天，村民5缺水！
⚠️ 第46天，村民6食物耗尽！
⚠️ 第46天，村民6缺水！
⚠️ 第46天，村民7食物耗尽！
⚠️ 第46天，村民7缺水！
⚠️ 第46天，村民8食物耗尽！
⚠️ 第46天，村民8缺水！
⚠️ 第46天，村民9食物耗尽！
⚠️ 第46天，村民9缺水！
⚠️ 第46天，村民10食物耗尽！
⚠️ 第46天，村民10缺水！
⚠️ 第46天，村民11食物耗尽！
⚠️ 第46天，村民11缺水！
⚠️ 第46天，村民12食物耗尽！
⚠️ 第46天，村民12缺水！
⚠️ 第46天，村民13食物耗尽！
⚠️ 第46天，村民13缺水！
⚠️ 第46天，村民14食物耗尽！
⚠️ 第46天，村民14缺水！
⚠️ 第46天，村民15食物耗尽！
⚠️ 第46天，村民15缺水！
⚠️ 第46天，村民16食物耗尽！
⚠️ 第46天，村民16缺水！
⚠️ 第46天，村民17食物耗尽！
⚠️ 第46天，村民17缺水！
⚠️ 第46天，村民18食物耗尽！
⚠️ 第46天，村民18缺水！
⚠️ 第46天，村民19食物耗尽！
⚠️ 第46天，村民19缺水！
⚠️ 第46天，村民20食物耗尽！
⚠️ 第46天，村民20缺水！
⚠️ 第46天，村民21食物耗尽！
⚠️ 第46天，村民21缺水！
⚠️ 第46天，村民22食物耗尽！
⚠️ 第46天，村民22缺水！
⚠️ 第46天，村民23食物耗尽！
⚠️ 第46天，村民23缺水！
⚠️ 第46天，村民24食物耗尽！
⚠️ 第46天，村民24缺水！
⚠️ 第46天，村民25食物耗尽！
⚠️ 第46天，村民25缺水！
⚠️ 第46天，村民26食物耗尽！
⚠️ 第46天，村民26缺水！
⚠️ 第46天，村民27食物耗尽！
⚠️ 第46天，村民27缺水！
⚠️ 第46天，村民28食物耗尽！
⚠️ 第46天，村民28缺水！
⚠️ 第46天，村民29食物耗尽！
⚠️ 第46天，村民29缺水！
⚠️ 第46天，村民30食物耗尽！
⚠️ 第46天，村民30缺水！
⚠️ 第46天，村民31食物耗尽！
⚠️ 第46天，村民31缺水！
⚠️ 第46天，村民32食物耗尽！
⚠️ 第46天，村民32缺水！
⚠️ 第46天，村民33食物耗尽！
⚠️ 第46天，村民33缺水！
⚠️ 第46天，村民34食物耗尽！
⚠️ 第46天，村民34缺水！
⚠️ 第46天，村民35食物耗尽！
⚠️ 第46天，村民35缺水！
⚠️ 第46天，村民36食物耗尽！
⚠️ 第46天，村民36缺水！
⚠️ 第46天，村民37食物耗尽！
⚠️ 第46天，村民37缺水！
⚠️ 第46天，村民38食物耗尽！
⚠️ 第46天，村民38缺水！
⚠️ 第46天，村民39食物耗尽！
⚠️ 第46天，村民39缺水！
⚠️ 第46天，村民40食物耗尽！
⚠️ 第46天，村民40缺水！
⚠️ 第46天，村民41食物耗尽！
⚠️ 第46天，村民41缺水！
⚠️ 第46天，村民42食物耗尽！
⚠️ 第46天，村民42缺水！
⚠️ 第46天，村民43食物耗尽！
⚠️ 第46天，村民43缺水！
⚠️ 第46天，村民44食物耗尽！
⚠️ 第46天，村民44缺水！
⚠️ 第46天，村民45食物耗尽！
⚠️ 第46天，村民45缺水！
⚠️ 第46天，村民46食物耗尽！
⚠️ 第46天，村民46缺水！
⚠️ 第46天，村民47食物耗尽！
⚠️ 第46天，村民47缺水！
⚠️ 第46天，村民48食物耗尽！
⚠️ 第46天，村民48缺水！
⚠️ 第46天，村民49食物耗尽！
⚠️ 第46天，村民49缺水！
⚠️ 第46天，村民50食物耗尽！
⚠️ 第46天，村民50缺水！
⚠️ 第46天，村民51食物耗尽！
⚠️ 第46天，村民51缺水！
⚠️ 第46天，村民52食物耗尽！
⚠️ 第46天，村民52缺水！
⚠️ 第46天，村民53食物耗尽！
⚠️ 第46天，村民53缺水！
⚠️ 第46天，村民54食物耗尽！
⚠️ 第46天，村民54缺水！
⚠️ 第46天，村民55食物耗尽！
⚠️ 第46天，村民55缺水！
⚠️ 第46天，村民56食物耗尽！
⚠️ 第46天，村民56缺水！
⚠️ 第46天，村民57食物耗尽！
⚠️ 第46天，村民57缺水！
⚠️ 第46天，村民58食物耗尽！
⚠️ 第46天，村民58缺水！
⚠️ 第46天，村民59食物耗尽！
⚠️ 第46天，村民59缺水！
⚠️ 第46天，村民60食物耗尽！
⚠️ 第46天，村民60缺水！
⚠️ 第46天，村民61食物耗尽！
⚠️ 第46天，村民61缺水！
⚠️ 第46天，村民62食物耗尽！
⚠️ 第46天，村民62缺水！
⚠️ 第46天，村民63食物耗尽！
⚠️ 第46天，村民63缺水！
⚠️ 第46天，村民64食物耗尽！
⚠️ 第46天，村民64缺水！
⚠️ 第46天，村民65食物耗尽！
⚠️ 第46天，村民65缺水！
⚠️ 第46天，村民66食物耗尽！
⚠️ 第46天，村民66缺水！
⚠️ 第46天，村民67食物耗尽！
⚠️ 第46天，村民67缺水！
⚠️ 第46天，村民68食物耗尽！
⚠️ 第46天，村民68缺水！
⚠️ 第46天，村民69食物耗尽！
⚠️ 第46天，村民69缺水！
⚠️ 第46天，村民70食物耗尽！
⚠️ 第46天，村民70缺水！
⚠️ 第46天，村民71食物耗尽！
⚠️ 第46天，村民71缺水！
⚠️ 第46天，村民72食物耗尽！
⚠️ 第46天，村民72缺水！
⚠️ 第46天，村民73食物耗尽！
⚠️ 第46天，村民73缺水！
⚠️ 第46天，村民74食物耗尽！
⚠️ 第46天，村民74缺水！
⚠️ 第46天，村民75食物耗尽！
⚠️ 第46天，村民75缺水！
⚠️ 第46天，村民76食物耗尽！
⚠️ 第46天，村民76缺水！
⚠️ 第46天，村民77食物耗尽！
⚠️ 第46天，村民77缺水！
⚠️ 第46天，村民78食物耗尽！
⚠️ 第46天，村民78缺水！
⚠️ 第46天，村民79食物耗尽！
⚠️ 第46天，村民79缺水！
⚠️ 第46天，村民80食物耗尽！
⚠️ 第46天，村民80缺水！
⚠️ 第46天，村民81食物耗尽！
⚠️ 第46天，村民81缺水！
⚠️ 第46天，村民82食物耗尽！
⚠️ 第46天，村民82缺水！
⚠️ 第46天，村民83食物耗尽！
⚠️ 第46天，村民83缺水！
⚠️ 第46天，村民84食物耗尽！
⚠️ 第46天，村民84缺水！
⚠️ 第46天，村民85食物耗尽！
⚠️ 第46天，村民85缺水！
⚠️ 第46天，村民86食物耗尽！
⚠️ 第46天，村民86缺水！
⚠️ 第46天，村民87食物耗尽！
⚠️ 第46天，村民87缺水！
⚠️ 第46天，村民88食物耗尽！
⚠️ 第46天，村民88缺水！
⚠️ 第46天，村民89食物耗尽！
⚠️ 第46天，村民89缺水！
⚠️ 第46天，村民90食物耗尽！
⚠️ 第46天，村民90缺水！
⚠️ 第46天，村民91食物耗尽！
⚠️ 第46天，村民91缺水！
⚠️ 第46天，村民92食物耗尽！
⚠️ 第46天，村民92缺水！
⚠️ 第46天，村民93食物耗尽！
⚠️ 第46天，村民93缺水！
⚠️ 第46天，村民94食物耗尽！
⚠️ 第46天，村民94缺水！
⚠️ 第46天，村民95食物耗尽！
⚠️ 第46天，村民95缺水！
⚠️ 第46天，村民96食物耗尽！
⚠️ 第46天，村民96缺水！
⚠️ 第46天，村民97食物耗尽！
⚠️ 第46天，村民97缺水！
⚠️ 第46天，村民98食物耗尽！
⚠️ 第46天，村民98缺水！
⚠️ 第46天，村民99食物耗尽！
⚠️ 第46天，村民99缺水！
⚠️ 第46天，村民100食物耗尽！
⚠️ 第46天，村民100缺水！
⚠️ 第46天，村民101食物耗尽！
⚠️ 第46天，村民101缺水！
⚠️ 第46天，村民102食物耗尽！
⚠️ 第46天，村民102缺水！
⚠️ 第46天，村民103食物耗尽！
⚠️ 第46天，村民103缺水！
⚠️ 第46天，村民104食物耗尽！
⚠️ 第46天，村民104缺水！
⚠️ 第46天，村民105食物耗尽！
⚠️ 第46天，村民105缺水！
⚠️ 第46天，村民106食物耗尽！
⚠️ 第46天，村民106缺水！
⚠️ 第46天，村民107食物耗尽！
⚠️ 第46天，村民107缺水！
⚠️ 第46天，村民108食物耗尽！
⚠️ 第46天，村民108缺水！
⚠️ 第46天，村民109食物耗尽！
⚠️ 第46天，村民109缺水！
⚠️ 第46天，村民110食物耗尽！
⚠️ 第46天，村民110缺水！
⚠️ 第46天，村民111食物耗尽！
⚠️ 第46天，村民111缺水！
⚠️ 第46天，村民112食物耗尽！
⚠️ 第46天，村民112缺水！
⚠️ 第46天，村民113食物耗尽！
⚠️ 第46天，村民113缺水！
⚠️ 第46天，村民114食物耗尽！
⚠️ 第46天，村民114缺水！
⚠️ 第46天，村民115食物耗尽！
⚠️ 第46天，村民115缺水！
⚠️ 第46天，村民116食物耗尽！
⚠️ 第46天，村民116缺水！
⚠️ 第46天，村民117食物耗尽！
⚠️ 第46天，村民117缺水！
⚠️ 第46天，村民118食物耗尽！
⚠️ 第46天，村民118缺水！
⚠️ 第46天，村民119食物耗尽！
⚠️ 第46天，村民119缺水！
⚠️ 第46天，村民120食物耗尽！
⚠️ 第46天，村民120缺水！
⚠️ 第46天，村民121食物耗尽！
⚠️ 第46天，村民121缺水！
⚠️ 第46天，村民122食物耗尽！
⚠️ 第46天，村民122缺水！
⚠️ 第46天，村民123食物耗尽！
⚠️ 第46天，村民123缺水！
⚠️ 第46天，村民124食物耗尽！
⚠️ 第46天，村民124缺水！
⚠️ 第46天，村民125食物耗尽！
⚠️ 第46天，村民125缺水！
⚠️ 第46天，村民126食物耗尽！
⚠️ 第46天，村民126缺水！
⚠️ 第46天，村民127食物耗尽！
⚠️ 第46天，村民127缺水！
⚠️ 第46天，村民128食物耗尽！
⚠️ 第46天，村民128缺水！
⚠️ 第46天，村民129食物耗尽！
⚠️ 第46天，村民129缺水！
⚠️ 第46天，村民130食物耗尽！
⚠️ 第46天，村民130缺水！
⚠️ 第46天，村民131食物耗尽！
⚠️ 第46天，村民131缺水！
⚠️ 第46天，村民132食物耗尽！
⚠️ 第46天，村民132缺水！
⚠️ 第46天，村民133食物耗尽！
⚠️ 第46天，村民133缺水！
⚠️ 第46天，村民134食物耗尽！
⚠️ 第46天，村民134缺水！
⚠️ 第46天，村民135食物耗尽！
⚠️ 第46天，村民135缺水！
⚠️ 第46天，村民136食物耗尽！
⚠️ 第46天，村民136缺水！
⚠️ 第46天，村民137食物耗尽！
⚠️ 第46天，村民137缺水！
⚠️ 第46天，村民138食物耗尽！
⚠️ 第46天，村民138缺水！
⚠️ 第46天，村民139食物耗尽！
⚠️ 第46天，村民139缺水！
⚠️ 第46天，村民140食物耗尽！
⚠️ 第46天，村民140缺水！
⚠️ 第46天，村民141食物耗尽！
⚠️ 第46天，村民141缺水！
⚠️ 第46天，村民142食物耗尽！
⚠️ 第46天，村民142缺水！
⚠️ 第46天，村民143食物耗尽！
⚠️ 第46天，村民143缺水！
⚠️ 第46天，村民144食物耗尽！
⚠️ 第46天，村民144缺水！
⚠️ 第46天，村民145食物耗尽！
⚠️ 第46天，村民145缺水！
⚠️ 第46天，村民146食物耗尽！
⚠️ 第46天，村民146缺水！
⚠️ 第46天，村民147食物耗尽！
⚠️ 第46天，村民147缺水！
⚠️ 第46天，村民148食物耗尽！
⚠️ 第46天，村民148缺水！
⚠️ 第46天，村民149食物耗尽！
⚠️ 第46天，村民149缺水！
⚠️ 第46天，村民150食物耗尽！
⚠️ 第46天，村民150缺水！
⚠️ 第46天，村民151食物耗尽！
⚠️ 第46天，村民151缺水！
⚠️ 第46天，村民152食物耗尽！
⚠️ 第46天，村民152缺水！
⚠️ 第46天，村民153食物耗尽！
⚠️ 第46天，村民153缺水！
⚠️ 第46天，村民154食物耗尽！
⚠️ 第46天，村民154缺水！
⚠️ 第46天，村民155食物耗尽！
⚠️ 第46天，村民155缺水！
⚠️ 第46天，村民156食物耗尽！
⚠️ 第46天，村民156缺水！
⚠️ 第46天，村民157食物耗尽！
⚠️ 第46天，村民157缺水！
⚠️ 第46天，村民158食物耗尽！
⚠️ 第46天，村民158缺水！
⚠️ 第46天，村民159食物耗尽！
⚠️ 第46天，村民159缺水！
⚠️ 第46天，村民160食物耗尽！
⚠️ 第46天，村民160缺水！
⚠️ 第46天，村民161食物耗尽！
⚠️ 第46天，村民161缺水！
⚠️ 第46天，村民162食物耗尽！
⚠️ 第46天，村民162缺水！
⚠️ 第46天，村民163食物耗尽！
⚠️ 第46天，村民163缺水！
⚠️ 第46天，村民164食物耗尽！
⚠️ 第46天，村民164缺水！
⚠️ 第46天，村民165食物耗尽！
⚠️ 第46天，村民165缺水！
⚠️ 第46天，村民166食物耗尽！
⚠️ 第46天，村民166缺水！
⚠️ 第46天，村民167食物耗尽！
⚠️ 第46天，村民167缺水！
⚠️ 第46天，村民168食物耗尽！
⚠️ 第46天，村民168缺水！
⚠️ 第46天，村民169食物耗尽！
⚠️ 第46天，村民169缺水！
⚠️ 第46天，村民170食物耗尽！
⚠️ 第46天，村民170缺水！
⚠️ 第46天，村民171食物耗尽！
⚠️ 第46天，村民171缺水！
⚠️ 第46天，村民172食物耗尽！
⚠️ 第46天，村民172缺水！
⚠️ 第46天，村民173食物耗尽！
⚠️ 第46天，村民173缺水！
⚠️ 第46天，村民174食物耗尽！
⚠️ 第46天，村民174缺水！
⚠️ 第46天，村民175食物耗尽！
⚠️ 第46天，村民175缺水！
⚠️ 第46天，村民176食物耗尽！
⚠️ 第46天，村民176缺水！
⚠️ 第46天，村民177食物耗尽！
⚠️ 第46天，村民177缺水！
⚠️ 第46天，村民178食物耗尽！
⚠️ 第46天，村民178缺水！
⚠️ 第46天，村民179食物耗尽！
⚠️ 第46天，村民179缺水！
⚠️ 第46天，村民180食物耗尽！
⚠️ 第46天，村民180缺水！
⚠️ 第46天，村民181食物耗尽！
⚠️ 第46天，村民181缺水！
⚠️ 第46天，村民182食物耗尽！
⚠️ 第46天，村民182缺水！
⚠️ 第46天，村民183食物耗尽！
⚠️ 第46天，村民183缺水！
⚠️ 第46天，村民184食物耗尽！
⚠️ 第46天，村民184缺水！
⚠️ 第46天，村民185食物耗尽！
⚠️ 第46天，村民185缺水！
⚠️ 第46天，村民186食物耗尽！
⚠️ 第46天，村民186缺水！
⚠️ 第46天，村民187食物耗尽！
⚠️ 第46天，村民187缺水！
⚠️ 第46天，村民188食物耗尽！
⚠️ 第46天，村民188缺水！
⚠️ 第46天，村民189食物耗尽！
⚠️ 第46天，村民189缺水！
⚠️ 第46天，村民190食物耗尽！
⚠️ 第46天，村民190缺水！
⚠️ 第46天，村民191食物耗尽！
⚠️ 第46天，村民191缺水！
⚠️ 第46天，村民192食物耗尽！
⚠️ 第46天，村民192缺水！
⚠️ 第46天，村民193食物耗尽！
⚠️ 第46天，村民193缺水！
⚠️ 第46天，村民194食物耗尽！
⚠️ 第46天，村民194缺水！
⚠️ 第46天，村民195食物耗尽！
⚠️ 第46天，村民195缺水！
⚠️ 第46天，村民196食物耗尽！
⚠️ 第46天，村民196缺水！
⚠️ 第46天，村民197食物耗尽！
⚠️ 第46天，村民197缺水！
⚠️ 第46天，村民198食物耗尽！
⚠️ 第46天，村民198缺水！
⚠️ 第46天，村民199食物耗尽！
⚠️ 第46天，村民199缺水！
⚠️ 第46天，村民200食物耗尽！
⚠️ 第46天，村民200缺水！
⚠️ 第46天，村民201食物耗尽！
⚠️ 第46天，村民201缺水！
⚠️ 第46天，村民202食物耗尽！
⚠️ 第46天，村民202缺水！
⚠️ 第46天，村民203食物耗尽！
⚠️ 第46天，村民203缺水！
⚠️ 第46天，村民204食物耗尽！
⚠️ 第46天，村民204缺水！
⚠️ 第46天，村民205食物耗尽！
⚠️ 第46天，村民205缺水！
⚠️ 第46天，村民206食物耗尽！
⚠️ 第46天，村民206缺水！
⚠️ 第46天，村民207食物耗尽！
⚠️ 第46天，村民207缺水！
⚠️ 第46天，村民208食物耗尽！
⚠️ 第46天，村民208缺水！
⚠️ 第46天，村民209食物耗尽！
⚠️ 第46天，村民209缺水！
⚠️ 第46天，村民210食物耗尽！
⚠️ 第46天，村民210缺水！
⚠️ 第46天，村民211食物耗尽！
⚠️ 第46天，村民211缺水！
⚠️ 第46天，村民212食物耗尽！
⚠️ 第46天，村民212缺水！
⚠️ 第46天，村民213食物耗尽！
⚠️ 第46天，村民213缺水！
⚠️ 第46天，村民214食物耗尽！
⚠️ 第46天，村民214缺水！
⚠️ 第46天，村民215食物耗尽！
⚠️ 第46天，村民215缺水！
⚠️ 第46天，村民216食物耗尽！
⚠️ 第46天，村民216缺水！
⚠️ 第46天，村民217食物耗尽！
⚠️ 第46天，村民217缺水！
⚠️ 第46天，村民218食物耗尽！
⚠️ 第46天，村民218缺水！
⚠️ 第46天，村民219食物耗尽！
⚠️ 第46天，村民219缺水！
⚠️ 第46天，村民220食物耗尽！
⚠️ 第46天，村民220缺水！
⚠️ 第46天，村民221食物耗尽！
⚠️ 第46天，村民221缺水！
⚠️ 第46天，村民222食物耗尽！
⚠️ 第46天，村民222缺水！
⚠️ 第46天，村民223食物耗尽！
⚠️ 第46天，村民223缺水！
⚠️ 第46天，村民224食物耗尽！
⚠️ 第46天，村民224缺水！
⚠️ 第46天，村民225食物耗尽！
⚠️ 第46天，村民225缺水！
⚠️ 第46天，村民226食物耗尽！
⚠️ 第46天，村民226缺水！
⚠️ 第46天，村民227食物耗尽！
⚠️ 第46天，村民227缺水！
⚠️ 第46天，村民228食物耗尽！
⚠️ 第46天，村民228缺水！
⚠️ 第46天，村民229食物耗尽！
⚠️ 第46天，村民229缺水！
⚠️ 第46天，村民230食物耗尽！
⚠️ 第46天，村民230缺水！
⚠️ 第46天，村民231食物耗尽！
⚠️ 第46天，村民231缺水！
⚠️ 第46天，村民232食物耗尽！
⚠️ 第46天，村民232缺水！
⚠️ 第46天，村民233食物耗尽！
⚠️ 第46天，村民233缺水！
⚠️ 第46天，村民234食物耗尽！
⚠️ 第46天，村民234缺水！
⚠️ 第46天，村民235食物耗尽！
⚠️ 第46天，村民235缺水！
⚠️ 第46天，村民236食物耗尽！
⚠️ 第46天，村民236缺水！
⚠️ 第46天，村民237食物耗尽！
⚠️ 第46天，村民237缺水！
⚠️ 第46天，村民238食物耗尽！
⚠️ 第46天，村民238缺水！
⚠️ 第46天，村民239食物耗尽！
⚠️ 第46天，村民239缺水！
⚠️ 第46天，村民240食物耗尽！
⚠️ 第46天，村民240缺水！
⚠️ 第46天，村民241食物耗尽！
⚠️ 第46天，村民241缺水！
⚠️ 第46天，村民242食物耗尽！
⚠️ 第46天，村民242缺水！
⚠️ 第46天，村民243食物耗尽！
⚠️ 第46天，村民243缺水！
⚠️ 第46天，村民244食物耗尽！
⚠️ 第46天，村民244缺水！
⚠️ 第46天，村民245食物耗尽！
⚠️ 第46天，村民245缺水！
⚠️ 第46天，村民246食物耗尽！
⚠️ 第46天，村民246缺水！
⚠️ 第46天，村民247食物耗尽！
⚠️ 第46天，村民247缺水！
⚠️ 第46天，村民248食物耗尽！
⚠️ 第46天，村民248缺水！
⚠️ 第46天，村民249食物耗尽！
⚠️ 第46天，村民249缺水！
⚠️ 第46天，村民250食物耗尽！
⚠️ 第46天，村民250缺水！
⚠️ 第46天，村民251食物耗尽！
⚠️ 第46天，村民251缺水！
⚠️ 第46天，村民252食物耗尽！
⚠️ 第46天，村民252缺水！
⚠️ 第46天，村民253食物耗尽！
⚠️ 第46天，村民253缺水！
⚠️ 第46天，村民254食物耗尽！
⚠️ 第46天，村民254缺水！
⚠️ 第46天，村民255食物耗尽！
⚠️ 第46天，村民255缺水！
⚠️ 第46天，村民256食物耗尽！
⚠️ 第46天，村民256缺水！
⚠️ 第46天，村民257食物耗尽！
⚠️ 第46天，村民257缺水！
⚠️ 第46天，村民258食物耗尽！
⚠️ 第46天，村民258缺水！
⚠️ 第46天，村民259食物耗尽！
⚠️ 第46天，村民259缺水！
⚠️ 第46天，村民260食物耗尽！
⚠️ 第46天，村民260缺水！
⚠️ 第46天，村民261食物耗尽！
⚠️ 第46天，村民261缺水！
⚠️ 第46天，村民262食物耗尽！
⚠️ 第46天，村民262缺水！
⚠️ 第46天，村民263食物耗尽！
⚠️ 第46天，村民263缺水！
⚠️ 第46天，村民264食物耗尽！
⚠️ 第46天，村民264缺水！
⚠️ 第46天，村民265食物耗尽！
⚠️ 第46天，村民265缺水！
⚠️ 第46天，村民266食物耗尽！
⚠️ 第46天，村民266缺水！
⚠️ 第46天，村民267食物耗尽！
⚠️ 第46天，村民267缺水！
⚠️ 第46天，村民268食物耗尽！
⚠️ 第46天，村民268缺水！
⚠️ 第46天，村民269食物耗尽！
⚠️ 第46天，村民269缺水！
⚠️ 第46天，村民270食物耗尽！
⚠️ 第46天，村民270缺水！
⚠️ 第46天，村民271食物耗尽！
⚠️ 第46天，村民271缺水！
⚠️ 第46天，村民272食物耗尽！
⚠️ 第46天，村民272缺水！
⚠️ 第46天，村民273食物耗尽！
⚠️ 第46天，村民273缺水！
⚠️ 第46天，村民274食物耗尽！
⚠️ 第46天，村民274缺水！
⚠️ 第46天，村民275食物耗尽！
⚠️ 第46天，村民275缺水！
⚠️ 第46天，村民276食物耗尽！
⚠️ 第46天，村民276缺水！
⚠️ 第46天，村民277食物耗尽！
⚠️ 第46天，村民277缺水！
⚠️ 第46天，村民278食物耗尽！
⚠️ 第46天，村民278缺水！
⚠️ 第46天，村民279食物耗尽！
⚠️ 第46天，村民279缺水！
⚠️ 第46天，村民280食物耗尽！
⚠️ 第46天，村民280缺水！
⚠️ 第46天，村民281食物耗尽！
⚠️ 第46天，村民281缺水！
⚠️ 第46天，村民282食物耗尽！
⚠️ 第46天，村民282缺水！
⚠️ 第46天，村民283食物耗尽！
⚠️ 第46天，村民283缺水！
⚠️ 第46天，村民284食物耗尽！
⚠️ 第46天，村民284缺水！
⚠️ 第46天，村民285食物耗尽！
⚠️ 第46天，村民285缺水！
⚠️ 第46天，村民286食物耗尽！
⚠️ 第46天，村民286缺水！
⚠️ 第46天，村民287食物耗尽！
⚠️ 第46天，村民287缺水！
⚠️ 第46天，村民288食物耗尽！
⚠️ 第46天，村民288缺水！
⚠️ 第46天，村民289食物耗尽！
⚠️ 第46天，村民289缺水！
⚠️ 第46天，村民290食物耗尽！
⚠️ 第46天，村民290缺水！
⚠️ 第46天，村民291食物耗尽！
⚠️ 第46天，村民291缺水！
⚠️ 第46天，村民292食物耗尽！
⚠️ 第46天，村民292缺水！
⚠️ 第46天，村民293食物耗尽！
⚠️ 第46天，村民293缺水！
⚠️ 第46天，村民294食物耗尽！
⚠️ 第46天，村民294缺水！
⚠️ 第46天，村民295食物耗尽！
⚠️ 第46天，村民295缺水！
⚠️ 第46天，村民296食物耗尽！
⚠️ 第46天，村民296缺水！
⚠️ 第46天，村民297食物耗尽！
⚠️ 第46天，村民297缺水！
⚠️ 第46天，村民298食物耗尽！
⚠️ 第46天，村民298缺水！
⚠️ 第46天，村民299食物耗尽！
⚠️ 第46天，村民299缺水！
⚠️ 第46天，村民300食物耗尽！
⚠️ 第46天，村民300缺水！
⚠️ 第46天，村民301食物耗尽！
⚠️ 第46天，村民301缺水！
⚠️ 第46天，村民302食物耗尽！
⚠️ 第46天，村民302缺水！
⚠️ 第46天，村民303食物耗尽！
⚠️ 第46天，村民303缺水！
⚠️ 第46天，村民304食物耗尽！
⚠️ 第46天，村民304缺水！
⚠️ 第46天，村民305食物耗尽！
⚠️ 第46天，村民305缺水！
⚠️ 第46天，村民306食物耗尽！
⚠️ 第46天，村民306缺水！
⚠️ 第46天，村民307食物耗尽！
⚠️ 第46天，村民307缺水！
⚠️ 第46天，村民308食物耗尽！
⚠️ 第46天，村民308缺水！
⚠️ 第46天，村民309食物耗尽！
⚠️ 第46天，村民309缺水！
⚠️ 第46天，村民310食物耗尽！
⚠️ 第46天，村民310缺水！
⚠️ 第46天，村民311食物耗尽！
⚠️ 第46天，村民311缺水！
⚠️ 第46天，村民312食物耗尽！
⚠️ 第46天，村民312缺水！
⚠️ 第46天，村民313食物耗尽！
⚠️ 第46天，村民313缺水！
⚠️ 第46天，村民314食物耗尽！
⚠️ 第46天，村民314缺水！
⚠️ 第46天，村民315食物耗尽！
⚠️ 第46天，村民315缺水！
⚠️ 第46天，村民316食物耗尽！
⚠️ 第46天，村民316缺水！
⚠️ 第46天，村民317食物耗尽！
⚠️ 第46天，村民317缺水！
⚠️ 第46天，村民318食物耗尽！
⚠️ 第46天，村民318缺水！
⚠️ 第46天，村民319食物耗尽！
⚠️ 第46天，村民319缺水！
⚠️ 第46天，村民320食物耗尽！
⚠️ 第46天，村民320缺水！
⚠️ 第46天，村民321食物耗尽！
⚠️ 第46天，村民321缺水！
⚠️ 第46天，村民322食物耗尽！
⚠️ 第46天，村民322缺水！
⚠️ 第46天，村民323食物耗尽！
⚠️ 第46天，村民323缺水！
⚠️ 第46天，村民324食物耗尽！
⚠️ 第46天，村民324缺水！
⚠️ 第46天，村民325食物耗尽！
⚠️ 第46天，村民325缺水！
⚠️ 第46天，村民326食物耗尽！
⚠️ 第46天，村民326缺水！
⚠️ 第46天，村民327食物耗尽！
⚠️ 第46天，村民327缺水！
⚠️ 第46天，村民328食物耗尽！
⚠️ 第46天，村民328缺水！
⚠️ 第46天，村民329食物耗尽！
⚠️ 第46天，村民329缺水！
⚠️ 第46天，村民330食物耗尽！
⚠️ 第46天，村民330缺水！
⚠️ 第46天，村民331食物耗尽！
⚠️ 第46天，村民331缺水！
⚠️ 第46天，村民332食物耗尽！
⚠️ 第46天，村民332缺水！
⚠️ 第46天，村民333食物耗尽！
⚠️ 第46天，村民333缺水！
⚠️ 第46天，村民334食物耗尽！
⚠️ 第46天，村民334缺水！
⚠️ 第46天，村民335食物耗尽！
⚠️ 第46天，村民335缺水！
⚠️ 第46天，村民336食物耗尽！
⚠️ 第46天，村民336缺水！
⚠️ 第46天，村民337食物耗尽！
⚠️ 第46天，村民337缺水！
⚠️ 第46天，村民338食物耗尽！
⚠️ 第46天，村民338缺水！
⚠️ 第46天，村民339食物耗尽！
⚠️ 第46天，村民339缺水！
⚠️ 第46天，村民340食物耗尽！
⚠️ 第46天，村民340缺水！
⚠️ 第46天，村民341食物耗尽！
⚠️ 第46天，村民341缺水！
⚠️ 第46天，村民342食物耗尽！
⚠️ 第46天，村民342缺水！
⚠️ 第46天，村民343食物耗尽！
⚠️ 第46天，村民343缺水！
⚠️ 第46天，村民344食物耗尽！
⚠️ 第46天，村民344缺水！
⚠️ 第46天，村民345食物耗尽！
⚠️ 第46天，村民345缺水！
⚠️ 第46天，村民346食物耗尽！
⚠️ 第46天，村民346缺水！
⚠️ 第46天，村民347食物耗尽！
⚠️ 第46天，村民347缺水！
⚠️ 第46天，村民348食物耗尽！
⚠️ 第46天，村民348缺水！
⚠️ 第46天，村民349食物耗尽！
⚠️ 第46天，村民349缺水！
⚠️ 第46天，村民350食物耗尽！
⚠️ 第46天，村民350缺水！
⚠️ 第46天，村民351食物耗尽！
⚠️ 第46天，村民351缺水！
⚠️ 第46天，村民352食物耗尽！
⚠️ 第46天，村民352缺水！
⚠️ 第46天，村民353食物耗尽！
⚠️ 第46天，村民353缺水！
⚠️ 第46天，村民354食物耗尽！
⚠️ 第46天，村民354缺水！
⚠️ 第46天，村民355食物耗尽！
⚠️ 第46天，村民355缺水！
⚠️ 第46天，村民356食物耗尽！
⚠️ 第46天，村民356缺水！
⚠️ 第46天，村民357食物耗尽！
⚠️ 第46天，村民357缺水！
⚠️ 第46天，村民358食物耗尽！
⚠️ 第46天，村民358缺水！
⚠️ 第46天，村民359食物耗尽！
⚠️ 第46天，村民359缺水！
⚠️ 第46天，村民360食物耗尽！
⚠️ 第46天，村民360缺水！
⚠️ 第46天，村民361食物耗尽！
⚠️ 第46天，村民361缺水！
⚠️ 第46天，村民362食物耗尽！
⚠️ 第46天，村民362缺水！
⚠️ 第46天，村民363食物耗尽！
⚠️ 第46天，村民363缺水！
⚠️ 第46天，村民364食物耗尽！
⚠️ 第46天，村民364缺水！
⚠️ 第46天，村民365食物耗尽！
⚠️ 第46天，村民365缺水！
⚠️ 第46天，村民366食物耗尽！
⚠️ 第46天，村民366缺水！
⚠️ 第46天，村民367食物耗尽！
⚠️ 第46天，村民367缺水！
⚠️ 第46天，村民368食物耗尽！
⚠️ 第46天，村民368缺水！
⚠️ 第46天，村民369食物耗尽！
⚠️ 第46天，村民369缺水！
⚠️ 第46天，村民370食物耗尽！
⚠️ 第46天，村民370缺水！
⚠️ 第46天，村民371食物耗尽！
⚠️ 第46天，村民371缺水！
⚠️ 第46天，村民372食物耗尽！
⚠️ 第46天，村民372缺水！
⚠️ 第46天，村民373食物耗尽！
⚠️ 第46天，村民373缺水！
⚠️ 第46天，村民374食物耗尽！
⚠️ 第46天，村民374缺水！
⚠️ 第46天，村民375食物耗尽！
⚠️ 第46天，村民375缺水！
⚠️ 第46天，村民376食物耗尽！
⚠️ 第46天，村民376缺水！
⚠️ 第46天，村民377食物耗尽！
⚠️ 第46天，村民377缺水！
⚠️ 第46天，村民378食物耗尽！
⚠️ 第46天，村民378缺水！
⚠️ 第46天，村民379食物耗尽！
⚠️ 第46天，村民379缺水！
⚠️ 第46天，村民380食物耗尽！
⚠️ 第46天，村民380缺水！
⚠️ 第46天，村民381食物耗尽！
⚠️ 第46天，村民381缺水！
⚠️ 第46天，村民382食物耗尽！
⚠️ 第46天，村民382缺水！
⚠️ 第46天，村民383食物耗尽！
⚠️ 第46天，村民383缺水！
⚠️ 第46天，村民384食物耗尽！
⚠️ 第46天，村民384缺水！
⚠️ 第46天，村民385食物耗尽！
⚠️ 第46天，村民385缺水！
⚠️ 第46天，村民386食物耗尽！
⚠️ 第46天，村民386缺水！
⚠️ 第46天，村民387食物耗尽！
⚠️ 第46天，村民387缺水！
⚠️ 第46天，村民388食物耗尽！
⚠️ 第46天，村民388缺水！
⚠️ 第46天，村民389食物耗尽！
⚠️ 第46天，村民389缺水！
⚠️ 第46天，村民390食物耗尽！
⚠️ 第46天，村民390缺水！
⚠️ 第46天，村民391食物耗尽！
⚠️ 第46天，村民391缺水！
⚠️ 第46天，村民392食物耗尽！
⚠️ 第46天，村民392缺水！
⚠️ 第46天，村民393食物耗尽！
⚠️ 第46天，村民393缺水！
⚠️ 第46天，村民394食物耗尽！
⚠️ 第46天，村民394缺水！
⚠️ 第46天，村民395食物耗尽！
⚠️ 第46天，村民395缺水！
⚠️ 第46天，村民396食物耗尽！
⚠️ 第46天，村民396缺水！
⚠️ 第46天，村民397食物耗尽！
⚠️ 第46天，村民397缺水！
⚠️ 第46天，村民398食物耗尽！
⚠️ 第46天，村民398缺水！
⚠️ 第46天，村民399食物耗尽！
⚠️ 第46天，村民399缺水！
⚠️ 第46天，村民400食物耗尽！
⚠️ 第46天，村民400缺水！
⚠️ 第46天，村民401食物耗尽！
⚠️ 第46天，村民401缺水！
⚠️ 第46天，村民402食物耗尽！
⚠️ 第46天，村民402缺水！
⚠️ 第46天，村民403食物耗尽！
⚠️ 第46天，村民403缺水！
⚠️ 第46天，村民404食物耗尽！
⚠️ 第46天，村民404缺水！
⚠️ 第46天，村民405食物耗尽！
⚠️ 第46天，村民405缺水！
⚠️ 第46天，村民406食物耗尽！
⚠️ 第46天，村民406缺水！
⚠️ 第46天，村民407食物耗尽！
⚠️ 第46天，村民407缺水！
⚠️ 第46天，村民408食物耗尽！
⚠️ 第46天，村民408缺水！
⚠️ 第46天，村民409食物耗尽！
⚠️ 第46天，村民409缺水！
⚠️ 第46天，村民410食物耗尽！
⚠️ 第46天，村民410缺水！
⚠️ 第46天，村民411食物耗尽！
⚠️ 第46天，村民411缺水！
⚠️ 第46天，村民412食物耗尽！
⚠️ 第46天，村民412缺水！
⚠️ 第46天，村民413食物耗尽！
⚠️ 第46天，村民413缺水！
⚠️ 第46天，村民414食物耗尽！
⚠️ 第46天，村民414缺水！
⚠️ 第46天，村民415食物耗尽！
⚠️ 第46天，村民415缺水！
⚠️ 第46天，村民416食物耗尽！
⚠️ 第46天，村民416缺水！
⚠️ 第46天，村民417食物耗尽！
⚠️ 第46天，村民417缺水！
⚠️ 第46天，村民418食物耗尽！
⚠️ 第46天，村民418缺水！
⚠️ 第46天，村民419食物耗尽！
⚠️ 第46天，村民419缺水！
⚠️ 第46天，村民420食物耗尽！
⚠️ 第46天，村民420缺水！
⚠️ 第46天，村民421食物耗尽！
⚠️ 第46天，村民421缺水！
⚠️ 第46天，村民422食物耗尽！
⚠️ 第46天，村民422缺水！
⚠️ 第46天，村民423食物耗尽！
⚠️ 第46天，村民423缺水！
⚠️ 第46天，村民424食物耗尽！
⚠️ 第46天，村民424缺水！
⚠️ 第46天，村民425食物耗尽！
⚠️ 第46天，村民425缺水！
⚠️ 第46天，村民426食物耗尽！
⚠️ 第46天，村民426缺水！
⚠️ 第46天，村民427食物耗尽！
⚠️ 第46天，村民427缺水！
⚠️ 第46天，村民428食物耗尽！
⚠️ 第46天，村民428缺水！
⚠️ 第46天，村民429食物耗尽！
⚠️ 第46天，村民429缺水！
⚠️ 第46天，村民430食物耗尽！
⚠️ 第46天，村民430缺水！
⚠️ 第46天，村民431食物耗尽！
⚠️ 第46天，村民431缺水！
⚠️ 第46天，村民432食物耗尽！
⚠️ 第46天，村民432缺水！
⚠️ 第46天，村民433食物耗尽！
⚠️ 第46天，村民433缺水！
⚠️ 第46天，村民434食物耗尽！
⚠️ 第46天，村民434缺水！
⚠️ 第46天，村民435食物耗尽！
⚠️ 第46天，村民435缺水！
⚠️ 第46天，村民436食物耗尽！
⚠️ 第46天，村民436缺水！
⚠️ 第46天，村民437食物耗尽！
⚠️ 第46天，村民437缺水！
⚠️ 第46天，村民438食物耗尽！
⚠️ 第46天，村民438缺水！
⚠️ 第46天，村民439食物耗尽！
⚠️ 第46天，村民439缺水！
⚠️ 第46天，村民440食物耗尽！
⚠️ 第46天，村民440缺水！
⚠️ 第46天，村民441食物耗尽！
⚠️ 第46天，村民441缺水！
⚠️ 第46天，村民442食物耗尽！
⚠️ 第46天，村民442缺水！
⚠️ 第46天，村民443食物耗尽！
⚠️ 第46天，村民443缺水！
⚠️ 第46天，村民444食物耗尽！
⚠️ 第46天，村民444缺水！
⚠️ 第46天，村民445食物耗尽！
⚠️ 第46天，村民445缺水！
⚠️ 第46天，村民446食物耗尽！
⚠️ 第46天，村民446缺水！
⚠️ 第46天，村民447食物耗尽！
⚠️ 第46天，村民447缺水！
⚠️ 第46天，村民448食物耗尽！
⚠️ 第46天，村民448缺水！
⚠️ 第46天，村民449食物耗尽！
⚠️ 第46天，村民449缺水！
⚠️ 第46天，村民450食物耗尽！
⚠️ 第46天，村民450缺水！
⚠️ 第46天，村民451食物耗尽！
⚠️ 第46天，村民451缺水！
⚠️ 第46天，村民452食物耗尽！
⚠️ 第46天，村民452缺水！
⚠️ 第46天，村民453食物耗尽！
⚠️ 第46天，村民453缺水！
⚠️ 第46天，村民454食物耗尽！
⚠️ 第46天，村民454缺水！
⚠️ 第46天，村民455食物耗尽！
⚠️ 第46天，村民455缺水！
⚠️ 第46天，村民456食物耗尽！
⚠️ 第46天，村民456缺水！
⚠️ 第46天，村民457食物耗尽！
⚠️ 第46天，村民457缺水！
⚠️ 第46天，村民458食物耗尽！
⚠️ 第46天，村民458缺水！
⚠️ 第46天，村民459食物耗尽！
⚠️ 第46天，村民459缺水！
⚠️ 第46天，村民460食物耗尽！
⚠️ 第46天，村民460缺水！
⚠️ 第46天，村民461食物耗尽！
⚠️ 第46天，村民461缺水！
⚠️ 第46天，村民462食物耗尽！
⚠️ 第46天，村民462缺水！
⚠️ 第46天，村民463食物耗尽！
⚠️ 第46天，村民463缺水！
⚠️ 第46天，村民464食物耗尽！
⚠️ 第46天，村民464缺水！
⚠️ 第46天，村民465食物耗尽！
⚠️ 第46天，村民465缺水！
⚠️ 第46天，村民466食物耗尽！
⚠️ 第46天，村民466缺水！
⚠️ 第46天，村民467食物耗尽！
⚠️ 第46天，村民467缺水！
⚠️ 第46天，村民468食物耗尽！
⚠️ 第46天，村民468缺水！
⚠️ 第46天，村民469食物耗尽！
⚠️ 第46天，村民469缺水！
⚠️ 第46天，村民470食物耗尽！
⚠️ 第46天，村民470缺水！
⚠️ 第46天，村民471食物耗尽！
⚠️ 第46天，村民471缺水！
⚠️ 第46天，村民472食物耗尽！
⚠️ 第46天，村民472缺水！
⚠️ 第46天，村民473食物耗尽！
⚠️ 第46天，村民473缺水！
⚠️ 第46天，村民474食物耗尽！
⚠️ 第46天，村民474缺水！
⚠️ 第46天，村民475食物耗尽！
⚠️ 第46天，村民475缺水！
⚠️ 第46天，村民476食物耗尽！
⚠️ 第46天，村民476缺水！
⚠️ 第46天，村民477食物耗尽！
⚠️ 第46天，村民477缺水！
⚠️ 第46天，村民478食物耗尽！
⚠️ 第46天，村民478缺水！
⚠️ 第46天，村民479食物耗尽！
⚠️ 第46天，村民479缺水！
⚠️ 第46天，村民480食物耗尽！
⚠️ 第46天，村民480缺水！
⚠️ 第46天，村民481食物耗尽！
⚠️ 第46天，村民481缺水！
⚠️ 第46天，村民482食物耗尽！
⚠️ 第46天，村民482缺水！
⚠️ 第46天，村民483食物耗尽！
⚠️ 第46天，村民483缺水！
⚠️ 第46天，村民484食物耗尽！
⚠️ 第46天，村民484缺水！
⚠️ 第46天，村民485食物耗尽！
⚠️ 第46天，村民485缺水！
⚠️ 第46天，村民486食物耗尽！
⚠️ 第46天，村民486缺水！
⚠️ 第46天，村民487食物耗尽！
⚠️ 第46天，村民487缺水！
⚠️ 第46天，村民488食物耗尽！
⚠️ 第46天，村民488缺水！
⚠️ 第46天，村民489食物耗尽！
⚠️ 第46天，村民489缺水！
⚠️ 第46天，村民490食物耗尽！
⚠️ 第46天，村民490缺水！
⚠️ 第46天，村民491食物耗尽！
⚠️ 第46天，村民491缺水！
⚠️ 第46天，村民492食物耗尽！
⚠️ 第46天，村民492缺水！
⚠️ 第46天，村民493食物耗尽！
⚠️ 第46天，村民493缺水！
⚠️ 第46天，村民494食物耗尽！
⚠️ 第46天，村民494缺水！
⚠️ 第46天，村民495食物耗尽！
⚠️ 第46天，村民495缺水！
⚠️ 第46天，村民496食物耗尽！
⚠️ 第46天，村民496缺水！
⚠️ 第46天，村民497食物耗尽！
⚠️ 第46天，村民497缺水！
⚠️ 第46天，村民498食物耗尽！
⚠️ 第46天，村民498缺水！
⚠️ 第46天，村民499食物耗尽！
⚠️ 第46天，村民499缺水！
⚠️ 第46天，村民500食物耗尽！
⚠️ 第46天，村民500缺水！
⚠️ 第46天，村民501食物耗尽！
⚠️ 第46天，村民501缺水！
⚠️ 第46天，村民502食物耗尽！
⚠️ 第46天，村民502缺水！
⚠️ 第46天，村民503食物耗尽！
⚠️ 第46天，村民503缺水！
⚠️ 第46天，村民504食物耗尽！
⚠️ 第46天，村民504缺水！
⚠️ 第46天，村民505食物耗尽！
⚠️ 第46天，村民505缺水！
⚠️ 第46天，村民506食物耗尽！
⚠️ 第46天，村民506缺水！
⚠️ 第46天，村民507食物耗尽！
⚠️ 第46天，村民507缺水！
⚠️ 第46天，村民508食物耗尽！
⚠️ 第46天，村民508缺水！
⚠️ 第46天，村民509食物耗尽！
⚠️ 第46天，村民509缺水！
⚠️ 第46天，村民510食物耗尽！
⚠️ 第46天，村民510缺水！
⚠️ 第46天，村民511食物耗尽！
⚠️ 第46天，村民511缺水！
⚠️ 第46天，村民512食物耗尽！
⚠️ 第46天，村民512缺水！
⚠️ 第46天，村民513食物耗尽！
⚠️ 第46天，村民513缺水！
⚠️ 第46天，村民514食物耗尽！
⚠️ 第46天，村民514缺水！
⚠️ 第46天，村民515食物耗尽！
⚠️ 第46天，村民515缺水！
⚠️ 第46天，村民516食物耗尽！
⚠️ 第46天，村民516缺水！
⚠️ 第46天，村民517食物耗尽！
⚠️ 第46天，村民517缺水！
⚠️ 第46天，村民518食物耗尽！
⚠️ 第46天，村民518缺水！
⚠️ 第46天，村民519食物耗尽！
⚠️ 第46天，村民519缺水！
⚠️ 第46天，村民520食物耗尽！
⚠️ 第46天，村民520缺水！
⚠️ 第46天，村民521食物耗尽！
⚠️ 第46天，村民521缺水！
⚠️ 第46天，村民522食物耗尽！
⚠️ 第46天，村民522缺水！
⚠️ 第46天，村民523食物耗尽！
⚠️ 第46天，村民523缺水！
⚠️ 第46天，村民524食物耗尽！
⚠️ 第46天，村民524缺水！
⚠️ 第46天，村民525食物耗尽！
⚠️ 第46天，村民525缺水！
⚠️ 第46天，村民526食物耗尽！
⚠️ 第46天，村民526缺水！
⚠️ 第46天，村民527食物耗尽！
⚠️ 第46天，村民527缺水！
⚠️ 第46天，村民528食物耗尽！
⚠️ 第46天，村民528缺水！
⚠️ 第46天，村民529食物耗尽！
⚠️ 第46天，村民529缺水！
⚠️ 第46天，村民530食物耗尽！
⚠️ 第46天，村民530缺水！
⚠️ 第46天，村民531食物耗尽！
⚠️ 第46天，村民531缺水！
⚠️ 第46天，村民532食物耗尽！
⚠️ 第46天，村民532缺水！
⚠️ 第46天，村民533食物耗尽！
⚠️ 第46天，村民533缺水！
⚠️ 第46天，村民534食物耗尽！
⚠️ 第46天，村民534缺水！
⚠️ 第46天，村民535食物耗尽！
⚠️ 第46天，村民535缺水！
⚠️ 第46天，村民536食物耗尽！
⚠️ 第46天，村民536缺水！
⚠️ 第46天，村民537食物耗尽！
⚠️ 第46天，村民537缺水！
⚠️ 第46天，村民538食物耗尽！
⚠️ 第46天，村民538缺水！
⚠️ 第46天，村民539食物耗尽！
⚠️ 第46天，村民539缺水！
⚠️ 第46天，村民540食物耗尽！
⚠️ 第46天，村民540缺水！
⚠️ 第46天，村民541食物耗尽！
⚠️ 第46天，村民541缺水！
⚠️ 第46天，村民542食物耗尽！
⚠️ 第46天，村民542缺水！
⚠️ 第46天，村民543食物耗尽！
⚠️ 第46天，村民543缺水！
⚠️ 第46天，村民544食物耗尽！
⚠️ 第46天，村民544缺水！
⚠️ 第46天，村民545食物耗尽！
⚠️ 第46天，村民545缺水！
⚠️ 第46天，村民546食物耗尽！
⚠️ 第46天，村民546缺水！
⚠️ 第46天，村民547食物耗尽！
⚠️ 第46天，村民547缺水！
⚠️ 第46天，村民548食物耗尽！
⚠️ 第46天，村民548缺水！
⚠️ 第46天，村民549食物耗尽！
⚠️ 第46天，村民549缺水！
⚠️ 第46天，村民550食物耗尽！
⚠️ 第46天，村民550缺水！
⚠️ 第46天，村民551食物耗尽！
⚠️ 第46天，村民551缺水！
⚠️ 第46天，村民552食物耗尽！
⚠️ 第46天，村民552缺水！
⚠️ 第46天，村民553食物耗尽！
⚠️ 第46天，村民553缺水！
⚠️ 第46天，村民554食物耗尽！
⚠️ 第46天，村民554缺水！
⚠️ 第46天，村民555食物耗尽！
⚠️ 第46天，村民555缺水！
⚠️ 第46天，村民556食物耗尽！
⚠️ 第46天，村民556缺水！
⚠️ 第46天，村民557食物耗尽！
⚠️ 第46天，村民557缺水！
⚠️ 第46天，村民558食物耗尽！
⚠️ 第46天，村民558缺水！
⚠️ 第46天，村民559食物耗尽！
⚠️ 第46天，村民559缺水！
⚠️ 第46天，村民560食物耗尽！
⚠️ 第46天，村民560缺水！
⚠️ 第46天，村民561食物耗尽！
⚠️ 第46天，村民561缺水！
⚠️ 第46天，村民562食物耗尽！
⚠️ 第46天，村民562缺水！
⚠️ 第46天，村民563食物耗尽！
⚠️ 第46天，村民563缺水！
⚠️ 第46天，村民564食物耗尽！
⚠️ 第46天，村民564缺水！
⚠️ 第46天，村民565食物耗尽！
⚠️ 第46天，村民565缺水！
⚠️ 第46天，村民566食物耗尽！
⚠️ 第46天，村民566缺水！
⚠️ 第46天，村民567食物耗尽！
⚠️ 第46天，村民567缺水！
⚠️ 第46天，村民568食物耗尽！
⚠️ 第46天，村民568缺水！
⚠️ 第46天，村民569食物耗尽！
⚠️ 第46天，村民569缺水！
⚠️ 第46天，村民570食物耗尽！
⚠️ 第46天，村民570缺水！
⚠️ 第46天，村民571食物耗尽！
⚠️ 第46天，村民571缺水！
⚠️ 第46天，村民572食物耗尽！
⚠️ 第46天，村民572缺水！
⚠️ 第46天，村民573食物耗尽！
⚠️ 第46天，村民573缺水！
⚠️ 第46天，村民574食物耗尽！
⚠️ 第46天，村民574缺水！
⚠️ 第46天，村民575食物耗尽！
⚠️ 第46天，村民575缺水！
⚠️ 第46天，村民576食物耗尽！
⚠️ 第46天，村民576缺水！
⚠️ 第46天，村民577食物耗尽！
⚠️ 第46天，村民577缺水！
⚠️ 第46天，村民578食物耗尽！
⚠️ 第46天，村民578缺水！
⚠️ 第46天，村民579食物耗尽！
⚠️ 第46天，村民579缺水！
⚠️ 第46天，村民580食物耗尽！
⚠️ 第46天，村民580缺水！
⚠️ 第46天，村民581食物耗尽！
⚠️ 第46天，村民581缺水！
⚠️ 第46天，村民582食物耗尽！
⚠️ 第46天，村民582缺水！
⚠️ 第46天，村民583食物耗尽！
⚠️ 第46天，村民583缺水！
⚠️ 第46天，村民584食物耗尽！
⚠️ 第46天，村民584缺水！
⚠️ 第46天，村民585食物耗尽！
⚠️ 第46天，村民585缺水！
⚠️ 第46天，村民586食物耗尽！
⚠️ 第46天，村民586缺水！
⚠️ 第46天，村民587食物耗尽！
⚠️ 第46天，村民587缺水！
⚠️ 第46天，村民588食物耗尽！
⚠️ 第46天，村民588缺水！
⚠️ 第46天，村民589食物耗尽！
⚠️ 第46天，村民589缺水！
⚠️ 第46天，村民590食物耗尽！
⚠️ 第46天，村民590缺水！
⚠️ 第46天，村民591食物耗尽！
⚠️ 第46天，村民591缺水！
⚠️ 第46天，村民592食物耗尽！
⚠️ 第46天，村民592缺水！
⚠️ 第46天，村民593食物耗尽！
⚠️ 第46天，村民593缺水！
⚠️ 第46天，村民594食物耗尽！
⚠️ 第46天，村民594缺水！
⚠️ 第46天，村民595食物耗尽！
⚠️ 第46天，村民595缺水！
⚠️ 第46天，村民596食物耗尽！
⚠️ 第46天，村民596缺水！
⚠️ 第46天，村民597食物耗尽！
⚠️ 第46天，村民597缺水！
⚠️ 第46天，村民598食物耗尽！
⚠️ 第46天，村民598缺水！
⚠️ 第46天，村民599食物耗尽！
⚠️ 第46天，村民599缺水！
⚠️ 第46天，村民600食物耗尽！
⚠️ 第46天，村民600缺水！
⚠️ 第46天，村民601食物耗尽！
⚠️ 第46天，村民601缺水！
⚠️ 第46天，村民602食物耗尽！
⚠️ 第46天，村民602缺水！
⚠️ 第46天，村民603食物耗尽！
⚠️ 第46天，村民603缺水！
⚠️ 第46天，村民604食物耗尽！
⚠️ 第46天，村民604缺水！
⚠️ 第46天，村民605食物耗尽！
⚠️ 第46天，村民605缺水！
⚠️ 第46天，村民606食物耗尽！
⚠️ 第46天，村民606缺水！
⚠️ 第46天，村民607食物耗尽！
⚠️ 第46天，村民607缺水！
⚠️ 第46天，村民608食物耗尽！
⚠️ 第46天，村民608缺水！
⚠️ 第46天，村民609食物耗尽！
⚠️ 第46天，村民609缺水！
⚠️ 第46天，村民610食物耗尽！
⚠️ 第46天，村民610缺水！
⚠️ 第46天，村民611食物耗尽！
⚠️ 第46天，村民611缺水！
⚠️ 第46天，村民612食物耗尽！
⚠️ 第46天，村民612缺水！
⚠️ 第46天，村民613食物耗尽！
⚠️ 第46天，村民613缺水！
⚠️ 第46天，村民614食物耗尽！
⚠️ 第46天，村民614缺水！
⚠️ 第46天，村民615食物耗尽！
⚠️ 第46天，村民615缺水！
⚠️ 第46天，村民616食物耗尽！
⚠️ 第46天，村民616缺水！
⚠️ 第46天，村民617食物耗尽！
⚠️ 第46天，村民617缺水！
⚠️ 第46天，村民618食物耗尽！
⚠️ 第46天，村民618缺水！
⚠️ 第46天，村民619食物耗尽！
⚠️ 第46天，村民619缺水！
⚠️ 第46天，村民620食物耗尽！
⚠️ 第46天，村民620缺水！
⚠️ 第46天，村民621食物耗尽！
⚠️ 第46天，村民621缺水！
⚠️ 第46天，村民622食物耗尽！
⚠️ 第46天，村民622缺水！
⚠️ 第46天，村民623食物耗尽！
⚠️ 第46天，村民623缺水！
⚠️ 第46天，村民624食物耗尽！
⚠️ 第46天，村民624缺水！
⚠️ 第46天，村民625食物耗尽！
⚠️ 第46天，村民625缺水！
⚠️ 第46天，村民626食物耗尽！
⚠️ 第46天，村民626缺水！
⚠️ 第46天，村民627食物耗尽！
⚠️ 第46天，村民627缺水！
⚠️ 第46天，村民628食物耗尽！
⚠️ 第46天，村民628缺水！
⚠️ 第46天，村民629食物耗尽！
⚠️ 第46天，村民629缺水！
⚠️ 第46天，村民630食物耗尽！
⚠️ 第46天，村民630缺水！
⚠️ 第46天，村民631食物耗尽！
⚠️ 第46天，村民631缺水！
⚠️ 第46天，村民632食物耗尽！
⚠️ 第46天，村民632缺水！
⚠️ 第46天，村民633食物耗尽！
⚠️ 第46天，村民633缺水！
⚠️ 第46天，村民634食物耗尽！
⚠️ 第46天，村民634缺水！
⚠️ 第46天，村民635食物耗尽！
⚠️ 第46天，村民635缺水！
⚠️ 第46天，村民636食物耗尽！
⚠️ 第46天，村民636缺水！
⚠️ 第46天，村民637食物耗尽！
⚠️ 第46天，村民637缺水！
⚠️ 第46天，村民638食物耗尽！
⚠️ 第46天，村民638缺水！
⚠️ 第46天，村民639食物耗尽！
⚠️ 第46天，村民639缺水！
⚠️ 第46天，村民640食物耗尽！
⚠️ 第46天，村民640缺水！
⚠️ 第46天，村民641食物耗尽！
⚠️ 第46天，村民641缺水！
⚠️ 第46天，村民642食物耗尽！
⚠️ 第46天，村民642缺水！
⚠️ 第46天，村民643食物耗尽！
⚠️ 第46天，村民643缺水！
⚠️ 第46天，村民644食物耗尽！
⚠️ 第46天，村民644缺水！
⚠️ 第46天，村民645食物耗尽！
⚠️ 第46天，村民645缺水！
⚠️ 第46天，村民646食物耗尽！
⚠️ 第46天，村民646缺水！
⚠️ 第46天，村民647食物耗尽！
⚠️ 第46天，村民647缺水！
⚠️ 第46天，村民648食物耗尽！
⚠️ 第46天，村民648缺水！
⚠️ 第46天，村民649食物耗尽！
⚠️ 第46天，村民649缺水！
⚠️ 第46天，村民650食物耗尽！
⚠️ 第46天，村民650缺水！
⚠️ 第46天，村民651食物耗尽！
⚠️ 第46天，村民651缺水！
⚠️ 第46天，村民652食物耗尽！
⚠️ 第46天，村民652缺水！
⚠️ 第46天，村民653食物耗尽！
⚠️ 第46天，村民653缺水！
⚠️ 第46天，村民654食物耗尽！
⚠️ 第46天，村民654缺水！
⚠️ 第46天，村民655食物耗尽！
⚠️ 第46天，村民655缺水！
⚠️ 第46天，村民656食物耗尽！
⚠️ 第46天，村民656缺水！
⚠️ 第46天，村民657食物耗尽！
⚠️ 第46天，村民657缺水！
⚠️ 第46天，村民658食物耗尽！
⚠️ 第46天，村民658缺水！
⚠️ 第46天，村民659食物耗尽！
⚠️ 第46天，村民659缺水！
⚠️ 第46天，村民660食物耗尽！
⚠️ 第46天，村民660缺水！
⚠️ 第46天，村民661食物耗尽！
⚠️ 第46天，村民661缺水！
⚠️ 第46天，村民662食物耗尽！
⚠️ 第46天，村民662缺水！
⚠️ 第46天，村民663食物耗尽！
⚠️ 第46天，村民663缺水！
⚠️ 第46天，村民664食物耗尽！
⚠️ 第46天，村民664缺水！
⚠️ 第46天，村民665食物耗尽！
⚠️ 第46天，村民665缺水！
⚠️ 第46天，村民666食物耗尽！
⚠️ 第46天，村民666缺水！
⚠️ 第46天，村民667食物耗尽！
⚠️ 第46天，村民667缺水！
⚠️ 第46天，村民668食物耗尽！
⚠️ 第46天，村民668缺水！
⚠️ 第46天，村民669食物耗尽！
⚠️ 第46天，村民669缺水！
⚠️ 第46天，村民670食物耗尽！
⚠️ 第46天，村民670缺水！
⚠️ 第46天，村民671食物耗尽！
⚠️ 第46天，村民671缺水！
⚠️ 第46天，村民672食物耗尽！
⚠️ 第46天，村民672缺水！
⚠️ 第46天，村民673食物耗尽！
⚠️ 第46天，村民673缺水！
⚠️ 第46天，村民674食物耗尽！
⚠️ 第46天，村民674缺水！
⚠️ 第46天，村民675食物耗尽！
⚠️ 第46天，村民675缺水！
⚠️ 第46天，村民676食物耗尽！
⚠️ 第46天，村民676缺水！
⚠️ 第46天，村民677食物耗尽！
⚠️ 第46天，村民677缺水！
⚠️ 第46天，村民678食物耗尽！
⚠️ 第46天，村民678缺水！
⚠️ 第46天，村民679食物耗尽！
⚠️ 第46天，村民679缺水！
⚠️ 第46天，村民680食物耗尽！
⚠️ 第46天，村民680缺水！
⚠️ 第46天，村民681食物耗尽！
⚠️ 第46天，村民681缺水！
⚠️ 第46天，村民682食物耗尽！
⚠️ 第46天，村民682缺水！
⚠️ 第46天，村民683食物耗尽！
⚠️ 第46天，村民683缺水！
⚠️ 第46天，村民684食物耗尽！
⚠️ 第46天，村民684缺水！
⚠️ 第46天，村民685食物耗尽！
⚠️ 第46天，村民685缺水！
⚠️ 第46天，村民686食物耗尽！
⚠️ 第46天，村民686缺水！
⚠️ 第46天，村民687食物耗尽！
⚠️ 第46天，村民687缺水！
⚠️ 第46天，村民688食物耗尽！
⚠️ 第46天，村民688缺水！
⚠️ 第46天，村民689食物耗尽！
⚠️ 第46天，村民689缺水！
⚠️ 第46天，村民690食物耗尽！
⚠️ 第46天，村民690缺水！
⚠️ 第46天，村民691食物耗尽！
⚠️ 第46天，村民691缺水！
⚠️ 第46天，村民692食物耗尽！
⚠️ 第46天，村民692缺水！
⚠️ 第46天，村民693食物耗尽！
⚠️ 第46天，村民693缺水！
⚠️ 第46天，村民694食物耗尽！
⚠️ 第46天，村民694缺水！
⚠️ 第46天，村民695食物耗尽！
⚠️ 第46天，村民695缺水！
⚠️ 第46天，村民696食物耗尽！
⚠️ 第46天，村民696缺水！
⚠️ 第46天，村民697食物耗尽！
⚠️ 第46天，村民697缺水！
⚠️ 第46天，村民698食物耗尽！
⚠️ 第46天，村民698缺水！
⚠️ 第46天，村民699食物耗尽！
⚠️ 第46天，村民699缺水！
⚠️ 第46天，村民700食物耗尽！
⚠️ 第46天，村民700缺水！
⚠️ 第46天，村民701食物耗尽！
⚠️ 第46天，村民701缺水！
⚠️ 第46天，村民702食物耗尽！
⚠️ 第46天，村民702缺水！
⚠️ 第46天，村民703食物耗尽！
⚠️ 第46天，村民703缺水！
⚠️ 第46天，村民704食物耗尽！
⚠️ 第46天，村民704缺水！
⚠️ 第46天，村民705食物耗尽！
⚠️ 第46天，村民705缺水！
⚠️ 第46天，村民706食物耗尽！
⚠️ 第46天，村民706缺水！
⚠️ 第46天，村民707食物耗尽！
⚠️ 第46天，村民707缺水！
⚠️ 第46天，村民708食物耗尽！
⚠️ 第46天，村民708缺水！
⚠️ 第46天，村民709食物耗尽！
⚠️ 第46天，村民709缺水！
⚠️ 第46天，村民710食物耗尽！
⚠️ 第46天，村民710缺水！
⚠️ 第46天，村民711食物耗尽！
⚠️ 第46天，村民711缺水！
⚠️ 第46天，村民712食物耗尽！
⚠️ 第46天，村民712缺水！
⚠️ 第46天，村民713食物耗尽！
⚠️ 第46天，村民713缺水！
⚠️ 第46天，村民714食物耗尽！
⚠️ 第46天，村民714缺水！
⚠️ 第46天，村民715食物耗尽！
⚠️ 第46天，村民715缺水！
⚠️ 第46天，村民716食物耗尽！
⚠️ 第46天，村民716缺水！
⚠️ 第46天，村民717食物耗尽！
⚠️ 第46天，村民717缺水！
⚠️ 第46天，村民718食物耗尽！
⚠️ 第46天，村民718缺水！
⚠️ 第46天，村民719食物耗尽！
⚠️ 第46天，村民719缺水！
⚠️ 第46天，村民720食物耗尽！
⚠️ 第46天，村民720缺水！
⚠️ 第46天，村民721食物耗尽！
⚠️ 第46天，村民721缺水！
⚠️ 第46天，村民722食物耗尽！
⚠️ 第46天，村民722缺水！
⚠️ 第46天，村民723食物耗尽！
⚠️ 第46天，村民723缺水！
⚠️ 第46天，村民724食物耗尽！
⚠️ 第46天，村民724缺水！
⚠️ 第46天，村民725食物耗尽！
⚠️ 第46天，村民725缺水！
⚠️ 第46天，村民726食物耗尽！
⚠️ 第46天，村民726缺水！
⚠️ 第46天，村民727食物耗尽！
⚠️ 第46天，村民727缺水！
⚠️ 第46天，村民728食物耗尽！
⚠️ 第46天，村民728缺水！
⚠️ 第46天，村民729食物耗尽！
⚠️ 第46天，村民729缺水！
⚠️ 第46天，村民730食物耗尽！
⚠️ 第46天，村民730缺水！
⚠️ 第46天，村民731食物耗尽！
⚠️ 第46天，村民731缺水！
⚠️ 第46天，村民732食物耗尽！
⚠️ 第46天，村民732缺水！
⚠️ 第46天，村民733食物耗尽！
⚠️ 第46天，村民733缺水！
⚠️ 第46天，村民734食物耗尽！
⚠️ 第46天，村民734缺水！
⚠️ 第46天，村民735食物耗尽！
⚠️ 第46天，村民735缺水！
⚠️ 第46天，村民736食物耗尽！
⚠️ 第46天，村民736缺水！
⚠️ 第46天，村民737食物耗尽！
⚠️ 第46天，村民737缺水！
⚠️ 第46天，村民738食物耗尽！
⚠️ 第46天，村民738缺水！
⚠️ 第46天，村民739食物耗尽！
⚠️ 第46天，村民739缺水！
⚠️ 第46天，村民740食物耗尽！
⚠️ 第46天，村民740缺水！
⚠️ 第46天，村民741食物耗尽！
⚠️ 第46天，村民741缺水！
⚠️ 第46天，村民742食物耗尽！
⚠️ 第46天，村民742缺水！
⚠️ 第46天，村民743食物耗尽！
⚠️ 第46天，村民743缺水！
⚠️ 第46天，村民744食物耗尽！
⚠️ 第46天，村民744缺水！
⚠️ 第46天，村民745食物耗尽！
⚠️ 第46天，村民745缺水！
⚠️ 第46天，村民746食物耗尽！
⚠️ 第46天，村民746缺水！
⚠️ 第46天，村民747食物耗尽！
⚠️ 第46天，村民747缺水！
⚠️ 第46天，村民748食物耗尽！
⚠️ 第46天，村民748缺水！
⚠️ 第46天，村民749食物耗尽！
⚠️ 第46天，村民749缺水！
⚠️ 第46天，村民750食物耗尽！
⚠️ 第46天，村民750缺水！
⚠️ 第46天，村民751食物耗尽！
⚠️ 第46天，村民751缺水！
⚠️ 第46天，村民752食物耗尽！
⚠️ 第46天，村民752缺水！
⚠️ 第46天，村民753食物耗尽！
⚠️ 第46天，村民753缺水！
⚠️ 第46天，村民754食物耗尽！
⚠️ 第46天，村民754缺水！
⚠️ 第46天，村民755食物耗尽！
⚠️ 第46天，村民755缺水！
⚠️ 第46天，村民756食物耗尽！
⚠️ 第46天，村民756缺水！
⚠️ 第46天，村民757食物耗尽！
⚠️ 第46天，村民757缺水！
⚠️ 第46天，村民758食物耗尽！
⚠️ 第46天，村民758缺水！
⚠️ 第46天，村民759食物耗尽！
⚠️ 第46天，村民759缺水！
⚠️ 第46天，村民760食物耗尽！
⚠️ 第46天，村民760缺水！
⚠️ 第46天，村民761食物耗尽！
⚠️ 第46天，村民761缺水！
⚠️ 第46天，村民762食物耗尽！
⚠️ 第46天，村民762缺水！
⚠️ 第46天，村民763食物耗尽！
⚠️ 第46天，村民763缺水！
⚠️ 第46天，村民764食物耗尽！
⚠️ 第46天，村民764缺水！
⚠️ 第46天，村民765食物耗尽！
⚠️ 第46天，村民765缺水！
⚠️ 第46天，村民766食物耗尽！
⚠️ 第46天，村民766缺水！
⚠️ 第46天，村民767食物耗尽！
⚠️ 第46天，村民767缺水！
⚠️ 第46天，村民768食物耗尽！
⚠️ 第46天，村民768缺水！
⚠️ 第46天，村民769食物耗尽！
⚠️ 第46天，村民769缺水！
⚠️ 第46天，村民770食物耗尽！
⚠️ 第46天，村民770缺水！
⚠️ 第46天，村民771食物耗尽！
⚠️ 第46天，村民771缺水！
⚠️ 第46天，村民772食物耗尽！
⚠️ 第46天，村民772缺水！
⚠️ 第46天，村民773食物耗尽！
⚠️ 第46天，村民773缺水！
⚠️ 第46天，村民774食物耗尽！
⚠️ 第46天，村民774缺水！
⚠️ 第46天，村民775食物耗尽！
⚠️ 第46天，村民775缺水！
⚠️ 第46天，村民776食物耗尽！
⚠️ 第46天，村民776缺水！
⚠️ 第46天，村民777食物耗尽！
⚠️ 第46天，村民777缺水！
⚠️ 第46天，村民778食物耗尽！
⚠️ 第46天，村民778缺水！
⚠️ 第46天，村民779食物耗尽！
⚠️ 第46天，村民779缺水！
⚠️ 第46天，村民780食物耗尽！
⚠️ 第46天，村民780缺水！
⚠️ 第46天，村民781食物耗尽！
⚠️ 第46天，村民781缺水！
⚠️ 第46天，村民782食物耗尽！
⚠️ 第46天，村民782缺水！
⚠️ 第46天，村民783食物耗尽！
⚠️ 第46天，村民783缺水！
⚠️ 第46天，村民784食物耗尽！
⚠️ 第46天，村民784缺水！
⚠️ 第46天，村民785食物耗尽！
⚠️ 第46天，村民785缺水！
⚠️ 第46天，村民786食物耗尽！
⚠️ 第46天，村民786缺水！
⚠️ 第46天，村民787食物耗尽！
⚠️ 第46天，村民787缺水！
⚠️ 第46天，村民788食物耗尽！
⚠️ 第46天，村民788缺水！
⚠️ 第46天，村民789食物耗尽！
⚠️ 第46天，村民789缺水！
⚠️ 第46天，村民790食物耗尽！
⚠️ 第46天，村民790缺水！
⚠️ 第46天，村民791食物耗尽！
⚠️ 第46天，村民791缺水！
⚠️ 第46天，村民792食物耗尽！
⚠️ 第46天，村民792缺水！
⚠️ 第46天，村民793食物耗尽！
⚠️ 第46天，村民793缺水！
⚠️ 第46天，村民794食物耗尽！
⚠️ 第46天，村民794缺水！
⚠️ 第46天，村民795食物耗尽！
⚠️ 第46天，村民795缺水！
⚠️ 第46天，村民796食物耗尽！
⚠️ 第46天，村民796缺水！
⚠️ 第46天，村民797食物耗尽！
⚠️ 第46天，村民797缺水！
⚠️ 第46天，村民798食物耗尽！
⚠️ 第46天，村民798缺水！
⚠️ 第46天，村民799食物耗尽！
⚠️ 第46天，村民799缺水！
⚠️ 第46天，村民800食物耗尽！
⚠️ 第46天，村民800缺水！
⚠️ 第46天，村民801食物耗尽！
⚠️ 第46天，村民801缺水！
⚠️ 第46天，村民802食物耗尽！
⚠️ 第46天，村民802缺水！
⚠️ 第46天，村民803食物耗尽！
⚠️ 第46天，村民803缺水！
⚠️ 第46天，村民804食物耗尽！
⚠️ 第46天，村民804缺水！
⚠️ 第46天，村民805食物耗尽！
⚠️ 第46天，村民805缺水！
⚠️ 第46天，村民806食物耗尽！
⚠️ 第46天，村民806缺水！
⚠️ 第46天，村民807食物耗尽！
⚠️ 第46天，村民807缺水！
⚠️ 第46天，村民808食物耗尽！
⚠️ 第46天，村民808缺水！
⚠️ 第46天，村民809食物耗尽！
⚠️ 第46天，村民809缺水！
⚠️ 第46天，村民810食物耗尽！
⚠️ 第46天，村民810缺水！
⚠️ 第46天，村民811食物耗尽！
⚠️ 第46天，村民811缺水！
⚠️ 第46天，村民812食物耗尽！
⚠️ 第46天，村民812缺水！
⚠️ 第46天，村民813食物耗尽！
⚠️ 第46天，村民813缺水！
⚠️ 第46天，村民814食物耗尽！
⚠️ 第46天，村民814缺水！
⚠️ 第46天，村民815食物耗尽！
⚠️ 第46天，村民815缺水！
⚠️ 第46天，村民816食物耗尽！
⚠️ 第46天，村民816缺水！
⚠️ 第46天，村民817食物耗尽！
⚠️ 第46天，村民817缺水！
⚠️ 第46天，村民818食物耗尽！
⚠️ 第46天，村民818缺水！
⚠️ 第46天，村民819食物耗尽！
⚠️ 第46天，村民819缺水！
⚠️ 第46天，村民820食物耗尽！
⚠️ 第46天，村民820缺水！
⚠️ 第46天，村民821食物耗尽！
⚠️ 第46天，村民821缺水！
⚠️ 第46天，村民822食物耗尽！
⚠️ 第46天，村民822缺水！
⚠️ 第46天，村民823食物耗尽！
⚠️ 第46天，村民823缺水！
⚠️ 第46天，村民824食物耗尽！
⚠️ 第46天，村民824缺水！
⚠️ 第46天，村民825食物耗尽！
⚠️ 第46天，村民825缺水！
⚠️ 第46天，村民826食物耗尽！
⚠️ 第46天，村民826缺水！
⚠️ 第46天，村民827食物耗尽！
⚠️ 第46天，村民827缺水！
⚠️ 第46天，村民828食物耗尽！
⚠️ 第46天，村民828缺水！
⚠️ 第46天，村民829食物耗尽！
⚠️ 第46天，村民829缺水！
⚠️ 第46天，村民830食物耗尽！
⚠️ 第46天，村民830缺水！
⚠️ 第46天，村民831食物耗尽！
⚠️ 第46天，村民831缺水！
⚠️ 第46天，村民832食物耗尽！
⚠️ 第46天，村民832缺水！
⚠️ 第46天，村民833食物耗尽！
⚠️ 第46天，村民833缺水！
⚠️ 第46天，村民834食物耗尽！
⚠️ 第46天，村民834缺水！
⚠️ 第46天，村民835食物耗尽！
⚠️ 第46天，村民835缺水！
⚠️ 第46天，村民836食物耗尽！
⚠️ 第46天，村民836缺水！
⚠️ 第46天，村民837食物耗尽！
⚠️ 第46天，村民837缺水！
⚠️ 第46天，村民838食物耗尽！
⚠️ 第46天，村民838缺水！
⚠️ 第46天，村民839食物耗尽！
⚠️ 第46天，村民839缺水！
⚠️ 第46天，村民840食物耗尽！
⚠️ 第46天，村民840缺水！
⚠️ 第46天，村民841食物耗尽！
⚠️ 第46天，村民841缺水！
⚠️ 第46天，村民842食物耗尽！
⚠️ 第46天，村民842缺水！
⚠️ 第46天，村民843食物耗尽！
⚠️ 第46天，村民843缺水！
⚠️ 第46天，村民844食物耗尽！
⚠️ 第46天，村民844缺水！
⚠️ 第46天，村民845食物耗尽！
⚠️ 第46天，村民845缺水！
⚠️ 第46天，村民846食物耗尽！
⚠️ 第46天，村民846缺水！
⚠️ 第46天，村民847食物耗尽！
⚠️ 第46天，村民847缺水！
⚠️ 第46天，村民848食物耗尽！
⚠️ 第46天，村民848缺水！
⚠️ 第46天，村民849食物耗尽！
⚠️ 第46天，村民849缺水！
⚠️ 第46天，村民850食物耗尽！
⚠️ 第46天，村民850缺水！
⚠️ 第46天，村民851食物耗尽！
⚠️ 第46天，村民851缺水！
⚠️ 第46天，村民852食物耗尽！
⚠️ 第46天，村民852缺水！
⚠️ 第46天，村民853食物耗尽！
⚠️ 第46天，村民853缺水！
⚠️ 第46天，村民854食物耗尽！
⚠️ 第46天，村民854缺水！
⚠️ 第46天，村民855食物耗尽！
⚠️ 第46天，村民855缺水！
⚠️ 第46天，村民856食物耗尽！
⚠️ 第46天，村民856缺水！
⚠️ 第46天，村民857食物耗尽！
⚠️ 第46天，村民857缺水！
⚠️ 第46天，村民858食物耗尽！
⚠️ 第46天，村民858缺水！
⚠️ 第46天，村民859食物耗尽！
⚠️ 第46天，村民859缺水！
⚠️ 第46天，村民860食物耗尽！
⚠️ 第46天，村民860缺水！
⚠️ 第46天，村民861食物耗尽！
⚠️ 第46天，村民861缺水！
⚠️ 第46天，村民862食物耗尽！
⚠️ 第46天，村民862缺水！
⚠️ 第46天，村民863食物耗尽！
⚠️ 第46天，村民863缺水！
⚠️ 第46天，村民864食物耗尽！
⚠️ 第46天，村民864缺水！
⚠️ 第46天，村民865食物耗尽！
⚠️ 第46天，村民865缺水！
⚠️ 第46天，村民866食物耗尽！
⚠️ 第46天，村民866缺水！
⚠️ 第46天，村民867食物耗尽！
⚠️ 第46天，村民867缺水！
⚠️ 第46天，村民868食物耗尽！
⚠️ 第46天，村民868缺水！
⚠️ 第46天，村民869食物耗尽！
⚠️ 第46天，村民869缺水！
⚠️ 第46天，村民870食物耗尽！
⚠️ 第46天，村民870缺水！
⚠️ 第46天，村民871食物耗尽！
⚠️ 第46天，村民871缺水！
⚠️ 第46天，村民872食物耗尽！
⚠️ 第46天，村民872缺水！
⚠️ 第46天，村民873食物耗尽！
⚠️ 第46天，村民873缺水！
⚠️ 第46天，村民874食物耗尽！
⚠️ 第46天，村民874缺水！
⚠️ 第46天，村民875食物耗尽！
⚠️ 第46天，村民875缺水！
⚠️ 第46天，村民876食物耗尽！
⚠️ 第46天，村民876缺水！
⚠️ 第46天，村民877食物耗尽！
⚠️ 第46天，村民877缺水！
⚠️ 第46天，村民878食物耗尽！
⚠️ 第46天，村民878缺水！
⚠️ 第46天，村民879食物耗尽！
⚠️ 第46天，村民879缺水！
⚠️ 第46天，村民880食物耗尽！
⚠️ 第46天，村民880缺水！
⚠️ 第46天，村民881食物耗尽！
⚠️ 第46天，村民881缺水！
⚠️ 第46天，村民882食物耗尽！
⚠️ 第46天，村民882缺水！
⚠️ 第46天，村民883食物耗尽！
⚠️ 第46天，村民883缺水！
⚠️ 第46天，村民884食物耗尽！
⚠️ 第46天，村民884缺水！
⚠️ 第46天，村民885食物耗尽！
⚠️ 第46天，村民885缺水！
⚠️ 第46天，村民886食物耗尽！
⚠️ 第46天，村民886缺水！
⚠️ 第46天，村民887食物耗尽！
⚠️ 第46天，村民887缺水！
⚠️ 第46天，村民888食物耗尽！
⚠️ 第46天，村民888缺水！
⚠️ 第46天，村民889食物耗尽！
⚠️ 第46天，村民889缺水！
⚠️ 第46天，村民890食物耗尽！
⚠️ 第46天，村民890缺水！
⚠️ 第46天，村民891食物耗尽！
⚠️ 第46天，村民891缺水！
⚠️ 第46天，村民892食物耗尽！
⚠️ 第46天，村民892缺水！
⚠️ 第46天，村民893食物耗尽！
⚠️ 第46天，村民893缺水！
⚠️ 第46天，村民894食物耗尽！
⚠️ 第46天，村民894缺水！
⚠️ 第46天，村民895食物耗尽！
⚠️ 第46天，村民895缺水！
⚠️ 第46天，村民896食物耗尽！
⚠️ 第46天，村民896缺水！
⚠️ 第46天，村民897食物耗尽！
⚠️ 第46天，村民897缺水！
⚠️ 第46天，村民898食物耗尽！
⚠️ 第46天，村民898缺水！
⚠️ 第46天，村民899食物耗尽！
⚠️ 第46天，村民899缺水！
⚠️ 第46天，村民900食物耗尽！
⚠️ 第46天，村民900缺水！
⚠️ 第46天，村民901食物耗尽！
⚠️ 第46天，村民901缺水！
⚠️ 第46天，村民902食物耗尽！
⚠️ 第46天，村民902缺水！
⚠️ 第46天，村民903食物耗尽！
⚠️ 第46天，村民903缺水！
⚠️ 第46天，村民904食物耗尽！
⚠️ 第46天，村民904缺水！
⚠️ 第46天，村民905食物耗尽！
⚠️ 第46天，村民905缺水！
⚠️ 第46天，村民906食物耗尽！
⚠️ 第46天，村民906缺水！
⚠️ 第46天，村民907食物耗尽！
⚠️ 第46天，村民907缺水！
⚠️ 第46天，村民908食物耗尽！
⚠️ 第46天，村民908缺水！
⚠️ 第46天，村民909食物耗尽！
⚠️ 第46天，村民909缺水！
⚠️ 第46天，村民910食物耗尽！
⚠️ 第46天，村民910缺水！
⚠️ 第46天，村民911食物耗尽！
⚠️ 第46天，村民911缺水！
⚠️ 第46天，村民912食物耗尽！
⚠️ 第46天，村民912缺水！
⚠️ 第46天，村民913食物耗尽！
⚠️ 第46天，村民913缺水！
⚠️ 第46天，村民914食物耗尽！
⚠️ 第46天，村民914缺水！
⚠️ 第46天，村民915食物耗尽！
⚠️ 第46天，村民915缺水！
⚠️ 第46天，村民916食物耗尽！
⚠️ 第46天，村民916缺水！
⚠️ 第46天，村民917食物耗尽！
⚠️ 第46天，村民917缺水！
⚠️ 第46天，村民918食物耗尽！
⚠️ 第46天，村民918缺水！
⚠️ 第46天，村民919食物耗尽！
⚠️ 第46天，村民919缺水！
⚠️ 第46天，村民920食物耗尽！
⚠️ 第46天，村民920缺水！
⚠️ 第46天，村民921食物耗尽！
⚠️ 第46天，村民921缺水！
⚠️ 第46天，村民922食物耗尽！
⚠️ 第46天，村民922缺水！
⚠️ 第46天，村民923食物耗尽！
⚠️ 第46天，村民923缺水！
⚠️ 第46天，村民924食物耗尽！
⚠️ 第46天，村民924缺水！
⚠️ 第46天，村民925食物耗尽！
⚠️ 第46天，村民925缺水！
⚠️ 第46天，村民926食物耗尽！
⚠️ 第46天，村民926缺水！
⚠️ 第46天，村民927食物耗尽！
⚠️ 第46天，村民927缺水！
⚠️ 第46天，村民928食物耗尽！
⚠️ 第46天，村民928缺水！
⚠️ 第46天，村民929食物耗尽！
⚠️ 第46天，村民929缺水！
⚠️ 第46天，村民930食物耗尽！
⚠️ 第46天，村民930缺水！
⚠️ 第46天，村民931食物耗尽！
⚠️ 第46天，村民931缺水！
⚠️ 第46天，村民932食物耗尽！
⚠️ 第46天，村民932缺水！
⚠️ 第46天，村民933食物耗尽！
⚠️ 第46天，村民933缺水！
⚠️ 第46天，村民934食物耗尽！
⚠️ 第46天，村民934缺水！
⚠️ 第46天，村民935食物耗尽！
⚠️ 第46天，村民935缺水！
⚠️ 第46天，村民936食物耗尽！
⚠️ 第46天，村民936缺水！
⚠️ 第46天，村民937食物耗尽！
⚠️ 第46天，村民937缺水！
⚠️ 第46天，村民938食物耗尽！
⚠️ 第46天，村民938缺水！
⚠️ 第46天，村民939食物耗尽！
⚠️ 第46天，村民939缺水！
⚠️ 第46天，村民940食物耗尽！
⚠️ 第46天，村民940缺水！
⚠️ 第46天，村民941食物耗尽！
⚠️ 第46天，村民941缺水！
⚠️ 第46天，村民942食物耗尽！
⚠️ 第46天，村民942缺水！
⚠️ 第46天，村民943食物耗尽！
⚠️ 第46天，村民943缺水！
⚠️ 第46天，村民944食物耗尽！
⚠️ 第46天，村民944缺水！
⚠️ 第46天，村民945食物耗尽！
⚠️ 第46天，村民945缺水！
⚠️ 第46天，村民946食物耗尽！
⚠️ 第46天，村民946缺水！
⚠️ 第46天，村民947食物耗尽！
⚠️ 第46天，村民947缺水！
⚠️ 第46天，村民948食物耗尽！
⚠️ 第46天，村民948缺水！
⚠️ 第46天，村民949食物耗尽！
⚠️ 第46天，村民949缺水！
⚠️ 第46天，村民950食物耗尽！
⚠️ 第46天，村民950缺水！
⚠️ 第46天，村民951食物耗尽！
⚠️ 第46天，村民951缺水！
⚠️ 第46天，村民952食物耗尽！
⚠️ 第46天，村民952缺水！
⚠️ 第46天，村民953食物耗尽！
⚠️ 第46天，村民953缺水！
⚠️ 第46天，村民954食物耗尽！
⚠️ 第46天，村民954缺水！
⚠️ 第46天，村民955食物耗尽！
⚠️ 第46天，村民955缺水！
⚠️ 第46天，村民956食物耗尽！
⚠️ 第46天，村民956缺水！
⚠️ 第46天，村民957食物耗尽！
⚠️ 第46天，村民957缺水！
⚠️ 第46天，村民958食物耗尽！
⚠️ 第46天，村民958缺水！
⚠️ 第46天，村民959食物耗尽！
⚠️ 第46天，村民959缺水！
⚠️ 第46天，村民960食物耗尽！
⚠️ 第46天，村民960缺水！
⚠️ 第46天，村民961食物耗尽！
⚠️ 第46天，村民961缺水！
⚠️ 第46天，村民962食物耗尽！
⚠️ 第46天，村民962缺水！
⚠️ 第46天，村民963食物耗尽！
⚠️ 第46天，村民963缺水！
⚠️ 第46天，村民964食物耗尽！
⚠️ 第46天，村民964缺水！
⚠️ 第46天，村民965食物耗尽！
⚠️ 第46天，村民965缺水！
⚠️ 第46天，村民966食物耗尽！
⚠️ 第46天，村民966缺水！
⚠️ 第46天，村民967食物耗尽！
⚠️ 第46天，村民967缺水！
⚠️ 第46天，村民968食物耗尽！
⚠️ 第46天，村民968缺水！
⚠️ 第46天，村民969食物耗尽！
⚠️ 第46天，村民969缺水！
⚠️ 第46天，村民970食物耗尽！
⚠️ 第46天，村民970缺水！
⚠️ 第46天，村民971食物耗尽！
⚠️ 第46天，村民971缺水！
⚠️ 第46天，村民972食物耗尽！
⚠️ 第46天，村民972缺水！
⚠️ 第46天，村民973食物耗尽！
⚠️ 第46天，村民973缺水！
⚠️ 第46天，村民974食物耗尽！
⚠️ 第46天，村民974缺水！
⚠️ 第46天，村民975食物耗尽！
⚠️ 第46天，村民975缺水！
⚠️ 第46天，村民976食物耗尽！
⚠️ 第46天，村民976缺水！
⚠️ 第46天，村民977食物耗尽！
⚠️ 第46天，村民977缺水！
⚠️ 第46天，村民978食物耗尽！
⚠️ 第46天，村民978缺水！
⚠️ 第46天，村民979食物耗尽！
⚠️ 第46天，村民979缺水！
⚠️ 第46天，村民980食物耗尽！
⚠️ 第46天，村民980缺水！
⚠️ 第46天，村民981食物耗尽！
⚠️ 第46天，村民981缺水！
⚠️ 第46天，村民982食物耗尽！
⚠️ 第46天，村民982缺水！
⚠️ 第46天，村民983食物耗尽！
⚠️ 第46天，村民983缺水！
⚠️ 第46天，村民984食物耗尽！
⚠️ 第46天，村民984缺水！
⚠️ 第46天，村民985食物耗尽！
⚠️ 第46天，村民985缺水！
⚠️ 第46天，村民986食物耗尽！
⚠️ 第46天，村民986缺水！
⚠️ 第46天，村民987食物耗尽！
⚠️ 第46天，村民987缺水！
⚠️ 第46天，村民988食物耗尽！
⚠️ 第46天，村民988缺水！
⚠️ 第46天，村民989食物耗尽！
⚠️ 第46天，村民989缺水！
⚠️ 第46天，村民990食物耗尽！
⚠️ 第46天，村民990缺水！
⚠️ 第46天，村民991食物耗尽！
⚠️ 第46天，村民991缺水！
⚠️ 第46天，村民992食物耗尽！
⚠️ 第46天，村民992缺水！
⚠️ 第46天，村民993食物耗尽！
⚠️ 第46天，村民993缺水！
⚠️ 第46天，村民994食物耗尽！
⚠️ 第46天，村民994缺水！
⚠️ 第46天，村民995食物耗尽！
⚠️ 第46天，村民995缺水！
⚠️ 第46天，村民996食物耗尽！
⚠️ 第46天，村民996缺水！
⚠️ 第46天，村民997食物耗尽！
⚠️ 第46天，村民997缺水！
⚠️ 第46天，村民998食物耗尽！
⚠️ 第46天，村民998缺水！
⚠️ 第46天，村民999食物耗尽！
⚠️ 第46天，村民999缺水！
⚠️ 第46天，村民1000食物耗尽！
⚠️ 第46天，村民1000缺水！
⚠️ 第46天，村民1001食物耗尽！
⚠️ 第46天，村民1001缺水！
⚠️ 第46天，村民1002食物耗尽！
⚠️ 第46天，村民1002缺水！
⚠️ 第46天，村民1003食物耗尽！
⚠️ 第46天，村民1003缺水！
⚠️ 第46天，村民1004食物耗尽！
⚠️ 第46天，村民1004缺水！
⚠️ 第46天，村民1005食物耗尽！
⚠️ 第46天，村民1005缺水！
⚠️ 第46天，村民1006食物耗尽！
⚠️ 第46天，村民1006缺水！
⚠️ 第46天，村民1007食物耗尽！
⚠️ 第46天，村民1007缺水！
⚠️ 第46天，村民1008食物耗尽！
⚠️ 第46天，村民1008缺水！
⚠️ 第46天，村民1009食物耗尽！
⚠️ 第46天，村民1009缺水！
⚠️ 第46天，村民1010食物耗尽！
⚠️ 第46天，村民1010缺水！
⚠️ 第46天，村民1011食物耗尽！
⚠️ 第46天，村民1011缺水！
⚠️ 第46天，村民1012食物耗尽！
⚠️ 第46天，村民1012缺水！
⚠️ 第46天，村民1013食物耗尽！
⚠️ 第46天，村民1013缺水！
⚠️ 第46天，村民1014食物耗尽！
⚠️ 第46天，村民1014缺水！
⚠️ 第46天，村民1015食物耗尽！
⚠️ 第46天，村民1015缺水！
⚠️ 第46天，村民1016食物耗尽！
⚠️ 第46天，村民1016缺水！
⚠️ 第46天，村民1017食物耗尽！
⚠️ 第46天，村民1017缺水！
⚠️ 第46天，村民1018食物耗尽！
⚠️ 第46天，村民1018缺水！
⚠️ 第46天，村民1019食物耗尽！
⚠️ 第46天，村民1019缺水！
⚠️ 第46天，村民1020食物耗尽！
⚠️ 第46天，村民1020缺水！
⚠️ 第46天，村民1021食物耗尽！
⚠️ 第46天，村民1021缺水！
⚠️ 第46天，村民1022食物耗尽！
⚠️ 第46天，村民1022缺水！
⚠️ 第46天，村民1023食物耗尽！
⚠️ 第46天，村民1023缺水！
⚠️ 第46天，村民1024食物耗尽！
⚠️ 第46天，村民1024缺水！
⚠️ 第46天，村民1025食物耗尽！
⚠️ 第46天，村民1025缺水！
⚠️ 第46天，村民1026食物耗尽！
⚠️ 第46天，村民1026缺水！
⚠️ 第46天，村民1027食物耗尽！
⚠️ 第46天，村民1027缺水！
⚠️ 第46天，村民1028食物耗尽！
⚠️ 第46天，村民1028缺水！
⚠️ 第46天，村民1029食物耗尽！
⚠️ 第46天，村民1029缺水！
⚠️ 第46天，村民1030食物耗尽！
⚠️ 第46天，村民1030缺水！
⚠️ 第46天，村民1031食物耗尽！
⚠️ 第46天，村民1031缺水！
⚠️ 第46天，村民1032食物耗尽！
⚠️ 第46天，村民1032缺水！
⚠️ 第46天，村民1033食物耗尽！
⚠️ 第46天，村民1033缺水！
⚠️ 第46天，村民1034食物耗尽！
⚠️ 第46天，村民1034缺水！
⚠️ 第46天，村民1035食物耗尽！
⚠️ 第46天，村民1035缺水！
⚠️ 第46天，村民1036食物耗尽！
⚠️ 第46天，村民1036缺水！
⚠️ 第46天，村民1037食物耗尽！
⚠️ 第46天，村民1037缺水！
⚠️ 第46天，村民1038食物耗尽！
⚠️ 第46天，村民1038缺水！
⚠️ 第46天，村民1039食物耗尽！
⚠️ 第46天，村民1039缺水！
⚠️ 第46天，村民1040食物耗尽！
⚠️ 第46天，村民1040缺水！
⚠️ 第46天，村民1041食物耗尽！
⚠️ 第46天，村民1041缺水！
⚠️ 第46天，村民1042食物耗尽！
⚠️ 第46天，村民1042缺水！
⚠️ 第46天，村民1043食物耗尽！
⚠️ 第46天，村民1043缺水！
⚠️ 第46天，村民1044食物耗尽！
⚠️ 第46天，村民1044缺水！
⚠️ 第46天，村民1045食物耗尽！
⚠️ 第46天，村民1045缺水！
⚠️ 第46天，村民1046食物耗尽！
⚠️ 第46天，村民1046缺水！
⚠️ 第46天，村民1047食物耗尽！
⚠️ 第46天，村民1047缺水！
⚠️ 第46天，村民1048食物耗尽！
⚠️ 第46天，村民1048缺水！
⚠️ 第46天，村民1049食物耗尽！
⚠️ 第46天，村民1049缺水！
⚠️ 第46天，村民1050食物耗尽！
⚠️ 第46天，村民1050缺水！
⚠️ 第46天，村民1051食物耗尽！
⚠️ 第46天，村民1051缺水！
⚠️ 第46天，村民1052食物耗尽！
⚠️ 第46天，村民1052缺水！
⚠️ 第46天，村民1053食物耗尽！
⚠️ 第46天，村民1053缺水！
⚠️ 第46天，村民1054食物耗尽！
⚠️ 第46天，村民1054缺水！
⚠️ 第46天，村民1055食物耗尽！
⚠️ 第46天，村民1055缺水！
⚠️ 第46天，村民1056食物耗尽！
⚠️ 第46天，村民1056缺水！
⚠️ 第46天，村民1057食物耗尽！
⚠️ 第46天，村民1057缺水！
⚠️ 第46天，村民1058食物耗尽！
⚠️ 第46天，村民1058缺水！
⚠️ 第46天，村民1059食物耗尽！
⚠️ 第46天，村民1059缺水！
⚠️ 第46天，村民1060食物耗尽！
⚠️ 第46天，村民1060缺水！
⚠️ 第46天，村民1061食物耗尽！
⚠️ 第46天，村民1061缺水！
⚠️ 第46天，村民1062食物耗尽！
⚠️ 第46天，村民1062缺水！
⚠️ 第46天，村民1063食物耗尽！
⚠️ 第46天，村民1063缺水！
⚠️ 第46天，村民1064食物耗尽！
⚠️ 第46天，村民1064缺水！
⚠️ 第46天，村民1065食物耗尽！
⚠️ 第46天，村民1065缺水！
⚠️ 第46天，村民1066食物耗尽！
⚠️ 第46天，村民1066缺水！
⚠️ 第46天，村民1067食物耗尽！
⚠️ 第46天，村民1067缺水！
⚠️ 第46天，村民1068食物耗尽！
⚠️ 第46天，村民1068缺水！
⚠️ 第46天，村民1069食物耗尽！
⚠️ 第46天，村民1069缺水！
⚠️ 第46天，村民1070食物耗尽！
⚠️ 第46天，村民1070缺水！
⚠️ 第46天，村民1071食物耗尽！
⚠️ 第46天，村民1071缺水！
⚠️ 第46天，村民1072食物耗尽！
⚠️ 第46天，村民1072缺水！
⚠️ 第46天，村民1073食物耗尽！
⚠️ 第46天，村民1073缺水！
⚠️ 第46天，村民1074食物耗尽！
⚠️ 第46天，村民1074缺水！
⚠️ 第46天，村民1075食物耗尽！
⚠️ 第46天，村民1075缺水！
⚠️ 第46天，村民1076食物耗尽！
⚠️ 第46天，村民1076缺水！
⚠️ 第46天，村民1077食物耗尽！
⚠️ 第46天，村民1077缺水！
⚠️ 第46天，村民1078食物耗尽！
⚠️ 第46天，村民1078缺水！
⚠️ 第46天，村民1079食物耗尽！
⚠️ 第46天，村民1079缺水！
⚠️ 第46天，村民1080食物耗尽！
⚠️ 第46天，村民1080缺水！
⚠️ 第46天，村民1081食物耗尽！
⚠️ 第46天，村民1081缺水！
⚠️ 第46天，村民1082食物耗尽！
⚠️ 第46天，村民1082缺水！
⚠️ 第46天，村民1083食物耗尽！
⚠️ 第46天，村民1083缺水！
⚠️ 第46天，村民1084食物耗尽！
⚠️ 第46天，村民1084缺水！
⚠️ 第46天，村民1085食物耗尽！
⚠️ 第46天，村民1085缺水！
⚠️ 第46天，村民1086食物耗尽！
⚠️ 第46天，村民1086缺水！
⚠️ 第46天，村民1087食物耗尽！
⚠️ 第46天，村民1087缺水！
⚠️ 第46天，村民1088食物耗尽！
⚠️ 第46天，村民1088缺水！
⚠️ 第46天，村民1089食物耗尽！
⚠️ 第46天，村民1089缺水！
⚠️ 第46天，村民1090食物耗尽！
⚠️ 第46天，村民1090缺水！
⚠️ 第46天，村民1091食物耗尽！
⚠️ 第46天，村民1091缺水！
⚠️ 第46天，村民1092食物耗尽！
⚠️ 第46天，村民1092缺水！
⚠️ 第46天，村民1093食物耗尽！
⚠️ 第46天，村民1093缺水！
⚠️ 第46天，村民1094食物耗尽！
⚠️ 第46天，村民1094缺水！
⚠️ 第46天，村民1095食物耗尽！
⚠️ 第46天，村民1095缺水！
⚠️ 第46天，村民1096食物耗尽！
⚠️ 第46天，村民1096缺水！
⚠️ 第46天，村民1097食物耗尽！
⚠️ 第46天，村民1097缺水！
⚠️ 第46天，村民1098食物耗尽！
⚠️ 第46天，村民1098缺水！
⚠️ 第46天，村民1099食物耗尽！
⚠️ 第46天，村民1099缺水！
⚠️ 第46天，村民1100食物耗尽！
⚠️ 第46天，村民1100缺水！
⚠️ 第46天，村民1101食物耗尽！
⚠️ 第46天，村民1101缺水！
⚠️ 第46天，村民1102食物耗尽！
⚠️ 第46天，村民1102缺水！
⚠️ 第46天，村民1103食物耗尽！
⚠️ 第46天，村民1103缺水！
⚠️ 第46天，村民1104食物耗尽！
⚠️ 第46天，村民1104缺水！
⚠️ 第46天，村民1105食物耗尽！
⚠️ 第46天，村民1105缺水！
⚠️ 第46天，村民1106食物耗尽！
⚠️ 第46天，村民1106缺水！
⚠️ 第46天，村民1107食物耗尽！
⚠️ 第46天，村民1107缺水！
⚠️ 第46天，村民1108食物耗尽！
⚠️ 第46天，村民1108缺水！
⚠️ 第46天，村民1109食物耗尽！
⚠️ 第46天，村民1109缺水！
⚠️ 第46天，村民1110食物耗尽！
⚠️ 第46天，村民1110缺水！
⚠️ 第46天，村民1111食物耗尽！
⚠️ 第46天，村民1111缺水！
⚠️ 第46天，村民1112食物耗尽！
⚠️ 第46天，村民1112缺水！
⚠️ 第46天，村民1113食物耗尽！
⚠️ 第46天，村民1113缺水！
⚠️ 第46天，村民1114食物耗尽！
⚠️ 第46天，村民1114缺水！
⚠️ 第46天，村民1115食物耗尽！
⚠️ 第46天，村民1115缺水！
⚠️ 第46天，村民1116食物耗尽！
⚠️ 第46天，村民1116缺水！
⚠️ 第46天，村民1117食物耗尽！
⚠️ 第46天，村民1117缺水！
⚠️ 第46天，村民1118食物耗尽！
⚠️ 第46天，村民1118缺水！
⚠️ 第46天，村民1119食物耗尽！
⚠️ 第46天，村民1119缺水！
⚠️ 第46天，村民1120食物耗尽！
⚠️ 第46天，村民1120缺水！
⚠️ 第46天，村民1121食物耗尽！
⚠️ 第46天，村民1121缺水！
⚠️ 第46天，村民1122食物耗尽！
⚠️ 第46天，村民1122缺水！
⚠️ 第46天，村民1123食物耗尽！
⚠️ 第46天，村民1123缺水！
⚠️ 第46天，村民1124食物耗尽！
⚠️ 第46天，村民1124缺水！
⚠️ 第46天，村民1125食物耗尽！
⚠️ 第46天，村民1125缺水！
⚠️ 第46天，村民1126食物耗尽！
⚠️ 第46天，村民1126缺水！
⚠️ 第46天，村民1127食物耗尽！
⚠️ 第46天，村民1127缺水！
⚠️ 第46天，村民1128食物耗尽！
⚠️ 第46天，村民1128缺水！
⚠️ 第46天，村民1129食物耗尽！
⚠️ 第46天，村民1129缺水！
⚠️ 第46天，村民1130食物耗尽！
⚠️ 第46天，村民1130缺水！
⚠️ 第46天，村民1131食物耗尽！
⚠️ 第46天，村民1131缺水！
⚠️ 第46天，村民1132食物耗尽！
⚠️ 第46天，村民1132缺水！
⚠️ 第46天，村民1133食物耗尽！
⚠️ 第46天，村民1133缺水！
⚠️ 第46天，村民1134食物耗尽！
⚠️ 第46天，村民1134缺水！
⚠️ 第46天，村民1135食物耗尽！
⚠️ 第46天，村民1135缺水！
⚠️ 第46天，村民1136食物耗尽！
⚠️ 第46天，村民1136缺水！
⚠️ 第46天，村民1137食物耗尽！
⚠️ 第46天，村民1137缺水！
⚠️ 第46天，村民1138食物耗尽！
⚠️ 第46天，村民1138缺水！
⚠️ 第46天，村民1139食物耗尽！
⚠️ 第46天，村民1139缺水！
⚠️ 第46天，村民1140食物耗尽！
⚠️ 第46天，村民1140缺水！
⚠️ 第46天，村民1141食物耗尽！
⚠️ 第46天，村民1141缺水！
⚠️ 第46天，村民1142食物耗尽！
⚠️ 第46天，村民1142缺水！
⚠️ 第46天，村民1143食物耗尽！
⚠️ 第46天，村民1143缺水！
⚠️ 第46天，村民1144食物耗尽！
⚠️ 第46天，村民1144缺水！
⚠️ 第46天，村民1145食物耗尽！
⚠️ 第46天，村民1145缺水！
⚠️ 第46天，村民1146食物耗尽！
⚠️ 第46天，村民1146缺水！
⚠️ 第46天，村民1147食物耗尽！
⚠️ 第46天，村民1147缺水！
⚠️ 第46天，村民1148食物耗尽！
⚠️ 第46天，村民1148缺水！
⚠️ 第46天，村民1149食物耗尽！
⚠️ 第46天，村民1149缺水！
⚠️ 第46天，村民1150食物耗尽！
⚠️ 第46天，村民1150缺水！
⚠️ 第46天，村民1151食物耗尽！
⚠️ 第46天，村民1151缺水！
⚠️ 第46天，村民1152食物耗尽！
⚠️ 第46天，村民1152缺水！
⚠️ 第46天，村民1153食物耗尽！
⚠️ 第46天，村民1153缺水！
⚠️ 第46天，村民1154食物耗尽！
⚠️ 第46天，村民1154缺水！
⚠️ 第46天，村民1155食物耗尽！
⚠️ 第46天，村民1155缺水！
⚠️ 第46天，村民1156食物耗尽！
⚠️ 第46天，村民1156缺水！
⚠️ 第46天，村民1157食物耗尽！
⚠️ 第46天，村民1157缺水！
⚠️ 第46天，村民1158食物耗尽！
⚠️ 第46天，村民1158缺水！
⚠️ 第46天，村民1159食物耗尽！
⚠️ 第46天，村民1159缺水！
⚠️ 第46天，村民1160食物耗尽！
⚠️ 第46天，村民1160缺水！
⚠️ 第46天，村民1161食物耗尽！
⚠️ 第46天，村民1161缺水！
⚠️ 第46天，村民1162食物耗尽！
⚠️ 第46天，村民1162缺水！
⚠️ 第46天，村民1163食物耗尽！
⚠️ 第46天，村民1163缺水！
⚠️ 第46天，村民1164食物耗尽！
⚠️ 第46天，村民1164缺水！
⚠️ 第46天，村民1165食物耗尽！
⚠️ 第46天，村民1165缺水！
⚠️ 第46天，村民1166食物耗尽！
⚠️ 第46天，村民1166缺水！
⚠️ 第46天，村民1167食物耗尽！
⚠️ 第46天，村民1167缺水！
⚠️ 第46天，村民1168食物耗尽！
⚠️ 第46天，村民1168缺水！
⚠️ 第46天，村民1169食物耗尽！
⚠️ 第46天，村民1169缺水！
⚠️ 第46天，村民1170食物耗尽！
⚠️ 第46天，村民1170缺水！
⚠️ 第46天，村民1171食物耗尽！
⚠️ 第46天，村民1171缺水！
⚠️ 第46天，村民1172食物耗尽！
⚠️ 第46天，村民1172缺水！
⚠️ 第46天，村民1173食物耗尽！
⚠️ 第46天，村民1173缺水！
⚠️ 第46天，村民1174食物耗尽！
⚠️ 第46天，村民1174缺水！
⚠️ 第46天，村民1175食物耗尽！
⚠️ 第46天，村民1175缺水！
⚠️ 第46天，村民1176食物耗尽！
⚠️ 第46天，村民1176缺水！
⚠️ 第46天，村民1177食物耗尽！
⚠️ 第46天，村民1177缺水！
⚠️ 第46天，村民1178食物耗尽！
⚠️ 第46天，村民1178缺水！
⚠️ 第46天，村民1179食物耗尽！
⚠️ 第46天，村民1179缺水！
⚠️ 第46天，村民1180食物耗尽！
⚠️ 第46天，村民1180缺水！
⚠️ 第46天，村民1181食物耗尽！
⚠️ 第46天，村民1181缺水！
⚠️ 第46天，村民1182食物耗尽！
⚠️ 第46天，村民1182缺水！
⚠️ 第46天，村民1183食物耗尽！
⚠️ 第46天，村民1183缺水！
⚠️ 第46天，村民1184食物耗尽！
⚠️ 第46天，村民1184缺水！
⚠️ 第46天，村民1185食物耗尽！
⚠️ 第46天，村民1185缺水！
⚠️ 第46天，村民1186食物耗尽！
⚠️ 第46天，村民1186缺水！
⚠️ 第46天，村民1187食物耗尽！
⚠️ 第46天，村民1187缺水！
⚠️ 第46天，村民1188食物耗尽！
⚠️ 第46天，村民1188缺水！
⚠️ 第46天，村民1189食物耗尽！
⚠️ 第46天，村民1189缺水！
⚠️ 第46天，村民1190食物耗尽！
⚠️ 第46天，村民1190缺水！
⚠️ 第46天，村民1191食物耗尽！
⚠️ 第46天，村民1191缺水！
⚠️ 第46天，村民1192食物耗尽！
⚠️ 第46天，村民1192缺水！
⚠️ 第46天，村民1193食物耗尽！
⚠️ 第46天，村民1193缺水！
⚠️ 第46天，村民1194食物耗尽！
⚠️ 第46天，村民1194缺水！
⚠️ 第46天，村民1195食物耗尽！
⚠️ 第46天，村民1195缺水！
⚠️ 第46天，村民1196食物耗尽！
⚠️ 第46天，村民1196缺水！
⚠️ 第46天，村民1197食物耗尽！
⚠️ 第46天，村民1197缺水！
⚠️ 第46天，村民1198食物耗尽！
⚠️ 第46天，村民1198缺水！
⚠️ 第46天，村民1199食物耗尽！
⚠️ 第46天，村民1199缺水！
⚠️ 第46天，村民1200食物耗尽！
⚠️ 第46天，村民1200缺水！
⚠️ 第46天，村民1201食物耗尽！
⚠️ 第46天，村民1201缺水！
⚠️ 第46天，村民1202食物耗尽！
⚠️ 第46天，村民1202缺水！
⚠️ 第46天，村民1203食物耗尽！
⚠️ 第46天，村民1203缺水！
⚠️ 第46天，村民1204食物耗尽！
⚠️ 第46天，村民1204缺水！
⚠️ 第46天，村民1205食物耗尽！
⚠️ 第46天，村民1205缺水！
⚠️ 第46天，村民1206食物耗尽！
⚠️ 第46天，村民1206缺水！
⚠️ 第46天，村民1207食物耗尽！
⚠️ 第46天，村民1207缺水！
⚠️ 第46天，村民1208食物耗尽！
⚠️ 第46天，村民1208缺水！
⚠️ 第46天，村民1209食物耗尽！
⚠️ 第46天，村民1209缺水！
⚠️ 第46天，村民1210食物耗尽！
⚠️ 第46天，村民1210缺水！
⚠️ 第46天，村民1211食物耗尽！
⚠️ 第46天，村民1211缺水！
⚠️ 第46天，村民1212食物耗尽！
⚠️ 第46天，村民1212缺水！
⚠️ 第46天，村民1213食物耗尽！
⚠️ 第46天，村民1213缺水！
⚠️ 第46天，村民1214食物耗尽！
⚠️ 第46天，村民1214缺水！
⚠️ 第46天，村民1215食物耗尽！
⚠️ 第46天，村民1215缺水！
⚠️ 第46天，村民1216食物耗尽！
⚠️ 第46天，村民1216缺水！
⚠️ 第46天，村民1217食物耗尽！
⚠️ 第46天，村民1217缺水！
⚠️ 第46天，村民1218食物耗尽！
⚠️ 第46天，村民1218缺水！
⚠️ 第46天，村民1219食物耗尽！
⚠️ 第46天，村民1219缺水！
⚠️ 第46天，村民1220食物耗尽！
⚠️ 第46天，村民1220缺水！
⚠️ 第46天，村民1221食物耗尽！
⚠️ 第46天，村民1221缺水！
⚠️ 第46天，村民1222食物耗尽！
⚠️ 第46天，村民1222缺水！
⚠️ 第46天，村民1223食物耗尽！
⚠️ 第46天，村民1223缺水！
⚠️ 第46天，村民1224食物耗尽！
⚠️ 第46天，村民1224缺水！
⚠️ 第46天，村民1225食物耗尽！
⚠️ 第46天，村民1225缺水！
⚠️ 第46天，村民1226食物耗尽！
⚠️ 第46天，村民1226缺水！
⚠️ 第46天，村民1227食物耗尽！
⚠️ 第46天，村民1227缺水！
⚠️ 第46天，村民1228食物耗尽！
⚠️ 第46天，村民1228缺水！
⚠️ 第46天，村民1229食物耗尽！
⚠️ 第46天，村民1229缺水！
⚠️ 第46天，村民1230食物耗尽！
⚠️ 第46天，村民1230缺水！
⚠️ 第46天，村民1231食物耗尽！
⚠️ 第46天，村民1231缺水！
⚠️ 第46天，村民1232食物耗尽！
⚠️ 第46天，村民1232缺水！
⚠️ 第46天，村民1233食物耗尽！
⚠️ 第46天，村民1233缺水！
⚠️ 第46天，村民1234食物耗尽！
⚠️ 第46天，村民1234缺水！
⚠️ 第46天，村民1235食物耗尽！
⚠️ 第46天，村民1235缺水！
⚠️ 第46天，村民1236食物耗尽！
⚠️ 第46天，村民1236缺水！
⚠️ 第46天，村民1237食物耗尽！
⚠️ 第46天，村民1237缺水！
⚠️ 第46天，村民1238食物耗尽！
⚠️ 第46天，村民1238缺水！
⚠️ 第46天，村民1239食物耗尽！
⚠️ 第46天，村民1239缺水！
⚠️ 第46天，村民1240食物耗尽！
⚠️ 第46天，村民1240缺水！
⚠️ 第46天，村民1241食物耗尽！
⚠️ 第46天，村民1241缺水！
⚠️ 第46天，村民1242食物耗尽！
⚠️ 第46天，村民1242缺水！
⚠️ 第46天，村民1243食物耗尽！
⚠️ 第46天，村民1243缺水！
⚠️ 第46天，村民1244食物耗尽！
⚠️ 第46天，村民1244缺水！
⚠️ 第46天，村民1245食物耗尽！
⚠️ 第46天，村民1245缺水！
⚠️ 第46天，村民1246食物耗尽！
⚠️ 第46天，村民1246缺水！
⚠️ 第46天，村民1247食物耗尽！
⚠️ 第46天，村民1247缺水！
⚠️ 第46天，村民1248食物耗尽！
⚠️ 第46天，村民1248缺水！
⚠️ 第46天，村民1249食物耗尽！
⚠️ 第46天，村民1249缺水！
⚠️ 第46天，村民1250食物耗尽！
⚠️ 第46天，村民1250缺水！
⚠️ 第46天，村民1251食物耗尽！
⚠️ 第46天，村民1251缺水！
⚠️ 第46天，村民1252食物耗尽！
⚠️ 第46天，村民1252缺水！
⚠️ 第46天，村民1253食物耗尽！
⚠️ 第46天，村民1253缺水！
⚠️ 第46天，村民1254食物耗尽！
⚠️ 第46天，村民1254缺水！
⚠️ 第46天，村民1255食物耗尽！
⚠️ 第46天，村民1255缺水！
⚠️ 第46天，村民1256食物耗尽！
⚠️ 第46天，村民1256缺水！
⚠️ 第46天，村民1257食物耗尽！
⚠️ 第46天，村民1257缺水！
⚠️ 第46天，村民1258食物耗尽！
⚠️ 第46天，村民1258缺水！
⚠️ 第46天，村民1259食物耗尽！
⚠️ 第46天，村民1259缺水！
⚠️ 第46天，村民1260食物耗尽！
⚠️ 第46天，村民1260缺水！
⚠️ 第46天，村民1261食物耗尽！
⚠️ 第46天，村民1261缺水！
⚠️ 第46天，村民1262食物耗尽！
⚠️ 第46天，村民1262缺水！
⚠️ 第46天，村民1263食物耗尽！
⚠️ 第46天，村民1263缺水！
⚠️ 第46天，村民1264食物耗尽！
⚠️ 第46天，村民1264缺水！
⚠️ 第46天，村民1265食物耗尽！
⚠️ 第46天，村民1265缺水！
⚠️ 第46天，村民1266食物耗尽！
⚠️ 第46天，村民1266缺水！
⚠️ 第46天，村民1267食物耗尽！
⚠️ 第46天，村民1267缺水！
⚠️ 第46天，村民1268食物耗尽！
⚠️ 第46天，村民1268缺水！
⚠️ 第46天，村民1269食物耗尽！
⚠️ 第46天，村民1269缺水！
⚠️ 第46天，村民1270食物耗尽！
⚠️ 第46天，村民1270缺水！
⚠️ 第46天，村民1271食物耗尽！
⚠️ 第46天，村民1271缺水！
⚠️ 第46天，村民1272食物耗尽！
⚠️ 第46天，村民1272缺水！
⚠️ 第46天，村民1273食物耗尽！
⚠️ 第46天，村民1273缺水！
⚠️ 第46天，村民1274食物耗尽！
⚠️ 第46天，村民1274缺水！
⚠️ 第46天，村民1275食物耗尽！
⚠️ 第46天，村民1275缺水！
⚠️ 第46天，村民1276食物耗尽！
⚠️ 第46天，村民1276缺水！
⚠️ 第46天，村民1277食物耗尽！
⚠️ 第46天，村民1277缺水！
⚠️ 第46天，村民1278食物耗尽！
⚠️ 第46天，村民1278缺水！
⚠️ 第46天，村民1279食物耗尽！
⚠️ 第46天，村民1279缺水！
⚠️ 第46天，村民1280食物耗尽！
⚠️ 第46天，村民1280缺水！
⚠️ 第46天，村民1281食物耗尽！
⚠️ 第46天，村民1281缺水！
⚠️ 第46天，村民1282食物耗尽！
⚠️ 第46天，村民1282缺水！
⚠️ 第46天，村民1283食物耗尽！
⚠️ 第46天，村民1283缺水！
⚠️ 第46天，村民1284食物耗尽！
⚠️ 第46天，村民1284缺水！
⚠️ 第46天，村民1285食物耗尽！
⚠️ 第46天，村民1285缺水！
⚠️ 第46天，村民1286食物耗尽！
⚠️ 第46天，村民1286缺水！
⚠️ 第46天，村民1287食物耗尽！
⚠️ 第46天，村民1287缺水！
⚠️ 第46天，村民1288食物耗尽！
⚠️ 第46天，村民1288缺水！
⚠️ 第46天，村民1289食物耗尽！
⚠️ 第46天，村民1289缺水！
⚠️ 第46天，村民1290食物耗尽！
⚠️ 第46天，村民1290缺水！
⚠️ 第46天，村民1291食物耗尽！
⚠️ 第46天，村民1291缺水！
⚠️ 第46天，村民1292食物耗尽！
⚠️ 第46天，村民1292缺水！
⚠️ 第46天，村民1293食物耗尽！
⚠️ 第46天，村民1293缺水！
⚠️ 第46天，村民1294食物耗尽！
⚠️ 第46天，村民1294缺水！
⚠️ 第46天，村民1295食物耗尽！
⚠️ 第46天，村民1295缺水！
⚠️ 第46天，村民1296食物耗尽！
⚠️ 第46天，村民1296缺水！
⚠️ 第46天，村民1297食物耗尽！
⚠️ 第46天，村民1297缺水！
⚠️ 第46天，村民1298食物耗尽！
⚠️ 第46天，村民1298缺水！
⚠️ 第46天，村民1299食物耗尽！
⚠️ 第46天，村民1299缺水！
⚠️ 第46天，村民1300食物耗尽！
⚠️ 第46天，村民1300缺水！
⚠️ 第46天，村民1301食物耗尽！
⚠️ 第46天，村民1301缺水！
⚠️ 第46天，村民1302食物耗尽！
⚠️ 第46天，村民1302缺水！
⚠️ 第46天，村民1303食物耗尽！
⚠️ 第46天，村民1303缺水！
⚠️ 第46天，村民1304食物耗尽！
⚠️ 第46天，村民1304缺水！
⚠️ 第46天，村民1305食物耗尽！
⚠️ 第46天，村民1305缺水！
⚠️ 第46天，村民1306食物耗尽！
⚠️ 第46天，村民1306缺水！
⚠️ 第46天，村民1307食物耗尽！
⚠️ 第46天，村民1307缺水！
⚠️ 第46天，村民1308食物耗尽！
⚠️ 第46天，村民1308缺水！
⚠️ 第46天，村民1309食物耗尽！
⚠️ 第46天，村民1309缺水！
⚠️ 第46天，村民1310食物耗尽！
⚠️ 第46天，村民1310缺水！
⚠️ 第46天，村民1311食物耗尽！
⚠️ 第46天，村民1311缺水！
⚠️ 第46天，村民1312食物耗尽！
⚠️ 第46天，村民1312缺水！
⚠️ 第46天，村民1313食物耗尽！
⚠️ 第46天，村民1313缺水！
⚠️ 第46天，村民1314食物耗尽！
⚠️ 第46天，村民1314缺水！
⚠️ 第46天，村民1315食物耗尽！
⚠️ 第46天，村民1315缺水！
⚠️ 第46天，村民1316食物耗尽！
⚠️ 第46天，村民1316缺水！
⚠️ 第46天，村民1317食物耗尽！
⚠️ 第46天，村民1317缺水！
⚠️ 第46天，村民1318食物耗尽！
⚠️ 第46天，村民1318缺水！
⚠️ 第46天，村民1319食物耗尽！
⚠️ 第46天，村民1319缺水！
⚠️ 第46天，村民1320食物耗尽！
⚠️ 第46天，村民1320缺水！
⚠️ 第46天，村民1321食物耗尽！
⚠️ 第46天，村民1321缺水！
⚠️ 第46天，村民1322食物耗尽！
⚠️ 第46天，村民1322缺水！
⚠️ 第46天，村民1323食物耗尽！
⚠️ 第46天，村民1323缺水！
⚠️ 第46天，村民1324食物耗尽！
⚠️ 第46天，村民1324缺水！
⚠️ 第46天，村民1325食物耗尽！
⚠️ 第46天，村民1325缺水！
⚠️ 第46天，村民1326食物耗尽！
⚠️ 第46天，村民1326缺水！
⚠️ 第46天，村民1327食物耗尽！
⚠️ 第46天，村民1327缺水！
⚠️ 第46天，村民1328食物耗尽！
⚠️ 第46天，村民1328缺水！
⚠️ 第46天，村民1329食物耗尽！
⚠️ 第46天，村民1329缺水！
⚠️ 第46天，村民1330食物耗尽！
⚠️ 第46天，村民1330缺水！
⚠️ 第46天，村民1331食物耗尽！
⚠️ 第46天，村民1331缺水！
⚠️ 第46天，村民1332食物耗尽！
⚠️ 第46天，村民1332缺水！
⚠️ 第46天，村民1333食物耗尽！
⚠️ 第46天，村民1333缺水！
⚠️ 第46天，村民1334食物耗尽！
⚠️ 第46天，村民1334缺水！
⚠️ 第46天，村民1335食物耗尽！
⚠️ 第46天，村民1335缺水！
⚠️ 第46天，村民1336食物耗尽！
⚠️ 第46天，村民1336缺水！
⚠️ 第46天，村民1337食物耗尽！
⚠️ 第46天，村民1337缺水！
⚠️ 第46天，村民1338食物耗尽！
⚠️ 第46天，村民1338缺水！
⚠️ 第46天，村民1339食物耗尽！
⚠️ 第46天，村民1339缺水！
⚠️ 第46天，村民1340食物耗尽！
⚠️ 第46天，村民1340缺水！
⚠️ 第46天，村民1341食物耗尽！
⚠️ 第46天，村民1341缺水！
⚠️ 第46天，村民1342食物耗尽！
⚠️ 第46天，村民1342缺水！
⚠️ 第46天，村民1343食物耗尽！
⚠️ 第46天，村民1343缺水！
⚠️ 第46天，村民1344食物耗尽！
⚠️ 第46天，村民1344缺水！
⚠️ 第46天，村民1345食物耗尽！
⚠️ 第46天，村民1345缺水！
⚠️ 第46天，村民1346食物耗尽！
⚠️ 第46天，村民1346缺水！
⚠️ 第46天，村民1347食物耗尽！
⚠️ 第46天，村民1347缺水！
⚠️ 第46天，村民1348食物耗尽！
⚠️ 第46天，村民1348缺水！
⚠️ 第46天，村民1349食物耗尽！
⚠️ 第46天，村民1349缺水！
⚠️ 第46天，村民1350食物耗尽！
⚠️ 第46天，村民1350缺水！
⚠️ 第46天，村民1351食物耗尽！
⚠️ 第46天，村民1351缺水！
⚠️ 第46天，村民1352食物耗尽！
⚠️ 第46天，村民1352缺水！
⚠️ 第46天，村民1353食物耗尽！
⚠️ 第46天，村民1353缺水！
⚠️ 第46天，村民1354食物耗尽！
⚠️ 第46天，村民1354缺水！
⚠️ 第46天，村民1355食物耗尽！
⚠️ 第46天，村民1355缺水！
⚠️ 第46天，村民1356食物耗尽！
⚠️ 第46天，村民1356缺水！
⚠️ 第46天，村民1357食物耗尽！
⚠️ 第46天，村民1357缺水！
⚠️ 第46天，村民1358食物耗尽！
⚠️ 第46天，村民1358缺水！
⚠️ 第46天，村民1359食物耗尽！
⚠️ 第46天，村民1359缺水！
⚠️ 第46天，村民1360食物耗尽！
⚠️ 第46天，村民1360缺水！
⚠️ 第46天，村民1361食物耗尽！
⚠️ 第46天，村民1361缺水！
⚠️ 第46天，村民1362食物耗尽！
⚠️ 第46天，村民1362缺水！
⚠️ 第46天，村民1363食物耗尽！
⚠️ 第46天，村民1363缺水！
⚠️ 第46天，村民1364食物耗尽！
⚠️ 第46天，村民1364缺水！
⚠️ 第46天，村民1365食物耗尽！
⚠️ 第46天，村民1365缺水！
⚠️ 第46天，村民1366食物耗尽！
⚠️ 第46天，村民1366缺水！
⚠️ 第46天，村民1367食物耗尽！
⚠️ 第46天，村民1367缺水！
⚠️ 第46天，村民1368食物耗尽！
⚠️ 第46天，村民1368缺水！
⚠️ 第46天，村民1369食物耗尽！
⚠️ 第46天，村民1369缺水！
⚠️ 第46天，村民1370食物耗尽！
⚠️ 第46天，村民1370缺水！
⚠️ 第46天，村民1371食物耗尽！
⚠️ 第46天，村民1371缺水！
⚠️ 第46天，村民1372食物耗尽！
⚠️ 第46天，村民1372缺水！
⚠️ 第46天，村民1373食物耗尽！
⚠️ 第46天，村民1373缺水！
⚠️ 第46天，村民1374食物耗尽！
⚠️ 第46天，村民1374缺水！
⚠️ 第46天，村民1375食物耗尽！
⚠️ 第46天，村民1375缺水！
⚠️ 第46天，村民1376食物耗尽！
⚠️ 第46天，村民1376缺水！
⚠️ 第46天，村民1377食物耗尽！
⚠️ 第46天，村民1377缺水！
⚠️ 第46天，村民1378食物耗尽！
⚠️ 第46天，村民1378缺水！
⚠️ 第46天，村民1379食物耗尽！
⚠️ 第46天，村民1379缺水！
⚠️ 第46天，村民1380食物耗尽！
⚠️ 第46天，村民1380缺水！
⚠️ 第46天，村民1381食物耗尽！
⚠️ 第46天，村民1381缺水！
⚠️ 第46天，村民1382食物耗尽！
⚠️ 第46天，村民1382缺水！
⚠️ 第46天，村民1383食物耗尽！
⚠️ 第46天，村民1383缺水！
⚠️ 第46天，村民1384食物耗尽！
⚠️ 第46天，村民1384缺水！
⚠️ 第46天，村民1385食物耗尽！
⚠️ 第46天，村民1385缺水！
⚠️ 第46天，村民1386食物耗尽！
⚠️ 第46天，村民1386缺水！
⚠️ 第46天，村民1387食物耗尽！
⚠️ 第46天，村民1387缺水！
⚠️ 第46天，村民1388食物耗尽！
⚠️ 第46天，村民1388缺水！
⚠️ 第46天，村民1389食物耗尽！
⚠️ 第46天，村民1389缺水！
⚠️ 第46天，村民1390食物耗尽！
⚠️ 第46天，村民1390缺水！
⚠️ 第46天，村民1391食物耗尽！
⚠️ 第46天，村民1391缺水！
⚠️ 第46天，村民1392食物耗尽！
⚠️ 第46天，村民1392缺水！
⚠️ 第46天，村民1393食物耗尽！
⚠️ 第46天，村民1393缺水！
⚠️ 第46天，村民1394食物耗尽！
⚠️ 第46天，村民1394缺水！
⚠️ 第46天，村民1395食物耗尽！
⚠️ 第46天，村民1395缺水！
⚠️ 第46天，村民1396食物耗尽！
⚠️ 第46天，村民1396缺水！
⚠️ 第46天，村民1397食物耗尽！
⚠️ 第46天，村民1397缺水！
⚠️ 第46天，村民1398食物耗尽！
⚠️ 第46天，村民1398缺水！
⚠️ 第46天，村民1399食物耗尽！
⚠️ 第46天，村民1399缺水！
⚠️ 第46天，村民1400食物耗尽！
⚠️ 第46天，村民1400缺水！
⚠️ 第46天，村民1401食物耗尽！
⚠️ 第46天，村民1401缺水！
⚠️ 第46天，村民1402食物耗尽！
⚠️ 第46天，村民1402缺水！
⚠️ 第46天，村民1403食物耗尽！
⚠️ 第46天，村民1403缺水！
⚠️ 第46天，村民1404食物耗尽！
⚠️ 第46天，村民1404缺水！
⚠️ 第46天，村民1405食物耗尽！
⚠️ 第46天，村民1405缺水！
⚠️ 第46天，村民1406食物耗尽！
⚠️ 第46天，村民1406缺水！
⚠️ 第46天，村民1407食物耗尽！
⚠️ 第46天，村民1407缺水！
⚠️ 第46天，村民1408食物耗尽！
⚠️ 第46天，村民1408缺水！
⚠️ 第46天，村民1409食物耗尽！
⚠️ 第46天，村民1409缺水！
⚠️ 第46天，村民1410食物耗尽！
⚠️ 第46天，村民1410缺水！
⚠️ 第46天，村民1411食物耗尽！
⚠️ 第46天，村民1411缺水！
⚠️ 第46天，村民1412食物耗尽！
⚠️ 第46天，村民1412缺水！
⚠️ 第46天，村民1413食物耗尽！
⚠️ 第46天，村民1413缺水！
⚠️ 第46天，村民1414食物耗尽！
⚠️ 第46天，村民1414缺水！
⚠️ 第46天，村民1415食物耗尽！
⚠️ 第46天，村民1415缺水！
⚠️ 第46天，村民1416食物耗尽！
⚠️ 第46天，村民1416缺水！
⚠️ 第46天，村民1417食物耗尽！
⚠️ 第46天，村民1417缺水！
⚠️ 第46天，村民1418食物耗尽！
⚠️ 第46天，村民1418缺水！
⚠️ 第46天，村民1419食物耗尽！
⚠️ 第46天，村民1419缺水！
⚠️ 第46天，村民1420食物耗尽！
⚠️ 第46天，村民1420缺水！
⚠️ 第46天，村民1421食物耗尽！
⚠️ 第46天，村民1421缺水！
⚠️ 第46天，村民1422食物耗尽！
⚠️ 第46天，村民1422缺水！
⚠️ 第46天，村民1423食物耗尽！
⚠️ 第46天，村民1423缺水！
⚠️ 第46天，村民1424食物耗尽！
⚠️ 第46天，村民1424缺水！
⚠️ 第46天，村民1425食物耗尽！
⚠️ 第46天，村民1425缺水！
⚠️ 第46天，村民1426食物耗尽！
⚠️ 第46天，村民1426缺水！
⚠️ 第46天，村民1427食物耗尽！
⚠️ 第46天，村民1427缺水！
⚠️ 第46天，村民1428食物耗尽！
⚠️ 第46天，村民1428缺水！
⚠️ 第46天，村民1429食物耗尽！
⚠️ 第46天，村民1429缺水！
⚠️ 第46天，村民1430食物耗尽！
⚠️ 第46天，村民1430缺水！
⚠️ 第46天，村民1431食物耗尽！
⚠️ 第46天，村民1431缺水！
⚠️ 第46天，村民1432食物耗尽！
⚠️ 第46天，村民1432缺水！
⚠️ 第46天，村民1433食物耗尽！
⚠️ 第46天，村民1433缺水！
⚠️ 第46天，村民1434食物耗尽！
⚠️ 第46天，村民1434缺水！
⚠️ 第46天，村民1435食物耗尽！
⚠️ 第46天，村民1435缺水！
⚠️ 第46天，村民1436食物耗尽！
⚠️ 第46天，村民1436缺水！
⚠️ 第46天，村民1437食物耗尽！
⚠️ 第46天，村民1437缺水！
⚠️ 第46天，村民1438食物耗尽！
⚠️ 第46天，村民1438缺水！
⚠️ 第46天，村民1439食物耗尽！
⚠️ 第46天，村民1439缺水！
⚠️ 第46天，村民1440食物耗尽！
⚠️ 第46天，村民1440缺水！
⚠️ 第46天，村民1441食物耗尽！
⚠️ 第46天，村民1441缺水！
⚠️ 第46天，村民1442食物耗尽！
⚠️ 第46天，村民1442缺水！
⚠️ 第46天，村民1443食物耗尽！
⚠️ 第46天，村民1443缺水！
⚠️ 第46天，村民1444食物耗尽！
⚠️ 第46天，村民1444缺水！
⚠️ 第46天，村民1445食物耗尽！
⚠️ 第46天，村民1445缺水！
⚠️ 第46天，村民1446食物耗尽！
⚠️ 第46天，村民1446缺水！
⚠️ 第46天，村民1447食物耗尽！
⚠️ 第46天，村民1447缺水！
⚠️ 第46天，村民1448食物耗尽！
⚠️ 第46天，村民1448缺水！
⚠️ 第46天，村民1449食物耗尽！
⚠️ 第46天，村民1449缺水！
⚠️ 第46天，村民1450食物耗尽！
⚠️ 第46天，村民1450缺水！
⚠️ 第46天，村民1451食物耗尽！
⚠️ 第46天，村民1451缺水！
⚠️ 第46天，村民1452食物耗尽！
⚠️ 第46天，村民1452缺水！
⚠️ 第46天，村民1453食物耗尽！
⚠️ 第46天，村民1453缺水！
⚠️ 第46天，村民1454食物耗尽！
⚠️ 第46天，村民1454缺水！
⚠️ 第46天，村民1455食物耗尽！
⚠️ 第46天，村民1455缺水！
⚠️ 第46天，村民1456食物耗尽！
⚠️ 第46天，村民1456缺水！
⚠️ 第46天，村民1457食物耗尽！
⚠️ 第46天，村民1457缺水！
⚠️ 第46天，村民1458食物耗尽！
⚠️ 第46天，村民1458缺水！
⚠️ 第46天，村民1459食物耗尽！
⚠️ 第46天，村民1459缺水！
⚠️ 第46天，村民1460食物耗尽！
⚠️ 第46天，村民1460缺水！
⚠️ 第46天，村民1461食物耗尽！
⚠️ 第46天，村民1461缺水！
⚠️ 第46天，村民1462食物耗尽！
⚠️ 第46天，村民1462缺水！
⚠️ 第46天，村民1463食物耗尽！
⚠️ 第46天，村民1463缺水！
⚠️ 第46天，村民1464食物耗尽！
⚠️ 第46天，村民1464缺水！
⚠️ 第46天，村民1465食物耗尽！
⚠️ 第46天，村民1465缺水！
⚠️ 第46天，村民1466食物耗尽！
⚠️ 第46天，村民1466缺水！
⚠️ 第46天，村民1467食物耗尽！
⚠️ 第46天，村民1467缺水！
⚠️ 第46天，村民1468食物耗尽！
⚠️ 第46天，村民1468缺水！
⚠️ 第46天，村民1469食物耗尽！
⚠️ 第46天，村民1469缺水！
⚠️ 第46天，村民1470食物耗尽！
⚠️ 第46天，村民1470缺水！
⚠️ 第46天，村民1471食物耗尽！
⚠️ 第46天，村民1471缺水！
⚠️ 第46天，村民1472食物耗尽！
⚠️ 第46天，村民1472缺水！
⚠️ 第46天，村民1473食物耗尽！
⚠️ 第46天，村民1473缺水！
⚠️ 第46天，村民1474食物耗尽！
⚠️ 第46天，村民1474缺水！
⚠️ 第46天，村民1475食物耗尽！
⚠️ 第46天，村民1475缺水！
⚠️ 第46天，村民1476食物耗尽！
⚠️ 第46天，村民1476缺水！
⚠️ 第46天，村民1477食物耗尽！
⚠️ 第46天，村民1477缺水！
⚠️ 第46天，村民1478食物耗尽！
⚠️ 第46天，村民1478缺水！
⚠️ 第46天，村民1479食物耗尽！
⚠️ 第46天，村民1479缺水！
⚠️ 第46天，村民1480食物耗尽！
⚠️ 第46天，村民1480缺水！
⚠️ 第46天，村民1481食物耗尽！
⚠️ 第46天，村民1481缺水！
⚠️ 第46天，村民1482食物耗尽！
⚠️ 第46天，村民1482缺水！
⚠️ 第46天，村民1483食物耗尽！
⚠️ 第46天，村民1483缺水！
⚠️ 第46天，村民1484食物耗尽！
⚠️ 第46天，村民1484缺水！
⚠️ 第46天，村民1485食物耗尽！
⚠️ 第46天，村民1485缺水！
⚠️ 第46天，村民1486食物耗尽！
⚠️ 第46天，村民1486缺水！
⚠️ 第46天，村民1487食物耗尽！
⚠️ 第46天，村民1487缺水！
⚠️ 第46天，村民1488食物耗尽！
⚠️ 第46天，村民1488缺水！
⚠️ 第46天，村民1489食物耗尽！
⚠️ 第46天，村民1489缺水！
⚠️ 第46天，村民1490食物耗尽！
⚠️ 第46天，村民1490缺水！
⚠️ 第46天，村民1491食物耗尽！
⚠️ 第46天，村民1491缺水！
⚠️ 第46天，村民1492食物耗尽！
⚠️ 第46天，村民1492缺水！
⚠️ 第46天，村民1493食物耗尽！
⚠️ 第46天，村民1493缺水！
⚠️ 第46天，村民1494食物耗尽！
⚠️ 第46天，村民1494缺水！
⚠️ 第46天，村民1495食物耗尽！
⚠️ 第46天，村民1495缺水！
⚠️ 第46天，村民1496食物耗尽！
⚠️ 第46天，村民1496缺水！
⚠️ 第46天，村民1497食物耗尽！
⚠️ 第46天，村民1497缺水！
⚠️ 第46天，村民1498食物耗尽！
⚠️ 第46天，村民1498缺水！
⚠️ 第46天，村民1499食物耗尽！
⚠️ 第46天，村民1499缺水！
⚠️ 第46天，村民1500食物耗尽！
⚠️ 第46天，村民1500缺水！
⚠️ 第46天，村民1501食物耗尽！
⚠️ 第46天，村民1501缺水！
⚠️ 第46天，村民1502食物耗尽！
⚠️ 第46天，村民1502缺水！
⚠️ 第46天，村民1503食物耗尽！
⚠️ 第46天，村民1503缺水！
⚠️ 第46天，村民1504食物耗尽！
⚠️ 第46天，村民1504缺水！
⚠️ 第46天，村民1505食物耗尽！
⚠️ 第46天，村民1505缺水！
⚠️ 第46天，村民1506食物耗尽！
⚠️ 第46天，村民1506缺水！
⚠️ 第46天，村民1507食物耗尽！
⚠️ 第46天，村民1507缺水！
⚠️ 第46天，村民1508食物耗尽！
⚠️ 第46天，村民1508缺水！
⚠️ 第46天，村民1509食物耗尽！
⚠️ 第46天，村民1509缺水！
⚠️ 第46天，村民1510食物耗尽！
⚠️ 第46天，村民1510缺水！
⚠️ 第46天，村民1511食物耗尽！
⚠️ 第46天，村民1511缺水！
⚠️ 第46天，村民1512食物耗尽！
⚠️ 第46天，村民1512缺水！
⚠️ 第46天，村民1513食物耗尽！
⚠️ 第46天，村民1513缺水！
⚠️ 第46天，村民1514食物耗尽！
⚠️ 第46天，村民1514缺水！
⚠️ 第46天，村民1515食物耗尽！
⚠️ 第46天，村民1515缺水！
⚠️ 第46天，村民1516食物耗尽！
⚠️ 第46天，村民1516缺水！
⚠️ 第46天，村民1517食物耗尽！
⚠️ 第46天，村民1517缺水！
⚠️ 第46天，村民1518食物耗尽！
⚠️ 第46天，村民1518缺水！
⚠️ 第46天，村民1519食物耗尽！
⚠️ 第46天，村民1519缺水！
⚠️ 第46天，村民1520食物耗尽！
⚠️ 第46天，村民1520缺水！
⚠️ 第46天，村民1521食物耗尽！
⚠️ 第46天，村民1521缺水！
⚠️ 第46天，村民1522食物耗尽！
⚠️ 第46天，村民1522缺水！
⚠️ 第46天，村民1523食物耗尽！
⚠️ 第46天，村民1523缺水！
⚠️ 第46天，村民1524食物耗尽！
⚠️ 第46天，村民1524缺水！
⚠️ 第46天，村民1525食物耗尽！
⚠️ 第46天，村民1525缺水！
⚠️ 第46天，村民1526食物耗尽！
⚠️ 第46天，村民1526缺水！
⚠️ 第46天，村民1527食物耗尽！
⚠️ 第46天，村民1527缺水！
⚠️ 第46天，村民1528食物耗尽！
⚠️ 第46天，村民1528缺水！
⚠️ 第46天，村民1529食物耗尽！
⚠️ 第46天，村民1529缺水！
⚠️ 第46天，村民1530食物耗尽！
⚠️ 第46天，村民1530缺水！
⚠️ 第46天，村民1531食物耗尽！
⚠️ 第46天，村民1531缺水！
⚠️ 第46天，村民1532食物耗尽！
⚠️ 第46天，村民1532缺水！
⚠️ 第46天，村民1533食物耗尽！
⚠️ 第46天，村民1533缺水！
⚠️ 第46天，村民1534食物耗尽！
⚠️ 第46天，村民1534缺水！
⚠️ 第46天，村民1535食物耗尽！
⚠️ 第46天，村民1535缺水！
⚠️ 第46天，村民1536食物耗尽！
⚠️ 第46天，村民1536缺水！
⚠️ 第46天，村民1537食物耗尽！
⚠️ 第46天，村民1537缺水！
⚠️ 第46天，村民1538食物耗尽！
⚠️ 第46天，村民1538缺水！
⚠️ 第46天，村民1539食物耗尽！
⚠️ 第46天，村民1539缺水！
⚠️ 第46天，村民1540食物耗尽！
⚠️ 第46天，村民1540缺水！
⚠️ 第46天，村民1541食物耗尽！
⚠️ 第46天，村民1541缺水！
⚠️ 第46天，村民1542食物耗尽！
⚠️ 第46天，村民1542缺水！
⚠️ 第46天，村民1543食物耗尽！
⚠️ 第46天，村民1543缺水！
⚠️ 第46天，村民1544食物耗尽！
⚠️ 第46天，村民1544缺水！
⚠️ 第46天，村民1545食物耗尽！
⚠️ 第46天，村民1545缺水！
⚠️ 第46天，村民1546食物耗尽！
⚠️ 第46天，村民1546缺水！
⚠️ 第46天，村民1547食物耗尽！
⚠️ 第46天，村民1547缺水！
⚠️ 第46天，村民1548食物耗尽！
⚠️ 第46天，村民1548缺水！
⚠️ 第46天，村民1549食物耗尽！
⚠️ 第46天，村民1549缺水！
⚠️ 第46天，村民1550食物耗尽！
⚠️ 第46天，村民1550缺水！
⚠️ 第46天，村民1551食物耗尽！
⚠️ 第46天，村民1551缺水！
⚠️ 第46天，村民1552食物耗尽！
⚠️ 第46天，村民1552缺水！
⚠️ 第46天，村民1553食物耗尽！
⚠️ 第46天，村民1553缺水！
⚠️ 第46天，村民1554食物耗尽！
⚠️ 第46天，村民1554缺水！
⚠️ 第46天，村民1555食物耗尽！
⚠️ 第46天，村民1555缺水！
⚠️ 第46天，村民1556食物耗尽！
⚠️ 第46天，村民1556缺水！
⚠️ 第46天，村民1557食物耗尽！
⚠️ 第46天，村民1557缺水！
⚠️ 第46天，村民1558食物耗尽！
⚠️ 第46天，村民1558缺水！
⚠️ 第46天，村民1559食物耗尽！
⚠️ 第46天，村民1559缺水！
⚠️ 第46天，村民1560食物耗尽！
⚠️ 第46天，村民1560缺水！
⚠️ 第46天，村民1561食物耗尽！
⚠️ 第46天，村民1561缺水！
⚠️ 第46天，村民1562食物耗尽！
⚠️ 第46天，村民1562缺水！
⚠️ 第46天，村民1563食物耗尽！
⚠️ 第46天，村民1563缺水！
⚠️ 第46天，村民1564食物耗尽！
⚠️ 第46天，村民1564缺水！
⚠️ 第46天，村民1565食物耗尽！
⚠️ 第46天，村民1565缺水！
⚠️ 第46天，村民1566食物耗尽！
⚠️ 第46天，村民1566缺水！
⚠️ 第46天，村民1567食物耗尽！
⚠️ 第46天，村民1567缺水！
⚠️ 第46天，村民1568食物耗尽！
⚠️ 第46天，村民1568缺水！
⚠️ 第46天，村民1569食物耗尽！
⚠️ 第46天，村民1569缺水！
⚠️ 第46天，村民1570食物耗尽！
⚠️ 第46天，村民1570缺水！
⚠️ 第46天，村民1571食物耗尽！
⚠️ 第46天，村民1571缺水！
⚠️ 第46天，村民1572食物耗尽！
⚠️ 第46天，村民1572缺水！
⚠️ 第46天，村民1573食物耗尽！
⚠️ 第46天，村民1573缺水！
⚠️ 第46天，村民1574食物耗尽！
⚠️ 第46天，村民1574缺水！
⚠️ 第46天，村民1575食物耗尽！
⚠️ 第46天，村民1575缺水！
⚠️ 第46天，村民1576食物耗尽！
⚠️ 第46天，村民1576缺水！
⚠️ 第46天，村民1577食物耗尽！
⚠️ 第46天，村民1577缺水！
⚠️ 第46天，村民1578食物耗尽！
⚠️ 第46天，村民1578缺水！
⚠️ 第46天，村民1579食物耗尽！
⚠️ 第46天，村民1579缺水！
⚠️ 第46天，村民1580食物耗尽！
⚠️ 第46天，村民1580缺水！
⚠️ 第46天，村民1581食物耗尽！
⚠️ 第46天，村民1581缺水！
⚠️ 第46天，村民1582食物耗尽！
⚠️ 第46天，村民1582缺水！
⚠️ 第46天，村民1583食物耗尽！
⚠️ 第46天，村民1583缺水！
⚠️ 第46天，村民1584食物耗尽！
⚠️ 第46天，村民1584缺水！
⚠️ 第46天，村民1585食物耗尽！
⚠️ 第46天，村民1585缺水！
⚠️ 第46天，村民1586食物耗尽！
⚠️ 第46天，村民1586缺水！
⚠️ 第46天，村民1587食物耗尽！
⚠️ 第46天，村民1587缺水！
⚠️ 第46天，村民1588食物耗尽！
⚠️ 第46天，村民1588缺水！
⚠️ 第46天，村民1589食物耗尽！
⚠️ 第46天，村民1589缺水！
⚠️ 第46天，村民1590食物耗尽！
⚠️ 第46天，村民1590缺水！
⚠️ 第46天，村民1591食物耗尽！
⚠️ 第46天，村民1591缺水！
⚠️ 第46天，村民1592食物耗尽！
⚠️ 第46天，村民1592缺水！
⚠️ 第46天，村民1593食物耗尽！
⚠️ 第46天，村民1593缺水！
⚠️ 第46天，村民1594食物耗尽！
⚠️ 第46天，村民1594缺水！
⚠️ 第46天，村民1595食物耗尽！
⚠️ 第46天，村民1595缺水！
⚠️ 第46天，村民1596食物耗尽！
⚠️ 第46天，村民1596缺水！
⚠️ 第46天，村民1597食物耗尽！
⚠️ 第46天，村民1597缺水！
⚠️ 第46天，村民1598食物耗尽！
⚠️ 第46天，村民1598缺水！
⚠️ 第46天，村民1599食物耗尽！
⚠️ 第46天，村民1599缺水！
⚠️ 第46天，村民1600食物耗尽！
⚠️ 第46天，村民1600缺水！
⚠️ 第46天，村民1601食物耗尽！
⚠️ 第46天，村民1601缺水！
⚠️ 第46天，村民1602食物耗尽！
⚠️ 第46天，村民1602缺水！
⚠️ 第46天，村民1603食物耗尽！
⚠️ 第46天，村民1603缺水！
⚠️ 第46天，村民1604食物耗尽！
⚠️ 第46天，村民1604缺水！
⚠️ 第46天，村民1605食物耗尽！
⚠️ 第46天，村民1605缺水！
⚠️ 第46天，村民1606食物耗尽！
⚠️ 第46天，村民1606缺水！
⚠️ 第46天，村民1607食物耗尽！
⚠️ 第46天，村民1607缺水！
⚠️ 第46天，村民1608食物耗尽！
⚠️ 第46天，村民1608缺水！
⚠️ 第46天，村民1609食物耗尽！
⚠️ 第46天，村民1609缺水！
⚠️ 第46天，村民1610食物耗尽！
⚠️ 第46天，村民1610缺水！
⚠️ 第46天，村民1611食物耗尽！
⚠️ 第46天，村民1611缺水！
⚠️ 第46天，村民1612食物耗尽！
⚠️ 第46天，村民1612缺水！
⚠️ 第46天，村民1613食物耗尽！
⚠️ 第46天，村民1613缺水！
⚠️ 第46天，村民1614食物耗尽！
⚠️ 第46天，村民1614缺水！
⚠️ 第46天，村民1615食物耗尽！
⚠️ 第46天，村民1615缺水！
⚠️ 第46天，村民1616食物耗尽！
⚠️ 第46天，村民1616缺水！
⚠️ 第46天，村民1617食物耗尽！
⚠️ 第46天，村民1617缺水！
⚠️ 第46天，村民1618食物耗尽！
⚠️ 第46天，村民1618缺水！
⚠️ 第46天，村民1619食物耗尽！
⚠️ 第46天，村民1619缺水！
⚠️ 第46天，村民1620食物耗尽！
⚠️ 第46天，村民1620缺水！
⚠️ 第46天，村民1621食物耗尽！
⚠️ 第46天，村民1621缺水！
⚠️ 第46天，村民1622食物耗尽！
⚠️ 第46天，村民1622缺水！
⚠️ 第46天，村民1623食物耗尽！
⚠️ 第46天，村民1623缺水！
⚠️ 第46天，村民1624食物耗尽！
⚠️ 第46天，村民1624缺水！
⚠️ 第46天，村民1625食物耗尽！
⚠️ 第46天，村民1625缺水！
⚠️ 第46天，村民1626食物耗尽！
⚠️ 第46天，村民1626缺水！
⚠️ 第46天，村民1627食物耗尽！
⚠️ 第46天，村民1627缺水！
⚠️ 第46天，村民1628食物耗尽！
⚠️ 第46天，村民1628缺水！
⚠️ 第46天，村民1629食物耗尽！
⚠️ 第46天，村民1629缺水！
⚠️ 第46天，村民1630食物耗尽！
⚠️ 第46天，村民1630缺水！
⚠️ 第46天，村民1631食物耗尽！
⚠️ 第46天，村民1631缺水！
⚠️ 第46天，村民1632食物耗尽！
⚠️ 第46天，村民1632缺水！
⚠️ 第46天，村民1633食物耗尽！
⚠️ 第46天，村民1633缺水！
⚠️ 第46天，村民1634食物耗尽！
⚠️ 第46天，村民1634缺水！
⚠️ 第46天，村民1635食物耗尽！
⚠️ 第46天，村民1635缺水！
⚠️ 第46天，村民1636食物耗尽！
⚠️ 第46天，村民1636缺水！
⚠️ 第46天，村民1637食物耗尽！
⚠️ 第46天，村民1637缺水！
⚠️ 第46天，村民1638食物耗尽！
⚠️ 第46天，村民1638缺水！
⚠️ 第46天，村民1639食物耗尽！
⚠️ 第46天，村民1639缺水！
⚠️ 第46天，村民1640食物耗尽！
⚠️ 第46天，村民1640缺水！
⚠️ 第46天，村民1641食物耗尽！
⚠️ 第46天，村民1641缺水！
⚠️ 第46天，村民1642食物耗尽！
⚠️ 第46天，村民1642缺水！
⚠️ 第46天，村民1643食物耗尽！
⚠️ 第46天，村民1643缺水！
⚠️ 第46天，村民1644食物耗尽！
⚠️ 第46天，村民1644缺水！
⚠️ 第46天，村民1645食物耗尽！
⚠️ 第46天，村民1645缺水！
⚠️ 第46天，村民1646食物耗尽！
⚠️ 第46天，村民1646缺水！
⚠️ 第46天，村民1647食物耗尽！
⚠️ 第46天，村民1647缺水！
⚠️ 第46天，村民1648食物耗尽！
⚠️ 第46天，村民1648缺水！
⚠️ 第46天，村民1649食物耗尽！
⚠️ 第46天，村民1649缺水！
⚠️ 第46天，村民1650食物耗尽！
⚠️ 第46天，村民1650缺水！
⚠️ 第46天，村民1651食物耗尽！
⚠️ 第46天，村民1651缺水！
⚠️ 第46天，村民1652食物耗尽！
⚠️ 第46天，村民1652缺水！
⚠️ 第46天，村民1653食物耗尽！
⚠️ 第46天，村民1653缺水！
⚠️ 第46天，村民1654食物耗尽！
⚠️ 第46天，村民1654缺水！
⚠️ 第46天，村民1655食物耗尽！
⚠️ 第46天，村民1655缺水！
⚠️ 第46天，村民1656食物耗尽！
⚠️ 第46天，村民1656缺水！
⚠️ 第46天，村民1657食物耗尽！
⚠️ 第46天，村民1657缺水！
⚠️ 第46天，村民1658食物耗尽！
⚠️ 第46天，村民1658缺水！
⚠️ 第46天，村民1659食物耗尽！
⚠️ 第46天，村民1659缺水！
⚠️ 第46天，村民1660食物耗尽！
⚠️ 第46天，村民1660缺水！
⚠️ 第46天，村民1661食物耗尽！
⚠️ 第46天，村民1661缺水！
⚠️ 第46天，村民1662食物耗尽！
⚠️ 第46天，村民1662缺水！
⚠️ 第46天，村民1663食物耗尽！
⚠️ 第46天，村民1663缺水！
⚠️ 第46天，村民1664食物耗尽！
⚠️ 第46天，村民1664缺水！
⚠️ 第46天，村民1665食物耗尽！
⚠️ 第46天，村民1665缺水！
⚠️ 第46天，村民1666食物耗尽！
⚠️ 第46天，村民1666缺水！
⚠️ 第46天，村民1667食物耗尽！
⚠️ 第46天，村民1667缺水！
⚠️ 第46天，村民1668食物耗尽！
⚠️ 第46天，村民1668缺水！
⚠️ 第46天，村民1669食物耗尽！
⚠️ 第46天，村民1669缺水！
⚠️ 第46天，村民1670食物耗尽！
⚠️ 第46天，村民1670缺水！
⚠️ 第46天，村民1671食物耗尽！
⚠️ 第46天，村民1671缺水！
⚠️ 第46天，村民1672食物耗尽！
⚠️ 第46天，村民1672缺水！
⚠️ 第46天，村民1673食物耗尽！
⚠️ 第46天，村民1673缺水！
⚠️ 第46天，村民1674食物耗尽！
⚠️ 第46天，村民1674缺水！
⚠️ 第46天，村民1675食物耗尽！
⚠️ 第46天，村民1675缺水！
⚠️ 第46天，村民1676食物耗尽！
⚠️ 第46天，村民1676缺水！
⚠️ 第46天，村民1677食物耗尽！
⚠️ 第46天，村民1677缺水！
⚠️ 第46天，村民1678食物耗尽！
⚠️ 第46天，村民1678缺水！
⚠️ 第46天，村民1679食物耗尽！
⚠️ 第46天，村民1679缺水！
⚠️ 第46天，村民1680食物耗尽！
⚠️ 第46天，村民1680缺水！
⚠️ 第46天，村民1681食物耗尽！
⚠️ 第46天，村民1681缺水！
⚠️ 第46天，村民1682食物耗尽！
⚠️ 第46天，村民1682缺水！
⚠️ 第46天，村民1683食物耗尽！
⚠️ 第46天，村民1683缺水！
⚠️ 第46天，村民1684食物耗尽！
⚠️ 第46天，村民1684缺水！
⚠️ 第46天，村民1685食物耗尽！
⚠️ 第46天，村民1685缺水！
⚠️ 第46天，村民1686食物耗尽！
⚠️ 第46天，村民1686缺水！
⚠️ 第46天，村民1687食物耗尽！
⚠️ 第46天，村民1687缺水！
⚠️ 第46天，村民1688食物耗尽！
⚠️ 第46天，村民1688缺水！
⚠️ 第46天，村民1689食物耗尽！
⚠️ 第46天，村民1689缺水！
⚠️ 第46天，村民1690食物耗尽！
⚠️ 第46天，村民1690缺水！
⚠️ 第46天，村民1691食物耗尽！
⚠️ 第46天，村民1691缺水！
⚠️ 第46天，村民1692食物耗尽！
⚠️ 第46天，村民1692缺水！
⚠️ 第46天，村民1693食物耗尽！
⚠️ 第46天，村民1693缺水！
⚠️ 第46天，村民1694食物耗尽！
⚠️ 第46天，村民1694缺水！
⚠️ 第46天，村民1695食物耗尽！
⚠️ 第46天，村民1695缺水！
⚠️ 第46天，村民1696食物耗尽！
⚠️ 第46天，村民1696缺水！
⚠️ 第46天，村民1697食物耗尽！
⚠️ 第46天，村民1697缺水！
⚠️ 第46天，村民1698食物耗尽！
⚠️ 第46天，村民1698缺水！
⚠️ 第46天，村民1699食物耗尽！
⚠️ 第46天，村民1699缺水！
⚠️ 第46天，村民1700食物耗尽！
⚠️ 第46天，村民1700缺水！
⚠️ 第46天，村民1701食物耗尽！
⚠️ 第46天，村民1701缺水！
⚠️ 第46天，村民1702食物耗尽！
⚠️ 第46天，村民1702缺水！
⚠️ 第46天，村民1703食物耗尽！
⚠️ 第46天，村民1703缺水！
⚠️ 第46天，村民1704食物耗尽！
⚠️ 第46天，村民1704缺水！
⚠️ 第46天，村民1705食物耗尽！
⚠️ 第46天，村民1705缺水！
⚠️ 第46天，村民1706食物耗尽！
⚠️ 第46天，村民1706缺水！
⚠️ 第46天，村民1707食物耗尽！
⚠️ 第46天，村民1707缺水！
⚠️ 第46天，村民1708食物耗尽！
⚠️ 第46天，村民1708缺水！
⚠️ 第46天，村民1709食物耗尽！
⚠️ 第46天，村民1709缺水！
⚠️ 第46天，村民1710食物耗尽！
⚠️ 第46天，村民1710缺水！
⚠️ 第46天，村民1711食物耗尽！
⚠️ 第46天，村民1711缺水！
⚠️ 第46天，村民1712食物耗尽！
⚠️ 第46天，村民1712缺水！
⚠️ 第46天，村民1713食物耗尽！
⚠️ 第46天，村民1713缺水！
⚠️ 第46天，村民1714食物耗尽！
⚠️ 第46天，村民1714缺水！
⚠️ 第46天，村民1715食物耗尽！
⚠️ 第46天，村民1715缺水！
⚠️ 第46天，村民1716食物耗尽！
⚠️ 第46天，村民1716缺水！
⚠️ 第46天，村民1717食物耗尽！
⚠️ 第46天，村民1717缺水！
⚠️ 第46天，村民1718食物耗尽！
⚠️ 第46天，村民1718缺水！
⚠️ 第46天，村民1719食物耗尽！
⚠️ 第46天，村民1719缺水！
⚠️ 第46天，村民1720食物耗尽！
⚠️ 第46天，村民1720缺水！
⚠️ 第46天，村民1721食物耗尽！
⚠️ 第46天，村民1721缺水！
⚠️ 第46天，村民1722食物耗尽！
⚠️ 第46天，村民1722缺水！
⚠️ 第46天，村民1723食物耗尽！
⚠️ 第46天，村民1723缺水！
⚠️ 第46天，村民1724食物耗尽！
⚠️ 第46天，村民1724缺水！
⚠️ 第46天，村民1725食物耗尽！
⚠️ 第46天，村民1725缺水！
⚠️ 第46天，村民1726食物耗尽！
⚠️ 第46天，村民1726缺水！
⚠️ 第46天，村民1727食物耗尽！
⚠️ 第46天，村民1727缺水！
⚠️ 第46天，村民1728食物耗尽！
⚠️ 第46天，村民1728缺水！
⚠️ 第46天，村民1729食物耗尽！
⚠️ 第46天，村民1729缺水！
⚠️ 第46天，村民1730食物耗尽！
⚠️ 第46天，村民1730缺水！
⚠️ 第46天，村民1731食物耗尽！
⚠️ 第46天，村民1731缺水！
⚠️ 第46天，村民1732食物耗尽！
⚠️ 第46天，村民1732缺水！
⚠️ 第46天，村民1733食物耗尽！
⚠️ 第46天，村民1733缺水！
⚠️ 第46天，村民1734食物耗尽！
⚠️ 第46天，村民1734缺水！
⚠️ 第46天，村民1735食物耗尽！
⚠️ 第46天，村民1735缺水！
⚠️ 第46天，村民1736食物耗尽！
⚠️ 第46天，村民1736缺水！
⚠️ 第46天，村民1737食物耗尽！
⚠️ 第46天，村民1737缺水！
⚠️ 第46天，村民1738食物耗尽！
⚠️ 第46天，村民1738缺水！
⚠️ 第46天，村民1739食物耗尽！
⚠️ 第46天，村民1739缺水！
⚠️ 第46天，村民1740食物耗尽！
⚠️ 第46天，村民1740缺水！
⚠️ 第46天，村民1741食物耗尽！
⚠️ 第46天，村民1741缺水！
⚠️ 第46天，村民1742食物耗尽！
⚠️ 第46天，村民1742缺水！
⚠️ 第46天，村民1743食物耗尽！
⚠️ 第46天，村民1743缺水！
⚠️ 第46天，村民1744食物耗尽！
⚠️ 第46天，村民1744缺水！
⚠️ 第46天，村民1745食物耗尽！
⚠️ 第46天，村民1745缺水！
⚠️ 第46天，村民1746食物耗尽！
⚠️ 第46天，村民1746缺水！
⚠️ 第46天，村民1747食物耗尽！
⚠️ 第46天，村民1747缺水！
⚠️ 第46天，村民1748食物耗尽！
⚠️ 第46天，村民1748缺水！
⚠️ 第46天，村民1749食物耗尽！
⚠️ 第46天，村民1749缺水！
⚠️ 第46天，村民1750食物耗尽！
⚠️ 第46天，村民1750缺水！
⚠️ 第46天，村民1751食物耗尽！
⚠️ 第46天，村民1751缺水！
⚠️ 第46天，村民1752食物耗尽！
⚠️ 第46天，村民1752缺水！
⚠️ 第46天，村民1753食物耗尽！
⚠️ 第46天，村民1753缺水！
⚠️ 第46天，村民1754食物耗尽！
⚠️ 第46天，村民1754缺水！
⚠️ 第46天，村民1755食物耗尽！
⚠️ 第46天，村民1755缺水！
⚠️ 第46天，村民1756食物耗尽！
⚠️ 第46天，村民1756缺水！
⚠️ 第46天，村民1757食物耗尽！
⚠️ 第46天，村民1757缺水！
⚠️ 第46天，村民1758食物耗尽！
⚠️ 第46天，村民1758缺水！
⚠️ 第46天，村民1759食物耗尽！
⚠️ 第46天，村民1759缺水！
⚠️ 第46天，村民1760食物耗尽！
⚠️ 第46天，村民1760缺水！
⚠️ 第46天，村民1761食物耗尽！
⚠️ 第46天，村民1761缺水！
⚠️ 第46天，村民1762食物耗尽！
⚠️ 第46天，村民1762缺水！
⚠️ 第46天，村民1763食物耗尽！
⚠️ 第46天，村民1763缺水！
⚠️ 第46天，村民1764食物耗尽！
⚠️ 第46天，村民1764缺水！
⚠️ 第46天，村民1765食物耗尽！
⚠️ 第46天，村民1765缺水！
⚠️ 第46天，村民1766食物耗尽！
⚠️ 第46天，村民1766缺水！
⚠️ 第46天，村民1767食物耗尽！
⚠️ 第46天，村民1767缺水！
⚠️ 第46天，村民1768食物耗尽！
⚠️ 第46天，村民1768缺水！
⚠️ 第46天，村民1769食物耗尽！
⚠️ 第46天，村民1769缺水！
⚠️ 第46天，村民1770食物耗尽！
⚠️ 第46天，村民1770缺水！
⚠️ 第46天，村民1771食物耗尽！
⚠️ 第46天，村民1771缺水！
⚠️ 第46天，村民1772食物耗尽！
⚠️ 第46天，村民1772缺水！
⚠️ 第46天，村民1773食物耗尽！
⚠️ 第46天，村民1773缺水！
⚠️ 第46天，村民1774食物耗尽！
⚠️ 第46天，村民1774缺水！
⚠️ 第46天，村民1775食物耗尽！
⚠️ 第46天，村民1775缺水！
⚠️ 第46天，村民1776食物耗尽！
⚠️ 第46天，村民1776缺水！
⚠️ 第46天，村民1777食物耗尽！
⚠️ 第46天，村民1777缺水！
⚠️ 第46天，村民1778食物耗尽！
⚠️ 第46天，村民1778缺水！
⚠️ 第46天，村民1779食物耗尽！
⚠️ 第46天，村民1779缺水！
⚠️ 第46天，村民1780食物耗尽！
⚠️ 第46天，村民1780缺水！
⚠️ 第46天，村民1781食物耗尽！
⚠️ 第46天，村民1781缺水！
⚠️ 第46天，村民1782食物耗尽！
⚠️ 第46天，村民1782缺水！
⚠️ 第46天，村民1783食物耗尽！
⚠️ 第46天，村民1783缺水！
⚠️ 第46天，村民1784食物耗尽！
⚠️ 第46天，村民1784缺水！
⚠️ 第46天，村民1785食物耗尽！
⚠️ 第46天，村民1785缺水！
⚠️ 第46天，村民1786食物耗尽！
⚠️ 第46天，村民1786缺水！
⚠️ 第46天，村民1787食物耗尽！
⚠️ 第46天，村民1787缺水！
⚠️ 第46天，村民1788食物耗尽！
⚠️ 第46天，村民1788缺水！
⚠️ 第46天，村民1789食物耗尽！
⚠️ 第46天，村民1789缺水！
⚠️ 第46天，村民1790食物耗尽！
⚠️ 第46天，村民1790缺水！
⚠️ 第46天，村民1791食物耗尽！
⚠️ 第46天，村民1791缺水！
⚠️ 第46天，村民1792食物耗尽！
⚠️ 第46天，村民1792缺水！
⚠️ 第46天，村民1793食物耗尽！
⚠️ 第46天，村民1793缺水！
⚠️ 第46天，村民1794食物耗尽！
⚠️ 第46天，村民1794缺水！
⚠️ 第46天，村民1795食物耗尽！
⚠️ 第46天，村民1795缺水！
⚠️ 第46天，村民1796食物耗尽！
⚠️ 第46天，村民1796缺水！
⚠️ 第46天，村民1797食物耗尽！
⚠️ 第46天，村民1797缺水！
⚠️ 第46天，村民1798食物耗尽！
⚠️ 第46天，村民1798缺水！
⚠️ 第46天，村民1799食物耗尽！
⚠️ 第46天，村民1799缺水！
⚠️ 第46天，村民1800食物耗尽！
⚠️ 第46天，村民1800缺水！
⚠️ 第46天，村民1801食物耗尽！
⚠️ 第46天，村民1801缺水！
⚠️ 第46天，村民1802食物耗尽！
⚠️ 第46天，村民1802缺水！
⚠️ 第46天，村民1803食物耗尽！
⚠️ 第46天，村民1803缺水！
⚠️ 第46天，村民1804食物耗尽！
⚠️ 第46天，村民1804缺水！
⚠️ 第46天，村民1805食物耗尽！
⚠️ 第46天，村民1805缺水！
⚠️ 第46天，村民1806食物耗尽！
⚠️ 第46天，村民1806缺水！
⚠️ 第46天，村民1807食物耗尽！
⚠️ 第46天，村民1807缺水！
⚠️ 第46天，村民1808食物耗尽！
⚠️ 第46天，村民1808缺水！
⚠️ 第46天，村民1809食物耗尽！
⚠️ 第46天，村民1809缺水！
⚠️ 第46天，村民1810食物耗尽！
⚠️ 第46天，村民1810缺水！
⚠️ 第46天，村民1811食物耗尽！
⚠️ 第46天，村民1811缺水！
⚠️ 第46天，村民1812食物耗尽！
⚠️ 第46天，村民1812缺水！
⚠️ 第46天，村民1813食物耗尽！
⚠️ 第46天，村民1813缺水！
⚠️ 第46天，村民1814食物耗尽！
⚠️ 第46天，村民1814缺水！
⚠️ 第46天，村民1815食物耗尽！
⚠️ 第46天，村民1815缺水！
⚠️ 第46天，村民1816食物耗尽！
⚠️ 第46天，村民1816缺水！
⚠️ 第46天，村民1817食物耗尽！
⚠️ 第46天，村民1817缺水！
⚠️ 第46天，村民1818食物耗尽！
⚠️ 第46天，村民1818缺水！
⚠️ 第46天，村民1819食物耗尽！
⚠️ 第46天，村民1819缺水！
⚠️ 第46天，村民1820食物耗尽！
⚠️ 第46天，村民1820缺水！
⚠️ 第46天，村民1821食物耗尽！
⚠️ 第46天，村民1821缺水！
⚠️ 第46天，村民1822食物耗尽！
⚠️ 第46天，村民1822缺水！
⚠️ 第46天，村民1823食物耗尽！
⚠️ 第46天，村民1823缺水！
⚠️ 第46天，村民1824食物耗尽！
⚠️ 第46天，村民1824缺水！
⚠️ 第46天，村民1825食物耗尽！
⚠️ 第46天，村民1825缺水！
⚠️ 第46天，村民1826食物耗尽！
⚠️ 第46天，村民1826缺水！
⚠️ 第46天，村民1827食物耗尽！
⚠️ 第46天，村民1827缺水！
⚠️ 第46天，村民1828食物耗尽！
⚠️ 第46天，村民1828缺水！
⚠️ 第46天，村民1829食物耗尽！
⚠️ 第46天，村民1829缺水！
⚠️ 第46天，村民1830食物耗尽！
⚠️ 第46天，村民1830缺水！
⚠️ 第46天，村民1831食物耗尽！
⚠️ 第46天，村民1831缺水！
⚠️ 第46天，村民1832食物耗尽！
⚠️ 第46天，村民1832缺水！
⚠️ 第46天，村民1833食物耗尽！
⚠️ 第46天，村民1833缺水！
⚠️ 第46天，村民1834食物耗尽！
⚠️ 第46天，村民1834缺水！
⚠️ 第46天，村民1835食物耗尽！
⚠️ 第46天，村民1835缺水！
⚠️ 第46天，村民1836食物耗尽！
⚠️ 第46天，村民1836缺水！
⚠️ 第46天，村民1837食物耗尽！
⚠️ 第46天，村民1837缺水！
⚠️ 第46天，村民1838食物耗尽！
⚠️ 第46天，村民1838缺水！
⚠️ 第46天，村民1839食物耗尽！
⚠️ 第46天，村民1839缺水！
⚠️ 第46天，村民1840食物耗尽！
⚠️ 第46天，村民1840缺水！
⚠️ 第46天，村民1841食物耗尽！
⚠️ 第46天，村民1841缺水！
⚠️ 第46天，村民1842食物耗尽！
⚠️ 第46天，村民1842缺水！
⚠️ 第46天，村民1843食物耗尽！
⚠️ 第46天，村民1843缺水！
⚠️ 第46天，村民1844食物耗尽！
⚠️ 第46天，村民1844缺水！
⚠️ 第46天，村民1845食物耗尽！
⚠️ 第46天，村民1845缺水！
⚠️ 第46天，村民1846食物耗尽！
⚠️ 第46天，村民1846缺水！
⚠️ 第46天，村民1847食物耗尽！
⚠️ 第46天，村民1847缺水！
⚠️ 第46天，村民1848食物耗尽！
⚠️ 第46天，村民1848缺水！
⚠️ 第46天，村民1849食物耗尽！
⚠️ 第46天，村民1849缺水！
⚠️ 第46天，村民1850食物耗尽！
⚠️ 第46天，村民1850缺水！
⚠️ 第46天，村民1851食物耗尽！
⚠️ 第46天，村民1851缺水！
⚠️ 第46天，村民1852食物耗尽！
⚠️ 第46天，村民1852缺水！
⚠️ 第46天，村民1853食物耗尽！
⚠️ 第46天，村民1853缺水！
⚠️ 第46天，村民1854食物耗尽！
⚠️ 第46天，村民1854缺水！
⚠️ 第46天，村民1855食物耗尽！
⚠️ 第46天，村民1855缺水！
⚠️ 第46天，村民1856食物耗尽！
⚠️ 第46天，村民1856缺水！
⚠️ 第46天，村民1857食物耗尽！
⚠️ 第46天，村民1857缺水！
⚠️ 第46天，村民1858食物耗尽！
⚠️ 第46天，村民1858缺水！
⚠️ 第46天，村民1859食物耗尽！
⚠️ 第46天，村民1859缺水！
⚠️ 第46天，村民1860食物耗尽！
⚠️ 第46天，村民1860缺水！
⚠️ 第46天，村民1861食物耗尽！
⚠️ 第46天，村民1861缺水！
⚠️ 第46天，村民1862食物耗尽！
⚠️ 第46天，村民1862缺水！
⚠️ 第46天，村民1863食物耗尽！
⚠️ 第46天，村民1863缺水！
⚠️ 第46天，村民1864食物耗尽！
⚠️ 第46天，村民1864缺水！
⚠️ 第46天，村民1865食物耗尽！
⚠️ 第46天，村民1865缺水！
⚠️ 第46天，村民1866食物耗尽！
⚠️ 第46天，村民1866缺水！
⚠️ 第46天，村民1867食物耗尽！
⚠️ 第46天，村民1867缺水！
⚠️ 第46天，村民1868食物耗尽！
⚠️ 第46天，村民1868缺水！
⚠️ 第46天，村民1869食物耗尽！
⚠️ 第46天，村民1869缺水！
⚠️ 第46天，村民1870食物耗尽！
⚠️ 第46天，村民1870缺水！
⚠️ 第46天，村民1871食物耗尽！
⚠️ 第46天，村民1871缺水！
⚠️ 第46天，村民1872食物耗尽！
⚠️ 第46天，村民1872缺水！
⚠️ 第46天，村民1873食物耗尽！
⚠️ 第46天，村民1873缺水！
⚠️ 第46天，村民1874食物耗尽！
⚠️ 第46天，村民1874缺水！
⚠️ 第46天，村民1875食物耗尽！
⚠️ 第46天，村民1875缺水！
⚠️ 第46天，村民1876食物耗尽！
⚠️ 第46天，村民1876缺水！
⚠️ 第46天，村民1877食物耗尽！
⚠️ 第46天，村民1877缺水！
⚠️ 第46天，村民1878食物耗尽！
⚠️ 第46天，村民1878缺水！
⚠️ 第46天，村民1879食物耗尽！
⚠️ 第46天，村民1879缺水！
⚠️ 第46天，村民1880食物耗尽！
⚠️ 第46天，村民1880缺水！
⚠️ 第46天，村民1881食物耗尽！
⚠️ 第46天，村民1881缺水！
⚠️ 第46天，村民1882食物耗尽！
⚠️ 第46天，村民1882缺水！
⚠️ 第46天，村民1883食物耗尽！
⚠️ 第46天，村民1883缺水！
⚠️ 第46天，村民1884食物耗尽！
⚠️ 第46天，村民1884缺水！
⚠️ 第46天，村民1885食物耗尽！
⚠️ 第46天，村民1885缺水！
⚠️ 第46天，村民1886食物耗尽！
⚠️ 第46天，村民1886缺水！
⚠️ 第46天，村民1887食物耗尽！
⚠️ 第46天，村民1887缺水！
⚠️ 第46天，村民1888食物耗尽！
⚠️ 第46天，村民1888缺水！
⚠️ 第46天，村民1889食物耗尽！
⚠️ 第46天，村民1889缺水！
⚠️ 第46天，村民1890食物耗尽！
⚠️ 第46天，村民1890缺水！
⚠️ 第46天，村民1891食物耗尽！
⚠️ 第46天，村民1891缺水！
⚠️ 第46天，村民1892食物耗尽！
⚠️ 第46天，村民1892缺水！
⚠️ 第46天，村民1893食物耗尽！
⚠️ 第46天，村民1893缺水！
⚠️ 第46天，村民1894食物耗尽！
⚠️ 第46天，村民1894缺水！
⚠️ 第46天，村民1895食物耗尽！
⚠️ 第46天，村民1895缺水！
⚠️ 第46天，村民1896食物耗尽！
⚠️ 第46天，村民1896缺水！
⚠️ 第46天，村民1897食物耗尽！
⚠️ 第46天，村民1897缺水！
⚠️ 第46天，村民1898食物耗尽！
⚠️ 第46天，村民1898缺水！
⚠️ 第46天，村民1899食物耗尽！
⚠️ 第46天，村民1899缺水！
⚠️ 第46天，村民1900食物耗尽！
⚠️ 第46天，村民1900缺水！
⚠️ 第46天，村民1901食物耗尽！
⚠️ 第46天，村民1901缺水！
⚠️ 第46天，村民1902食物耗尽！
⚠️ 第46天，村民1902缺水！
⚠️ 第46天，村民1903食物耗尽！
⚠️ 第46天，村民1903缺水！
⚠️ 第46天，村民1904食物耗尽！
⚠️ 第46天，村民1904缺水！
⚠️ 第46天，村民1905食物耗尽！
⚠️ 第46天，村民1905缺水！
⚠️ 第46天，村民1906食物耗尽！
⚠️ 第46天，村民1906缺水！
⚠️ 第46天，村民1907食物耗尽！
⚠️ 第46天，村民1907缺水！
⚠️ 第46天，村民1908食物耗尽！
⚠️ 第46天，村民1908缺水！
⚠️ 第46天，村民1909食物耗尽！
⚠️ 第46天，村民1909缺水！
⚠️ 第46天，村民1910食物耗尽！
⚠️ 第46天，村民1910缺水！
⚠️ 第46天，村民1911食物耗尽！
⚠️ 第46天，村民1911缺水！
⚠️ 第46天，村民1912食物耗尽！
⚠️ 第46天，村民1912缺水！
⚠️ 第46天，村民1913食物耗尽！
⚠️ 第46天，村民1913缺水！
⚠️ 第46天，村民1914食物耗尽！
⚠️ 第46天，村民1914缺水！
⚠️ 第46天，村民1915食物耗尽！
⚠️ 第46天，村民1915缺水！
⚠️ 第46天，村民1916食物耗尽！
⚠️ 第46天，村民1916缺水！
⚠️ 第46天，村民1917食物耗尽！
⚠️ 第46天，村民1917缺水！
⚠️ 第46天，村民1918食物耗尽！
⚠️ 第46天，村民1918缺水！
⚠️ 第46天，村民1919食物耗尽！
⚠️ 第46天，村民1919缺水！
⚠️ 第46天，村民1920食物耗尽！
⚠️ 第46天，村民1920缺水！
⚠️ 第46天，村民1921食物耗尽！
⚠️ 第46天，村民1921缺水！
⚠️ 第46天，村民1922食物耗尽！
⚠️ 第46天，村民1922缺水！
⚠️ 第46天，村民1923食物耗尽！
⚠️ 第46天，村民1923缺水！
⚠️ 第46天，村民1924食物耗尽！
⚠️ 第46天，村民1924缺水！
⚠️ 第46天，村民1925食物耗尽！
⚠️ 第46天，村民1925缺水！
⚠️ 第46天，村民1926食物耗尽！
⚠️ 第46天，村民1926缺水！
⚠️ 第46天，村民1927食物耗尽！
⚠️ 第46天，村民1927缺水！
⚠️ 第46天，村民1928食物耗尽！
⚠️ 第46天，村民1928缺水！
⚠️ 第46天，村民1929食物耗尽！
⚠️ 第46天，村民1929缺水！
⚠️ 第46天，村民1930食物耗尽！
⚠️ 第46天，村民1930缺水！
⚠️ 第46天，村民1931食物耗尽！
⚠️ 第46天，村民1931缺水！
⚠️ 第46天，村民1932食物耗尽！
⚠️ 第46天，村民1932缺水！
⚠️ 第46天，村民1933食物耗尽！
⚠️ 第46天，村民1933缺水！
⚠️ 第46天，村民1934食物耗尽！
⚠️ 第46天，村民1934缺水！
⚠️ 第46天，村民1935食物耗尽！
⚠️ 第46天，村民1935缺水！
⚠️ 第46天，村民1936食物耗尽！
⚠️ 第46天，村民1936缺水！
⚠️ 第46天，村民1937食物耗尽！
⚠️ 第46天，村民1937缺水！
⚠️ 第46天，村民1938食物耗尽！
⚠️ 第46天，村民1938缺水！
⚠️ 第46天，村民1939食物耗尽！
⚠️ 第46天，村民1939缺水！
⚠️ 第46天，村民1940食物耗尽！
⚠️ 第46天，村民1940缺水！
⚠️ 第46天，村民1941食物耗尽！
⚠️ 第46天，村民1941缺水！
⚠️ 第46天，村民1942食物耗尽！
⚠️ 第46天，村民1942缺水！
⚠️ 第46天，村民1943食物耗尽！
⚠️ 第46天，村民1943缺水！
⚠️ 第46天，村民1944食物耗尽！
⚠️ 第46天，村民1944缺水！
⚠️ 第46天，村民1945食物耗尽！
⚠️ 第46天，村民1945缺水！
⚠️ 第46天，村民1946食物耗尽！
⚠️ 第46天，村民1946缺水！
⚠️ 第46天，村民1947食物耗尽！
⚠️ 第46天，村民1947缺水！
⚠️ 第46天，村民1948食物耗尽！
⚠️ 第46天，村民1948缺水！
⚠️ 第46天，村民1949食物耗尽！
⚠️ 第46天，村民1949缺水！
⚠️ 第46天，村民1950食物耗尽！
⚠️ 第46天，村民1950缺水！
⚠️ 第46天，村民1951食物耗尽！
⚠️ 第46天，村民1951缺水！
⚠️ 第46天，村民1952食物耗尽！
⚠️ 第46天，村民1952缺水！
⚠️ 第46天，村民1953食物耗尽！
⚠️ 第46天，村民1953缺水！
⚠️ 第46天，村民1954食物耗尽！
⚠️ 第46天，村民1954缺水！
⚠️ 第46天，村民1955食物耗尽！
⚠️ 第46天，村民1955缺水！
⚠️ 第46天，村民1956食物耗尽！
⚠️ 第46天，村民1956缺水！
⚠️ 第46天，村民1957食物耗尽！
⚠️ 第46天，村民1957缺水！
⚠️ 第46天，村民1958食物耗尽！
⚠️ 第46天，村民1958缺水！
⚠️ 第46天，村民1959食物耗尽！
⚠️ 第46天，村民1959缺水！
⚠️ 第46天，村民1960食物耗尽！
⚠️ 第46天，村民1960缺水！
⚠️ 第46天，村民1961食物耗尽！
⚠️ 第46天，村民1961缺水！
⚠️ 第46天，村民1962食物耗尽！
⚠️ 第46天，村民1962缺水！
⚠️ 第46天，村民1963食物耗尽！
⚠️ 第46天，村民1963缺水！
⚠️ 第46天，村民1964食物耗尽！
⚠️ 第46天，村民1964缺水！
⚠️ 第46天，村民1965食物耗尽！
⚠️ 第46天，村民1965缺水！
⚠️ 第46天，村民1966食物耗尽！
⚠️ 第46天，村民1966缺水！
⚠️ 第46天，村民1967食物耗尽！
⚠️ 第46天，村民1967缺水！
⚠️ 第46天，村民1968食物耗尽！
⚠️ 第46天，村民1968缺水！
⚠️ 第46天，村民1969食物耗尽！
⚠️ 第46天，村民1969缺水！
⚠️ 第46天，村民1970食物耗尽！
⚠️ 第46天，村民1970缺水！
⚠️ 第46天，村民1971食物耗尽！
⚠️ 第46天，村民1971缺水！
⚠️ 第46天，村民1972食物耗尽！
⚠️ 第46天，村民1972缺水！
⚠️ 第46天，村民1973食物耗尽！
⚠️ 第46天，村民1973缺水！
⚠️ 第46天，村民1974食物耗尽！
⚠️ 第46天，村民1974缺水！
⚠️ 第46天，村民1975食物耗尽！
⚠️ 第46天，村民1975缺水！
⚠️ 第46天，村民1976食物耗尽！
⚠️ 第46天，村民1976缺水！
⚠️ 第46天，村民1977食物耗尽！
⚠️ 第46天，村民1977缺水！
⚠️ 第46天，村民1978食物耗尽！
⚠️ 第46天，村民1978缺水！
⚠️ 第46天，村民1979食物耗尽！
⚠️ 第46天，村民1979缺水！
⚠️ 第46天，村民1980食物耗尽！
⚠️ 第46天，村民1980缺水！
⚠️ 第46天，村民1981食物耗尽！
⚠️ 第46天，村民1981缺水！
⚠️ 第46天，村民1982食物耗尽！
⚠️ 第46天，村民1982缺水！
⚠️ 第46天，村民1983食物耗尽！
⚠️ 第46天，村民1983缺水！
⚠️ 第46天，村民1984食物耗尽！
⚠️ 第46天，村民1984缺水！
⚠️ 第46天，村民1985食物耗尽！
⚠️ 第46天，村民1985缺水！
⚠️ 第46天，村民1986食物耗尽！
⚠️ 第46天，村民1986缺水！
⚠️ 第46天，村民1987食物耗尽！
⚠️ 第46天，村民1987缺水！
⚠️ 第46天，村民1988食物耗尽！
⚠️ 第46天，村民1988缺水！
⚠️ 第46天，村民1989食物耗尽！
⚠️ 第46天，村民1989缺水！
⚠️ 第46天，村民1990食物耗尽！
⚠️ 第46天，村民1990缺水！
⚠️ 第46天，村民1991食物耗尽！
⚠️ 第46天，村民1991缺水！
⚠️ 第46天，村民1992食物耗尽！
⚠️ 第46天，村民1992缺水！
⚠️ 第46天，村民1993食物耗尽！
⚠️ 第46天，村民1993缺水！
⚠️ 第46天，村民1994食物耗尽！
⚠️ 第46天，村民1994缺水！
⚠️ 第46天，村民1995食物耗尽！
⚠️ 第46天，村民1995缺水！
⚠️ 第46天，村民1996食物耗尽！
⚠️ 第46天，村民1996缺水！
⚠️ 第46天，村民1997食物耗尽！
⚠️ 第46天，村民1997缺水！
⚠️ 第46天，村民1998食物耗尽！
⚠️ 第46天，村民1998缺水！
⚠️ 第46天，村民1999食物耗尽！
⚠️ 第46天，村民1999缺水！
⚠️ 第46天，村民2000食物耗尽！
⚠️ 第46天，村民2000缺水！
📊 第47天结束：当前村庄共有 2000 人存活。
⚠️ 第47天，村民1食物耗尽！
⚠️ 第47天，村民1缺水！
⚠️ 第47天，村民2食物耗尽！
⚠️ 第47天，村民2缺水！
⚠️ 第47天，村民3食物耗尽！
⚠️ 第47天，村民3缺水！
⚠️ 第47天，村民4食物耗尽！
⚠️ 第47天，村民4缺水！
⚠️ 第47天，村民5食物耗尽！
⚠️ 第47天，村民5缺水！
⚠️ 第47天，村民6食物耗尽！
⚠️ 第47天，村民6缺水！
⚠️ 第47天，村民7食物耗尽！
⚠️ 第47天，村民7缺水！
⚠️ 第47天，村民8食物耗尽！
⚠️ 第47天，村民8缺水！
⚠️ 第47天，村民9食物耗尽！
⚠️ 第47天，村民9缺水！
⚠️ 第47天，村民10食物耗尽！
⚠️ 第47天，村民10缺水！
⚠️ 第47天，村民11食物耗尽！
⚠️ 第47天，村民11缺水！
⚠️ 第47天，村民12食物耗尽！
⚠️ 第47天，村民12缺水！
⚠️ 第47天，村民13食物耗尽！
⚠️ 第47天，村民13缺水！
⚠️ 第47天，村民14食物耗尽！
⚠️ 第47天，村民14缺水！
⚠️ 第47天，村民15食物耗尽！
⚠️ 第47天，村民15缺水！
⚠️ 第47天，村民16食物耗尽！
⚠️ 第47天，村民16缺水！
⚠️ 第47天，村民17食物耗尽！
⚠️ 第47天，村民17缺水！
⚠️ 第47天，村民18食物耗尽！
⚠️ 第47天，村民18缺水！
⚠️ 第47天，村民19食物耗尽！
⚠️ 第47天，村民19缺水！
⚠️ 第47天，村民20食物耗尽！
⚠️ 第47天，村民20缺水！
⚠️ 第47天，村民21食物耗尽！
⚠️ 第47天，村民21缺水！
⚠️ 第47天，村民22食物耗尽！
⚠️ 第47天，村民22缺水！
⚠️ 第47天，村民23食物耗尽！
⚠️ 第47天，村民23缺水！
⚠️ 第47天，村民24食物耗尽！
⚠️ 第47天，村民24缺水！
⚠️ 第47天，村民25食物耗尽！
⚠️ 第47天，村民25缺水！
⚠️ 第47天，村民26食物耗尽！
⚠️ 第47天，村民26缺水！
⚠️ 第47天，村民27食物耗尽！
⚠️ 第47天，村民27缺水！
⚠️ 第47天，村民28食物耗尽！
⚠️ 第47天，村民28缺水！
⚠️ 第47天，村民29食物耗尽！
⚠️ 第47天，村民29缺水！
⚠️ 第47天，村民30食物耗尽！
⚠️ 第47天，村民30缺水！
⚠️ 第47天，村民31食物耗尽！
⚠️ 第47天，村民31缺水！
⚠️ 第47天，村民32食物耗尽！
⚠️ 第47天，村民32缺水！
⚠️ 第47天，村民33食物耗尽！
⚠️ 第47天，村民33缺水！
⚠️ 第47天，村民34食物耗尽！
⚠️ 第47天，村民34缺水！
⚠️ 第47天，村民35食物耗尽！
⚠️ 第47天，村民35缺水！
⚠️ 第47天，村民36食物耗尽！
⚠️ 第47天，村民36缺水！
⚠️ 第47天，村民37食物耗尽！
⚠️ 第47天，村民37缺水！
⚠️ 第47天，村民38食物耗尽！
⚠️ 第47天，村民38缺水！
⚠️ 第47天，村民39食物耗尽！
⚠️ 第47天，村民39缺水！
⚠️ 第47天，村民40食物耗尽！
⚠️ 第47天，村民40缺水！
⚠️ 第47天，村民41食物耗尽！
⚠️ 第47天，村民41缺水！
⚠️ 第47天，村民42食物耗尽！
⚠️ 第47天，村民42缺水！
⚠️ 第47天，村民43食物耗尽！
⚠️ 第47天，村民43缺水！
⚠️ 第47天，村民44食物耗尽！
⚠️ 第47天，村民44缺水！
⚠️ 第47天，村民45食物耗尽！
⚠️ 第47天，村民45缺水！
⚠️ 第47天，村民46食物耗尽！
⚠️ 第47天，村民46缺水！
⚠️ 第47天，村民47食物耗尽！
⚠️ 第47天，村民47缺水！
⚠️ 第47天，村民48食物耗尽！
⚠️ 第47天，村民48缺水！
⚠️ 第47天，村民49食物耗尽！
⚠️ 第47天，村民49缺水！
⚠️ 第47天，村民50食物耗尽！
⚠️ 第47天，村民50缺水！
⚠️ 第47天，村民51食物耗尽！
⚠️ 第47天，村民51缺水！
⚠️ 第47天，村民52食物耗尽！
⚠️ 第47天，村民52缺水！
⚠️ 第47天，村民53食物耗尽！
⚠️ 第47天，村民53缺水！
⚠️ 第47天，村民54食物耗尽！
⚠️ 第47天，村民54缺水！
⚠️ 第47天，村民55食物耗尽！
⚠️ 第47天，村民55缺水！
⚠️ 第47天，村民56食物耗尽！
⚠️ 第47天，村民56缺水！
⚠️ 第47天，村民57食物耗尽！
⚠️ 第47天，村民57缺水！
⚠️ 第47天，村民58食物耗尽！
⚠️ 第47天，村民58缺水！
⚠️ 第47天，村民59食物耗尽！
⚠️ 第47天，村民59缺水！
⚠️ 第47天，村民60食物耗尽！
⚠️ 第47天，村民60缺水！
⚠️ 第47天，村民61食物耗尽！
⚠️ 第47天，村民61缺水！
⚠️ 第47天，村民62食物耗尽！
⚠️ 第47天，村民62缺水！
⚠️ 第47天，村民63食物耗尽！
⚠️ 第47天，村民63缺水！
⚠️ 第47天，村民64食物耗尽！
⚠️ 第47天，村民64缺水！
⚠️ 第47天，村民65食物耗尽！
⚠️ 第47天，村民65缺水！
⚠️ 第47天，村民66食物耗尽！
⚠️ 第47天，村民66缺水！
⚠️ 第47天，村民67食物耗尽！
⚠️ 第47天，村民67缺水！
⚠️ 第47天，村民68食物耗尽！
⚠️ 第47天，村民68缺水！
⚠️ 第47天，村民69食物耗尽！
⚠️ 第47天，村民69缺水！
⚠️ 第47天，村民70食物耗尽！
⚠️ 第47天，村民70缺水！
⚠️ 第47天，村民71食物耗尽！
⚠️ 第47天，村民71缺水！
⚠️ 第47天，村民72食物耗尽！
⚠️ 第47天，村民72缺水！
⚠️ 第47天，村民73食物耗尽！
⚠️ 第47天，村民73缺水！
⚠️ 第47天，村民74食物耗尽！
⚠️ 第47天，村民74缺水！
⚠️ 第47天，村民75食物耗尽！
⚠️ 第47天，村民75缺水！
⚠️ 第47天，村民76食物耗尽！
⚠️ 第47天，村民76缺水！
⚠️ 第47天，村民77食物耗尽！
⚠️ 第47天，村民77缺水！
⚠️ 第47天，村民78食物耗尽！
⚠️ 第47天，村民78缺水！
⚠️ 第47天，村民79食物耗尽！
⚠️ 第47天，村民79缺水！
⚠️ 第47天，村民80食物耗尽！
⚠️ 第47天，村民80缺水！
⚠️ 第47天，村民81食物耗尽！
⚠️ 第47天，村民81缺水！
⚠️ 第47天，村民82食物耗尽！
⚠️ 第47天，村民82缺水！
⚠️ 第47天，村民83食物耗尽！
⚠️ 第47天，村民83缺水！
⚠️ 第47天，村民84食物耗尽！
⚠️ 第47天，村民84缺水！
⚠️ 第47天，村民85食物耗尽！
⚠️ 第47天，村民85缺水！
⚠️ 第47天，村民86食物耗尽！
⚠️ 第47天，村民86缺水！
⚠️ 第47天，村民87食物耗尽！
⚠️ 第47天，村民87缺水！
⚠️ 第47天，村民88食物耗尽！
⚠️ 第47天，村民88缺水！
⚠️ 第47天，村民89食物耗尽！
⚠️ 第47天，村民89缺水！
⚠️ 第47天，村民90食物耗尽！
⚠️ 第47天，村民90缺水！
⚠️ 第47天，村民91食物耗尽！
⚠️ 第47天，村民91缺水！
⚠️ 第47天，村民92食物耗尽！
⚠️ 第47天，村民92缺水！
⚠️ 第47天，村民93食物耗尽！
⚠️ 第47天，村民93缺水！
⚠️ 第47天，村民94食物耗尽！
⚠️ 第47天，村民94缺水！
⚠️ 第47天，村民95食物耗尽！
⚠️ 第47天，村民95缺水！
⚠️ 第47天，村民96食物耗尽！
⚠️ 第47天，村民96缺水！
⚠️ 第47天，村民97食物耗尽！
⚠️ 第47天，村民97缺水！
⚠️ 第47天，村民98食物耗尽！
⚠️ 第47天，村民98缺水！
⚠️ 第47天，村民99食物耗尽！
⚠️ 第47天，村民99缺水！
⚠️ 第47天，村民100食物耗尽！
⚠️ 第47天，村民100缺水！
⚠️ 第47天，村民101食物耗尽！
⚠️ 第47天，村民101缺水！
⚠️ 第47天，村民102食物耗尽！
⚠️ 第47天，村民102缺水！
⚠️ 第47天，村民103食物耗尽！
⚠️ 第47天，村民103缺水！
⚠️ 第47天，村民104食物耗尽！
⚠️ 第47天，村民104缺水！
⚠️ 第47天，村民105食物耗尽！
⚠️ 第47天，村民105缺水！
⚠️ 第47天，村民106食物耗尽！
⚠️ 第47天，村民106缺水！
⚠️ 第47天，村民107食物耗尽！
⚠️ 第47天，村民107缺水！
⚠️ 第47天，村民108食物耗尽！
⚠️ 第47天，村民108缺水！
⚠️ 第47天，村民109食物耗尽！
⚠️ 第47天，村民109缺水！
⚠️ 第47天，村民110食物耗尽！
⚠️ 第47天，村民110缺水！
⚠️ 第47天，村民111食物耗尽！
⚠️ 第47天，村民111缺水！
⚠️ 第47天，村民112食物耗尽！
⚠️ 第47天，村民112缺水！
⚠️ 第47天，村民113食物耗尽！
⚠️ 第47天，村民113缺水！
⚠️ 第47天，村民114食物耗尽！
⚠️ 第47天，村民114缺水！
⚠️ 第47天，村民115食物耗尽！
⚠️ 第47天，村民115缺水！
⚠️ 第47天，村民116食物耗尽！
⚠️ 第47天，村民116缺水！
⚠️ 第47天，村民117食物耗尽！
⚠️ 第47天，村民117缺水！
⚠️ 第47天，村民118食物耗尽！
⚠️ 第47天，村民118缺水！
⚠️ 第47天，村民119食物耗尽！
⚠️ 第47天，村民119缺水！
⚠️ 第47天，村民120食物耗尽！
⚠️ 第47天，村民120缺水！
⚠️ 第47天，村民121食物耗尽！
⚠️ 第47天，村民121缺水！
⚠️ 第47天，村民122食物耗尽！
⚠️ 第47天，村民122缺水！
⚠️ 第47天，村民123食物耗尽！
⚠️ 第47天，村民123缺水！
⚠️ 第47天，村民124食物耗尽！
⚠️ 第47天，村民124缺水！
⚠️ 第47天，村民125食物耗尽！
⚠️ 第47天，村民125缺水！
⚠️ 第47天，村民126食物耗尽！
⚠️ 第47天，村民126缺水！
⚠️ 第47天，村民127食物耗尽！
⚠️ 第47天，村民127缺水！
⚠️ 第47天，村民128食物耗尽！
⚠️ 第47天，村民128缺水！
⚠️ 第47天，村民129食物耗尽！
⚠️ 第47天，村民129缺水！
⚠️ 第47天，村民130食物耗尽！
⚠️ 第47天，村民130缺水！
⚠️ 第47天，村民131食物耗尽！
⚠️ 第47天，村民131缺水！
⚠️ 第47天，村民132食物耗尽！
⚠️ 第47天，村民132缺水！
⚠️ 第47天，村民133食物耗尽！
⚠️ 第47天，村民133缺水！
⚠️ 第47天，村民134食物耗尽！
⚠️ 第47天，村民134缺水！
⚠️ 第47天，村民135食物耗尽！
⚠️ 第47天，村民135缺水！
⚠️ 第47天，村民136食物耗尽！
⚠️ 第47天，村民136缺水！
⚠️ 第47天，村民137食物耗尽！
⚠️ 第47天，村民137缺水！
⚠️ 第47天，村民138食物耗尽！
⚠️ 第47天，村民138缺水！
⚠️ 第47天，村民139食物耗尽！
⚠️ 第47天，村民139缺水！
⚠️ 第47天，村民140食物耗尽！
⚠️ 第47天，村民140缺水！
⚠️ 第47天，村民141食物耗尽！
⚠️ 第47天，村民141缺水！
⚠️ 第47天，村民142食物耗尽！
⚠️ 第47天，村民142缺水！
⚠️ 第47天，村民143食物耗尽！
⚠️ 第47天，村民143缺水！
⚠️ 第47天，村民144食物耗尽！
⚠️ 第47天，村民144缺水！
⚠️ 第47天，村民145食物耗尽！
⚠️ 第47天，村民145缺水！
⚠️ 第47天，村民146食物耗尽！
⚠️ 第47天，村民146缺水！
⚠️ 第47天，村民147食物耗尽！
⚠️ 第47天，村民147缺水！
⚠️ 第47天，村民148食物耗尽！
⚠️ 第47天，村民148缺水！
⚠️ 第47天，村民149食物耗尽！
⚠️ 第47天，村民149缺水！
⚠️ 第47天，村民150食物耗尽！
⚠️ 第47天，村民150缺水！
⚠️ 第47天，村民151食物耗尽！
⚠️ 第47天，村民151缺水！
⚠️ 第47天，村民152食物耗尽！
⚠️ 第47天，村民152缺水！
⚠️ 第47天，村民153食物耗尽！
⚠️ 第47天，村民153缺水！
⚠️ 第47天，村民154食物耗尽！
⚠️ 第47天，村民154缺水！
⚠️ 第47天，村民155食物耗尽！
⚠️ 第47天，村民155缺水！
⚠️ 第47天，村民156食物耗尽！
⚠️ 第47天，村民156缺水！
⚠️ 第47天，村民157食物耗尽！
⚠️ 第47天，村民157缺水！
⚠️ 第47天，村民158食物耗尽！
⚠️ 第47天，村民158缺水！
⚠️ 第47天，村民159食物耗尽！
⚠️ 第47天，村民159缺水！
⚠️ 第47天，村民160食物耗尽！
⚠️ 第47天，村民160缺水！
⚠️ 第47天，村民161食物耗尽！
⚠️ 第47天，村民161缺水！
⚠️ 第47天，村民162食物耗尽！
⚠️ 第47天，村民162缺水！
⚠️ 第47天，村民163食物耗尽！
⚠️ 第47天，村民163缺水！
⚠️ 第47天，村民164食物耗尽！
⚠️ 第47天，村民164缺水！
⚠️ 第47天，村民165食物耗尽！
⚠️ 第47天，村民165缺水！
⚠️ 第47天，村民166食物耗尽！
⚠️ 第47天，村民166缺水！
⚠️ 第47天，村民167食物耗尽！
⚠️ 第47天，村民167缺水！
⚠️ 第47天，村民168食物耗尽！
⚠️ 第47天，村民168缺水！
⚠️ 第47天，村民169食物耗尽！
⚠️ 第47天，村民169缺水！
⚠️ 第47天，村民170食物耗尽！
⚠️ 第47天，村民170缺水！
⚠️ 第47天，村民171食物耗尽！
⚠️ 第47天，村民171缺水！
⚠️ 第47天，村民172食物耗尽！
⚠️ 第47天，村民172缺水！
⚠️ 第47天，村民173食物耗尽！
⚠️ 第47天，村民173缺水！
⚠️ 第47天，村民174食物耗尽！
⚠️ 第47天，村民174缺水！
⚠️ 第47天，村民175食物耗尽！
⚠️ 第47天，村民175缺水！
⚠️ 第47天，村民176食物耗尽！
⚠️ 第47天，村民176缺水！
⚠️ 第47天，村民177食物耗尽！
⚠️ 第47天，村民177缺水！
⚠️ 第47天，村民178食物耗尽！
⚠️ 第47天，村民178缺水！
⚠️ 第47天，村民179食物耗尽！
⚠️ 第47天，村民179缺水！
⚠️ 第47天，村民180食物耗尽！
⚠️ 第47天，村民180缺水！
⚠️ 第47天，村民181食物耗尽！
⚠️ 第47天，村民181缺水！
⚠️ 第47天，村民182食物耗尽！
⚠️ 第47天，村民182缺水！
⚠️ 第47天，村民183食物耗尽！
⚠️ 第47天，村民183缺水！
⚠️ 第47天，村民184食物耗尽！
⚠️ 第47天，村民184缺水！
⚠️ 第47天，村民185食物耗尽！
⚠️ 第47天，村民185缺水！
⚠️ 第47天，村民186食物耗尽！
⚠️ 第47天，村民186缺水！
⚠️ 第47天，村民187食物耗尽！
⚠️ 第47天，村民187缺水！
⚠️ 第47天，村民188食物耗尽！
⚠️ 第47天，村民188缺水！
⚠️ 第47天，村民189食物耗尽！
⚠️ 第47天，村民189缺水！
⚠️ 第47天，村民190食物耗尽！
⚠️ 第47天，村民190缺水！
⚠️ 第47天，村民191食物耗尽！
⚠️ 第47天，村民191缺水！
⚠️ 第47天，村民192食物耗尽！
⚠️ 第47天，村民192缺水！
⚠️ 第47天，村民193食物耗尽！
⚠️ 第47天，村民193缺水！
⚠️ 第47天，村民194食物耗尽！
⚠️ 第47天，村民194缺水！
⚠️ 第47天，村民195食物耗尽！
⚠️ 第47天，村民195缺水！
⚠️ 第47天，村民196食物耗尽！
⚠️ 第47天，村民196缺水！
⚠️ 第47天，村民197食物耗尽！
⚠️ 第47天，村民197缺水！
⚠️ 第47天，村民198食物耗尽！
⚠️ 第47天，村民198缺水！
⚠️ 第47天，村民199食物耗尽！
⚠️ 第47天，村民199缺水！
⚠️ 第47天，村民200食物耗尽！
⚠️ 第47天，村民200缺水！
⚠️ 第47天，村民201食物耗尽！
⚠️ 第47天，村民201缺水！
⚠️ 第47天，村民202食物耗尽！
⚠️ 第47天，村民202缺水！
⚠️ 第47天，村民203食物耗尽！
⚠️ 第47天，村民203缺水！
⚠️ 第47天，村民204食物耗尽！
⚠️ 第47天，村民204缺水！
⚠️ 第47天，村民205食物耗尽！
⚠️ 第47天，村民205缺水！
⚠️ 第47天，村民206食物耗尽！
⚠️ 第47天，村民206缺水！
⚠️ 第47天，村民207食物耗尽！
⚠️ 第47天，村民207缺水！
⚠️ 第47天，村民208食物耗尽！
⚠️ 第47天，村民208缺水！
⚠️ 第47天，村民209食物耗尽！
⚠️ 第47天，村民209缺水！
⚠️ 第47天，村民210食物耗尽！
⚠️ 第47天，村民210缺水！
⚠️ 第47天，村民211食物耗尽！
⚠️ 第47天，村民211缺水！
⚠️ 第47天，村民212食物耗尽！
⚠️ 第47天，村民212缺水！
⚠️ 第47天，村民213食物耗尽！
⚠️ 第47天，村民213缺水！
⚠️ 第47天，村民214食物耗尽！
⚠️ 第47天，村民214缺水！
⚠️ 第47天，村民215食物耗尽！
⚠️ 第47天，村民215缺水！
⚠️ 第47天，村民216食物耗尽！
⚠️ 第47天，村民216缺水！
⚠️ 第47天，村民217食物耗尽！
⚠️ 第47天，村民217缺水！
⚠️ 第47天，村民218食物耗尽！
⚠️ 第47天，村民218缺水！
⚠️ 第47天，村民219食物耗尽！
⚠️ 第47天，村民219缺水！
⚠️ 第47天，村民220食物耗尽！
⚠️ 第47天，村民220缺水！
⚠️ 第47天，村民221食物耗尽！
⚠️ 第47天，村民221缺水！
⚠️ 第47天，村民222食物耗尽！
⚠️ 第47天，村民222缺水！
⚠️ 第47天，村民223食物耗尽！
⚠️ 第47天，村民223缺水！
⚠️ 第47天，村民224食物耗尽！
⚠️ 第47天，村民224缺水！
⚠️ 第47天，村民225食物耗尽！
⚠️ 第47天，村民225缺水！
⚠️ 第47天，村民226食物耗尽！
⚠️ 第47天，村民226缺水！
⚠️ 第47天，村民227食物耗尽！
⚠️ 第47天，村民227缺水！
⚠️ 第47天，村民228食物耗尽！
⚠️ 第47天，村民228缺水！
⚠️ 第47天，村民229食物耗尽！
⚠️ 第47天，村民229缺水！
⚠️ 第47天，村民230食物耗尽！
⚠️ 第47天，村民230缺水！
⚠️ 第47天，村民231食物耗尽！
⚠️ 第47天，村民231缺水！
⚠️ 第47天，村民232食物耗尽！
⚠️ 第47天，村民232缺水！
⚠️ 第47天，村民233食物耗尽！
⚠️ 第47天，村民233缺水！
⚠️ 第47天，村民234食物耗尽！
⚠️ 第47天，村民234缺水！
⚠️ 第47天，村民235食物耗尽！
⚠️ 第47天，村民235缺水！
⚠️ 第47天，村民236食物耗尽！
⚠️ 第47天，村民236缺水！
⚠️ 第47天，村民237食物耗尽！
⚠️ 第47天，村民237缺水！
⚠️ 第47天，村民238食物耗尽！
⚠️ 第47天，村民238缺水！
⚠️ 第47天，村民239食物耗尽！
⚠️ 第47天，村民239缺水！
⚠️ 第47天，村民240食物耗尽！
⚠️ 第47天，村民240缺水！
⚠️ 第47天，村民241食物耗尽！
⚠️ 第47天，村民241缺水！
⚠️ 第47天，村民242食物耗尽！
⚠️ 第47天，村民242缺水！
⚠️ 第47天，村民243食物耗尽！
⚠️ 第47天，村民243缺水！
⚠️ 第47天，村民244食物耗尽！
⚠️ 第47天，村民244缺水！
⚠️ 第47天，村民245食物耗尽！
⚠️ 第47天，村民245缺水！
⚠️ 第47天，村民246食物耗尽！
⚠️ 第47天，村民246缺水！
⚠️ 第47天，村民247食物耗尽！
⚠️ 第47天，村民247缺水！
⚠️ 第47天，村民248食物耗尽！
⚠️ 第47天，村民248缺水！
⚠️ 第47天，村民249食物耗尽！
⚠️ 第47天，村民249缺水！
⚠️ 第47天，村民250食物耗尽！
⚠️ 第47天，村民250缺水！
⚠️ 第47天，村民251食物耗尽！
⚠️ 第47天，村民251缺水！
⚠️ 第47天，村民252食物耗尽！
⚠️ 第47天，村民252缺水！
⚠️ 第47天，村民253食物耗尽！
⚠️ 第47天，村民253缺水！
⚠️ 第47天，村民254食物耗尽！
⚠️ 第47天，村民254缺水！
⚠️ 第47天，村民255食物耗尽！
⚠️ 第47天，村民255缺水！
⚠️ 第47天，村民256食物耗尽！
⚠️ 第47天，村民256缺水！
⚠️ 第47天，村民257食物耗尽！
⚠️ 第47天，村民257缺水！
⚠️ 第47天，村民258食物耗尽！
⚠️ 第47天，村民258缺水！
⚠️ 第47天，村民259食物耗尽！
⚠️ 第47天，村民259缺水！
⚠️ 第47天，村民260食物耗尽！
⚠️ 第47天，村民260缺水！
⚠️ 第47天，村民261食物耗尽！
⚠️ 第47天，村民261缺水！
⚠️ 第47天，村民262食物耗尽！
⚠️ 第47天，村民262缺水！
⚠️ 第47天，村民263食物耗尽！
⚠️ 第47天，村民263缺水！
⚠️ 第47天，村民264食物耗尽！
⚠️ 第47天，村民264缺水！
⚠️ 第47天，村民265食物耗尽！
⚠️ 第47天，村民265缺水！
⚠️ 第47天，村民266食物耗尽！
⚠️ 第47天，村民266缺水！
⚠️ 第47天，村民267食物耗尽！
⚠️ 第47天，村民267缺水！
⚠️ 第47天，村民268食物耗尽！
⚠️ 第47天，村民268缺水！
⚠️ 第47天，村民269食物耗尽！
⚠️ 第47天，村民269缺水！
⚠️ 第47天，村民270食物耗尽！
⚠️ 第47天，村民270缺水！
⚠️ 第47天，村民271食物耗尽！
⚠️ 第47天，村民271缺水！
⚠️ 第47天，村民272食物耗尽！
⚠️ 第47天，村民272缺水！
⚠️ 第47天，村民273食物耗尽！
⚠️ 第47天，村民273缺水！
⚠️ 第47天，村民274食物耗尽！
⚠️ 第47天，村民274缺水！
⚠️ 第47天，村民275食物耗尽！
⚠️ 第47天，村民275缺水！
⚠️ 第47天，村民276食物耗尽！
⚠️ 第47天，村民276缺水！
⚠️ 第47天，村民277食物耗尽！
⚠️ 第47天，村民277缺水！
⚠️ 第47天，村民278食物耗尽！
⚠️ 第47天，村民278缺水！
⚠️ 第47天，村民279食物耗尽！
⚠️ 第47天，村民279缺水！
⚠️ 第47天，村民280食物耗尽！
⚠️ 第47天，村民280缺水！
⚠️ 第47天，村民281食物耗尽！
⚠️ 第47天，村民281缺水！
⚠️ 第47天，村民282食物耗尽！
⚠️ 第47天，村民282缺水！
⚠️ 第47天，村民283食物耗尽！
⚠️ 第47天，村民283缺水！
⚠️ 第47天，村民284食物耗尽！
⚠️ 第47天，村民284缺水！
⚠️ 第47天，村民285食物耗尽！
⚠️ 第47天，村民285缺水！
⚠️ 第47天，村民286食物耗尽！
⚠️ 第47天，村民286缺水！
⚠️ 第47天，村民287食物耗尽！
⚠️ 第47天，村民287缺水！
⚠️ 第47天，村民288食物耗尽！
⚠️ 第47天，村民288缺水！
⚠️ 第47天，村民289食物耗尽！
⚠️ 第47天，村民289缺水！
⚠️ 第47天，村民290食物耗尽！
⚠️ 第47天，村民290缺水！
⚠️ 第47天，村民291食物耗尽！
⚠️ 第47天，村民291缺水！
⚠️ 第47天，村民292食物耗尽！
⚠️ 第47天，村民292缺水！
⚠️ 第47天，村民293食物耗尽！
⚠️ 第47天，村民293缺水！
⚠️ 第47天，村民294食物耗尽！
⚠️ 第47天，村民294缺水！
⚠️ 第47天，村民295食物耗尽！
⚠️ 第47天，村民295缺水！
⚠️ 第47天，村民296食物耗尽！
⚠️ 第47天，村民296缺水！
⚠️ 第47天，村民297食物耗尽！
⚠️ 第47天，村民297缺水！
⚠️ 第47天，村民298食物耗尽！
⚠️ 第47天，村民298缺水！
⚠️ 第47天，村民299食物耗尽！
⚠️ 第47天，村民299缺水！
⚠️ 第47天，村民300食物耗尽！
⚠️ 第47天，村民300缺水！
⚠️ 第47天，村民301食物耗尽！
⚠️ 第47天，村民301缺水！
⚠️ 第47天，村民302食物耗尽！
⚠️ 第47天，村民302缺水！
⚠️ 第47天，村民303食物耗尽！
⚠️ 第47天，村民303缺水！
⚠️ 第47天，村民304食物耗尽！
⚠️ 第47天，村民304缺水！
⚠️ 第47天，村民305食物耗尽！
⚠️ 第47天，村民305缺水！
⚠️ 第47天，村民306食物耗尽！
⚠️ 第47天，村民306缺水！
⚠️ 第47天，村民307食物耗尽！
⚠️ 第47天，村民307缺水！
⚠️ 第47天，村民308食物耗尽！
⚠️ 第47天，村民308缺水！
⚠️ 第47天，村民309食物耗尽！
⚠️ 第47天，村民309缺水！
⚠️ 第47天，村民310食物耗尽！
⚠️ 第47天，村民310缺水！
⚠️ 第47天，村民311食物耗尽！
⚠️ 第47天，村民311缺水！
⚠️ 第47天，村民312食物耗尽！
⚠️ 第47天，村民312缺水！
⚠️ 第47天，村民313食物耗尽！
⚠️ 第47天，村民313缺水！
⚠️ 第47天，村民314食物耗尽！
⚠️ 第47天，村民314缺水！
⚠️ 第47天，村民315食物耗尽！
⚠️ 第47天，村民315缺水！
⚠️ 第47天，村民316食物耗尽！
⚠️ 第47天，村民316缺水！
⚠️ 第47天，村民317食物耗尽！
⚠️ 第47天，村民317缺水！
⚠️ 第47天，村民318食物耗尽！
⚠️ 第47天，村民318缺水！
⚠️ 第47天，村民319食物耗尽！
⚠️ 第47天，村民319缺水！
⚠️ 第47天，村民320食物耗尽！
⚠️ 第47天，村民320缺水！
⚠️ 第47天，村民321食物耗尽！
⚠️ 第47天，村民321缺水！
⚠️ 第47天，村民322食物耗尽！
⚠️ 第47天，村民322缺水！
⚠️ 第47天，村民323食物耗尽！
⚠️ 第47天，村民323缺水！
⚠️ 第47天，村民324食物耗尽！
⚠️ 第47天，村民324缺水！
⚠️ 第47天，村民325食物耗尽！
⚠️ 第47天，村民325缺水！
⚠️ 第47天，村民326食物耗尽！
⚠️ 第47天，村民326缺水！
⚠️ 第47天，村民327食物耗尽！
⚠️ 第47天，村民327缺水！
⚠️ 第47天，村民328食物耗尽！
⚠️ 第47天，村民328缺水！
⚠️ 第47天，村民329食物耗尽！
⚠️ 第47天，村民329缺水！
⚠️ 第47天，村民330食物耗尽！
⚠️ 第47天，村民330缺水！
⚠️ 第47天，村民331食物耗尽！
⚠️ 第47天，村民331缺水！
⚠️ 第47天，村民332食物耗尽！
⚠️ 第47天，村民332缺水！
⚠️ 第47天，村民333食物耗尽！
⚠️ 第47天，村民333缺水！
⚠️ 第47天，村民334食物耗尽！
⚠️ 第47天，村民334缺水！
⚠️ 第47天，村民335食物耗尽！
⚠️ 第47天，村民335缺水！
⚠️ 第47天，村民336食物耗尽！
⚠️ 第47天，村民336缺水！
⚠️ 第47天，村民337食物耗尽！
⚠️ 第47天，村民337缺水！
⚠️ 第47天，村民338食物耗尽！
⚠️ 第47天，村民338缺水！
⚠️ 第47天，村民339食物耗尽！
⚠️ 第47天，村民339缺水！
⚠️ 第47天，村民340食物耗尽！
⚠️ 第47天，村民340缺水！
⚠️ 第47天，村民341食物耗尽！
⚠️ 第47天，村民341缺水！
⚠️ 第47天，村民342食物耗尽！
⚠️ 第47天，村民342缺水！
⚠️ 第47天，村民343食物耗尽！
⚠️ 第47天，村民343缺水！
⚠️ 第47天，村民344食物耗尽！
⚠️ 第47天，村民344缺水！
⚠️ 第47天，村民345食物耗尽！
⚠️ 第47天，村民345缺水！
⚠️ 第47天，村民346食物耗尽！
⚠️ 第47天，村民346缺水！
⚠️ 第47天，村民347食物耗尽！
⚠️ 第47天，村民347缺水！
⚠️ 第47天，村民348食物耗尽！
⚠️ 第47天，村民348缺水！
⚠️ 第47天，村民349食物耗尽！
⚠️ 第47天，村民349缺水！
⚠️ 第47天，村民350食物耗尽！
⚠️ 第47天，村民350缺水！
⚠️ 第47天，村民351食物耗尽！
⚠️ 第47天，村民351缺水！
⚠️ 第47天，村民352食物耗尽！
⚠️ 第47天，村民352缺水！
⚠️ 第47天，村民353食物耗尽！
⚠️ 第47天，村民353缺水！
⚠️ 第47天，村民354食物耗尽！
⚠️ 第47天，村民354缺水！
⚠️ 第47天，村民355食物耗尽！
⚠️ 第47天，村民355缺水！
⚠️ 第47天，村民356食物耗尽！
⚠️ 第47天，村民356缺水！
⚠️ 第47天，村民357食物耗尽！
⚠️ 第47天，村民357缺水！
⚠️ 第47天，村民358食物耗尽！
⚠️ 第47天，村民358缺水！
⚠️ 第47天，村民359食物耗尽！
⚠️ 第47天，村民359缺水！
⚠️ 第47天，村民360食物耗尽！
⚠️ 第47天，村民360缺水！
⚠️ 第47天，村民361食物耗尽！
⚠️ 第47天，村民361缺水！
⚠️ 第47天，村民362食物耗尽！
⚠️ 第47天，村民362缺水！
⚠️ 第47天，村民363食物耗尽！
⚠️ 第47天，村民363缺水！
⚠️ 第47天，村民364食物耗尽！
⚠️ 第47天，村民364缺水！
⚠️ 第47天，村民365食物耗尽！
⚠️ 第47天，村民365缺水！
⚠️ 第47天，村民366食物耗尽！
⚠️ 第47天，村民366缺水！
⚠️ 第47天，村民367食物耗尽！
⚠️ 第47天，村民367缺水！
⚠️ 第47天，村民368食物耗尽！
⚠️ 第47天，村民368缺水！
⚠️ 第47天，村民369食物耗尽！
⚠️ 第47天，村民369缺水！
⚠️ 第47天，村民370食物耗尽！
⚠️ 第47天，村民370缺水！
⚠️ 第47天，村民371食物耗尽！
⚠️ 第47天，村民371缺水！
⚠️ 第47天，村民372食物耗尽！
⚠️ 第47天，村民372缺水！
⚠️ 第47天，村民373食物耗尽！
⚠️ 第47天，村民373缺水！
⚠️ 第47天，村民374食物耗尽！
⚠️ 第47天，村民374缺水！
⚠️ 第47天，村民375食物耗尽！
⚠️ 第47天，村民375缺水！
⚠️ 第47天，村民376食物耗尽！
⚠️ 第47天，村民376缺水！
⚠️ 第47天，村民377食物耗尽！
⚠️ 第47天，村民377缺水！
⚠️ 第47天，村民378食物耗尽！
⚠️ 第47天，村民378缺水！
⚠️ 第47天，村民379食物耗尽！
⚠️ 第47天，村民379缺水！
⚠️ 第47天，村民380食物耗尽！
⚠️ 第47天，村民380缺水！
⚠️ 第47天，村民381食物耗尽！
⚠️ 第47天，村民381缺水！
⚠️ 第47天，村民382食物耗尽！
⚠️ 第47天，村民382缺水！
⚠️ 第47天，村民383食物耗尽！
⚠️ 第47天，村民383缺水！
⚠️ 第47天，村民384食物耗尽！
⚠️ 第47天，村民384缺水！
⚠️ 第47天，村民385食物耗尽！
⚠️ 第47天，村民385缺水！
⚠️ 第47天，村民386食物耗尽！
⚠️ 第47天，村民386缺水！
⚠️ 第47天，村民387食物耗尽！
⚠️ 第47天，村民387缺水！
⚠️ 第47天，村民388食物耗尽！
⚠️ 第47天，村民388缺水！
⚠️ 第47天，村民389食物耗尽！
⚠️ 第47天，村民389缺水！
⚠️ 第47天，村民390食物耗尽！
⚠️ 第47天，村民390缺水！
⚠️ 第47天，村民391食物耗尽！
⚠️ 第47天，村民391缺水！
⚠️ 第47天，村民392食物耗尽！
⚠️ 第47天，村民392缺水！
⚠️ 第47天，村民393食物耗尽！
⚠️ 第47天，村民393缺水！
⚠️ 第47天，村民394食物耗尽！
⚠️ 第47天，村民394缺水！
⚠️ 第47天，村民395食物耗尽！
⚠️ 第47天，村民395缺水！
⚠️ 第47天，村民396食物耗尽！
⚠️ 第47天，村民396缺水！
⚠️ 第47天，村民397食物耗尽！
⚠️ 第47天，村民397缺水！
⚠️ 第47天，村民398食物耗尽！
⚠️ 第47天，村民398缺水！
⚠️ 第47天，村民399食物耗尽！
⚠️ 第47天，村民399缺水！
⚠️ 第47天，村民400食物耗尽！
⚠️ 第47天，村民400缺水！
⚠️ 第47天，村民401食物耗尽！
⚠️ 第47天，村民401缺水！
⚠️ 第47天，村民402食物耗尽！
⚠️ 第47天，村民402缺水！
⚠️ 第47天，村民403食物耗尽！
⚠️ 第47天，村民403缺水！
⚠️ 第47天，村民404食物耗尽！
⚠️ 第47天，村民404缺水！
⚠️ 第47天，村民405食物耗尽！
⚠️ 第47天，村民405缺水！
⚠️ 第47天，村民406食物耗尽！
⚠️ 第47天，村民406缺水！
⚠️ 第47天，村民407食物耗尽！
⚠️ 第47天，村民407缺水！
⚠️ 第47天，村民408食物耗尽！
⚠️ 第47天，村民408缺水！
⚠️ 第47天，村民409食物耗尽！
⚠️ 第47天，村民409缺水！
⚠️ 第47天，村民410食物耗尽！
⚠️ 第47天，村民410缺水！
⚠️ 第47天，村民411食物耗尽！
⚠️ 第47天，村民411缺水！
⚠️ 第47天，村民412食物耗尽！
⚠️ 第47天，村民412缺水！
⚠️ 第47天，村民413食物耗尽！
⚠️ 第47天，村民413缺水！
⚠️ 第47天，村民414食物耗尽！
⚠️ 第47天，村民414缺水！
⚠️ 第47天，村民415食物耗尽！
⚠️ 第47天，村民415缺水！
⚠️ 第47天，村民416食物耗尽！
⚠️ 第47天，村民416缺水！
⚠️ 第47天，村民417食物耗尽！
⚠️ 第47天，村民417缺水！
⚠️ 第47天，村民418食物耗尽！
⚠️ 第47天，村民418缺水！
⚠️ 第47天，村民419食物耗尽！
⚠️ 第47天，村民419缺水！
⚠️ 第47天，村民420食物耗尽！
⚠️ 第47天，村民420缺水！
⚠️ 第47天，村民421食物耗尽！
⚠️ 第47天，村民421缺水！
⚠️ 第47天，村民422食物耗尽！
⚠️ 第47天，村民422缺水！
⚠️ 第47天，村民423食物耗尽！
⚠️ 第47天，村民423缺水！
⚠️ 第47天，村民424食物耗尽！
⚠️ 第47天，村民424缺水！
⚠️ 第47天，村民425食物耗尽！
⚠️ 第47天，村民425缺水！
⚠️ 第47天，村民426食物耗尽！
⚠️ 第47天，村民426缺水！
⚠️ 第47天，村民427食物耗尽！
⚠️ 第47天，村民427缺水！
⚠️ 第47天，村民428食物耗尽！
⚠️ 第47天，村民428缺水！
⚠️ 第47天，村民429食物耗尽！
⚠️ 第47天，村民429缺水！
⚠️ 第47天，村民430食物耗尽！
⚠️ 第47天，村民430缺水！
⚠️ 第47天，村民431食物耗尽！
⚠️ 第47天，村民431缺水！
⚠️ 第47天，村民432食物耗尽！
⚠️ 第47天，村民432缺水！
⚠️ 第47天，村民433食物耗尽！
⚠️ 第47天，村民433缺水！
⚠️ 第47天，村民434食物耗尽！
⚠️ 第47天，村民434缺水！
⚠️ 第47天，村民435食物耗尽！
⚠️ 第47天，村民435缺水！
⚠️ 第47天，村民436食物耗尽！
⚠️ 第47天，村民436缺水！
⚠️ 第47天，村民437食物耗尽！
⚠️ 第47天，村民437缺水！
⚠️ 第47天，村民438食物耗尽！
⚠️ 第47天，村民438缺水！
⚠️ 第47天，村民439食物耗尽！
⚠️ 第47天，村民439缺水！
⚠️ 第47天，村民440食物耗尽！
⚠️ 第47天，村民440缺水！
⚠️ 第47天，村民441食物耗尽！
⚠️ 第47天，村民441缺水！
⚠️ 第47天，村民442食物耗尽！
⚠️ 第47天，村民442缺水！
⚠️ 第47天，村民443食物耗尽！
⚠️ 第47天，村民443缺水！
⚠️ 第47天，村民444食物耗尽！
⚠️ 第47天，村民444缺水！
⚠️ 第47天，村民445食物耗尽！
⚠️ 第47天，村民445缺水！
⚠️ 第47天，村民446食物耗尽！
⚠️ 第47天，村民446缺水！
⚠️ 第47天，村民447食物耗尽！
⚠️ 第47天，村民447缺水！
⚠️ 第47天，村民448食物耗尽！
⚠️ 第47天，村民448缺水！
⚠️ 第47天，村民449食物耗尽！
⚠️ 第47天，村民449缺水！
⚠️ 第47天，村民450食物耗尽！
⚠️ 第47天，村民450缺水！
⚠️ 第47天，村民451食物耗尽！
⚠️ 第47天，村民451缺水！
⚠️ 第47天，村民452食物耗尽！
⚠️ 第47天，村民452缺水！
⚠️ 第47天，村民453食物耗尽！
⚠️ 第47天，村民453缺水！
⚠️ 第47天，村民454食物耗尽！
⚠️ 第47天，村民454缺水！
⚠️ 第47天，村民455食物耗尽！
⚠️ 第47天，村民455缺水！
⚠️ 第47天，村民456食物耗尽！
⚠️ 第47天，村民456缺水！
⚠️ 第47天，村民457食物耗尽！
⚠️ 第47天，村民457缺水！
⚠️ 第47天，村民458食物耗尽！
⚠️ 第47天，村民458缺水！
⚠️ 第47天，村民459食物耗尽！
⚠️ 第47天，村民459缺水！
⚠️ 第47天，村民460食物耗尽！
⚠️ 第47天，村民460缺水！
⚠️ 第47天，村民461食物耗尽！
⚠️ 第47天，村民461缺水！
⚠️ 第47天，村民462食物耗尽！
⚠️ 第47天，村民462缺水！
⚠️ 第47天，村民463食物耗尽！
⚠️ 第47天，村民463缺水！
⚠️ 第47天，村民464食物耗尽！
⚠️ 第47天，村民464缺水！
⚠️ 第47天，村民465食物耗尽！
⚠️ 第47天，村民465缺水！
⚠️ 第47天，村民466食物耗尽！
⚠️ 第47天，村民466缺水！
⚠️ 第47天，村民467食物耗尽！
⚠️ 第47天，村民467缺水！
⚠️ 第47天，村民468食物耗尽！
⚠️ 第47天，村民468缺水！
⚠️ 第47天，村民469食物耗尽！
⚠️ 第47天，村民469缺水！
⚠️ 第47天，村民470食物耗尽！
⚠️ 第47天，村民470缺水！
⚠️ 第47天，村民471食物耗尽！
⚠️ 第47天，村民471缺水！
⚠️ 第47天，村民472食物耗尽！
⚠️ 第47天，村民472缺水！
⚠️ 第47天，村民473食物耗尽！
⚠️ 第47天，村民473缺水！
⚠️ 第47天，村民474食物耗尽！
⚠️ 第47天，村民474缺水！
⚠️ 第47天，村民475食物耗尽！
⚠️ 第47天，村民475缺水！
⚠️ 第47天，村民476食物耗尽！
⚠️ 第47天，村民476缺水！
⚠️ 第47天，村民477食物耗尽！
⚠️ 第47天，村民477缺水！
⚠️ 第47天，村民478食物耗尽！
⚠️ 第47天，村民478缺水！
⚠️ 第47天，村民479食物耗尽！
⚠️ 第47天，村民479缺水！
⚠️ 第47天，村民480食物耗尽！
⚠️ 第47天，村民480缺水！
⚠️ 第47天，村民481食物耗尽！
⚠️ 第47天，村民481缺水！
⚠️ 第47天，村民482食物耗尽！
⚠️ 第47天，村民482缺水！
⚠️ 第47天，村民483食物耗尽！
⚠️ 第47天，村民483缺水！
⚠️ 第47天，村民484食物耗尽！
⚠️ 第47天，村民484缺水！
⚠️ 第47天，村民485食物耗尽！
⚠️ 第47天，村民485缺水！
⚠️ 第47天，村民486食物耗尽！
⚠️ 第47天，村民486缺水！
⚠️ 第47天，村民487食物耗尽！
⚠️ 第47天，村民487缺水！
⚠️ 第47天，村民488食物耗尽！
⚠️ 第47天，村民488缺水！
⚠️ 第47天，村民489食物耗尽！
⚠️ 第47天，村民489缺水！
⚠️ 第47天，村民490食物耗尽！
⚠️ 第47天，村民490缺水！
⚠️ 第47天，村民491食物耗尽！
⚠️ 第47天，村民491缺水！
⚠️ 第47天，村民492食物耗尽！
⚠️ 第47天，村民492缺水！
⚠️ 第47天，村民493食物耗尽！
⚠️ 第47天，村民493缺水！
⚠️ 第47天，村民494食物耗尽！
⚠️ 第47天，村民494缺水！
⚠️ 第47天，村民495食物耗尽！
⚠️ 第47天，村民495缺水！
⚠️ 第47天，村民496食物耗尽！
⚠️ 第47天，村民496缺水！
⚠️ 第47天，村民497食物耗尽！
⚠️ 第47天，村民497缺水！
⚠️ 第47天，村民498食物耗尽！
⚠️ 第47天，村民498缺水！
⚠️ 第47天，村民499食物耗尽！
⚠️ 第47天，村民499缺水！
⚠️ 第47天，村民500食物耗尽！
⚠️ 第47天，村民500缺水！
⚠️ 第47天，村民501食物耗尽！
⚠️ 第47天，村民501缺水！
⚠️ 第47天，村民502食物耗尽！
⚠️ 第47天，村民502缺水！
⚠️ 第47天，村民503食物耗尽！
⚠️ 第47天，村民503缺水！
⚠️ 第47天，村民504食物耗尽！
⚠️ 第47天，村民504缺水！
⚠️ 第47天，村民505食物耗尽！
⚠️ 第47天，村民505缺水！
⚠️ 第47天，村民506食物耗尽！
⚠️ 第47天，村民506缺水！
⚠️ 第47天，村民507食物耗尽！
⚠️ 第47天，村民507缺水！
⚠️ 第47天，村民508食物耗尽！
⚠️ 第47天，村民508缺水！
⚠️ 第47天，村民509食物耗尽！
⚠️ 第47天，村民509缺水！
⚠️ 第47天，村民510食物耗尽！
⚠️ 第47天，村民510缺水！
⚠️ 第47天，村民511食物耗尽！
⚠️ 第47天，村民511缺水！
⚠️ 第47天，村民512食物耗尽！
⚠️ 第47天，村民512缺水！
⚠️ 第47天，村民513食物耗尽！
⚠️ 第47天，村民513缺水！
⚠️ 第47天，村民514食物耗尽！
⚠️ 第47天，村民514缺水！
⚠️ 第47天，村民515食物耗尽！
⚠️ 第47天，村民515缺水！
⚠️ 第47天，村民516食物耗尽！
⚠️ 第47天，村民516缺水！
⚠️ 第47天，村民517食物耗尽！
⚠️ 第47天，村民517缺水！
⚠️ 第47天，村民518食物耗尽！
⚠️ 第47天，村民518缺水！
⚠️ 第47天，村民519食物耗尽！
⚠️ 第47天，村民519缺水！
⚠️ 第47天，村民520食物耗尽！
⚠️ 第47天，村民520缺水！
⚠️ 第47天，村民521食物耗尽！
⚠️ 第47天，村民521缺水！
⚠️ 第47天，村民522食物耗尽！
⚠️ 第47天，村民522缺水！
⚠️ 第47天，村民523食物耗尽！
⚠️ 第47天，村民523缺水！
⚠️ 第47天，村民524食物耗尽！
⚠️ 第47天，村民524缺水！
⚠️ 第47天，村民525食物耗尽！
⚠️ 第47天，村民525缺水！
⚠️ 第47天，村民526食物耗尽！
⚠️ 第47天，村民526缺水！
⚠️ 第47天，村民527食物耗尽！
⚠️ 第47天，村民527缺水！
⚠️ 第47天，村民528食物耗尽！
⚠️ 第47天，村民528缺水！
⚠️ 第47天，村民529食物耗尽！
⚠️ 第47天，村民529缺水！
⚠️ 第47天，村民530食物耗尽！
⚠️ 第47天，村民530缺水！
⚠️ 第47天，村民531食物耗尽！
⚠️ 第47天，村民531缺水！
⚠️ 第47天，村民532食物耗尽！
⚠️ 第47天，村民532缺水！
⚠️ 第47天，村民533食物耗尽！
⚠️ 第47天，村民533缺水！
⚠️ 第47天，村民534食物耗尽！
⚠️ 第47天，村民534缺水！
⚠️ 第47天，村民535食物耗尽！
⚠️ 第47天，村民535缺水！
⚠️ 第47天，村民536食物耗尽！
⚠️ 第47天，村民536缺水！
⚠️ 第47天，村民537食物耗尽！
⚠️ 第47天，村民537缺水！
⚠️ 第47天，村民538食物耗尽！
⚠️ 第47天，村民538缺水！
⚠️ 第47天，村民539食物耗尽！
⚠️ 第47天，村民539缺水！
⚠️ 第47天，村民540食物耗尽！
⚠️ 第47天，村民540缺水！
⚠️ 第47天，村民541食物耗尽！
⚠️ 第47天，村民541缺水！
⚠️ 第47天，村民542食物耗尽！
⚠️ 第47天，村民542缺水！
⚠️ 第47天，村民543食物耗尽！
⚠️ 第47天，村民543缺水！
⚠️ 第47天，村民544食物耗尽！
⚠️ 第47天，村民544缺水！
⚠️ 第47天，村民545食物耗尽！
⚠️ 第47天，村民545缺水！
⚠️ 第47天，村民546食物耗尽！
⚠️ 第47天，村民546缺水！
⚠️ 第47天，村民547食物耗尽！
⚠️ 第47天，村民547缺水！
⚠️ 第47天，村民548食物耗尽！
⚠️ 第47天，村民548缺水！
⚠️ 第47天，村民549食物耗尽！
⚠️ 第47天，村民549缺水！
⚠️ 第47天，村民550食物耗尽！
⚠️ 第47天，村民550缺水！
⚠️ 第47天，村民551食物耗尽！
⚠️ 第47天，村民551缺水！
⚠️ 第47天，村民552食物耗尽！
⚠️ 第47天，村民552缺水！
⚠️ 第47天，村民553食物耗尽！
⚠️ 第47天，村民553缺水！
⚠️ 第47天，村民554食物耗尽！
⚠️ 第47天，村民554缺水！
⚠️ 第47天，村民555食物耗尽！
⚠️ 第47天，村民555缺水！
⚠️ 第47天，村民556食物耗尽！
⚠️ 第47天，村民556缺水！
⚠️ 第47天，村民557食物耗尽！
⚠️ 第47天，村民557缺水！
⚠️ 第47天，村民558食物耗尽！
⚠️ 第47天，村民558缺水！
⚠️ 第47天，村民559食物耗尽！
⚠️ 第47天，村民559缺水！
⚠️ 第47天，村民560食物耗尽！
⚠️ 第47天，村民560缺水！
⚠️ 第47天，村民561食物耗尽！
⚠️ 第47天，村民561缺水！
⚠️ 第47天，村民562食物耗尽！
⚠️ 第47天，村民562缺水！
⚠️ 第47天，村民563食物耗尽！
⚠️ 第47天，村民563缺水！
⚠️ 第47天，村民564食物耗尽！
⚠️ 第47天，村民564缺水！
⚠️ 第47天，村民565食物耗尽！
⚠️ 第47天，村民565缺水！
⚠️ 第47天，村民566食物耗尽！
⚠️ 第47天，村民566缺水！
⚠️ 第47天，村民567食物耗尽！
⚠️ 第47天，村民567缺水！
⚠️ 第47天，村民568食物耗尽！
⚠️ 第47天，村民568缺水！
⚠️ 第47天，村民569食物耗尽！
⚠️ 第47天，村民569缺水！
⚠️ 第47天，村民570食物耗尽！
⚠️ 第47天，村民570缺水！
⚠️ 第47天，村民571食物耗尽！
⚠️ 第47天，村民571缺水！
⚠️ 第47天，村民572食物耗尽！
⚠️ 第47天，村民572缺水！
⚠️ 第47天，村民573食物耗尽！
⚠️ 第47天，村民573缺水！
⚠️ 第47天，村民574食物耗尽！
⚠️ 第47天，村民574缺水！
⚠️ 第47天，村民575食物耗尽！
⚠️ 第47天，村民575缺水！
⚠️ 第47天，村民576食物耗尽！
⚠️ 第47天，村民576缺水！
⚠️ 第47天，村民577食物耗尽！
⚠️ 第47天，村民577缺水！
⚠️ 第47天，村民578食物耗尽！
⚠️ 第47天，村民578缺水！
⚠️ 第47天，村民579食物耗尽！
⚠️ 第47天，村民579缺水！
⚠️ 第47天，村民580食物耗尽！
⚠️ 第47天，村民580缺水！
⚠️ 第47天，村民581食物耗尽！
⚠️ 第47天，村民581缺水！
⚠️ 第47天，村民582食物耗尽！
⚠️ 第47天，村民582缺水！
⚠️ 第47天，村民583食物耗尽！
⚠️ 第47天，村民583缺水！
⚠️ 第47天，村民584食物耗尽！
⚠️ 第47天，村民584缺水！
⚠️ 第47天，村民585食物耗尽！
⚠️ 第47天，村民585缺水！
⚠️ 第47天，村民586食物耗尽！
⚠️ 第47天，村民586缺水！
⚠️ 第47天，村民587食物耗尽！
⚠️ 第47天，村民587缺水！
⚠️ 第47天，村民588食物耗尽！
⚠️ 第47天，村民588缺水！
⚠️ 第47天，村民589食物耗尽！
⚠️ 第47天，村民589缺水！
⚠️ 第47天，村民590食物耗尽！
⚠️ 第47天，村民590缺水！
⚠️ 第47天，村民591食物耗尽！
⚠️ 第47天，村民591缺水！
⚠️ 第47天，村民592食物耗尽！
⚠️ 第47天，村民592缺水！
⚠️ 第47天，村民593食物耗尽！
⚠️ 第47天，村民593缺水！
⚠️ 第47天，村民594食物耗尽！
⚠️ 第47天，村民594缺水！
⚠️ 第47天，村民595食物耗尽！
⚠️ 第47天，村民595缺水！
⚠️ 第47天，村民596食物耗尽！
⚠️ 第47天，村民596缺水！
⚠️ 第47天，村民597食物耗尽！
⚠️ 第47天，村民597缺水！
⚠️ 第47天，村民598食物耗尽！
⚠️ 第47天，村民598缺水！
⚠️ 第47天，村民599食物耗尽！
⚠️ 第47天，村民599缺水！
⚠️ 第47天，村民600食物耗尽！
⚠️ 第47天，村民600缺水！
⚠️ 第47天，村民601食物耗尽！
⚠️ 第47天，村民601缺水！
⚠️ 第47天，村民602食物耗尽！
⚠️ 第47天，村民602缺水！
⚠️ 第47天，村民603食物耗尽！
⚠️ 第47天，村民603缺水！
⚠️ 第47天，村民604食物耗尽！
⚠️ 第47天，村民604缺水！
⚠️ 第47天，村民605食物耗尽！
⚠️ 第47天，村民605缺水！
⚠️ 第47天，村民606食物耗尽！
⚠️ 第47天，村民606缺水！
⚠️ 第47天，村民607食物耗尽！
⚠️ 第47天，村民607缺水！
⚠️ 第47天，村民608食物耗尽！
⚠️ 第47天，村民608缺水！
⚠️ 第47天，村民609食物耗尽！
⚠️ 第47天，村民609缺水！
⚠️ 第47天，村民610食物耗尽！
⚠️ 第47天，村民610缺水！
⚠️ 第47天，村民611食物耗尽！
⚠️ 第47天，村民611缺水！
⚠️ 第47天，村民612食物耗尽！
⚠️ 第47天，村民612缺水！
⚠️ 第47天，村民613食物耗尽！
⚠️ 第47天，村民613缺水！
⚠️ 第47天，村民614食物耗尽！
⚠️ 第47天，村民614缺水！
⚠️ 第47天，村民615食物耗尽！
⚠️ 第47天，村民615缺水！
⚠️ 第47天，村民616食物耗尽！
⚠️ 第47天，村民616缺水！
⚠️ 第47天，村民617食物耗尽！
⚠️ 第47天，村民617缺水！
⚠️ 第47天，村民618食物耗尽！
⚠️ 第47天，村民618缺水！
⚠️ 第47天，村民619食物耗尽！
⚠️ 第47天，村民619缺水！
⚠️ 第47天，村民620食物耗尽！
⚠️ 第47天，村民620缺水！
⚠️ 第47天，村民621食物耗尽！
⚠️ 第47天，村民621缺水！
⚠️ 第47天，村民622食物耗尽！
⚠️ 第47天，村民622缺水！
⚠️ 第47天，村民623食物耗尽！
⚠️ 第47天，村民623缺水！
⚠️ 第47天，村民624食物耗尽！
⚠️ 第47天，村民624缺水！
⚠️ 第47天，村民625食物耗尽！
⚠️ 第47天，村民625缺水！
⚠️ 第47天，村民626食物耗尽！
⚠️ 第47天，村民626缺水！
⚠️ 第47天，村民627食物耗尽！
⚠️ 第47天，村民627缺水！
⚠️ 第47天，村民628食物耗尽！
⚠️ 第47天，村民628缺水！
⚠️ 第47天，村民629食物耗尽！
⚠️ 第47天，村民629缺水！
⚠️ 第47天，村民630食物耗尽！
⚠️ 第47天，村民630缺水！
⚠️ 第47天，村民631食物耗尽！
⚠️ 第47天，村民631缺水！
⚠️ 第47天，村民632食物耗尽！
⚠️ 第47天，村民632缺水！
⚠️ 第47天，村民633食物耗尽！
⚠️ 第47天，村民633缺水！
⚠️ 第47天，村民634食物耗尽！
⚠️ 第47天，村民634缺水！
⚠️ 第47天，村民635食物耗尽！
⚠️ 第47天，村民635缺水！
⚠️ 第47天，村民636食物耗尽！
⚠️ 第47天，村民636缺水！
⚠️ 第47天，村民637食物耗尽！
⚠️ 第47天，村民637缺水！
⚠️ 第47天，村民638食物耗尽！
⚠️ 第47天，村民638缺水！
⚠️ 第47天，村民639食物耗尽！
⚠️ 第47天，村民639缺水！
⚠️ 第47天，村民640食物耗尽！
⚠️ 第47天，村民640缺水！
⚠️ 第47天，村民641食物耗尽！
⚠️ 第47天，村民641缺水！
⚠️ 第47天，村民642食物耗尽！
⚠️ 第47天，村民642缺水！
⚠️ 第47天，村民643食物耗尽！
⚠️ 第47天，村民643缺水！
⚠️ 第47天，村民644食物耗尽！
⚠️ 第47天，村民644缺水！
⚠️ 第47天，村民645食物耗尽！
⚠️ 第47天，村民645缺水！
⚠️ 第47天，村民646食物耗尽！
⚠️ 第47天，村民646缺水！
⚠️ 第47天，村民647食物耗尽！
⚠️ 第47天，村民647缺水！
⚠️ 第47天，村民648食物耗尽！
⚠️ 第47天，村民648缺水！
⚠️ 第47天，村民649食物耗尽！
⚠️ 第47天，村民649缺水！
⚠️ 第47天，村民650食物耗尽！
⚠️ 第47天，村民650缺水！
⚠️ 第47天，村民651食物耗尽！
⚠️ 第47天，村民651缺水！
⚠️ 第47天，村民652食物耗尽！
⚠️ 第47天，村民652缺水！
⚠️ 第47天，村民653食物耗尽！
⚠️ 第47天，村民653缺水！
⚠️ 第47天，村民654食物耗尽！
⚠️ 第47天，村民654缺水！
⚠️ 第47天，村民655食物耗尽！
⚠️ 第47天，村民655缺水！
⚠️ 第47天，村民656食物耗尽！
⚠️ 第47天，村民656缺水！
⚠️ 第47天，村民657食物耗尽！
⚠️ 第47天，村民657缺水！
⚠️ 第47天，村民658食物耗尽！
⚠️ 第47天，村民658缺水！
⚠️ 第47天，村民659食物耗尽！
⚠️ 第47天，村民659缺水！
⚠️ 第47天，村民660食物耗尽！
⚠️ 第47天，村民660缺水！
⚠️ 第47天，村民661食物耗尽！
⚠️ 第47天，村民661缺水！
⚠️ 第47天，村民662食物耗尽！
⚠️ 第47天，村民662缺水！
⚠️ 第47天，村民663食物耗尽！
⚠️ 第47天，村民663缺水！
⚠️ 第47天，村民664食物耗尽！
⚠️ 第47天，村民664缺水！
⚠️ 第47天，村民665食物耗尽！
⚠️ 第47天，村民665缺水！
⚠️ 第47天，村民666食物耗尽！
⚠️ 第47天，村民666缺水！
⚠️ 第47天，村民667食物耗尽！
⚠️ 第47天，村民667缺水！
⚠️ 第47天，村民668食物耗尽！
⚠️ 第47天，村民668缺水！
⚠️ 第47天，村民669食物耗尽！
⚠️ 第47天，村民669缺水！
⚠️ 第47天，村民670食物耗尽！
⚠️ 第47天，村民670缺水！
⚠️ 第47天，村民671食物耗尽！
⚠️ 第47天，村民671缺水！
⚠️ 第47天，村民672食物耗尽！
⚠️ 第47天，村民672缺水！
⚠️ 第47天，村民673食物耗尽！
⚠️ 第47天，村民673缺水！
⚠️ 第47天，村民674食物耗尽！
⚠️ 第47天，村民674缺水！
⚠️ 第47天，村民675食物耗尽！
⚠️ 第47天，村民675缺水！
⚠️ 第47天，村民676食物耗尽！
⚠️ 第47天，村民676缺水！
⚠️ 第47天，村民677食物耗尽！
⚠️ 第47天，村民677缺水！
⚠️ 第47天，村民678食物耗尽！
⚠️ 第47天，村民678缺水！
⚠️ 第47天，村民679食物耗尽！
⚠️ 第47天，村民679缺水！
⚠️ 第47天，村民680食物耗尽！
⚠️ 第47天，村民680缺水！
⚠️ 第47天，村民681食物耗尽！
⚠️ 第47天，村民681缺水！
⚠️ 第47天，村民682食物耗尽！
⚠️ 第47天，村民682缺水！
⚠️ 第47天，村民683食物耗尽！
⚠️ 第47天，村民683缺水！
⚠️ 第47天，村民684食物耗尽！
⚠️ 第47天，村民684缺水！
⚠️ 第47天，村民685食物耗尽！
⚠️ 第47天，村民685缺水！
⚠️ 第47天，村民686食物耗尽！
⚠️ 第47天，村民686缺水！
⚠️ 第47天，村民687食物耗尽！
⚠️ 第47天，村民687缺水！
⚠️ 第47天，村民688食物耗尽！
⚠️ 第47天，村民688缺水！
⚠️ 第47天，村民689食物耗尽！
⚠️ 第47天，村民689缺水！
⚠️ 第47天，村民690食物耗尽！
⚠️ 第47天，村民690缺水！
⚠️ 第47天，村民691食物耗尽！
⚠️ 第47天，村民691缺水！
⚠️ 第47天，村民692食物耗尽！
⚠️ 第47天，村民692缺水！
⚠️ 第47天，村民693食物耗尽！
⚠️ 第47天，村民693缺水！
⚠️ 第47天，村民694食物耗尽！
⚠️ 第47天，村民694缺水！
⚠️ 第47天，村民695食物耗尽！
⚠️ 第47天，村民695缺水！
⚠️ 第47天，村民696食物耗尽！
⚠️ 第47天，村民696缺水！
⚠️ 第47天，村民697食物耗尽！
⚠️ 第47天，村民697缺水！
⚠️ 第47天，村民698食物耗尽！
⚠️ 第47天，村民698缺水！
⚠️ 第47天，村民699食物耗尽！
⚠️ 第47天，村民699缺水！
⚠️ 第47天，村民700食物耗尽！
⚠️ 第47天，村民700缺水！
⚠️ 第47天，村民701食物耗尽！
⚠️ 第47天，村民701缺水！
⚠️ 第47天，村民702食物耗尽！
⚠️ 第47天，村民702缺水！
⚠️ 第47天，村民703食物耗尽！
⚠️ 第47天，村民703缺水！
⚠️ 第47天，村民704食物耗尽！
⚠️ 第47天，村民704缺水！
⚠️ 第47天，村民705食物耗尽！
⚠️ 第47天，村民705缺水！
⚠️ 第47天，村民706食物耗尽！
⚠️ 第47天，村民706缺水！
⚠️ 第47天，村民707食物耗尽！
⚠️ 第47天，村民707缺水！
⚠️ 第47天，村民708食物耗尽！
⚠️ 第47天，村民708缺水！
⚠️ 第47天，村民709食物耗尽！
⚠️ 第47天，村民709缺水！
⚠️ 第47天，村民710食物耗尽！
⚠️ 第47天，村民710缺水！
⚠️ 第47天，村民711食物耗尽！
⚠️ 第47天，村民711缺水！
⚠️ 第47天，村民712食物耗尽！
⚠️ 第47天，村民712缺水！
⚠️ 第47天，村民713食物耗尽！
⚠️ 第47天，村民713缺水！
⚠️ 第47天，村民714食物耗尽！
⚠️ 第47天，村民714缺水！
⚠️ 第47天，村民715食物耗尽！
⚠️ 第47天，村民715缺水！
⚠️ 第47天，村民716食物耗尽！
⚠️ 第47天，村民716缺水！
⚠️ 第47天，村民717食物耗尽！
⚠️ 第47天，村民717缺水！
⚠️ 第47天，村民718食物耗尽！
⚠️ 第47天，村民718缺水！
⚠️ 第47天，村民719食物耗尽！
⚠️ 第47天，村民719缺水！
⚠️ 第47天，村民720食物耗尽！
⚠️ 第47天，村民720缺水！
⚠️ 第47天，村民721食物耗尽！
⚠️ 第47天，村民721缺水！
⚠️ 第47天，村民722食物耗尽！
⚠️ 第47天，村民722缺水！
⚠️ 第47天，村民723食物耗尽！
⚠️ 第47天，村民723缺水！
⚠️ 第47天，村民724食物耗尽！
⚠️ 第47天，村民724缺水！
⚠️ 第47天，村民725食物耗尽！
⚠️ 第47天，村民725缺水！
⚠️ 第47天，村民726食物耗尽！
⚠️ 第47天，村民726缺水！
⚠️ 第47天，村民727食物耗尽！
⚠️ 第47天，村民727缺水！
⚠️ 第47天，村民728食物耗尽！
⚠️ 第47天，村民728缺水！
⚠️ 第47天，村民729食物耗尽！
⚠️ 第47天，村民729缺水！
⚠️ 第47天，村民730食物耗尽！
⚠️ 第47天，村民730缺水！
⚠️ 第47天，村民731食物耗尽！
⚠️ 第47天，村民731缺水！
⚠️ 第47天，村民732食物耗尽！
⚠️ 第47天，村民732缺水！
⚠️ 第47天，村民733食物耗尽！
⚠️ 第47天，村民733缺水！
⚠️ 第47天，村民734食物耗尽！
⚠️ 第47天，村民734缺水！
⚠️ 第47天，村民735食物耗尽！
⚠️ 第47天，村民735缺水！
⚠️ 第47天，村民736食物耗尽！
⚠️ 第47天，村民736缺水！
⚠️ 第47天，村民737食物耗尽！
⚠️ 第47天，村民737缺水！
⚠️ 第47天，村民738食物耗尽！
⚠️ 第47天，村民738缺水！
⚠️ 第47天，村民739食物耗尽！
⚠️ 第47天，村民739缺水！
⚠️ 第47天，村民740食物耗尽！
⚠️ 第47天，村民740缺水！
⚠️ 第47天，村民741食物耗尽！
⚠️ 第47天，村民741缺水！
⚠️ 第47天，村民742食物耗尽！
⚠️ 第47天，村民742缺水！
⚠️ 第47天，村民743食物耗尽！
⚠️ 第47天，村民743缺水！
⚠️ 第47天，村民744食物耗尽！
⚠️ 第47天，村民744缺水！
⚠️ 第47天，村民745食物耗尽！
⚠️ 第47天，村民745缺水！
⚠️ 第47天，村民746食物耗尽！
⚠️ 第47天，村民746缺水！
⚠️ 第47天，村民747食物耗尽！
⚠️ 第47天，村民747缺水！
⚠️ 第47天，村民748食物耗尽！
⚠️ 第47天，村民748缺水！
⚠️ 第47天，村民749食物耗尽！
⚠️ 第47天，村民749缺水！
⚠️ 第47天，村民750食物耗尽！
⚠️ 第47天，村民750缺水！
⚠️ 第47天，村民751食物耗尽！
⚠️ 第47天，村民751缺水！
⚠️ 第47天，村民752食物耗尽！
⚠️ 第47天，村民752缺水！
⚠️ 第47天，村民753食物耗尽！
⚠️ 第47天，村民753缺水！
⚠️ 第47天，村民754食物耗尽！
⚠️ 第47天，村民754缺水！
⚠️ 第47天，村民755食物耗尽！
⚠️ 第47天，村民755缺水！
⚠️ 第47天，村民756食物耗尽！
⚠️ 第47天，村民756缺水！
⚠️ 第47天，村民757食物耗尽！
⚠️ 第47天，村民757缺水！
⚠️ 第47天，村民758食物耗尽！
⚠️ 第47天，村民758缺水！
⚠️ 第47天，村民759食物耗尽！
⚠️ 第47天，村民759缺水！
⚠️ 第47天，村民760食物耗尽！
⚠️ 第47天，村民760缺水！
⚠️ 第47天，村民761食物耗尽！
⚠️ 第47天，村民761缺水！
⚠️ 第47天，村民762食物耗尽！
⚠️ 第47天，村民762缺水！
⚠️ 第47天，村民763食物耗尽！
⚠️ 第47天，村民763缺水！
⚠️ 第47天，村民764食物耗尽！
⚠️ 第47天，村民764缺水！
⚠️ 第47天，村民765食物耗尽！
⚠️ 第47天，村民765缺水！
⚠️ 第47天，村民766食物耗尽！
⚠️ 第47天，村民766缺水！
⚠️ 第47天，村民767食物耗尽！
⚠️ 第47天，村民767缺水！
⚠️ 第47天，村民768食物耗尽！
⚠️ 第47天，村民768缺水！
⚠️ 第47天，村民769食物耗尽！
⚠️ 第47天，村民769缺水！
⚠️ 第47天，村民770食物耗尽！
⚠️ 第47天，村民770缺水！
⚠️ 第47天，村民771食物耗尽！
⚠️ 第47天，村民771缺水！
⚠️ 第47天，村民772食物耗尽！
⚠️ 第47天，村民772缺水！
⚠️ 第47天，村民773食物耗尽！
⚠️ 第47天，村民773缺水！
⚠️ 第47天，村民774食物耗尽！
⚠️ 第47天，村民774缺水！
⚠️ 第47天，村民775食物耗尽！
⚠️ 第47天，村民775缺水！
⚠️ 第47天，村民776食物耗尽！
⚠️ 第47天，村民776缺水！
⚠️ 第47天，村民777食物耗尽！
⚠️ 第47天，村民777缺水！
⚠️ 第47天，村民778食物耗尽！
⚠️ 第47天，村民778缺水！
⚠️ 第47天，村民779食物耗尽！
⚠️ 第47天，村民779缺水！
⚠️ 第47天，村民780食物耗尽！
⚠️ 第47天，村民780缺水！
⚠️ 第47天，村民781食物耗尽！
⚠️ 第47天，村民781缺水！
⚠️ 第47天，村民782食物耗尽！
⚠️ 第47天，村民782缺水！
⚠️ 第47天，村民783食物耗尽！
⚠️ 第47天，村民783缺水！
⚠️ 第47天，村民784食物耗尽！
⚠️ 第47天，村民784缺水！
⚠️ 第47天，村民785食物耗尽！
⚠️ 第47天，村民785缺水！
⚠️ 第47天，村民786食物耗尽！
⚠️ 第47天，村民786缺水！
⚠️ 第47天，村民787食物耗尽！
⚠️ 第47天，村民787缺水！
⚠️ 第47天，村民788食物耗尽！
⚠️ 第47天，村民788缺水！
⚠️ 第47天，村民789食物耗尽！
⚠️ 第47天，村民789缺水！
⚠️ 第47天，村民790食物耗尽！
⚠️ 第47天，村民790缺水！
⚠️ 第47天，村民791食物耗尽！
⚠️ 第47天，村民791缺水！
⚠️ 第47天，村民792食物耗尽！
⚠️ 第47天，村民792缺水！
⚠️ 第47天，村民793食物耗尽！
⚠️ 第47天，村民793缺水！
⚠️ 第47天，村民794食物耗尽！
⚠️ 第47天，村民794缺水！
⚠️ 第47天，村民795食物耗尽！
⚠️ 第47天，村民795缺水！
⚠️ 第47天，村民796食物耗尽！
⚠️ 第47天，村民796缺水！
⚠️ 第47天，村民797食物耗尽！
⚠️ 第47天，村民797缺水！
⚠️ 第47天，村民798食物耗尽！
⚠️ 第47天，村民798缺水！
⚠️ 第47天，村民799食物耗尽！
⚠️ 第47天，村民799缺水！
⚠️ 第47天，村民800食物耗尽！
⚠️ 第47天，村民800缺水！
⚠️ 第47天，村民801食物耗尽！
⚠️ 第47天，村民801缺水！
⚠️ 第47天，村民802食物耗尽！
⚠️ 第47天，村民802缺水！
⚠️ 第47天，村民803食物耗尽！
⚠️ 第47天，村民803缺水！
⚠️ 第47天，村民804食物耗尽！
⚠️ 第47天，村民804缺水！
⚠️ 第47天，村民805食物耗尽！
⚠️ 第47天，村民805缺水！
⚠️ 第47天，村民806食物耗尽！
⚠️ 第47天，村民806缺水！
⚠️ 第47天，村民807食物耗尽！
⚠️ 第47天，村民807缺水！
⚠️ 第47天，村民808食物耗尽！
⚠️ 第47天，村民808缺水！
⚠️ 第47天，村民809食物耗尽！
⚠️ 第47天，村民809缺水！
⚠️ 第47天，村民810食物耗尽！
⚠️ 第47天，村民810缺水！
⚠️ 第47天，村民811食物耗尽！
⚠️ 第47天，村民811缺水！
⚠️ 第47天，村民812食物耗尽！
⚠️ 第47天，村民812缺水！
⚠️ 第47天，村民813食物耗尽！
⚠️ 第47天，村民813缺水！
⚠️ 第47天，村民814食物耗尽！
⚠️ 第47天，村民814缺水！
⚠️ 第47天，村民815食物耗尽！
⚠️ 第47天，村民815缺水！
⚠️ 第47天，村民816食物耗尽！
⚠️ 第47天，村民816缺水！
⚠️ 第47天，村民817食物耗尽！
⚠️ 第47天，村民817缺水！
⚠️ 第47天，村民818食物耗尽！
⚠️ 第47天，村民818缺水！
⚠️ 第47天，村民819食物耗尽！
⚠️ 第47天，村民819缺水！
⚠️ 第47天，村民820食物耗尽！
⚠️ 第47天，村民820缺水！
⚠️ 第47天，村民821食物耗尽！
⚠️ 第47天，村民821缺水！
⚠️ 第47天，村民822食物耗尽！
⚠️ 第47天，村民822缺水！
⚠️ 第47天，村民823食物耗尽！
⚠️ 第47天，村民823缺水！
⚠️ 第47天，村民824食物耗尽！
⚠️ 第47天，村民824缺水！
⚠️ 第47天，村民825食物耗尽！
⚠️ 第47天，村民825缺水！
⚠️ 第47天，村民826食物耗尽！
⚠️ 第47天，村民826缺水！
⚠️ 第47天，村民827食物耗尽！
⚠️ 第47天，村民827缺水！
⚠️ 第47天，村民828食物耗尽！
⚠️ 第47天，村民828缺水！
⚠️ 第47天，村民829食物耗尽！
⚠️ 第47天，村民829缺水！
⚠️ 第47天，村民830食物耗尽！
⚠️ 第47天，村民830缺水！
⚠️ 第47天，村民831食物耗尽！
⚠️ 第47天，村民831缺水！
⚠️ 第47天，村民832食物耗尽！
⚠️ 第47天，村民832缺水！
⚠️ 第47天，村民833食物耗尽！
⚠️ 第47天，村民833缺水！
⚠️ 第47天，村民834食物耗尽！
⚠️ 第47天，村民834缺水！
⚠️ 第47天，村民835食物耗尽！
⚠️ 第47天，村民835缺水！
⚠️ 第47天，村民836食物耗尽！
⚠️ 第47天，村民836缺水！
⚠️ 第47天，村民837食物耗尽！
⚠️ 第47天，村民837缺水！
⚠️ 第47天，村民838食物耗尽！
⚠️ 第47天，村民838缺水！
⚠️ 第47天，村民839食物耗尽！
⚠️ 第47天，村民839缺水！
⚠️ 第47天，村民840食物耗尽！
⚠️ 第47天，村民840缺水！
⚠️ 第47天，村民841食物耗尽！
⚠️ 第47天，村民841缺水！
⚠️ 第47天，村民842食物耗尽！
⚠️ 第47天，村民842缺水！
⚠️ 第47天，村民843食物耗尽！
⚠️ 第47天，村民843缺水！
⚠️ 第47天，村民844食物耗尽！
⚠️ 第47天，村民844缺水！
⚠️ 第47天，村民845食物耗尽！
⚠️ 第47天，村民845缺水！
⚠️ 第47天，村民846食物耗尽！
⚠️ 第47天，村民846缺水！
⚠️ 第47天，村民847食物耗尽！
⚠️ 第47天，村民847缺水！
⚠️ 第47天，村民848食物耗尽！
⚠️ 第47天，村民848缺水！
⚠️ 第47天，村民849食物耗尽！
⚠️ 第47天，村民849缺水！
⚠️ 第47天，村民850食物耗尽！
⚠️ 第47天，村民850缺水！
⚠️ 第47天，村民851食物耗尽！
⚠️ 第47天，村民851缺水！
⚠️ 第47天，村民852食物耗尽！
⚠️ 第47天，村民852缺水！
⚠️ 第47天，村民853食物耗尽！
⚠️ 第47天，村民853缺水！
⚠️ 第47天，村民854食物耗尽！
⚠️ 第47天，村民854缺水！
⚠️ 第47天，村民855食物耗尽！
⚠️ 第47天，村民855缺水！
⚠️ 第47天，村民856食物耗尽！
⚠️ 第47天，村民856缺水！
⚠️ 第47天，村民857食物耗尽！
⚠️ 第47天，村民857缺水！
⚠️ 第47天，村民858食物耗尽！
⚠️ 第47天，村民858缺水！
⚠️ 第47天，村民859食物耗尽！
⚠️ 第47天，村民859缺水！
⚠️ 第47天，村民860食物耗尽！
⚠️ 第47天，村民860缺水！
⚠️ 第47天，村民861食物耗尽！
⚠️ 第47天，村民861缺水！
⚠️ 第47天，村民862食物耗尽！
⚠️ 第47天，村民862缺水！
⚠️ 第47天，村民863食物耗尽！
⚠️ 第47天，村民863缺水！
⚠️ 第47天，村民864食物耗尽！
⚠️ 第47天，村民864缺水！
⚠️ 第47天，村民865食物耗尽！
⚠️ 第47天，村民865缺水！
⚠️ 第47天，村民866食物耗尽！
⚠️ 第47天，村民866缺水！
⚠️ 第47天，村民867食物耗尽！
⚠️ 第47天，村民867缺水！
⚠️ 第47天，村民868食物耗尽！
⚠️ 第47天，村民868缺水！
⚠️ 第47天，村民869食物耗尽！
⚠️ 第47天，村民869缺水！
⚠️ 第47天，村民870食物耗尽！
⚠️ 第47天，村民870缺水！
⚠️ 第47天，村民871食物耗尽！
⚠️ 第47天，村民871缺水！
⚠️ 第47天，村民872食物耗尽！
⚠️ 第47天，村民872缺水！
⚠️ 第47天，村民873食物耗尽！
⚠️ 第47天，村民873缺水！
⚠️ 第47天，村民874食物耗尽！
⚠️ 第47天，村民874缺水！
⚠️ 第47天，村民875食物耗尽！
⚠️ 第47天，村民875缺水！
⚠️ 第47天，村民876食物耗尽！
⚠️ 第47天，村民876缺水！
⚠️ 第47天，村民877食物耗尽！
⚠️ 第47天，村民877缺水！
⚠️ 第47天，村民878食物耗尽！
⚠️ 第47天，村民878缺水！
⚠️ 第47天，村民879食物耗尽！
⚠️ 第47天，村民879缺水！
⚠️ 第47天，村民880食物耗尽！
⚠️ 第47天，村民880缺水！
⚠️ 第47天，村民881食物耗尽！
⚠️ 第47天，村民881缺水！
⚠️ 第47天，村民882食物耗尽！
⚠️ 第47天，村民882缺水！
⚠️ 第47天，村民883食物耗尽！
⚠️ 第47天，村民883缺水！
⚠️ 第47天，村民884食物耗尽！
⚠️ 第47天，村民884缺水！
⚠️ 第47天，村民885食物耗尽！
⚠️ 第47天，村民885缺水！
⚠️ 第47天，村民886食物耗尽！
⚠️ 第47天，村民886缺水！
⚠️ 第47天，村民887食物耗尽！
⚠️ 第47天，村民887缺水！
⚠️ 第47天，村民888食物耗尽！
⚠️ 第47天，村民888缺水！
⚠️ 第47天，村民889食物耗尽！
⚠️ 第47天，村民889缺水！
⚠️ 第47天，村民890食物耗尽！
⚠️ 第47天，村民890缺水！
⚠️ 第47天，村民891食物耗尽！
⚠️ 第47天，村民891缺水！
⚠️ 第47天，村民892食物耗尽！
⚠️ 第47天，村民892缺水！
⚠️ 第47天，村民893食物耗尽！
⚠️ 第47天，村民893缺水！
⚠️ 第47天，村民894食物耗尽！
⚠️ 第47天，村民894缺水！
⚠️ 第47天，村民895食物耗尽！
⚠️ 第47天，村民895缺水！
⚠️ 第47天，村民896食物耗尽！
⚠️ 第47天，村民896缺水！
⚠️ 第47天，村民897食物耗尽！
⚠️ 第47天，村民897缺水！
⚠️ 第47天，村民898食物耗尽！
⚠️ 第47天，村民898缺水！
⚠️ 第47天，村民899食物耗尽！
⚠️ 第47天，村民899缺水！
⚠️ 第47天，村民900食物耗尽！
⚠️ 第47天，村民900缺水！
⚠️ 第47天，村民901食物耗尽！
⚠️ 第47天，村民901缺水！
⚠️ 第47天，村民902食物耗尽！
⚠️ 第47天，村民902缺水！
⚠️ 第47天，村民903食物耗尽！
⚠️ 第47天，村民903缺水！
⚠️ 第47天，村民904食物耗尽！
⚠️ 第47天，村民904缺水！
⚠️ 第47天，村民905食物耗尽！
⚠️ 第47天，村民905缺水！
⚠️ 第47天，村民906食物耗尽！
⚠️ 第47天，村民906缺水！
⚠️ 第47天，村民907食物耗尽！
⚠️ 第47天，村民907缺水！
⚠️ 第47天，村民908食物耗尽！
⚠️ 第47天，村民908缺水！
⚠️ 第47天，村民909食物耗尽！
⚠️ 第47天，村民909缺水！
⚠️ 第47天，村民910食物耗尽！
⚠️ 第47天，村民910缺水！
⚠️ 第47天，村民911食物耗尽！
⚠️ 第47天，村民911缺水！
⚠️ 第47天，村民912食物耗尽！
⚠️ 第47天，村民912缺水！
⚠️ 第47天，村民913食物耗尽！
⚠️ 第47天，村民913缺水！
⚠️ 第47天，村民914食物耗尽！
⚠️ 第47天，村民914缺水！
⚠️ 第47天，村民915食物耗尽！
⚠️ 第47天，村民915缺水！
⚠️ 第47天，村民916食物耗尽！
⚠️ 第47天，村民916缺水！
⚠️ 第47天，村民917食物耗尽！
⚠️ 第47天，村民917缺水！
⚠️ 第47天，村民918食物耗尽！
⚠️ 第47天，村民918缺水！
⚠️ 第47天，村民919食物耗尽！
⚠️ 第47天，村民919缺水！
⚠️ 第47天，村民920食物耗尽！
⚠️ 第47天，村民920缺水！
⚠️ 第47天，村民921食物耗尽！
⚠️ 第47天，村民921缺水！
⚠️ 第47天，村民922食物耗尽！
⚠️ 第47天，村民922缺水！
⚠️ 第47天，村民923食物耗尽！
⚠️ 第47天，村民923缺水！
⚠️ 第47天，村民924食物耗尽！
⚠️ 第47天，村民924缺水！
⚠️ 第47天，村民925食物耗尽！
⚠️ 第47天，村民925缺水！
⚠️ 第47天，村民926食物耗尽！
⚠️ 第47天，村民926缺水！
⚠️ 第47天，村民927食物耗尽！
⚠️ 第47天，村民927缺水！
⚠️ 第47天，村民928食物耗尽！
⚠️ 第47天，村民928缺水！
⚠️ 第47天，村民929食物耗尽！
⚠️ 第47天，村民929缺水！
⚠️ 第47天，村民930食物耗尽！
⚠️ 第47天，村民930缺水！
⚠️ 第47天，村民931食物耗尽！
⚠️ 第47天，村民931缺水！
⚠️ 第47天，村民932食物耗尽！
⚠️ 第47天，村民932缺水！
⚠️ 第47天，村民933食物耗尽！
⚠️ 第47天，村民933缺水！
⚠️ 第47天，村民934食物耗尽！
⚠️ 第47天，村民934缺水！
⚠️ 第47天，村民935食物耗尽！
⚠️ 第47天，村民935缺水！
⚠️ 第47天，村民936食物耗尽！
⚠️ 第47天，村民936缺水！
⚠️ 第47天，村民937食物耗尽！
⚠️ 第47天，村民937缺水！
⚠️ 第47天，村民938食物耗尽！
⚠️ 第47天，村民938缺水！
⚠️ 第47天，村民939食物耗尽！
⚠️ 第47天，村民939缺水！
⚠️ 第47天，村民940食物耗尽！
⚠️ 第47天，村民940缺水！
⚠️ 第47天，村民941食物耗尽！
⚠️ 第47天，村民941缺水！
⚠️ 第47天，村民942食物耗尽！
⚠️ 第47天，村民942缺水！
⚠️ 第47天，村民943食物耗尽！
⚠️ 第47天，村民943缺水！
⚠️ 第47天，村民944食物耗尽！
⚠️ 第47天，村民944缺水！
⚠️ 第47天，村民945食物耗尽！
⚠️ 第47天，村民945缺水！
⚠️ 第47天，村民946食物耗尽！
⚠️ 第47天，村民946缺水！
⚠️ 第47天，村民947食物耗尽！
⚠️ 第47天，村民947缺水！
⚠️ 第47天，村民948食物耗尽！
⚠️ 第47天，村民948缺水！
⚠️ 第47天，村民949食物耗尽！
⚠️ 第47天，村民949缺水！
⚠️ 第47天，村民950食物耗尽！
⚠️ 第47天，村民950缺水！
⚠️ 第47天，村民951食物耗尽！
⚠️ 第47天，村民951缺水！
⚠️ 第47天，村民952食物耗尽！
⚠️ 第47天，村民952缺水！
⚠️ 第47天，村民953食物耗尽！
⚠️ 第47天，村民953缺水！
⚠️ 第47天，村民954食物耗尽！
⚠️ 第47天，村民954缺水！
⚠️ 第47天，村民955食物耗尽！
⚠️ 第47天，村民955缺水！
⚠️ 第47天，村民956食物耗尽！
⚠️ 第47天，村民956缺水！
⚠️ 第47天，村民957食物耗尽！
⚠️ 第47天，村民957缺水！
⚠️ 第47天，村民958食物耗尽！
⚠️ 第47天，村民958缺水！
⚠️ 第47天，村民959食物耗尽！
⚠️ 第47天，村民959缺水！
⚠️ 第47天，村民960食物耗尽！
⚠️ 第47天，村民960缺水！
⚠️ 第47天，村民961食物耗尽！
⚠️ 第47天，村民961缺水！
⚠️ 第47天，村民962食物耗尽！
⚠️ 第47天，村民962缺水！
⚠️ 第47天，村民963食物耗尽！
⚠️ 第47天，村民963缺水！
⚠️ 第47天，村民964食物耗尽！
⚠️ 第47天，村民964缺水！
⚠️ 第47天，村民965食物耗尽！
⚠️ 第47天，村民965缺水！
⚠️ 第47天，村民966食物耗尽！
⚠️ 第47天，村民966缺水！
⚠️ 第47天，村民967食物耗尽！
⚠️ 第47天，村民967缺水！
⚠️ 第47天，村民968食物耗尽！
⚠️ 第47天，村民968缺水！
⚠️ 第47天，村民969食物耗尽！
⚠️ 第47天，村民969缺水！
⚠️ 第47天，村民970食物耗尽！
⚠️ 第47天，村民970缺水！
⚠️ 第47天，村民971食物耗尽！
⚠️ 第47天，村民971缺水！
⚠️ 第47天，村民972食物耗尽！
⚠️ 第47天，村民972缺水！
⚠️ 第47天，村民973食物耗尽！
⚠️ 第47天，村民973缺水！
⚠️ 第47天，村民974食物耗尽！
⚠️ 第47天，村民974缺水！
⚠️ 第47天，村民975食物耗尽！
⚠️ 第47天，村民975缺水！
⚠️ 第47天，村民976食物耗尽！
⚠️ 第47天，村民976缺水！
⚠️ 第47天，村民977食物耗尽！
⚠️ 第47天，村民977缺水！
⚠️ 第47天，村民978食物耗尽！
⚠️ 第47天，村民978缺水！
⚠️ 第47天，村民979食物耗尽！
⚠️ 第47天，村民979缺水！
⚠️ 第47天，村民980食物耗尽！
⚠️ 第47天，村民980缺水！
⚠️ 第47天，村民981食物耗尽！
⚠️ 第47天，村民981缺水！
⚠️ 第47天，村民982食物耗尽！
⚠️ 第47天，村民982缺水！
⚠️ 第47天，村民983食物耗尽！
⚠️ 第47天，村民983缺水！
⚠️ 第47天，村民984食物耗尽！
⚠️ 第47天，村民984缺水！
⚠️ 第47天，村民985食物耗尽！
⚠️ 第47天，村民985缺水！
⚠️ 第47天，村民986食物耗尽！
⚠️ 第47天，村民986缺水！
⚠️ 第47天，村民987食物耗尽！
⚠️ 第47天，村民987缺水！
⚠️ 第47天，村民988食物耗尽！
⚠️ 第47天，村民988缺水！
⚠️ 第47天，村民989食物耗尽！
⚠️ 第47天，村民989缺水！
⚠️ 第47天，村民990食物耗尽！
⚠️ 第47天，村民990缺水！
⚠️ 第47天，村民991食物耗尽！
⚠️ 第47天，村民991缺水！
⚠️ 第47天，村民992食物耗尽！
⚠️ 第47天，村民992缺水！
⚠️ 第47天，村民993食物耗尽！
⚠️ 第47天，村民993缺水！
⚠️ 第47天，村民994食物耗尽！
⚠️ 第47天，村民994缺水！
⚠️ 第47天，村民995食物耗尽！
⚠️ 第47天，村民995缺水！
⚠️ 第47天，村民996食物耗尽！
⚠️ 第47天，村民996缺水！
⚠️ 第47天，村民997食物耗尽！
⚠️ 第47天，村民997缺水！
⚠️ 第47天，村民998食物耗尽！
⚠️ 第47天，村民998缺水！
⚠️ 第47天，村民999食物耗尽！
⚠️ 第47天，村民999缺水！
⚠️ 第47天，村民1000食物耗尽！
⚠️ 第47天，村民1000缺水！
⚠️ 第47天，村民1001食物耗尽！
⚠️ 第47天，村民1001缺水！
⚠️ 第47天，村民1002食物耗尽！
⚠️ 第47天，村民1002缺水！
⚠️ 第47天，村民1003食物耗尽！
⚠️ 第47天，村民1003缺水！
⚠️ 第47天，村民1004食物耗尽！
⚠️ 第47天，村民1004缺水！
⚠️ 第47天，村民1005食物耗尽！
⚠️ 第47天，村民1005缺水！
⚠️ 第47天，村民1006食物耗尽！
⚠️ 第47天，村民1006缺水！
⚠️ 第47天，村民1007食物耗尽！
⚠️ 第47天，村民1007缺水！
⚠️ 第47天，村民1008食物耗尽！
⚠️ 第47天，村民1008缺水！
⚠️ 第47天，村民1009食物耗尽！
⚠️ 第47天，村民1009缺水！
⚠️ 第47天，村民1010食物耗尽！
⚠️ 第47天，村民1010缺水！
⚠️ 第47天，村民1011食物耗尽！
⚠️ 第47天，村民1011缺水！
⚠️ 第47天，村民1012食物耗尽！
⚠️ 第47天，村民1012缺水！
⚠️ 第47天，村民1013食物耗尽！
⚠️ 第47天，村民1013缺水！
⚠️ 第47天，村民1014食物耗尽！
⚠️ 第47天，村民1014缺水！
⚠️ 第47天，村民1015食物耗尽！
⚠️ 第47天，村民1015缺水！
⚠️ 第47天，村民1016食物耗尽！
⚠️ 第47天，村民1016缺水！
⚠️ 第47天，村民1017食物耗尽！
⚠️ 第47天，村民1017缺水！
⚠️ 第47天，村民1018食物耗尽！
⚠️ 第47天，村民1018缺水！
⚠️ 第47天，村民1019食物耗尽！
⚠️ 第47天，村民1019缺水！
⚠️ 第47天，村民1020食物耗尽！
⚠️ 第47天，村民1020缺水！
⚠️ 第47天，村民1021食物耗尽！
⚠️ 第47天，村民1021缺水！
⚠️ 第47天，村民1022食物耗尽！
⚠️ 第47天，村民1022缺水！
⚠️ 第47天，村民1023食物耗尽！
⚠️ 第47天，村民1023缺水！
⚠️ 第47天，村民1024食物耗尽！
⚠️ 第47天，村民1024缺水！
⚠️ 第47天，村民1025食物耗尽！
⚠️ 第47天，村民1025缺水！
⚠️ 第47天，村民1026食物耗尽！
⚠️ 第47天，村民1026缺水！
⚠️ 第47天，村民1027食物耗尽！
⚠️ 第47天，村民1027缺水！
⚠️ 第47天，村民1028食物耗尽！
⚠️ 第47天，村民1028缺水！
⚠️ 第47天，村民1029食物耗尽！
⚠️ 第47天，村民1029缺水！
⚠️ 第47天，村民1030食物耗尽！
⚠️ 第47天，村民1030缺水！
⚠️ 第47天，村民1031食物耗尽！
⚠️ 第47天，村民1031缺水！
⚠️ 第47天，村民1032食物耗尽！
⚠️ 第47天，村民1032缺水！
⚠️ 第47天，村民1033食物耗尽！
⚠️ 第47天，村民1033缺水！
⚠️ 第47天，村民1034食物耗尽！
⚠️ 第47天，村民1034缺水！
⚠️ 第47天，村民1035食物耗尽！
⚠️ 第47天，村民1035缺水！
⚠️ 第47天，村民1036食物耗尽！
⚠️ 第47天，村民1036缺水！
⚠️ 第47天，村民1037食物耗尽！
⚠️ 第47天，村民1037缺水！
⚠️ 第47天，村民1038食物耗尽！
⚠️ 第47天，村民1038缺水！
⚠️ 第47天，村民1039食物耗尽！
⚠️ 第47天，村民1039缺水！
⚠️ 第47天，村民1040食物耗尽！
⚠️ 第47天，村民1040缺水！
⚠️ 第47天，村民1041食物耗尽！
⚠️ 第47天，村民1041缺水！
⚠️ 第47天，村民1042食物耗尽！
⚠️ 第47天，村民1042缺水！
⚠️ 第47天，村民1043食物耗尽！
⚠️ 第47天，村民1043缺水！
⚠️ 第47天，村民1044食物耗尽！
⚠️ 第47天，村民1044缺水！
⚠️ 第47天，村民1045食物耗尽！
⚠️ 第47天，村民1045缺水！
⚠️ 第47天，村民1046食物耗尽！
⚠️ 第47天，村民1046缺水！
⚠️ 第47天，村民1047食物耗尽！
⚠️ 第47天，村民1047缺水！
⚠️ 第47天，村民1048食物耗尽！
⚠️ 第47天，村民1048缺水！
⚠️ 第47天，村民1049食物耗尽！
⚠️ 第47天，村民1049缺水！
⚠️ 第47天，村民1050食物耗尽！
⚠️ 第47天，村民1050缺水！
⚠️ 第47天，村民1051食物耗尽！
⚠️ 第47天，村民1051缺水！
⚠️ 第47天，村民1052食物耗尽！
⚠️ 第47天，村民1052缺水！
⚠️ 第47天，村民1053食物耗尽！
⚠️ 第47天，村民1053缺水！
⚠️ 第47天，村民1054食物耗尽！
⚠️ 第47天，村民1054缺水！
⚠️ 第47天，村民1055食物耗尽！
⚠️ 第47天，村民1055缺水！
⚠️ 第47天，村民1056食物耗尽！
⚠️ 第47天，村民1056缺水！
⚠️ 第47天，村民1057食物耗尽！
⚠️ 第47天，村民1057缺水！
⚠️ 第47天，村民1058食物耗尽！
⚠️ 第47天，村民1058缺水！
⚠️ 第47天，村民1059食物耗尽！
⚠️ 第47天，村民1059缺水！
⚠️ 第47天，村民1060食物耗尽！
⚠️ 第47天，村民1060缺水！
⚠️ 第47天，村民1061食物耗尽！
⚠️ 第47天，村民1061缺水！
⚠️ 第47天，村民1062食物耗尽！
⚠️ 第47天，村民1062缺水！
⚠️ 第47天，村民1063食物耗尽！
⚠️ 第47天，村民1063缺水！
⚠️ 第47天，村民1064食物耗尽！
⚠️ 第47天，村民1064缺水！
⚠️ 第47天，村民1065食物耗尽！
⚠️ 第47天，村民1065缺水！
⚠️ 第47天，村民1066食物耗尽！
⚠️ 第47天，村民1066缺水！
⚠️ 第47天，村民1067食物耗尽！
⚠️ 第47天，村民1067缺水！
⚠️ 第47天，村民1068食物耗尽！
⚠️ 第47天，村民1068缺水！
⚠️ 第47天，村民1069食物耗尽！
⚠️ 第47天，村民1069缺水！
⚠️ 第47天，村民1070食物耗尽！
⚠️ 第47天，村民1070缺水！
⚠️ 第47天，村民1071食物耗尽！
⚠️ 第47天，村民1071缺水！
⚠️ 第47天，村民1072食物耗尽！
⚠️ 第47天，村民1072缺水！
⚠️ 第47天，村民1073食物耗尽！
⚠️ 第47天，村民1073缺水！
⚠️ 第47天，村民1074食物耗尽！
⚠️ 第47天，村民1074缺水！
⚠️ 第47天，村民1075食物耗尽！
⚠️ 第47天，村民1075缺水！
⚠️ 第47天，村民1076食物耗尽！
⚠️ 第47天，村民1076缺水！
⚠️ 第47天，村民1077食物耗尽！
⚠️ 第47天，村民1077缺水！
⚠️ 第47天，村民1078食物耗尽！
⚠️ 第47天，村民1078缺水！
⚠️ 第47天，村民1079食物耗尽！
⚠️ 第47天，村民1079缺水！
⚠️ 第47天，村民1080食物耗尽！
⚠️ 第47天，村民1080缺水！
⚠️ 第47天，村民1081食物耗尽！
⚠️ 第47天，村民1081缺水！
⚠️ 第47天，村民1082食物耗尽！
⚠️ 第47天，村民1082缺水！
⚠️ 第47天，村民1083食物耗尽！
⚠️ 第47天，村民1083缺水！
⚠️ 第47天，村民1084食物耗尽！
⚠️ 第47天，村民1084缺水！
⚠️ 第47天，村民1085食物耗尽！
⚠️ 第47天，村民1085缺水！
⚠️ 第47天，村民1086食物耗尽！
⚠️ 第47天，村民1086缺水！
⚠️ 第47天，村民1087食物耗尽！
⚠️ 第47天，村民1087缺水！
⚠️ 第47天，村民1088食物耗尽！
⚠️ 第47天，村民1088缺水！
⚠️ 第47天，村民1089食物耗尽！
⚠️ 第47天，村民1089缺水！
⚠️ 第47天，村民1090食物耗尽！
⚠️ 第47天，村民1090缺水！
⚠️ 第47天，村民1091食物耗尽！
⚠️ 第47天，村民1091缺水！
⚠️ 第47天，村民1092食物耗尽！
⚠️ 第47天，村民1092缺水！
⚠️ 第47天，村民1093食物耗尽！
⚠️ 第47天，村民1093缺水！
⚠️ 第47天，村民1094食物耗尽！
⚠️ 第47天，村民1094缺水！
⚠️ 第47天，村民1095食物耗尽！
⚠️ 第47天，村民1095缺水！
⚠️ 第47天，村民1096食物耗尽！
⚠️ 第47天，村民1096缺水！
⚠️ 第47天，村民1097食物耗尽！
⚠️ 第47天，村民1097缺水！
⚠️ 第47天，村民1098食物耗尽！
⚠️ 第47天，村民1098缺水！
⚠️ 第47天，村民1099食物耗尽！
⚠️ 第47天，村民1099缺水！
⚠️ 第47天，村民1100食物耗尽！
⚠️ 第47天，村民1100缺水！
⚠️ 第47天，村民1101食物耗尽！
⚠️ 第47天，村民1101缺水！
⚠️ 第47天，村民1102食物耗尽！
⚠️ 第47天，村民1102缺水！
⚠️ 第47天，村民1103食物耗尽！
⚠️ 第47天，村民1103缺水！
⚠️ 第47天，村民1104食物耗尽！
⚠️ 第47天，村民1104缺水！
⚠️ 第47天，村民1105食物耗尽！
⚠️ 第47天，村民1105缺水！
⚠️ 第47天，村民1106食物耗尽！
⚠️ 第47天，村民1106缺水！
⚠️ 第47天，村民1107食物耗尽！
⚠️ 第47天，村民1107缺水！
⚠️ 第47天，村民1108食物耗尽！
⚠️ 第47天，村民1108缺水！
⚠️ 第47天，村民1109食物耗尽！
⚠️ 第47天，村民1109缺水！
⚠️ 第47天，村民1110食物耗尽！
⚠️ 第47天，村民1110缺水！
⚠️ 第47天，村民1111食物耗尽！
⚠️ 第47天，村民1111缺水！
⚠️ 第47天，村民1112食物耗尽！
⚠️ 第47天，村民1112缺水！
⚠️ 第47天，村民1113食物耗尽！
⚠️ 第47天，村民1113缺水！
⚠️ 第47天，村民1114食物耗尽！
⚠️ 第47天，村民1114缺水！
⚠️ 第47天，村民1115食物耗尽！
⚠️ 第47天，村民1115缺水！
⚠️ 第47天，村民1116食物耗尽！
⚠️ 第47天，村民1116缺水！
⚠️ 第47天，村民1117食物耗尽！
⚠️ 第47天，村民1117缺水！
⚠️ 第47天，村民1118食物耗尽！
⚠️ 第47天，村民1118缺水！
⚠️ 第47天，村民1119食物耗尽！
⚠️ 第47天，村民1119缺水！
⚠️ 第47天，村民1120食物耗尽！
⚠️ 第47天，村民1120缺水！
⚠️ 第47天，村民1121食物耗尽！
⚠️ 第47天，村民1121缺水！
⚠️ 第47天，村民1122食物耗尽！
⚠️ 第47天，村民1122缺水！
⚠️ 第47天，村民1123食物耗尽！
⚠️ 第47天，村民1123缺水！
⚠️ 第47天，村民1124食物耗尽！
⚠️ 第47天，村民1124缺水！
⚠️ 第47天，村民1125食物耗尽！
⚠️ 第47天，村民1125缺水！
⚠️ 第47天，村民1126食物耗尽！
⚠️ 第47天，村民1126缺水！
⚠️ 第47天，村民1127食物耗尽！
⚠️ 第47天，村民1127缺水！
⚠️ 第47天，村民1128食物耗尽！
⚠️ 第47天，村民1128缺水！
⚠️ 第47天，村民1129食物耗尽！
⚠️ 第47天，村民1129缺水！
⚠️ 第47天，村民1130食物耗尽！
⚠️ 第47天，村民1130缺水！
⚠️ 第47天，村民1131食物耗尽！
⚠️ 第47天，村民1131缺水！
⚠️ 第47天，村民1132食物耗尽！
⚠️ 第47天，村民1132缺水！
⚠️ 第47天，村民1133食物耗尽！
⚠️ 第47天，村民1133缺水！
⚠️ 第47天，村民1134食物耗尽！
⚠️ 第47天，村民1134缺水！
⚠️ 第47天，村民1135食物耗尽！
⚠️ 第47天，村民1135缺水！
⚠️ 第47天，村民1136食物耗尽！
⚠️ 第47天，村民1136缺水！
⚠️ 第47天，村民1137食物耗尽！
⚠️ 第47天，村民1137缺水！
⚠️ 第47天，村民1138食物耗尽！
⚠️ 第47天，村民1138缺水！
⚠️ 第47天，村民1139食物耗尽！
⚠️ 第47天，村民1139缺水！
⚠️ 第47天，村民1140食物耗尽！
⚠️ 第47天，村民1140缺水！
⚠️ 第47天，村民1141食物耗尽！
⚠️ 第47天，村民1141缺水！
⚠️ 第47天，村民1142食物耗尽！
⚠️ 第47天，村民1142缺水！
⚠️ 第47天，村民1143食物耗尽！
⚠️ 第47天，村民1143缺水！
⚠️ 第47天，村民1144食物耗尽！
⚠️ 第47天，村民1144缺水！
⚠️ 第47天，村民1145食物耗尽！
⚠️ 第47天，村民1145缺水！
⚠️ 第47天，村民1146食物耗尽！
⚠️ 第47天，村民1146缺水！
⚠️ 第47天，村民1147食物耗尽！
⚠️ 第47天，村民1147缺水！
⚠️ 第47天，村民1148食物耗尽！
⚠️ 第47天，村民1148缺水！
⚠️ 第47天，村民1149食物耗尽！
⚠️ 第47天，村民1149缺水！
⚠️ 第47天，村民1150食物耗尽！
⚠️ 第47天，村民1150缺水！
⚠️ 第47天，村民1151食物耗尽！
⚠️ 第47天，村民1151缺水！
⚠️ 第47天，村民1152食物耗尽！
⚠️ 第47天，村民1152缺水！
⚠️ 第47天，村民1153食物耗尽！
⚠️ 第47天，村民1153缺水！
⚠️ 第47天，村民1154食物耗尽！
⚠️ 第47天，村民1154缺水！
⚠️ 第47天，村民1155食物耗尽！
⚠️ 第47天，村民1155缺水！
⚠️ 第47天，村民1156食物耗尽！
⚠️ 第47天，村民1156缺水！
⚠️ 第47天，村民1157食物耗尽！
⚠️ 第47天，村民1157缺水！
⚠️ 第47天，村民1158食物耗尽！
⚠️ 第47天，村民1158缺水！
⚠️ 第47天，村民1159食物耗尽！
⚠️ 第47天，村民1159缺水！
⚠️ 第47天，村民1160食物耗尽！
⚠️ 第47天，村民1160缺水！
⚠️ 第47天，村民1161食物耗尽！
⚠️ 第47天，村民1161缺水！
⚠️ 第47天，村民1162食物耗尽！
⚠️ 第47天，村民1162缺水！
⚠️ 第47天，村民1163食物耗尽！
⚠️ 第47天，村民1163缺水！
⚠️ 第47天，村民1164食物耗尽！
⚠️ 第47天，村民1164缺水！
⚠️ 第47天，村民1165食物耗尽！
⚠️ 第47天，村民1165缺水！
⚠️ 第47天，村民1166食物耗尽！
⚠️ 第47天，村民1166缺水！
⚠️ 第47天，村民1167食物耗尽！
⚠️ 第47天，村民1167缺水！
⚠️ 第47天，村民1168食物耗尽！
⚠️ 第47天，村民1168缺水！
⚠️ 第47天，村民1169食物耗尽！
⚠️ 第47天，村民1169缺水！
⚠️ 第47天，村民1170食物耗尽！
⚠️ 第47天，村民1170缺水！
⚠️ 第47天，村民1171食物耗尽！
⚠️ 第47天，村民1171缺水！
⚠️ 第47天，村民1172食物耗尽！
⚠️ 第47天，村民1172缺水！
⚠️ 第47天，村民1173食物耗尽！
⚠️ 第47天，村民1173缺水！
⚠️ 第47天，村民1174食物耗尽！
⚠️ 第47天，村民1174缺水！
⚠️ 第47天，村民1175食物耗尽！
⚠️ 第47天，村民1175缺水！
⚠️ 第47天，村民1176食物耗尽！
⚠️ 第47天，村民1176缺水！
⚠️ 第47天，村民1177食物耗尽！
⚠️ 第47天，村民1177缺水！
⚠️ 第47天，村民1178食物耗尽！
⚠️ 第47天，村民1178缺水！
⚠️ 第47天，村民1179食物耗尽！
⚠️ 第47天，村民1179缺水！
⚠️ 第47天，村民1180食物耗尽！
⚠️ 第47天，村民1180缺水！
⚠️ 第47天，村民1181食物耗尽！
⚠️ 第47天，村民1181缺水！
⚠️ 第47天，村民1182食物耗尽！
⚠️ 第47天，村民1182缺水！
⚠️ 第47天，村民1183食物耗尽！
⚠️ 第47天，村民1183缺水！
⚠️ 第47天，村民1184食物耗尽！
⚠️ 第47天，村民1184缺水！
⚠️ 第47天，村民1185食物耗尽！
⚠️ 第47天，村民1185缺水！
⚠️ 第47天，村民1186食物耗尽！
⚠️ 第47天，村民1186缺水！
⚠️ 第47天，村民1187食物耗尽！
⚠️ 第47天，村民1187缺水！
⚠️ 第47天，村民1188食物耗尽！
⚠️ 第47天，村民1188缺水！
⚠️ 第47天，村民1189食物耗尽！
⚠️ 第47天，村民1189缺水！
⚠️ 第47天，村民1190食物耗尽！
⚠️ 第47天，村民1190缺水！
⚠️ 第47天，村民1191食物耗尽！
⚠️ 第47天，村民1191缺水！
⚠️ 第47天，村民1192食物耗尽！
⚠️ 第47天，村民1192缺水！
⚠️ 第47天，村民1193食物耗尽！
⚠️ 第47天，村民1193缺水！
⚠️ 第47天，村民1194食物耗尽！
⚠️ 第47天，村民1194缺水！
⚠️ 第47天，村民1195食物耗尽！
⚠️ 第47天，村民1195缺水！
⚠️ 第47天，村民1196食物耗尽！
⚠️ 第47天，村民1196缺水！
⚠️ 第47天，村民1197食物耗尽！
⚠️ 第47天，村民1197缺水！
⚠️ 第47天，村民1198食物耗尽！
⚠️ 第47天，村民1198缺水！
⚠️ 第47天，村民1199食物耗尽！
⚠️ 第47天，村民1199缺水！
⚠️ 第47天，村民1200食物耗尽！
⚠️ 第47天，村民1200缺水！
⚠️ 第47天，村民1201食物耗尽！
⚠️ 第47天，村民1201缺水！
⚠️ 第47天，村民1202食物耗尽！
⚠️ 第47天，村民1202缺水！
⚠️ 第47天，村民1203食物耗尽！
⚠️ 第47天，村民1203缺水！
⚠️ 第47天，村民1204食物耗尽！
⚠️ 第47天，村民1204缺水！
⚠️ 第47天，村民1205食物耗尽！
⚠️ 第47天，村民1205缺水！
⚠️ 第47天，村民1206食物耗尽！
⚠️ 第47天，村民1206缺水！
⚠️ 第47天，村民1207食物耗尽！
⚠️ 第47天，村民1207缺水！
⚠️ 第47天，村民1208食物耗尽！
⚠️ 第47天，村民1208缺水！
⚠️ 第47天，村民1209食物耗尽！
⚠️ 第47天，村民1209缺水！
⚠️ 第47天，村民1210食物耗尽！
⚠️ 第47天，村民1210缺水！
⚠️ 第47天，村民1211食物耗尽！
⚠️ 第47天，村民1211缺水！
⚠️ 第47天，村民1212食物耗尽！
⚠️ 第47天，村民1212缺水！
⚠️ 第47天，村民1213食物耗尽！
⚠️ 第47天，村民1213缺水！
⚠️ 第47天，村民1214食物耗尽！
⚠️ 第47天，村民1214缺水！
⚠️ 第47天，村民1215食物耗尽！
⚠️ 第47天，村民1215缺水！
⚠️ 第47天，村民1216食物耗尽！
⚠️ 第47天，村民1216缺水！
⚠️ 第47天，村民1217食物耗尽！
⚠️ 第47天，村民1217缺水！
⚠️ 第47天，村民1218食物耗尽！
⚠️ 第47天，村民1218缺水！
⚠️ 第47天，村民1219食物耗尽！
⚠️ 第47天，村民1219缺水！
⚠️ 第47天，村民1220食物耗尽！
⚠️ 第47天，村民1220缺水！
⚠️ 第47天，村民1221食物耗尽！
⚠️ 第47天，村民1221缺水！
⚠️ 第47天，村民1222食物耗尽！
⚠️ 第47天，村民1222缺水！
⚠️ 第47天，村民1223食物耗尽！
⚠️ 第47天，村民1223缺水！
⚠️ 第47天，村民1224食物耗尽！
⚠️ 第47天，村民1224缺水！
⚠️ 第47天，村民1225食物耗尽！
⚠️ 第47天，村民1225缺水！
⚠️ 第47天，村民1226食物耗尽！
⚠️ 第47天，村民1226缺水！
⚠️ 第47天，村民1227食物耗尽！
⚠️ 第47天，村民1227缺水！
⚠️ 第47天，村民1228食物耗尽！
⚠️ 第47天，村民1228缺水！
⚠️ 第47天，村民1229食物耗尽！
⚠️ 第47天，村民1229缺水！
⚠️ 第47天，村民1230食物耗尽！
⚠️ 第47天，村民1230缺水！
⚠️ 第47天，村民1231食物耗尽！
⚠️ 第47天，村民1231缺水！
⚠️ 第47天，村民1232食物耗尽！
⚠️ 第47天，村民1232缺水！
⚠️ 第47天，村民1233食物耗尽！
⚠️ 第47天，村民1233缺水！
⚠️ 第47天，村民1234食物耗尽！
⚠️ 第47天，村民1234缺水！
⚠️ 第47天，村民1235食物耗尽！
⚠️ 第47天，村民1235缺水！
⚠️ 第47天，村民1236食物耗尽！
⚠️ 第47天，村民1236缺水！
⚠️ 第47天，村民1237食物耗尽！
⚠️ 第47天，村民1237缺水！
⚠️ 第47天，村民1238食物耗尽！
⚠️ 第47天，村民1238缺水！
⚠️ 第47天，村民1239食物耗尽！
⚠️ 第47天，村民1239缺水！
⚠️ 第47天，村民1240食物耗尽！
⚠️ 第47天，村民1240缺水！
⚠️ 第47天，村民1241食物耗尽！
⚠️ 第47天，村民1241缺水！
⚠️ 第47天，村民1242食物耗尽！
⚠️ 第47天，村民1242缺水！
⚠️ 第47天，村民1243食物耗尽！
⚠️ 第47天，村民1243缺水！
⚠️ 第47天，村民1244食物耗尽！
⚠️ 第47天，村民1244缺水！
⚠️ 第47天，村民1245食物耗尽！
⚠️ 第47天，村民1245缺水！
⚠️ 第47天，村民1246食物耗尽！
⚠️ 第47天，村民1246缺水！
⚠️ 第47天，村民1247食物耗尽！
⚠️ 第47天，村民1247缺水！
⚠️ 第47天，村民1248食物耗尽！
⚠️ 第47天，村民1248缺水！
⚠️ 第47天，村民1249食物耗尽！
⚠️ 第47天，村民1249缺水！
⚠️ 第47天，村民1250食物耗尽！
⚠️ 第47天，村民1250缺水！
⚠️ 第47天，村民1251食物耗尽！
⚠️ 第47天，村民1251缺水！
⚠️ 第47天，村民1252食物耗尽！
⚠️ 第47天，村民1252缺水！
⚠️ 第47天，村民1253食物耗尽！
⚠️ 第47天，村民1253缺水！
⚠️ 第47天，村民1254食物耗尽！
⚠️ 第47天，村民1254缺水！
⚠️ 第47天，村民1255食物耗尽！
⚠️ 第47天，村民1255缺水！
⚠️ 第47天，村民1256食物耗尽！
⚠️ 第47天，村民1256缺水！
⚠️ 第47天，村民1257食物耗尽！
⚠️ 第47天，村民1257缺水！
⚠️ 第47天，村民1258食物耗尽！
⚠️ 第47天，村民1258缺水！
⚠️ 第47天，村民1259食物耗尽！
⚠️ 第47天，村民1259缺水！
⚠️ 第47天，村民1260食物耗尽！
⚠️ 第47天，村民1260缺水！
⚠️ 第47天，村民1261食物耗尽！
⚠️ 第47天，村民1261缺水！
⚠️ 第47天，村民1262食物耗尽！
⚠️ 第47天，村民1262缺水！
⚠️ 第47天，村民1263食物耗尽！
⚠️ 第47天，村民1263缺水！
⚠️ 第47天，村民1264食物耗尽！
⚠️ 第47天，村民1264缺水！
⚠️ 第47天，村民1265食物耗尽！
⚠️ 第47天，村民1265缺水！
⚠️ 第47天，村民1266食物耗尽！
⚠️ 第47天，村民1266缺水！
⚠️ 第47天，村民1267食物耗尽！
⚠️ 第47天，村民1267缺水！
⚠️ 第47天，村民1268食物耗尽！
⚠️ 第47天，村民1268缺水！
⚠️ 第47天，村民1269食物耗尽！
⚠️ 第47天，村民1269缺水！
⚠️ 第47天，村民1270食物耗尽！
⚠️ 第47天，村民1270缺水！
⚠️ 第47天，村民1271食物耗尽！
⚠️ 第47天，村民1271缺水！
⚠️ 第47天，村民1272食物耗尽！
⚠️ 第47天，村民1272缺水！
⚠️ 第47天，村民1273食物耗尽！
⚠️ 第47天，村民1273缺水！
⚠️ 第47天，村民1274食物耗尽！
⚠️ 第47天，村民1274缺水！
⚠️ 第47天，村民1275食物耗尽！
⚠️ 第47天，村民1275缺水！
⚠️ 第47天，村民1276食物耗尽！
⚠️ 第47天，村民1276缺水！
⚠️ 第47天，村民1277食物耗尽！
⚠️ 第47天，村民1277缺水！
⚠️ 第47天，村民1278食物耗尽！
⚠️ 第47天，村民1278缺水！
⚠️ 第47天，村民1279食物耗尽！
⚠️ 第47天，村民1279缺水！
⚠️ 第47天，村民1280食物耗尽！
⚠️ 第47天，村民1280缺水！
⚠️ 第47天，村民1281食物耗尽！
⚠️ 第47天，村民1281缺水！
⚠️ 第47天，村民1282食物耗尽！
⚠️ 第47天，村民1282缺水！
⚠️ 第47天，村民1283食物耗尽！
⚠️ 第47天，村民1283缺水！
⚠️ 第47天，村民1284食物耗尽！
⚠️ 第47天，村民1284缺水！
⚠️ 第47天，村民1285食物耗尽！
⚠️ 第47天，村民1285缺水！
⚠️ 第47天，村民1286食物耗尽！
⚠️ 第47天，村民1286缺水！
⚠️ 第47天，村民1287食物耗尽！
⚠️ 第47天，村民1287缺水！
⚠️ 第47天，村民1288食物耗尽！
⚠️ 第47天，村民1288缺水！
⚠️ 第47天，村民1289食物耗尽！
⚠️ 第47天，村民1289缺水！
⚠️ 第47天，村民1290食物耗尽！
⚠️ 第47天，村民1290缺水！
⚠️ 第47天，村民1291食物耗尽！
⚠️ 第47天，村民1291缺水！
⚠️ 第47天，村民1292食物耗尽！
⚠️ 第47天，村民1292缺水！
⚠️ 第47天，村民1293食物耗尽！
⚠️ 第47天，村民1293缺水！
⚠️ 第47天，村民1294食物耗尽！
⚠️ 第47天，村民1294缺水！
⚠️ 第47天，村民1295食物耗尽！
⚠️ 第47天，村民1295缺水！
⚠️ 第47天，村民1296食物耗尽！
⚠️ 第47天，村民1296缺水！
⚠️ 第47天，村民1297食物耗尽！
⚠️ 第47天，村民1297缺水！
⚠️ 第47天，村民1298食物耗尽！
⚠️ 第47天，村民1298缺水！
⚠️ 第47天，村民1299食物耗尽！
⚠️ 第47天，村民1299缺水！
⚠️ 第47天，村民1300食物耗尽！
⚠️ 第47天，村民1300缺水！
⚠️ 第47天，村民1301食物耗尽！
⚠️ 第47天，村民1301缺水！
⚠️ 第47天，村民1302食物耗尽！
⚠️ 第47天，村民1302缺水！
⚠️ 第47天，村民1303食物耗尽！
⚠️ 第47天，村民1303缺水！
⚠️ 第47天，村民1304食物耗尽！
⚠️ 第47天，村民1304缺水！
⚠️ 第47天，村民1305食物耗尽！
⚠️ 第47天，村民1305缺水！
⚠️ 第47天，村民1306食物耗尽！
⚠️ 第47天，村民1306缺水！
⚠️ 第47天，村民1307食物耗尽！
⚠️ 第47天，村民1307缺水！
⚠️ 第47天，村民1308食物耗尽！
⚠️ 第47天，村民1308缺水！
⚠️ 第47天，村民1309食物耗尽！
⚠️ 第47天，村民1309缺水！
⚠️ 第47天，村民1310食物耗尽！
⚠️ 第47天，村民1310缺水！
⚠️ 第47天，村民1311食物耗尽！
⚠️ 第47天，村民1311缺水！
⚠️ 第47天，村民1312食物耗尽！
⚠️ 第47天，村民1312缺水！
⚠️ 第47天，村民1313食物耗尽！
⚠️ 第47天，村民1313缺水！
⚠️ 第47天，村民1314食物耗尽！
⚠️ 第47天，村民1314缺水！
⚠️ 第47天，村民1315食物耗尽！
⚠️ 第47天，村民1315缺水！
⚠️ 第47天，村民1316食物耗尽！
⚠️ 第47天，村民1316缺水！
⚠️ 第47天，村民1317食物耗尽！
⚠️ 第47天，村民1317缺水！
⚠️ 第47天，村民1318食物耗尽！
⚠️ 第47天，村民1318缺水！
⚠️ 第47天，村民1319食物耗尽！
⚠️ 第47天，村民1319缺水！
⚠️ 第47天，村民1320食物耗尽！
⚠️ 第47天，村民1320缺水！
⚠️ 第47天，村民1321食物耗尽！
⚠️ 第47天，村民1321缺水！
⚠️ 第47天，村民1322食物耗尽！
⚠️ 第47天，村民1322缺水！
⚠️ 第47天，村民1323食物耗尽！
⚠️ 第47天，村民1323缺水！
⚠️ 第47天，村民1324食物耗尽！
⚠️ 第47天，村民1324缺水！
⚠️ 第47天，村民1325食物耗尽！
⚠️ 第47天，村民1325缺水！
⚠️ 第47天，村民1326食物耗尽！
⚠️ 第47天，村民1326缺水！
⚠️ 第47天，村民1327食物耗尽！
⚠️ 第47天，村民1327缺水！
⚠️ 第47天，村民1328食物耗尽！
⚠️ 第47天，村民1328缺水！
⚠️ 第47天，村民1329食物耗尽！
⚠️ 第47天，村民1329缺水！
⚠️ 第47天，村民1330食物耗尽！
⚠️ 第47天，村民1330缺水！
⚠️ 第47天，村民1331食物耗尽！
⚠️ 第47天，村民1331缺水！
⚠️ 第47天，村民1332食物耗尽！
⚠️ 第47天，村民1332缺水！
⚠️ 第47天，村民1333食物耗尽！
⚠️ 第47天，村民1333缺水！
⚠️ 第47天，村民1334食物耗尽！
⚠️ 第47天，村民1334缺水！
⚠️ 第47天，村民1335食物耗尽！
⚠️ 第47天，村民1335缺水！
⚠️ 第47天，村民1336食物耗尽！
⚠️ 第47天，村民1336缺水！
⚠️ 第47天，村民1337食物耗尽！
⚠️ 第47天，村民1337缺水！
⚠️ 第47天，村民1338食物耗尽！
⚠️ 第47天，村民1338缺水！
⚠️ 第47天，村民1339食物耗尽！
⚠️ 第47天，村民1339缺水！
⚠️ 第47天，村民1340食物耗尽！
⚠️ 第47天，村民1340缺水！
⚠️ 第47天，村民1341食物耗尽！
⚠️ 第47天，村民1341缺水！
⚠️ 第47天，村民1342食物耗尽！
⚠️ 第47天，村民1342缺水！
⚠️ 第47天，村民1343食物耗尽！
⚠️ 第47天，村民1343缺水！
⚠️ 第47天，村民1344食物耗尽！
⚠️ 第47天，村民1344缺水！
⚠️ 第47天，村民1345食物耗尽！
⚠️ 第47天，村民1345缺水！
⚠️ 第47天，村民1346食物耗尽！
⚠️ 第47天，村民1346缺水！
⚠️ 第47天，村民1347食物耗尽！
⚠️ 第47天，村民1347缺水！
⚠️ 第47天，村民1348食物耗尽！
⚠️ 第47天，村民1348缺水！
⚠️ 第47天，村民1349食物耗尽！
⚠️ 第47天，村民1349缺水！
⚠️ 第47天，村民1350食物耗尽！
⚠️ 第47天，村民1350缺水！
⚠️ 第47天，村民1351食物耗尽！
⚠️ 第47天，村民1351缺水！
⚠️ 第47天，村民1352食物耗尽！
⚠️ 第47天，村民1352缺水！
⚠️ 第47天，村民1353食物耗尽！
⚠️ 第47天，村民1353缺水！
⚠️ 第47天，村民1354食物耗尽！
⚠️ 第47天，村民1354缺水！
⚠️ 第47天，村民1355食物耗尽！
⚠️ 第47天，村民1355缺水！
⚠️ 第47天，村民1356食物耗尽！
⚠️ 第47天，村民1356缺水！
⚠️ 第47天，村民1357食物耗尽！
⚠️ 第47天，村民1357缺水！
⚠️ 第47天，村民1358食物耗尽！
⚠️ 第47天，村民1358缺水！
⚠️ 第47天，村民1359食物耗尽！
⚠️ 第47天，村民1359缺水！
⚠️ 第47天，村民1360食物耗尽！
⚠️ 第47天，村民1360缺水！
⚠️ 第47天，村民1361食物耗尽！
⚠️ 第47天，村民1361缺水！
⚠️ 第47天，村民1362食物耗尽！
⚠️ 第47天，村民1362缺水！
⚠️ 第47天，村民1363食物耗尽！
⚠️ 第47天，村民1363缺水！
⚠️ 第47天，村民1364食物耗尽！
⚠️ 第47天，村民1364缺水！
⚠️ 第47天，村民1365食物耗尽！
⚠️ 第47天，村民1365缺水！
⚠️ 第47天，村民1366食物耗尽！
⚠️ 第47天，村民1366缺水！
⚠️ 第47天，村民1367食物耗尽！
⚠️ 第47天，村民1367缺水！
⚠️ 第47天，村民1368食物耗尽！
⚠️ 第47天，村民1368缺水！
⚠️ 第47天，村民1369食物耗尽！
⚠️ 第47天，村民1369缺水！
⚠️ 第47天，村民1370食物耗尽！
⚠️ 第47天，村民1370缺水！
⚠️ 第47天，村民1371食物耗尽！
⚠️ 第47天，村民1371缺水！
⚠️ 第47天，村民1372食物耗尽！
⚠️ 第47天，村民1372缺水！
⚠️ 第47天，村民1373食物耗尽！
⚠️ 第47天，村民1373缺水！
⚠️ 第47天，村民1374食物耗尽！
⚠️ 第47天，村民1374缺水！
⚠️ 第47天，村民1375食物耗尽！
⚠️ 第47天，村民1375缺水！
⚠️ 第47天，村民1376食物耗尽！
⚠️ 第47天，村民1376缺水！
⚠️ 第47天，村民1377食物耗尽！
⚠️ 第47天，村民1377缺水！
⚠️ 第47天，村民1378食物耗尽！
⚠️ 第47天，村民1378缺水！
⚠️ 第47天，村民1379食物耗尽！
⚠️ 第47天，村民1379缺水！
⚠️ 第47天，村民1380食物耗尽！
⚠️ 第47天，村民1380缺水！
⚠️ 第47天，村民1381食物耗尽！
⚠️ 第47天，村民1381缺水！
⚠️ 第47天，村民1382食物耗尽！
⚠️ 第47天，村民1382缺水！
⚠️ 第47天，村民1383食物耗尽！
⚠️ 第47天，村民1383缺水！
⚠️ 第47天，村民1384食物耗尽！
⚠️ 第47天，村民1384缺水！
⚠️ 第47天，村民1385食物耗尽！
⚠️ 第47天，村民1385缺水！
⚠️ 第47天，村民1386食物耗尽！
⚠️ 第47天，村民1386缺水！
⚠️ 第47天，村民1387食物耗尽！
⚠️ 第47天，村民1387缺水！
⚠️ 第47天，村民1388食物耗尽！
⚠️ 第47天，村民1388缺水！
⚠️ 第47天，村民1389食物耗尽！
⚠️ 第47天，村民1389缺水！
⚠️ 第47天，村民1390食物耗尽！
⚠️ 第47天，村民1390缺水！
⚠️ 第47天，村民1391食物耗尽！
⚠️ 第47天，村民1391缺水！
⚠️ 第47天，村民1392食物耗尽！
⚠️ 第47天，村民1392缺水！
⚠️ 第47天，村民1393食物耗尽！
⚠️ 第47天，村民1393缺水！
⚠️ 第47天，村民1394食物耗尽！
⚠️ 第47天，村民1394缺水！
⚠️ 第47天，村民1395食物耗尽！
⚠️ 第47天，村民1395缺水！
⚠️ 第47天，村民1396食物耗尽！
⚠️ 第47天，村民1396缺水！
⚠️ 第47天，村民1397食物耗尽！
⚠️ 第47天，村民1397缺水！
⚠️ 第47天，村民1398食物耗尽！
⚠️ 第47天，村民1398缺水！
⚠️ 第47天，村民1399食物耗尽！
⚠️ 第47天，村民1399缺水！
⚠️ 第47天，村民1400食物耗尽！
⚠️ 第47天，村民1400缺水！
⚠️ 第47天，村民1401食物耗尽！
⚠️ 第47天，村民1401缺水！
⚠️ 第47天，村民1402食物耗尽！
⚠️ 第47天，村民1402缺水！
⚠️ 第47天，村民1403食物耗尽！
⚠️ 第47天，村民1403缺水！
⚠️ 第47天，村民1404食物耗尽！
⚠️ 第47天，村民1404缺水！
⚠️ 第47天，村民1405食物耗尽！
⚠️ 第47天，村民1405缺水！
⚠️ 第47天，村民1406食物耗尽！
⚠️ 第47天，村民1406缺水！
⚠️ 第47天，村民1407食物耗尽！
⚠️ 第47天，村民1407缺水！
⚠️ 第47天，村民1408食物耗尽！
⚠️ 第47天，村民1408缺水！
⚠️ 第47天，村民1409食物耗尽！
⚠️ 第47天，村民1409缺水！
⚠️ 第47天，村民1410食物耗尽！
⚠️ 第47天，村民1410缺水！
⚠️ 第47天，村民1411食物耗尽！
⚠️ 第47天，村民1411缺水！
⚠️ 第47天，村民1412食物耗尽！
⚠️ 第47天，村民1412缺水！
⚠️ 第47天，村民1413食物耗尽！
⚠️ 第47天，村民1413缺水！
⚠️ 第47天，村民1414食物耗尽！
⚠️ 第47天，村民1414缺水！
⚠️ 第47天，村民1415食物耗尽！
⚠️ 第47天，村民1415缺水！
⚠️ 第47天，村民1416食物耗尽！
⚠️ 第47天，村民1416缺水！
⚠️ 第47天，村民1417食物耗尽！
⚠️ 第47天，村民1417缺水！
⚠️ 第47天，村民1418食物耗尽！
⚠️ 第47天，村民1418缺水！
⚠️ 第47天，村民1419食物耗尽！
⚠️ 第47天，村民1419缺水！
⚠️ 第47天，村民1420食物耗尽！
⚠️ 第47天，村民1420缺水！
⚠️ 第47天，村民1421食物耗尽！
⚠️ 第47天，村民1421缺水！
⚠️ 第47天，村民1422食物耗尽！
⚠️ 第47天，村民1422缺水！
⚠️ 第47天，村民1423食物耗尽！
⚠️ 第47天，村民1423缺水！
⚠️ 第47天，村民1424食物耗尽！
⚠️ 第47天，村民1424缺水！
⚠️ 第47天，村民1425食物耗尽！
⚠️ 第47天，村民1425缺水！
⚠️ 第47天，村民1426食物耗尽！
⚠️ 第47天，村民1426缺水！
⚠️ 第47天，村民1427食物耗尽！
⚠️ 第47天，村民1427缺水！
⚠️ 第47天，村民1428食物耗尽！
⚠️ 第47天，村民1428缺水！
⚠️ 第47天，村民1429食物耗尽！
⚠️ 第47天，村民1429缺水！
⚠️ 第47天，村民1430食物耗尽！
⚠️ 第47天，村民1430缺水！
⚠️ 第47天，村民1431食物耗尽！
⚠️ 第47天，村民1431缺水！
⚠️ 第47天，村民1432食物耗尽！
⚠️ 第47天，村民1432缺水！
⚠️ 第47天，村民1433食物耗尽！
⚠️ 第47天，村民1433缺水！
⚠️ 第47天，村民1434食物耗尽！
⚠️ 第47天，村民1434缺水！
⚠️ 第47天，村民1435食物耗尽！
⚠️ 第47天，村民1435缺水！
⚠️ 第47天，村民1436食物耗尽！
⚠️ 第47天，村民1436缺水！
⚠️ 第47天，村民1437食物耗尽！
⚠️ 第47天，村民1437缺水！
⚠️ 第47天，村民1438食物耗尽！
⚠️ 第47天，村民1438缺水！
⚠️ 第47天，村民1439食物耗尽！
⚠️ 第47天，村民1439缺水！
⚠️ 第47天，村民1440食物耗尽！
⚠️ 第47天，村民1440缺水！
⚠️ 第47天，村民1441食物耗尽！
⚠️ 第47天，村民1441缺水！
⚠️ 第47天，村民1442食物耗尽！
⚠️ 第47天，村民1442缺水！
⚠️ 第47天，村民1443食物耗尽！
⚠️ 第47天，村民1443缺水！
⚠️ 第47天，村民1444食物耗尽！
⚠️ 第47天，村民1444缺水！
⚠️ 第47天，村民1445食物耗尽！
⚠️ 第47天，村民1445缺水！
⚠️ 第47天，村民1446食物耗尽！
⚠️ 第47天，村民1446缺水！
⚠️ 第47天，村民1447食物耗尽！
⚠️ 第47天，村民1447缺水！
⚠️ 第47天，村民1448食物耗尽！
⚠️ 第47天，村民1448缺水！
⚠️ 第47天，村民1449食物耗尽！
⚠️ 第47天，村民1449缺水！
⚠️ 第47天，村民1450食物耗尽！
⚠️ 第47天，村民1450缺水！
⚠️ 第47天，村民1451食物耗尽！
⚠️ 第47天，村民1451缺水！
⚠️ 第47天，村民1452食物耗尽！
⚠️ 第47天，村民1452缺水！
⚠️ 第47天，村民1453食物耗尽！
⚠️ 第47天，村民1453缺水！
⚠️ 第47天，村民1454食物耗尽！
⚠️ 第47天，村民1454缺水！
⚠️ 第47天，村民1455食物耗尽！
⚠️ 第47天，村民1455缺水！
⚠️ 第47天，村民1456食物耗尽！
⚠️ 第47天，村民1456缺水！
⚠️ 第47天，村民1457食物耗尽！
⚠️ 第47天，村民1457缺水！
⚠️ 第47天，村民1458食物耗尽！
⚠️ 第47天，村民1458缺水！
⚠️ 第47天，村民1459食物耗尽！
⚠️ 第47天，村民1459缺水！
⚠️ 第47天，村民1460食物耗尽！
⚠️ 第47天，村民1460缺水！
⚠️ 第47天，村民1461食物耗尽！
⚠️ 第47天，村民1461缺水！
⚠️ 第47天，村民1462食物耗尽！
⚠️ 第47天，村民1462缺水！
⚠️ 第47天，村民1463食物耗尽！
⚠️ 第47天，村民1463缺水！
⚠️ 第47天，村民1464食物耗尽！
⚠️ 第47天，村民1464缺水！
⚠️ 第47天，村民1465食物耗尽！
⚠️ 第47天，村民1465缺水！
⚠️ 第47天，村民1466食物耗尽！
⚠️ 第47天，村民1466缺水！
⚠️ 第47天，村民1467食物耗尽！
⚠️ 第47天，村民1467缺水！
⚠️ 第47天，村民1468食物耗尽！
⚠️ 第47天，村民1468缺水！
⚠️ 第47天，村民1469食物耗尽！
⚠️ 第47天，村民1469缺水！
⚠️ 第47天，村民1470食物耗尽！
⚠️ 第47天，村民1470缺水！
⚠️ 第47天，村民1471食物耗尽！
⚠️ 第47天，村民1471缺水！
⚠️ 第47天，村民1472食物耗尽！
⚠️ 第47天，村民1472缺水！
⚠️ 第47天，村民1473食物耗尽！
⚠️ 第47天，村民1473缺水！
⚠️ 第47天，村民1474食物耗尽！
⚠️ 第47天，村民1474缺水！
⚠️ 第47天，村民1475食物耗尽！
⚠️ 第47天，村民1475缺水！
⚠️ 第47天，村民1476食物耗尽！
⚠️ 第47天，村民1476缺水！
⚠️ 第47天，村民1477食物耗尽！
⚠️ 第47天，村民1477缺水！
⚠️ 第47天，村民1478食物耗尽！
⚠️ 第47天，村民1478缺水！
⚠️ 第47天，村民1479食物耗尽！
⚠️ 第47天，村民1479缺水！
⚠️ 第47天，村民1480食物耗尽！
⚠️ 第47天，村民1480缺水！
⚠️ 第47天，村民1481食物耗尽！
⚠️ 第47天，村民1481缺水！
⚠️ 第47天，村民1482食物耗尽！
⚠️ 第47天，村民1482缺水！
⚠️ 第47天，村民1483食物耗尽！
⚠️ 第47天，村民1483缺水！
⚠️ 第47天，村民1484食物耗尽！
⚠️ 第47天，村民1484缺水！
⚠️ 第47天，村民1485食物耗尽！
⚠️ 第47天，村民1485缺水！
⚠️ 第47天，村民1486食物耗尽！
⚠️ 第47天，村民1486缺水！
⚠️ 第47天，村民1487食物耗尽！
⚠️ 第47天，村民1487缺水！
⚠️ 第47天，村民1488食物耗尽！
⚠️ 第47天，村民1488缺水！
⚠️ 第47天，村民1489食物耗尽！
⚠️ 第47天，村民1489缺水！
⚠️ 第47天，村民1490食物耗尽！
⚠️ 第47天，村民1490缺水！
⚠️ 第47天，村民1491食物耗尽！
⚠️ 第47天，村民1491缺水！
⚠️ 第47天，村民1492食物耗尽！
⚠️ 第47天，村民1492缺水！
⚠️ 第47天，村民1493食物耗尽！
⚠️ 第47天，村民1493缺水！
⚠️ 第47天，村民1494食物耗尽！
⚠️ 第47天，村民1494缺水！
⚠️ 第47天，村民1495食物耗尽！
⚠️ 第47天，村民1495缺水！
⚠️ 第47天，村民1496食物耗尽！
⚠️ 第47天，村民1496缺水！
⚠️ 第47天，村民1497食物耗尽！
⚠️ 第47天，村民1497缺水！
⚠️ 第47天，村民1498食物耗尽！
⚠️ 第47天，村民1498缺水！
⚠️ 第47天，村民1499食物耗尽！
⚠️ 第47天，村民1499缺水！
⚠️ 第47天，村民1500食物耗尽！
⚠️ 第47天，村民1500缺水！
⚠️ 第47天，村民1501食物耗尽！
⚠️ 第47天，村民1501缺水！
⚠️ 第47天，村民1502食物耗尽！
⚠️ 第47天，村民1502缺水！
⚠️ 第47天，村民1503食物耗尽！
⚠️ 第47天，村民1503缺水！
⚠️ 第47天，村民1504食物耗尽！
⚠️ 第47天，村民1504缺水！
⚠️ 第47天，村民1505食物耗尽！
⚠️ 第47天，村民1505缺水！
⚠️ 第47天，村民1506食物耗尽！
⚠️ 第47天，村民1506缺水！
⚠️ 第47天，村民1507食物耗尽！
⚠️ 第47天，村民1507缺水！
⚠️ 第47天，村民1508食物耗尽！
⚠️ 第47天，村民1508缺水！
⚠️ 第47天，村民1509食物耗尽！
⚠️ 第47天，村民1509缺水！
⚠️ 第47天，村民1510食物耗尽！
⚠️ 第47天，村民1510缺水！
⚠️ 第47天，村民1511食物耗尽！
⚠️ 第47天，村民1511缺水！
⚠️ 第47天，村民1512食物耗尽！
⚠️ 第47天，村民1512缺水！
⚠️ 第47天，村民1513食物耗尽！
⚠️ 第47天，村民1513缺水！
⚠️ 第47天，村民1514食物耗尽！
⚠️ 第47天，村民1514缺水！
⚠️ 第47天，村民1515食物耗尽！
⚠️ 第47天，村民1515缺水！
⚠️ 第47天，村民1516食物耗尽！
⚠️ 第47天，村民1516缺水！
⚠️ 第47天，村民1517食物耗尽！
⚠️ 第47天，村民1517缺水！
⚠️ 第47天，村民1518食物耗尽！
⚠️ 第47天，村民1518缺水！
⚠️ 第47天，村民1519食物耗尽！
⚠️ 第47天，村民1519缺水！
⚠️ 第47天，村民1520食物耗尽！
⚠️ 第47天，村民1520缺水！
⚠️ 第47天，村民1521食物耗尽！
⚠️ 第47天，村民1521缺水！
⚠️ 第47天，村民1522食物耗尽！
⚠️ 第47天，村民1522缺水！
⚠️ 第47天，村民1523食物耗尽！
⚠️ 第47天，村民1523缺水！
⚠️ 第47天，村民1524食物耗尽！
⚠️ 第47天，村民1524缺水！
⚠️ 第47天，村民1525食物耗尽！
⚠️ 第47天，村民1525缺水！
⚠️ 第47天，村民1526食物耗尽！
⚠️ 第47天，村民1526缺水！
⚠️ 第47天，村民1527食物耗尽！
⚠️ 第47天，村民1527缺水！
⚠️ 第47天，村民1528食物耗尽！
⚠️ 第47天，村民1528缺水！
⚠️ 第47天，村民1529食物耗尽！
⚠️ 第47天，村民1529缺水！
⚠️ 第47天，村民1530食物耗尽！
⚠️ 第47天，村民1530缺水！
⚠️ 第47天，村民1531食物耗尽！
⚠️ 第47天，村民1531缺水！
⚠️ 第47天，村民1532食物耗尽！
⚠️ 第47天，村民1532缺水！
⚠️ 第47天，村民1533食物耗尽！
⚠️ 第47天，村民1533缺水！
⚠️ 第47天，村民1534食物耗尽！
⚠️ 第47天，村民1534缺水！
⚠️ 第47天，村民1535食物耗尽！
⚠️ 第47天，村民1535缺水！
⚠️ 第47天，村民1536食物耗尽！
⚠️ 第47天，村民1536缺水！
⚠️ 第47天，村民1537食物耗尽！
⚠️ 第47天，村民1537缺水！
⚠️ 第47天，村民1538食物耗尽！
⚠️ 第47天，村民1538缺水！
⚠️ 第47天，村民1539食物耗尽！
⚠️ 第47天，村民1539缺水！
⚠️ 第47天，村民1540食物耗尽！
⚠️ 第47天，村民1540缺水！
⚠️ 第47天，村民1541食物耗尽！
⚠️ 第47天，村民1541缺水！
⚠️ 第47天，村民1542食物耗尽！
⚠️ 第47天，村民1542缺水！
⚠️ 第47天，村民1543食物耗尽！
⚠️ 第47天，村民1543缺水！
⚠️ 第47天，村民1544食物耗尽！
⚠️ 第47天，村民1544缺水！
⚠️ 第47天，村民1545食物耗尽！
⚠️ 第47天，村民1545缺水！
⚠️ 第47天，村民1546食物耗尽！
⚠️ 第47天，村民1546缺水！
⚠️ 第47天，村民1547食物耗尽！
⚠️ 第47天，村民1547缺水！
⚠️ 第47天，村民1548食物耗尽！
⚠️ 第47天，村民1548缺水！
⚠️ 第47天，村民1549食物耗尽！
⚠️ 第47天，村民1549缺水！
⚠️ 第47天，村民1550食物耗尽！
⚠️ 第47天，村民1550缺水！
⚠️ 第47天，村民1551食物耗尽！
⚠️ 第47天，村民1551缺水！
⚠️ 第47天，村民1552食物耗尽！
⚠️ 第47天，村民1552缺水！
⚠️ 第47天，村民1553食物耗尽！
⚠️ 第47天，村民1553缺水！
⚠️ 第47天，村民1554食物耗尽！
⚠️ 第47天，村民1554缺水！
⚠️ 第47天，村民1555食物耗尽！
⚠️ 第47天，村民1555缺水！
⚠️ 第47天，村民1556食物耗尽！
⚠️ 第47天，村民1556缺水！
⚠️ 第47天，村民1557食物耗尽！
⚠️ 第47天，村民1557缺水！
⚠️ 第47天，村民1558食物耗尽！
⚠️ 第47天，村民1558缺水！
⚠️ 第47天，村民1559食物耗尽！
⚠️ 第47天，村民1559缺水！
⚠️ 第47天，村民1560食物耗尽！
⚠️ 第47天，村民1560缺水！
⚠️ 第47天，村民1561食物耗尽！
⚠️ 第47天，村民1561缺水！
⚠️ 第47天，村民1562食物耗尽！
⚠️ 第47天，村民1562缺水！
⚠️ 第47天，村民1563食物耗尽！
⚠️ 第47天，村民1563缺水！
⚠️ 第47天，村民1564食物耗尽！
⚠️ 第47天，村民1564缺水！
⚠️ 第47天，村民1565食物耗尽！
⚠️ 第47天，村民1565缺水！
⚠️ 第47天，村民1566食物耗尽！
⚠️ 第47天，村民1566缺水！
⚠️ 第47天，村民1567食物耗尽！
⚠️ 第47天，村民1567缺水！
⚠️ 第47天，村民1568食物耗尽！
⚠️ 第47天，村民1568缺水！
⚠️ 第47天，村民1569食物耗尽！
⚠️ 第47天，村民1569缺水！
⚠️ 第47天，村民1570食物耗尽！
⚠️ 第47天，村民1570缺水！
⚠️ 第47天，村民1571食物耗尽！
⚠️ 第47天，村民1571缺水！
⚠️ 第47天，村民1572食物耗尽！
⚠️ 第47天，村民1572缺水！
⚠️ 第47天，村民1573食物耗尽！
⚠️ 第47天，村民1573缺水！
⚠️ 第47天，村民1574食物耗尽！
⚠️ 第47天，村民1574缺水！
⚠️ 第47天，村民1575食物耗尽！
⚠️ 第47天，村民1575缺水！
⚠️ 第47天，村民1576食物耗尽！
⚠️ 第47天，村民1576缺水！
⚠️ 第47天，村民1577食物耗尽！
⚠️ 第47天，村民1577缺水！
⚠️ 第47天，村民1578食物耗尽！
⚠️ 第47天，村民1578缺水！
⚠️ 第47天，村民1579食物耗尽！
⚠️ 第47天，村民1579缺水！
⚠️ 第47天，村民1580食物耗尽！
⚠️ 第47天，村民1580缺水！
⚠️ 第47天，村民1581食物耗尽！
⚠️ 第47天，村民1581缺水！
⚠️ 第47天，村民1582食物耗尽！
⚠️ 第47天，村民1582缺水！
⚠️ 第47天，村民1583食物耗尽！
⚠️ 第47天，村民1583缺水！
⚠️ 第47天，村民1584食物耗尽！
⚠️ 第47天，村民1584缺水！
⚠️ 第47天，村民1585食物耗尽！
⚠️ 第47天，村民1585缺水！
⚠️ 第47天，村民1586食物耗尽！
⚠️ 第47天，村民1586缺水！
⚠️ 第47天，村民1587食物耗尽！
⚠️ 第47天，村民1587缺水！
⚠️ 第47天，村民1588食物耗尽！
⚠️ 第47天，村民1588缺水！
⚠️ 第47天，村民1589食物耗尽！
⚠️ 第47天，村民1589缺水！
⚠️ 第47天，村民1590食物耗尽！
⚠️ 第47天，村民1590缺水！
⚠️ 第47天，村民1591食物耗尽！
⚠️ 第47天，村民1591缺水！
⚠️ 第47天，村民1592食物耗尽！
⚠️ 第47天，村民1592缺水！
⚠️ 第47天，村民1593食物耗尽！
⚠️ 第47天，村民1593缺水！
⚠️ 第47天，村民1594食物耗尽！
⚠️ 第47天，村民1594缺水！
⚠️ 第47天，村民1595食物耗尽！
⚠️ 第47天，村民1595缺水！
⚠️ 第47天，村民1596食物耗尽！
⚠️ 第47天，村民1596缺水！
⚠️ 第47天，村民1597食物耗尽！
⚠️ 第47天，村民1597缺水！
⚠️ 第47天，村民1598食物耗尽！
⚠️ 第47天，村民1598缺水！
⚠️ 第47天，村民1599食物耗尽！
⚠️ 第47天，村民1599缺水！
⚠️ 第47天，村民1600食物耗尽！
⚠️ 第47天，村民1600缺水！
⚠️ 第47天，村民1601食物耗尽！
⚠️ 第47天，村民1601缺水！
⚠️ 第47天，村民1602食物耗尽！
⚠️ 第47天，村民1602缺水！
⚠️ 第47天，村民1603食物耗尽！
⚠️ 第47天，村民1603缺水！
⚠️ 第47天，村民1604食物耗尽！
⚠️ 第47天，村民1604缺水！
⚠️ 第47天，村民1605食物耗尽！
⚠️ 第47天，村民1605缺水！
⚠️ 第47天，村民1606食物耗尽！
⚠️ 第47天，村民1606缺水！
⚠️ 第47天，村民1607食物耗尽！
⚠️ 第47天，村民1607缺水！
⚠️ 第47天，村民1608食物耗尽！
⚠️ 第47天，村民1608缺水！
⚠️ 第47天，村民1609食物耗尽！
⚠️ 第47天，村民1609缺水！
⚠️ 第47天，村民1610食物耗尽！
⚠️ 第47天，村民1610缺水！
⚠️ 第47天，村民1611食物耗尽！
⚠️ 第47天，村民1611缺水！
⚠️ 第47天，村民1612食物耗尽！
⚠️ 第47天，村民1612缺水！
⚠️ 第47天，村民1613食物耗尽！
⚠️ 第47天，村民1613缺水！
⚠️ 第47天，村民1614食物耗尽！
⚠️ 第47天，村民1614缺水！
⚠️ 第47天，村民1615食物耗尽！
⚠️ 第47天，村民1615缺水！
⚠️ 第47天，村民1616食物耗尽！
⚠️ 第47天，村民1616缺水！
⚠️ 第47天，村民1617食物耗尽！
⚠️ 第47天，村民1617缺水！
⚠️ 第47天，村民1618食物耗尽！
⚠️ 第47天，村民1618缺水！
⚠️ 第47天，村民1619食物耗尽！
⚠️ 第47天，村民1619缺水！
⚠️ 第47天，村民1620食物耗尽！
⚠️ 第47天，村民1620缺水！
⚠️ 第47天，村民1621食物耗尽！
⚠️ 第47天，村民1621缺水！
⚠️ 第47天，村民1622食物耗尽！
⚠️ 第47天，村民1622缺水！
⚠️ 第47天，村民1623食物耗尽！
⚠️ 第47天，村民1623缺水！
⚠️ 第47天，村民1624食物耗尽！
⚠️ 第47天，村民1624缺水！
⚠️ 第47天，村民1625食物耗尽！
⚠️ 第47天，村民1625缺水！
⚠️ 第47天，村民1626食物耗尽！
⚠️ 第47天，村民1626缺水！
⚠️ 第47天，村民1627食物耗尽！
⚠️ 第47天，村民1627缺水！
⚠️ 第47天，村民1628食物耗尽！
⚠️ 第47天，村民1628缺水！
⚠️ 第47天，村民1629食物耗尽！
⚠️ 第47天，村民1629缺水！
⚠️ 第47天，村民1630食物耗尽！
⚠️ 第47天，村民1630缺水！
⚠️ 第47天，村民1631食物耗尽！
⚠️ 第47天，村民1631缺水！
⚠️ 第47天，村民1632食物耗尽！
⚠️ 第47天，村民1632缺水！
⚠️ 第47天，村民1633食物耗尽！
⚠️ 第47天，村民1633缺水！
⚠️ 第47天，村民1634食物耗尽！
⚠️ 第47天，村民1634缺水！
⚠️ 第47天，村民1635食物耗尽！
⚠️ 第47天，村民1635缺水！
⚠️ 第47天，村民1636食物耗尽！
⚠️ 第47天，村民1636缺水！
⚠️ 第47天，村民1637食物耗尽！
⚠️ 第47天，村民1637缺水！
⚠️ 第47天，村民1638食物耗尽！
⚠️ 第47天，村民1638缺水！
⚠️ 第47天，村民1639食物耗尽！
⚠️ 第47天，村民1639缺水！
⚠️ 第47天，村民1640食物耗尽！
⚠️ 第47天，村民1640缺水！
⚠️ 第47天，村民1641食物耗尽！
⚠️ 第47天，村民1641缺水！
⚠️ 第47天，村民1642食物耗尽！
⚠️ 第47天，村民1642缺水！
⚠️ 第47天，村民1643食物耗尽！
⚠️ 第47天，村民1643缺水！
⚠️ 第47天，村民1644食物耗尽！
⚠️ 第47天，村民1644缺水！
⚠️ 第47天，村民1645食物耗尽！
⚠️ 第47天，村民1645缺水！
⚠️ 第47天，村民1646食物耗尽！
⚠️ 第47天，村民1646缺水！
⚠️ 第47天，村民1647食物耗尽！
⚠️ 第47天，村民1647缺水！
⚠️ 第47天，村民1648食物耗尽！
⚠️ 第47天，村民1648缺水！
⚠️ 第47天，村民1649食物耗尽！
⚠️ 第47天，村民1649缺水！
⚠️ 第47天，村民1650食物耗尽！
⚠️ 第47天，村民1650缺水！
⚠️ 第47天，村民1651食物耗尽！
⚠️ 第47天，村民1651缺水！
⚠️ 第47天，村民1652食物耗尽！
⚠️ 第47天，村民1652缺水！
⚠️ 第47天，村民1653食物耗尽！
⚠️ 第47天，村民1653缺水！
⚠️ 第47天，村民1654食物耗尽！
⚠️ 第47天，村民1654缺水！
⚠️ 第47天，村民1655食物耗尽！
⚠️ 第47天，村民1655缺水！
⚠️ 第47天，村民1656食物耗尽！
⚠️ 第47天，村民1656缺水！
⚠️ 第47天，村民1657食物耗尽！
⚠️ 第47天，村民1657缺水！
⚠️ 第47天，村民1658食物耗尽！
⚠️ 第47天，村民1658缺水！
⚠️ 第47天，村民1659食物耗尽！
⚠️ 第47天，村民1659缺水！
⚠️ 第47天，村民1660食物耗尽！
⚠️ 第47天，村民1660缺水！
⚠️ 第47天，村民1661食物耗尽！
⚠️ 第47天，村民1661缺水！
⚠️ 第47天，村民1662食物耗尽！
⚠️ 第47天，村民1662缺水！
⚠️ 第47天，村民1663食物耗尽！
⚠️ 第47天，村民1663缺水！
⚠️ 第47天，村民1664食物耗尽！
⚠️ 第47天，村民1664缺水！
⚠️ 第47天，村民1665食物耗尽！
⚠️ 第47天，村民1665缺水！
⚠️ 第47天，村民1666食物耗尽！
⚠️ 第47天，村民1666缺水！
⚠️ 第47天，村民1667食物耗尽！
⚠️ 第47天，村民1667缺水！
⚠️ 第47天，村民1668食物耗尽！
⚠️ 第47天，村民1668缺水！
⚠️ 第47天，村民1669食物耗尽！
⚠️ 第47天，村民1669缺水！
⚠️ 第47天，村民1670食物耗尽！
⚠️ 第47天，村民1670缺水！
⚠️ 第47天，村民1671食物耗尽！
⚠️ 第47天，村民1671缺水！
⚠️ 第47天，村民1672食物耗尽！
⚠️ 第47天，村民1672缺水！
⚠️ 第47天，村民1673食物耗尽！
⚠️ 第47天，村民1673缺水！
⚠️ 第47天，村民1674食物耗尽！
⚠️ 第47天，村民1674缺水！
⚠️ 第47天，村民1675食物耗尽！
⚠️ 第47天，村民1675缺水！
⚠️ 第47天，村民1676食物耗尽！
⚠️ 第47天，村民1676缺水！
⚠️ 第47天，村民1677食物耗尽！
⚠️ 第47天，村民1677缺水！
⚠️ 第47天，村民1678食物耗尽！
⚠️ 第47天，村民1678缺水！
⚠️ 第47天，村民1679食物耗尽！
⚠️ 第47天，村民1679缺水！
⚠️ 第47天，村民1680食物耗尽！
⚠️ 第47天，村民1680缺水！
⚠️ 第47天，村民1681食物耗尽！
⚠️ 第47天，村民1681缺水！
⚠️ 第47天，村民1682食物耗尽！
⚠️ 第47天，村民1682缺水！
⚠️ 第47天，村民1683食物耗尽！
⚠️ 第47天，村民1683缺水！
⚠️ 第47天，村民1684食物耗尽！
⚠️ 第47天，村民1684缺水！
⚠️ 第47天，村民1685食物耗尽！
⚠️ 第47天，村民1685缺水！
⚠️ 第47天，村民1686食物耗尽！
⚠️ 第47天，村民1686缺水！
⚠️ 第47天，村民1687食物耗尽！
⚠️ 第47天，村民1687缺水！
⚠️ 第47天，村民1688食物耗尽！
⚠️ 第47天，村民1688缺水！
⚠️ 第47天，村民1689食物耗尽！
⚠️ 第47天，村民1689缺水！
⚠️ 第47天，村民1690食物耗尽！
⚠️ 第47天，村民1690缺水！
⚠️ 第47天，村民1691食物耗尽！
⚠️ 第47天，村民1691缺水！
⚠️ 第47天，村民1692食物耗尽！
⚠️ 第47天，村民1692缺水！
⚠️ 第47天，村民1693食物耗尽！
⚠️ 第47天，村民1693缺水！
⚠️ 第47天，村民1694食物耗尽！
⚠️ 第47天，村民1694缺水！
⚠️ 第47天，村民1695食物耗尽！
⚠️ 第47天，村民1695缺水！
⚠️ 第47天，村民1696食物耗尽！
⚠️ 第47天，村民1696缺水！
⚠️ 第47天，村民1697食物耗尽！
⚠️ 第47天，村民1697缺水！
⚠️ 第47天，村民1698食物耗尽！
⚠️ 第47天，村民1698缺水！
⚠️ 第47天，村民1699食物耗尽！
⚠️ 第47天，村民1699缺水！
⚠️ 第47天，村民1700食物耗尽！
⚠️ 第47天，村民1700缺水！
⚠️ 第47天，村民1701食物耗尽！
⚠️ 第47天，村民1701缺水！
⚠️ 第47天，村民1702食物耗尽！
⚠️ 第47天，村民1702缺水！
⚠️ 第47天，村民1703食物耗尽！
⚠️ 第47天，村民1703缺水！
⚠️ 第47天，村民1704食物耗尽！
⚠️ 第47天，村民1704缺水！
⚠️ 第47天，村民1705食物耗尽！
⚠️ 第47天，村民1705缺水！
⚠️ 第47天，村民1706食物耗尽！
⚠️ 第47天，村民1706缺水！
⚠️ 第47天，村民1707食物耗尽！
⚠️ 第47天，村民1707缺水！
⚠️ 第47天，村民1708食物耗尽！
⚠️ 第47天，村民1708缺水！
⚠️ 第47天，村民1709食物耗尽！
⚠️ 第47天，村民1709缺水！
⚠️ 第47天，村民1710食物耗尽！
⚠️ 第47天，村民1710缺水！
⚠️ 第47天，村民1711食物耗尽！
⚠️ 第47天，村民1711缺水！
⚠️ 第47天，村民1712食物耗尽！
⚠️ 第47天，村民1712缺水！
⚠️ 第47天，村民1713食物耗尽！
⚠️ 第47天，村民1713缺水！
⚠️ 第47天，村民1714食物耗尽！
⚠️ 第47天，村民1714缺水！
⚠️ 第47天，村民1715食物耗尽！
⚠️ 第47天，村民1715缺水！
⚠️ 第47天，村民1716食物耗尽！
⚠️ 第47天，村民1716缺水！
⚠️ 第47天，村民1717食物耗尽！
⚠️ 第47天，村民1717缺水！
⚠️ 第47天，村民1718食物耗尽！
⚠️ 第47天，村民1718缺水！
⚠️ 第47天，村民1719食物耗尽！
⚠️ 第47天，村民1719缺水！
⚠️ 第47天，村民1720食物耗尽！
⚠️ 第47天，村民1720缺水！
⚠️ 第47天，村民1721食物耗尽！
⚠️ 第47天，村民1721缺水！
⚠️ 第47天，村民1722食物耗尽！
⚠️ 第47天，村民1722缺水！
⚠️ 第47天，村民1723食物耗尽！
⚠️ 第47天，村民1723缺水！
⚠️ 第47天，村民1724食物耗尽！
⚠️ 第47天，村民1724缺水！
⚠️ 第47天，村民1725食物耗尽！
⚠️ 第47天，村民1725缺水！
⚠️ 第47天，村民1726食物耗尽！
⚠️ 第47天，村民1726缺水！
⚠️ 第47天，村民1727食物耗尽！
⚠️ 第47天，村民1727缺水！
⚠️ 第47天，村民1728食物耗尽！
⚠️ 第47天，村民1728缺水！
⚠️ 第47天，村民1729食物耗尽！
⚠️ 第47天，村民1729缺水！
⚠️ 第47天，村民1730食物耗尽！
⚠️ 第47天，村民1730缺水！
⚠️ 第47天，村民1731食物耗尽！
⚠️ 第47天，村民1731缺水！
⚠️ 第47天，村民1732食物耗尽！
⚠️ 第47天，村民1732缺水！
⚠️ 第47天，村民1733食物耗尽！
⚠️ 第47天，村民1733缺水！
⚠️ 第47天，村民1734食物耗尽！
⚠️ 第47天，村民1734缺水！
⚠️ 第47天，村民1735食物耗尽！
⚠️ 第47天，村民1735缺水！
⚠️ 第47天，村民1736食物耗尽！
⚠️ 第47天，村民1736缺水！
⚠️ 第47天，村民1737食物耗尽！
⚠️ 第47天，村民1737缺水！
⚠️ 第47天，村民1738食物耗尽！
⚠️ 第47天，村民1738缺水！
⚠️ 第47天，村民1739食物耗尽！
⚠️ 第47天，村民1739缺水！
⚠️ 第47天，村民1740食物耗尽！
⚠️ 第47天，村民1740缺水！
⚠️ 第47天，村民1741食物耗尽！
⚠️ 第47天，村民1741缺水！
⚠️ 第47天，村民1742食物耗尽！
⚠️ 第47天，村民1742缺水！
⚠️ 第47天，村民1743食物耗尽！
⚠️ 第47天，村民1743缺水！
⚠️ 第47天，村民1744食物耗尽！
⚠️ 第47天，村民1744缺水！
⚠️ 第47天，村民1745食物耗尽！
⚠️ 第47天，村民1745缺水！
⚠️ 第47天，村民1746食物耗尽！
⚠️ 第47天，村民1746缺水！
⚠️ 第47天，村民1747食物耗尽！
⚠️ 第47天，村民1747缺水！
⚠️ 第47天，村民1748食物耗尽！
⚠️ 第47天，村民1748缺水！
⚠️ 第47天，村民1749食物耗尽！
⚠️ 第47天，村民1749缺水！
⚠️ 第47天，村民1750食物耗尽！
⚠️ 第47天，村民1750缺水！
⚠️ 第47天，村民1751食物耗尽！
⚠️ 第47天，村民1751缺水！
⚠️ 第47天，村民1752食物耗尽！
⚠️ 第47天，村民1752缺水！
⚠️ 第47天，村民1753食物耗尽！
⚠️ 第47天，村民1753缺水！
⚠️ 第47天，村民1754食物耗尽！
⚠️ 第47天，村民1754缺水！
⚠️ 第47天，村民1755食物耗尽！
⚠️ 第47天，村民1755缺水！
⚠️ 第47天，村民1756食物耗尽！
⚠️ 第47天，村民1756缺水！
⚠️ 第47天，村民1757食物耗尽！
⚠️ 第47天，村民1757缺水！
⚠️ 第47天，村民1758食物耗尽！
⚠️ 第47天，村民1758缺水！
⚠️ 第47天，村民1759食物耗尽！
⚠️ 第47天，村民1759缺水！
⚠️ 第47天，村民1760食物耗尽！
⚠️ 第47天，村民1760缺水！
⚠️ 第47天，村民1761食物耗尽！
⚠️ 第47天，村民1761缺水！
⚠️ 第47天，村民1762食物耗尽！
⚠️ 第47天，村民1762缺水！
⚠️ 第47天，村民1763食物耗尽！
⚠️ 第47天，村民1763缺水！
⚠️ 第47天，村民1764食物耗尽！
⚠️ 第47天，村民1764缺水！
⚠️ 第47天，村民1765食物耗尽！
⚠️ 第47天，村民1765缺水！
⚠️ 第47天，村民1766食物耗尽！
⚠️ 第47天，村民1766缺水！
⚠️ 第47天，村民1767食物耗尽！
⚠️ 第47天，村民1767缺水！
⚠️ 第47天，村民1768食物耗尽！
⚠️ 第47天，村民1768缺水！
⚠️ 第47天，村民1769食物耗尽！
⚠️ 第47天，村民1769缺水！
⚠️ 第47天，村民1770食物耗尽！
⚠️ 第47天，村民1770缺水！
⚠️ 第47天，村民1771食物耗尽！
⚠️ 第47天，村民1771缺水！
⚠️ 第47天，村民1772食物耗尽！
⚠️ 第47天，村民1772缺水！
⚠️ 第47天，村民1773食物耗尽！
⚠️ 第47天，村民1773缺水！
⚠️ 第47天，村民1774食物耗尽！
⚠️ 第47天，村民1774缺水！
⚠️ 第47天，村民1775食物耗尽！
⚠️ 第47天，村民1775缺水！
⚠️ 第47天，村民1776食物耗尽！
⚠️ 第47天，村民1776缺水！
⚠️ 第47天，村民1777食物耗尽！
⚠️ 第47天，村民1777缺水！
⚠️ 第47天，村民1778食物耗尽！
⚠️ 第47天，村民1778缺水！
⚠️ 第47天，村民1779食物耗尽！
⚠️ 第47天，村民1779缺水！
⚠️ 第47天，村民1780食物耗尽！
⚠️ 第47天，村民1780缺水！
⚠️ 第47天，村民1781食物耗尽！
⚠️ 第47天，村民1781缺水！
⚠️ 第47天，村民1782食物耗尽！
⚠️ 第47天，村民1782缺水！
⚠️ 第47天，村民1783食物耗尽！
⚠️ 第47天，村民1783缺水！
⚠️ 第47天，村民1784食物耗尽！
⚠️ 第47天，村民1784缺水！
⚠️ 第47天，村民1785食物耗尽！
⚠️ 第47天，村民1785缺水！
⚠️ 第47天，村民1786食物耗尽！
⚠️ 第47天，村民1786缺水！
⚠️ 第47天，村民1787食物耗尽！
⚠️ 第47天，村民1787缺水！
⚠️ 第47天，村民1788食物耗尽！
⚠️ 第47天，村民1788缺水！
⚠️ 第47天，村民1789食物耗尽！
⚠️ 第47天，村民1789缺水！
⚠️ 第47天，村民1790食物耗尽！
⚠️ 第47天，村民1790缺水！
⚠️ 第47天，村民1791食物耗尽！
⚠️ 第47天，村民1791缺水！
⚠️ 第47天，村民1792食物耗尽！
⚠️ 第47天，村民1792缺水！
⚠️ 第47天，村民1793食物耗尽！
⚠️ 第47天，村民1793缺水！
⚠️ 第47天，村民1794食物耗尽！
⚠️ 第47天，村民1794缺水！
⚠️ 第47天，村民1795食物耗尽！
⚠️ 第47天，村民1795缺水！
⚠️ 第47天，村民1796食物耗尽！
⚠️ 第47天，村民1796缺水！
⚠️ 第47天，村民1797食物耗尽！
⚠️ 第47天，村民1797缺水！
⚠️ 第47天，村民1798食物耗尽！
⚠️ 第47天，村民1798缺水！
⚠️ 第47天，村民1799食物耗尽！
⚠️ 第47天，村民1799缺水！
⚠️ 第47天，村民1800食物耗尽！
⚠️ 第47天，村民1800缺水！
⚠️ 第47天，村民1801食物耗尽！
⚠️ 第47天，村民1801缺水！
⚠️ 第47天，村民1802食物耗尽！
⚠️ 第47天，村民1802缺水！
⚠️ 第47天，村民1803食物耗尽！
⚠️ 第47天，村民1803缺水！
⚠️ 第47天，村民1804食物耗尽！
⚠️ 第47天，村民1804缺水！
⚠️ 第47天，村民1805食物耗尽！
⚠️ 第47天，村民1805缺水！
⚠️ 第47天，村民1806食物耗尽！
⚠️ 第47天，村民1806缺水！
⚠️ 第47天，村民1807食物耗尽！
⚠️ 第47天，村民1807缺水！
⚠️ 第47天，村民1808食物耗尽！
⚠️ 第47天，村民1808缺水！
⚠️ 第47天，村民1809食物耗尽！
⚠️ 第47天，村民1809缺水！
⚠️ 第47天，村民1810食物耗尽！
⚠️ 第47天，村民1810缺水！
⚠️ 第47天，村民1811食物耗尽！
⚠️ 第47天，村民1811缺水！
⚠️ 第47天，村民1812食物耗尽！
⚠️ 第47天，村民1812缺水！
⚠️ 第47天，村民1813食物耗尽！
⚠️ 第47天，村民1813缺水！
⚠️ 第47天，村民1814食物耗尽！
⚠️ 第47天，村民1814缺水！
⚠️ 第47天，村民1815食物耗尽！
⚠️ 第47天，村民1815缺水！
⚠️ 第47天，村民1816食物耗尽！
⚠️ 第47天，村民1816缺水！
⚠️ 第47天，村民1817食物耗尽！
⚠️ 第47天，村民1817缺水！
⚠️ 第47天，村民1818食物耗尽！
⚠️ 第47天，村民1818缺水！
⚠️ 第47天，村民1819食物耗尽！
⚠️ 第47天，村民1819缺水！
⚠️ 第47天，村民1820食物耗尽！
⚠️ 第47天，村民1820缺水！
⚠️ 第47天，村民1821食物耗尽！
⚠️ 第47天，村民1821缺水！
⚠️ 第47天，村民1822食物耗尽！
⚠️ 第47天，村民1822缺水！
⚠️ 第47天，村民1823食物耗尽！
⚠️ 第47天，村民1823缺水！
⚠️ 第47天，村民1824食物耗尽！
⚠️ 第47天，村民1824缺水！
⚠️ 第47天，村民1825食物耗尽！
⚠️ 第47天，村民1825缺水！
⚠️ 第47天，村民1826食物耗尽！
⚠️ 第47天，村民1826缺水！
⚠️ 第47天，村民1827食物耗尽！
⚠️ 第47天，村民1827缺水！
⚠️ 第47天，村民1828食物耗尽！
⚠️ 第47天，村民1828缺水！
⚠️ 第47天，村民1829食物耗尽！
⚠️ 第47天，村民1829缺水！
⚠️ 第47天，村民1830食物耗尽！
⚠️ 第47天，村民1830缺水！
⚠️ 第47天，村民1831食物耗尽！
⚠️ 第47天，村民1831缺水！
⚠️ 第47天，村民1832食物耗尽！
⚠️ 第47天，村民1832缺水！
⚠️ 第47天，村民1833食物耗尽！
⚠️ 第47天，村民1833缺水！
⚠️ 第47天，村民1834食物耗尽！
⚠️ 第47天，村民1834缺水！
⚠️ 第47天，村民1835食物耗尽！
⚠️ 第47天，村民1835缺水！
⚠️ 第47天，村民1836食物耗尽！
⚠️ 第47天，村民1836缺水！
⚠️ 第47天，村民1837食物耗尽！
⚠️ 第47天，村民1837缺水！
⚠️ 第47天，村民1838食物耗尽！
⚠️ 第47天，村民1838缺水！
⚠️ 第47天，村民1839食物耗尽！
⚠️ 第47天，村民1839缺水！
⚠️ 第47天，村民1840食物耗尽！
⚠️ 第47天，村民1840缺水！
⚠️ 第47天，村民1841食物耗尽！
⚠️ 第47天，村民1841缺水！
⚠️ 第47天，村民1842食物耗尽！
⚠️ 第47天，村民1842缺水！
⚠️ 第47天，村民1843食物耗尽！
⚠️ 第47天，村民1843缺水！
⚠️ 第47天，村民1844食物耗尽！
⚠️ 第47天，村民1844缺水！
⚠️ 第47天，村民1845食物耗尽！
⚠️ 第47天，村民1845缺水！
⚠️ 第47天，村民1846食物耗尽！
⚠️ 第47天，村民1846缺水！
⚠️ 第47天，村民1847食物耗尽！
⚠️ 第47天，村民1847缺水！
⚠️ 第47天，村民1848食物耗尽！
⚠️ 第47天，村民1848缺水！
⚠️ 第47天，村民1849食物耗尽！
⚠️ 第47天，村民1849缺水！
⚠️ 第47天，村民1850食物耗尽！
⚠️ 第47天，村民1850缺水！
⚠️ 第47天，村民1851食物耗尽！
⚠️ 第47天，村民1851缺水！
⚠️ 第47天，村民1852食物耗尽！
⚠️ 第47天，村民1852缺水！
⚠️ 第47天，村民1853食物耗尽！
⚠️ 第47天，村民1853缺水！
⚠️ 第47天，村民1854食物耗尽！
⚠️ 第47天，村民1854缺水！
⚠️ 第47天，村民1855食物耗尽！
⚠️ 第47天，村民1855缺水！
⚠️ 第47天，村民1856食物耗尽！
⚠️ 第47天，村民1856缺水！
⚠️ 第47天，村民1857食物耗尽！
⚠️ 第47天，村民1857缺水！
⚠️ 第47天，村民1858食物耗尽！
⚠️ 第47天，村民1858缺水！
⚠️ 第47天，村民1859食物耗尽！
⚠️ 第47天，村民1859缺水！
⚠️ 第47天，村民1860食物耗尽！
⚠️ 第47天，村民1860缺水！
⚠️ 第47天，村民1861食物耗尽！
⚠️ 第47天，村民1861缺水！
⚠️ 第47天，村民1862食物耗尽！
⚠️ 第47天，村民1862缺水！
⚠️ 第47天，村民1863食物耗尽！
⚠️ 第47天，村民1863缺水！
⚠️ 第47天，村民1864食物耗尽！
⚠️ 第47天，村民1864缺水！
⚠️ 第47天，村民1865食物耗尽！
⚠️ 第47天，村民1865缺水！
⚠️ 第47天，村民1866食物耗尽！
⚠️ 第47天，村民1866缺水！
⚠️ 第47天，村民1867食物耗尽！
⚠️ 第47天，村民1867缺水！
⚠️ 第47天，村民1868食物耗尽！
⚠️ 第47天，村民1868缺水！
⚠️ 第47天，村民1869食物耗尽！
⚠️ 第47天，村民1869缺水！
⚠️ 第47天，村民1870食物耗尽！
⚠️ 第47天，村民1870缺水！
⚠️ 第47天，村民1871食物耗尽！
⚠️ 第47天，村民1871缺水！
⚠️ 第47天，村民1872食物耗尽！
⚠️ 第47天，村民1872缺水！
⚠️ 第47天，村民1873食物耗尽！
⚠️ 第47天，村民1873缺水！
⚠️ 第47天，村民1874食物耗尽！
⚠️ 第47天，村民1874缺水！
⚠️ 第47天，村民1875食物耗尽！
⚠️ 第47天，村民1875缺水！
⚠️ 第47天，村民1876食物耗尽！
⚠️ 第47天，村民1876缺水！
⚠️ 第47天，村民1877食物耗尽！
⚠️ 第47天，村民1877缺水！
⚠️ 第47天，村民1878食物耗尽！
⚠️ 第47天，村民1878缺水！
⚠️ 第47天，村民1879食物耗尽！
⚠️ 第47天，村民1879缺水！
⚠️ 第47天，村民1880食物耗尽！
⚠️ 第47天，村民1880缺水！
⚠️ 第47天，村民1881食物耗尽！
⚠️ 第47天，村民1881缺水！
⚠️ 第47天，村民1882食物耗尽！
⚠️ 第47天，村民1882缺水！
⚠️ 第47天，村民1883食物耗尽！
⚠️ 第47天，村民1883缺水！
⚠️ 第47天，村民1884食物耗尽！
⚠️ 第47天，村民1884缺水！
⚠️ 第47天，村民1885食物耗尽！
⚠️ 第47天，村民1885缺水！
⚠️ 第47天，村民1886食物耗尽！
⚠️ 第47天，村民1886缺水！
⚠️ 第47天，村民1887食物耗尽！
⚠️ 第47天，村民1887缺水！
⚠️ 第47天，村民1888食物耗尽！
⚠️ 第47天，村民1888缺水！
⚠️ 第47天，村民1889食物耗尽！
⚠️ 第47天，村民1889缺水！
⚠️ 第47天，村民1890食物耗尽！
⚠️ 第47天，村民1890缺水！
⚠️ 第47天，村民1891食物耗尽！
⚠️ 第47天，村民1891缺水！
⚠️ 第47天，村民1892食物耗尽！
⚠️ 第47天，村民1892缺水！
⚠️ 第47天，村民1893食物耗尽！
⚠️ 第47天，村民1893缺水！
⚠️ 第47天，村民1894食物耗尽！
⚠️ 第47天，村民1894缺水！
⚠️ 第47天，村民1895食物耗尽！
⚠️ 第47天，村民1895缺水！
⚠️ 第47天，村民1896食物耗尽！
⚠️ 第47天，村民1896缺水！
⚠️ 第47天，村民1897食物耗尽！
⚠️ 第47天，村民1897缺水！
⚠️ 第47天，村民1898食物耗尽！
⚠️ 第47天，村民1898缺水！
⚠️ 第47天，村民1899食物耗尽！
⚠️ 第47天，村民1899缺水！
⚠️ 第47天，村民1900食物耗尽！
⚠️ 第47天，村民1900缺水！
⚠️ 第47天，村民1901食物耗尽！
⚠️ 第47天，村民1901缺水！
⚠️ 第47天，村民1902食物耗尽！
⚠️ 第47天，村民1902缺水！
⚠️ 第47天，村民1903食物耗尽！
⚠️ 第47天，村民1903缺水！
⚠️ 第47天，村民1904食物耗尽！
⚠️ 第47天，村民1904缺水！
⚠️ 第47天，村民1905食物耗尽！
⚠️ 第47天，村民1905缺水！
⚠️ 第47天，村民1906食物耗尽！
⚠️ 第47天，村民1906缺水！
⚠️ 第47天，村民1907食物耗尽！
⚠️ 第47天，村民1907缺水！
⚠️ 第47天，村民1908食物耗尽！
⚠️ 第47天，村民1908缺水！
⚠️ 第47天，村民1909食物耗尽！
⚠️ 第47天，村民1909缺水！
⚠️ 第47天，村民1910食物耗尽！
⚠️ 第47天，村民1910缺水！
⚠️ 第47天，村民1911食物耗尽！
⚠️ 第47天，村民1911缺水！
⚠️ 第47天，村民1912食物耗尽！
⚠️ 第47天，村民1912缺水！
⚠️ 第47天，村民1913食物耗尽！
⚠️ 第47天，村民1913缺水！
⚠️ 第47天，村民1914食物耗尽！
⚠️ 第47天，村民1914缺水！
⚠️ 第47天，村民1915食物耗尽！
⚠️ 第47天，村民1915缺水！
⚠️ 第47天，村民1916食物耗尽！
⚠️ 第47天，村民1916缺水！
⚠️ 第47天，村民1917食物耗尽！
⚠️ 第47天，村民1917缺水！
⚠️ 第47天，村民1918食物耗尽！
⚠️ 第47天，村民1918缺水！
⚠️ 第47天，村民1919食物耗尽！
⚠️ 第47天，村民1919缺水！
⚠️ 第47天，村民1920食物耗尽！
⚠️ 第47天，村民1920缺水！
⚠️ 第47天，村民1921食物耗尽！
⚠️ 第47天，村民1921缺水！
⚠️ 第47天，村民1922食物耗尽！
⚠️ 第47天，村民1922缺水！
⚠️ 第47天，村民1923食物耗尽！
⚠️ 第47天，村民1923缺水！
⚠️ 第47天，村民1924食物耗尽！
⚠️ 第47天，村民1924缺水！
⚠️ 第47天，村民1925食物耗尽！
⚠️ 第47天，村民1925缺水！
⚠️ 第47天，村民1926食物耗尽！
⚠️ 第47天，村民1926缺水！
⚠️ 第47天，村民1927食物耗尽！
⚠️ 第47天，村民1927缺水！
⚠️ 第47天，村民1928食物耗尽！
⚠️ 第47天，村民1928缺水！
⚠️ 第47天，村民1929食物耗尽！
⚠️ 第47天，村民1929缺水！
⚠️ 第47天，村民1930食物耗尽！
⚠️ 第47天，村民1930缺水！
⚠️ 第47天，村民1931食物耗尽！
⚠️ 第47天，村民1931缺水！
⚠️ 第47天，村民1932食物耗尽！
⚠️ 第47天，村民1932缺水！
⚠️ 第47天，村民1933食物耗尽！
⚠️ 第47天，村民1933缺水！
⚠️ 第47天，村民1934食物耗尽！
⚠️ 第47天，村民1934缺水！
⚠️ 第47天，村民1935食物耗尽！
⚠️ 第47天，村民1935缺水！
⚠️ 第47天，村民1936食物耗尽！
⚠️ 第47天，村民1936缺水！
⚠️ 第47天，村民1937食物耗尽！
⚠️ 第47天，村民1937缺水！
⚠️ 第47天，村民1938食物耗尽！
⚠️ 第47天，村民1938缺水！
⚠️ 第47天，村民1939食物耗尽！
⚠️ 第47天，村民1939缺水！
⚠️ 第47天，村民1940食物耗尽！
⚠️ 第47天，村民1940缺水！
⚠️ 第47天，村民1941食物耗尽！
⚠️ 第47天，村民1941缺水！
⚠️ 第47天，村民1942食物耗尽！
⚠️ 第47天，村民1942缺水！
⚠️ 第47天，村民1943食物耗尽！
⚠️ 第47天，村民1943缺水！
⚠️ 第47天，村民1944食物耗尽！
⚠️ 第47天，村民1944缺水！
⚠️ 第47天，村民1945食物耗尽！
⚠️ 第47天，村民1945缺水！
⚠️ 第47天，村民1946食物耗尽！
⚠️ 第47天，村民1946缺水！
⚠️ 第47天，村民1947食物耗尽！
⚠️ 第47天，村民1947缺水！
⚠️ 第47天，村民1948食物耗尽！
⚠️ 第47天，村民1948缺水！
⚠️ 第47天，村民1949食物耗尽！
⚠️ 第47天，村民1949缺水！
⚠️ 第47天，村民1950食物耗尽！
⚠️ 第47天，村民1950缺水！
⚠️ 第47天，村民1951食物耗尽！
⚠️ 第47天，村民1951缺水！
⚠️ 第47天，村民1952食物耗尽！
⚠️ 第47天，村民1952缺水！
⚠️ 第47天，村民1953食物耗尽！
⚠️ 第47天，村民1953缺水！
⚠️ 第47天，村民1954食物耗尽！
⚠️ 第47天，村民1954缺水！
⚠️ 第47天，村民1955食物耗尽！
⚠️ 第47天，村民1955缺水！
⚠️ 第47天，村民1956食物耗尽！
⚠️ 第47天，村民1956缺水！
⚠️ 第47天，村民1957食物耗尽！
⚠️ 第47天，村民1957缺水！
⚠️ 第47天，村民1958食物耗尽！
⚠️ 第47天，村民1958缺水！
⚠️ 第47天，村民1959食物耗尽！
⚠️ 第47天，村民1959缺水！
⚠️ 第47天，村民1960食物耗尽！
⚠️ 第47天，村民1960缺水！
⚠️ 第47天，村民1961食物耗尽！
⚠️ 第47天，村民1961缺水！
⚠️ 第47天，村民1962食物耗尽！
⚠️ 第47天，村民1962缺水！
⚠️ 第47天，村民1963食物耗尽！
⚠️ 第47天，村民1963缺水！
⚠️ 第47天，村民1964食物耗尽！
⚠️ 第47天，村民1964缺水！
⚠️ 第47天，村民1965食物耗尽！
⚠️ 第47天，村民1965缺水！
⚠️ 第47天，村民1966食物耗尽！
⚠️ 第47天，村民1966缺水！
⚠️ 第47天，村民1967食物耗尽！
⚠️ 第47天，村民1967缺水！
⚠️ 第47天，村民1968食物耗尽！
⚠️ 第47天，村民1968缺水！
⚠️ 第47天，村民1969食物耗尽！
⚠️ 第47天，村民1969缺水！
⚠️ 第47天，村民1970食物耗尽！
⚠️ 第47天，村民1970缺水！
⚠️ 第47天，村民1971食物耗尽！
⚠️ 第47天，村民1971缺水！
⚠️ 第47天，村民1972食物耗尽！
⚠️ 第47天，村民1972缺水！
⚠️ 第47天，村民1973食物耗尽！
⚠️ 第47天，村民1973缺水！
⚠️ 第47天，村民1974食物耗尽！
⚠️ 第47天，村民1974缺水！
⚠️ 第47天，村民1975食物耗尽！
⚠️ 第47天，村民1975缺水！
⚠️ 第47天，村民1976食物耗尽！
⚠️ 第47天，村民1976缺水！
⚠️ 第47天，村民1977食物耗尽！
⚠️ 第47天，村民1977缺水！
⚠️ 第47天，村民1978食物耗尽！
⚠️ 第47天，村民1978缺水！
⚠️ 第47天，村民1979食物耗尽！
⚠️ 第47天，村民1979缺水！
⚠️ 第47天，村民1980食物耗尽！
⚠️ 第47天，村民1980缺水！
⚠️ 第47天，村民1981食物耗尽！
⚠️ 第47天，村民1981缺水！
⚠️ 第47天，村民1982食物耗尽！
⚠️ 第47天，村民1982缺水！
⚠️ 第47天，村民1983食物耗尽！
⚠️ 第47天，村民1983缺水！
⚠️ 第47天，村民1984食物耗尽！
⚠️ 第47天，村民1984缺水！
⚠️ 第47天，村民1985食物耗尽！
⚠️ 第47天，村民1985缺水！
⚠️ 第47天，村民1986食物耗尽！
⚠️ 第47天，村民1986缺水！
⚠️ 第47天，村民1987食物耗尽！
⚠️ 第47天，村民1987缺水！
⚠️ 第47天，村民1988食物耗尽！
⚠️ 第47天，村民1988缺水！
⚠️ 第47天，村民1989食物耗尽！
⚠️ 第47天，村民1989缺水！
⚠️ 第47天，村民1990食物耗尽！
⚠️ 第47天，村民1990缺水！
⚠️ 第47天，村民1991食物耗尽！
⚠️ 第47天，村民1991缺水！
⚠️ 第47天，村民1992食物耗尽！
⚠️ 第47天，村民1992缺水！
⚠️ 第47天，村民1993食物耗尽！
⚠️ 第47天，村民1993缺水！
⚠️ 第47天，村民1994食物耗尽！
⚠️ 第47天，村民1994缺水！
⚠️ 第47天，村民1995食物耗尽！
⚠️ 第47天，村民1995缺水！
⚠️ 第47天，村民1996食物耗尽！
⚠️ 第47天，村民1996缺水！
⚠️ 第47天，村民1997食物耗尽！
⚠️ 第47天，村民1997缺水！
⚠️ 第47天，村民1998食物耗尽！
⚠️ 第47天，村民1998缺水！
⚠️ 第47天，村民1999食物耗尽！
⚠️ 第47天，村民1999缺水！
⚠️ 第47天，村民2000食物耗尽！
⚠️ 第47天，村民2000缺水！
📊 第48天结束：当前村庄共有 2000 人存活。
⚠️ 第48天，村民1食物耗尽！
⚠️ 第48天，村民1缺水！
⚠️ 第48天，村民2食物耗尽！
⚠️ 第48天，村民2缺水！
⚠️ 第48天，村民3食物耗尽！
⚠️ 第48天，村民3缺水！
⚠️ 第48天，村民4食物耗尽！
⚠️ 第48天，村民4缺水！
⚠️ 第48天，村民5食物耗尽！
⚠️ 第48天，村民5缺水！
⚠️ 第48天，村民6食物耗尽！
⚠️ 第48天，村民6缺水！
⚠️ 第48天，村民7食物耗尽！
⚠️ 第48天，村民7缺水！
⚠️ 第48天，村民8食物耗尽！
⚠️ 第48天，村民8缺水！
⚠️ 第48天，村民9食物耗尽！
⚠️ 第48天，村民9缺水！
⚠️ 第48天，村民10食物耗尽！
⚠️ 第48天，村民10缺水！
⚠️ 第48天，村民11食物耗尽！
⚠️ 第48天，村民11缺水！
⚠️ 第48天，村民12食物耗尽！
⚠️ 第48天，村民12缺水！
⚠️ 第48天，村民13食物耗尽！
⚠️ 第48天，村民13缺水！
⚠️ 第48天，村民14食物耗尽！
⚠️ 第48天，村民14缺水！
⚠️ 第48天，村民15食物耗尽！
⚠️ 第48天，村民15缺水！
⚠️ 第48天，村民16食物耗尽！
⚠️ 第48天，村民16缺水！
⚠️ 第48天，村民17食物耗尽！
⚠️ 第48天，村民17缺水！
⚠️ 第48天，村民18食物耗尽！
⚠️ 第48天，村民18缺水！
⚠️ 第48天，村民19食物耗尽！
⚠️ 第48天，村民19缺水！
⚠️ 第48天，村民20食物耗尽！
⚠️ 第48天，村民20缺水！
⚠️ 第48天，村民21食物耗尽！
⚠️ 第48天，村民21缺水！
⚠️ 第48天，村民22食物耗尽！
⚠️ 第48天，村民22缺水！
⚠️ 第48天，村民23食物耗尽！
⚠️ 第48天，村民23缺水！
⚠️ 第48天，村民24食物耗尽！
⚠️ 第48天，村民24缺水！
⚠️ 第48天，村民25食物耗尽！
⚠️ 第48天，村民25缺水！
⚠️ 第48天，村民26食物耗尽！
⚠️ 第48天，村民26缺水！
⚠️ 第48天，村民27食物耗尽！
⚠️ 第48天，村民27缺水！
⚠️ 第48天，村民28食物耗尽！
⚠️ 第48天，村民28缺水！
⚠️ 第48天，村民29食物耗尽！
⚠️ 第48天，村民29缺水！
⚠️ 第48天，村民30食物耗尽！
⚠️ 第48天，村民30缺水！
⚠️ 第48天，村民31食物耗尽！
⚠️ 第48天，村民31缺水！
⚠️ 第48天，村民32食物耗尽！
⚠️ 第48天，村民32缺水！
⚠️ 第48天，村民33食物耗尽！
⚠️ 第48天，村民33缺水！
⚠️ 第48天，村民34食物耗尽！
⚠️ 第48天，村民34缺水！
⚠️ 第48天，村民35食物耗尽！
⚠️ 第48天，村民35缺水！
⚠️ 第48天，村民36食物耗尽！
⚠️ 第48天，村民36缺水！
⚠️ 第48天，村民37食物耗尽！
⚠️ 第48天，村民37缺水！
⚠️ 第48天，村民38食物耗尽！
⚠️ 第48天，村民38缺水！
⚠️ 第48天，村民39食物耗尽！
⚠️ 第48天，村民39缺水！
⚠️ 第48天，村民40食物耗尽！
⚠️ 第48天，村民40缺水！
⚠️ 第48天，村民41食物耗尽！
⚠️ 第48天，村民41缺水！
⚠️ 第48天，村民42食物耗尽！
⚠️ 第48天，村民42缺水！
⚠️ 第48天，村民43食物耗尽！
⚠️ 第48天，村民43缺水！
⚠️ 第48天，村民44食物耗尽！
⚠️ 第48天，村民44缺水！
⚠️ 第48天，村民45食物耗尽！
⚠️ 第48天，村民45缺水！
⚠️ 第48天，村民46食物耗尽！
⚠️ 第48天，村民46缺水！
⚠️ 第48天，村民47食物耗尽！
⚠️ 第48天，村民47缺水！
⚠️ 第48天，村民48食物耗尽！
⚠️ 第48天，村民48缺水！
⚠️ 第48天，村民49食物耗尽！
⚠️ 第48天，村民49缺水！
⚠️ 第48天，村民50食物耗尽！
⚠️ 第48天，村民50缺水！
⚠️ 第48天，村民51食物耗尽！
⚠️ 第48天，村民51缺水！
⚠️ 第48天，村民52食物耗尽！
⚠️ 第48天，村民52缺水！
⚠️ 第48天，村民53食物耗尽！
⚠️ 第48天，村民53缺水！
⚠️ 第48天，村民54食物耗尽！
⚠️ 第48天，村民54缺水！
⚠️ 第48天，村民55食物耗尽！
⚠️ 第48天，村民55缺水！
⚠️ 第48天，村民56食物耗尽！
⚠️ 第48天，村民56缺水！
⚠️ 第48天，村民57食物耗尽！
⚠️ 第48天，村民57缺水！
⚠️ 第48天，村民58食物耗尽！
⚠️ 第48天，村民58缺水！
⚠️ 第48天，村民59食物耗尽！
⚠️ 第48天，村民59缺水！
⚠️ 第48天，村民60食物耗尽！
⚠️ 第48天，村民60缺水！
⚠️ 第48天，村民61食物耗尽！
⚠️ 第48天，村民61缺水！
⚠️ 第48天，村民62食物耗尽！
⚠️ 第48天，村民62缺水！
⚠️ 第48天，村民63食物耗尽！
⚠️ 第48天，村民63缺水！
⚠️ 第48天，村民64食物耗尽！
⚠️ 第48天，村民64缺水！
⚠️ 第48天，村民65食物耗尽！
⚠️ 第48天，村民65缺水！
⚠️ 第48天，村民66食物耗尽！
⚠️ 第48天，村民66缺水！
⚠️ 第48天，村民67食物耗尽！
⚠️ 第48天，村民67缺水！
⚠️ 第48天，村民68食物耗尽！
⚠️ 第48天，村民68缺水！
⚠️ 第48天，村民69食物耗尽！
⚠️ 第48天，村民69缺水！
⚠️ 第48天，村民70食物耗尽！
⚠️ 第48天，村民70缺水！
⚠️ 第48天，村民71食物耗尽！
⚠️ 第48天，村民71缺水！
⚠️ 第48天，村民72食物耗尽！
⚠️ 第48天，村民72缺水！
⚠️ 第48天，村民73食物耗尽！
⚠️ 第48天，村民73缺水！
⚠️ 第48天，村民74食物耗尽！
⚠️ 第48天，村民74缺水！
⚠️ 第48天，村民75食物耗尽！
⚠️ 第48天，村民75缺水！
⚠️ 第48天，村民76食物耗尽！
⚠️ 第48天，村民76缺水！
⚠️ 第48天，村民77食物耗尽！
⚠️ 第48天，村民77缺水！
⚠️ 第48天，村民78食物耗尽！
⚠️ 第48天，村民78缺水！
⚠️ 第48天，村民79食物耗尽！
⚠️ 第48天，村民79缺水！
⚠️ 第48天，村民80食物耗尽！
⚠️ 第48天，村民80缺水！
⚠️ 第48天，村民81食物耗尽！
⚠️ 第48天，村民81缺水！
⚠️ 第48天，村民82食物耗尽！
⚠️ 第48天，村民82缺水！
⚠️ 第48天，村民83食物耗尽！
⚠️ 第48天，村民83缺水！
⚠️ 第48天，村民84食物耗尽！
⚠️ 第48天，村民84缺水！
⚠️ 第48天，村民85食物耗尽！
⚠️ 第48天，村民85缺水！
⚠️ 第48天，村民86食物耗尽！
⚠️ 第48天，村民86缺水！
⚠️ 第48天，村民87食物耗尽！
⚠️ 第48天，村民87缺水！
⚠️ 第48天，村民88食物耗尽！
⚠️ 第48天，村民88缺水！
⚠️ 第48天，村民89食物耗尽！
⚠️ 第48天，村民89缺水！
⚠️ 第48天，村民90食物耗尽！
⚠️ 第48天，村民90缺水！
⚠️ 第48天，村民91食物耗尽！
⚠️ 第48天，村民91缺水！
⚠️ 第48天，村民92食物耗尽！
⚠️ 第48天，村民92缺水！
⚠️ 第48天，村民93食物耗尽！
⚠️ 第48天，村民93缺水！
⚠️ 第48天，村民94食物耗尽！
⚠️ 第48天，村民94缺水！
⚠️ 第48天，村民95食物耗尽！
⚠️ 第48天，村民95缺水！
⚠️ 第48天，村民96食物耗尽！
⚠️ 第48天，村民96缺水！
⚠️ 第48天，村民97食物耗尽！
⚠️ 第48天，村民97缺水！
⚠️ 第48天，村民98食物耗尽！
⚠️ 第48天，村民98缺水！
⚠️ 第48天，村民99食物耗尽！
⚠️ 第48天，村民99缺水！
⚠️ 第48天，村民100食物耗尽！
⚠️ 第48天，村民100缺水！
⚠️ 第48天，村民101食物耗尽！
⚠️ 第48天，村民101缺水！
⚠️ 第48天，村民102食物耗尽！
⚠️ 第48天，村民102缺水！
⚠️ 第48天，村民103食物耗尽！
⚠️ 第48天，村民103缺水！
⚠️ 第48天，村民104食物耗尽！
⚠️ 第48天，村民104缺水！
⚠️ 第48天，村民105食物耗尽！
⚠️ 第48天，村民105缺水！
⚠️ 第48天，村民106食物耗尽！
⚠️ 第48天，村民106缺水！
⚠️ 第48天，村民107食物耗尽！
⚠️ 第48天，村民107缺水！
⚠️ 第48天，村民108食物耗尽！
⚠️ 第48天，村民108缺水！
⚠️ 第48天，村民109食物耗尽！
⚠️ 第48天，村民109缺水！
⚠️ 第48天，村民110食物耗尽！
⚠️ 第48天，村民110缺水！
⚠️ 第48天，村民111食物耗尽！
⚠️ 第48天，村民111缺水！
⚠️ 第48天，村民112食物耗尽！
⚠️ 第48天，村民112缺水！
⚠️ 第48天，村民113食物耗尽！
⚠️ 第48天，村民113缺水！
⚠️ 第48天，村民114食物耗尽！
⚠️ 第48天，村民114缺水！
⚠️ 第48天，村民115食物耗尽！
⚠️ 第48天，村民115缺水！
⚠️ 第48天，村民116食物耗尽！
⚠️ 第48天，村民116缺水！
⚠️ 第48天，村民117食物耗尽！
⚠️ 第48天，村民117缺水！
⚠️ 第48天，村民118食物耗尽！
⚠️ 第48天，村民118缺水！
⚠️ 第48天，村民119食物耗尽！
⚠️ 第48天，村民119缺水！
⚠️ 第48天，村民120食物耗尽！
⚠️ 第48天，村民120缺水！
⚠️ 第48天，村民121食物耗尽！
⚠️ 第48天，村民121缺水！
⚠️ 第48天，村民122食物耗尽！
⚠️ 第48天，村民122缺水！
⚠️ 第48天，村民123食物耗尽！
⚠️ 第48天，村民123缺水！
⚠️ 第48天，村民124食物耗尽！
⚠️ 第48天，村民124缺水！
⚠️ 第48天，村民125食物耗尽！
⚠️ 第48天，村民125缺水！
⚠️ 第48天，村民126食物耗尽！
⚠️ 第48天，村民126缺水！
⚠️ 第48天，村民127食物耗尽！
⚠️ 第48天，村民127缺水！
⚠️ 第48天，村民128食物耗尽！
⚠️ 第48天，村民128缺水！
⚠️ 第48天，村民129食物耗尽！
⚠️ 第48天，村民129缺水！
⚠️ 第48天，村民130食物耗尽！
⚠️ 第48天，村民130缺水！
⚠️ 第48天，村民131食物耗尽！
⚠️ 第48天，村民131缺水！
⚠️ 第48天，村民132食物耗尽！
⚠️ 第48天，村民132缺水！
⚠️ 第48天，村民133食物耗尽！
⚠️ 第48天，村民133缺水！
⚠️ 第48天，村民134食物耗尽！
⚠️ 第48天，村民134缺水！
⚠️ 第48天，村民135食物耗尽！
⚠️ 第48天，村民135缺水！
⚠️ 第48天，村民136食物耗尽！
⚠️ 第48天，村民136缺水！
⚠️ 第48天，村民137食物耗尽！
⚠️ 第48天，村民137缺水！
⚠️ 第48天，村民138食物耗尽！
⚠️ 第48天，村民138缺水！
⚠️ 第48天，村民139食物耗尽！
⚠️ 第48天，村民139缺水！
⚠️ 第48天，村民140食物耗尽！
⚠️ 第48天，村民140缺水！
⚠️ 第48天，村民141食物耗尽！
⚠️ 第48天，村民141缺水！
⚠️ 第48天，村民142食物耗尽！
⚠️ 第48天，村民142缺水！
⚠️ 第48天，村民143食物耗尽！
⚠️ 第48天，村民143缺水！
⚠️ 第48天，村民144食物耗尽！
⚠️ 第48天，村民144缺水！
⚠️ 第48天，村民145食物耗尽！
⚠️ 第48天，村民145缺水！
⚠️ 第48天，村民146食物耗尽！
⚠️ 第48天，村民146缺水！
⚠️ 第48天，村民147食物耗尽！
⚠️ 第48天，村民147缺水！
⚠️ 第48天，村民148食物耗尽！
⚠️ 第48天，村民148缺水！
⚠️ 第48天，村民149食物耗尽！
⚠️ 第48天，村民149缺水！
⚠️ 第48天，村民150食物耗尽！
⚠️ 第48天，村民150缺水！
⚠️ 第48天，村民151食物耗尽！
⚠️ 第48天，村民151缺水！
⚠️ 第48天，村民152食物耗尽！
⚠️ 第48天，村民152缺水！
⚠️ 第48天，村民153食物耗尽！
⚠️ 第48天，村民153缺水！
⚠️ 第48天，村民154食物耗尽！
⚠️ 第48天，村民154缺水！
⚠️ 第48天，村民155食物耗尽！
⚠️ 第48天，村民155缺水！
⚠️ 第48天，村民156食物耗尽！
⚠️ 第48天，村民156缺水！
⚠️ 第48天，村民157食物耗尽！
⚠️ 第48天，村民157缺水！
⚠️ 第48天，村民158食物耗尽！
⚠️ 第48天，村民158缺水！
⚠️ 第48天，村民159食物耗尽！
⚠️ 第48天，村民159缺水！
⚠️ 第48天，村民160食物耗尽！
⚠️ 第48天，村民160缺水！
⚠️ 第48天，村民161食物耗尽！
⚠️ 第48天，村民161缺水！
⚠️ 第48天，村民162食物耗尽！
⚠️ 第48天，村民162缺水！
⚠️ 第48天，村民163食物耗尽！
⚠️ 第48天，村民163缺水！
⚠️ 第48天，村民164食物耗尽！
⚠️ 第48天，村民164缺水！
⚠️ 第48天，村民165食物耗尽！
⚠️ 第48天，村民165缺水！
⚠️ 第48天，村民166食物耗尽！
⚠️ 第48天，村民166缺水！
⚠️ 第48天，村民167食物耗尽！
⚠️ 第48天，村民167缺水！
⚠️ 第48天，村民168食物耗尽！
⚠️ 第48天，村民168缺水！
⚠️ 第48天，村民169食物耗尽！
⚠️ 第48天，村民169缺水！
⚠️ 第48天，村民170食物耗尽！
⚠️ 第48天，村民170缺水！
⚠️ 第48天，村民171食物耗尽！
⚠️ 第48天，村民171缺水！
⚠️ 第48天，村民172食物耗尽！
⚠️ 第48天，村民172缺水！
⚠️ 第48天，村民173食物耗尽！
⚠️ 第48天，村民173缺水！
⚠️ 第48天，村民174食物耗尽！
⚠️ 第48天，村民174缺水！
⚠️ 第48天，村民175食物耗尽！
⚠️ 第48天，村民175缺水！
⚠️ 第48天，村民176食物耗尽！
⚠️ 第48天，村民176缺水！
⚠️ 第48天，村民177食物耗尽！
⚠️ 第48天，村民177缺水！
⚠️ 第48天，村民178食物耗尽！
⚠️ 第48天，村民178缺水！
⚠️ 第48天，村民179食物耗尽！
⚠️ 第48天，村民179缺水！
⚠️ 第48天，村民180食物耗尽！
⚠️ 第48天，村民180缺水！
⚠️ 第48天，村民181食物耗尽！
⚠️ 第48天，村民181缺水！
⚠️ 第48天，村民182食物耗尽！
⚠️ 第48天，村民182缺水！
⚠️ 第48天，村民183食物耗尽！
⚠️ 第48天，村民183缺水！
⚠️ 第48天，村民184食物耗尽！
⚠️ 第48天，村民184缺水！
⚠️ 第48天，村民185食物耗尽！
⚠️ 第48天，村民185缺水！
⚠️ 第48天，村民186食物耗尽！
⚠️ 第48天，村民186缺水！
⚠️ 第48天，村民187食物耗尽！
⚠️ 第48天，村民187缺水！
⚠️ 第48天，村民188食物耗尽！
⚠️ 第48天，村民188缺水！
⚠️ 第48天，村民189食物耗尽！
⚠️ 第48天，村民189缺水！
⚠️ 第48天，村民190食物耗尽！
⚠️ 第48天，村民190缺水！
⚠️ 第48天，村民191食物耗尽！
⚠️ 第48天，村民191缺水！
⚠️ 第48天，村民192食物耗尽！
⚠️ 第48天，村民192缺水！
⚠️ 第48天，村民193食物耗尽！
⚠️ 第48天，村民193缺水！
⚠️ 第48天，村民194食物耗尽！
⚠️ 第48天，村民194缺水！
⚠️ 第48天，村民195食物耗尽！
⚠️ 第48天，村民195缺水！
⚠️ 第48天，村民196食物耗尽！
⚠️ 第48天，村民196缺水！
⚠️ 第48天，村民197食物耗尽！
⚠️ 第48天，村民197缺水！
⚠️ 第48天，村民198食物耗尽！
⚠️ 第48天，村民198缺水！
⚠️ 第48天，村民199食物耗尽！
⚠️ 第48天，村民199缺水！
⚠️ 第48天，村民200食物耗尽！
⚠️ 第48天，村民200缺水！
⚠️ 第48天，村民201食物耗尽！
⚠️ 第48天，村民201缺水！
⚠️ 第48天，村民202食物耗尽！
⚠️ 第48天，村民202缺水！
⚠️ 第48天，村民203食物耗尽！
⚠️ 第48天，村民203缺水！
⚠️ 第48天，村民204食物耗尽！
⚠️ 第48天，村民204缺水！
⚠️ 第48天，村民205食物耗尽！
⚠️ 第48天，村民205缺水！
⚠️ 第48天，村民206食物耗尽！
⚠️ 第48天，村民206缺水！
⚠️ 第48天，村民207食物耗尽！
⚠️ 第48天，村民207缺水！
⚠️ 第48天，村民208食物耗尽！
⚠️ 第48天，村民208缺水！
⚠️ 第48天，村民209食物耗尽！
⚠️ 第48天，村民209缺水！
⚠️ 第48天，村民210食物耗尽！
⚠️ 第48天，村民210缺水！
⚠️ 第48天，村民211食物耗尽！
⚠️ 第48天，村民211缺水！
⚠️ 第48天，村民212食物耗尽！
⚠️ 第48天，村民212缺水！
⚠️ 第48天，村民213食物耗尽！
⚠️ 第48天，村民213缺水！
⚠️ 第48天，村民214食物耗尽！
⚠️ 第48天，村民214缺水！
⚠️ 第48天，村民215食物耗尽！
⚠️ 第48天，村民215缺水！
⚠️ 第48天，村民216食物耗尽！
⚠️ 第48天，村民216缺水！
⚠️ 第48天，村民217食物耗尽！
⚠️ 第48天，村民217缺水！
⚠️ 第48天，村民218食物耗尽！
⚠️ 第48天，村民218缺水！
⚠️ 第48天，村民219食物耗尽！
⚠️ 第48天，村民219缺水！
⚠️ 第48天，村民220食物耗尽！
⚠️ 第48天，村民220缺水！
⚠️ 第48天，村民221食物耗尽！
⚠️ 第48天，村民221缺水！
⚠️ 第48天，村民222食物耗尽！
⚠️ 第48天，村民222缺水！
⚠️ 第48天，村民223食物耗尽！
⚠️ 第48天，村民223缺水！
⚠️ 第48天，村民224食物耗尽！
⚠️ 第48天，村民224缺水！
⚠️ 第48天，村民225食物耗尽！
⚠️ 第48天，村民225缺水！
⚠️ 第48天，村民226食物耗尽！
⚠️ 第48天，村民226缺水！
⚠️ 第48天，村民227食物耗尽！
⚠️ 第48天，村民227缺水！
⚠️ 第48天，村民228食物耗尽！
⚠️ 第48天，村民228缺水！
⚠️ 第48天，村民229食物耗尽！
⚠️ 第48天，村民229缺水！
⚠️ 第48天，村民230食物耗尽！
⚠️ 第48天，村民230缺水！
⚠️ 第48天，村民231食物耗尽！
⚠️ 第48天，村民231缺水！
⚠️ 第48天，村民232食物耗尽！
⚠️ 第48天，村民232缺水！
⚠️ 第48天，村民233食物耗尽！
⚠️ 第48天，村民233缺水！
⚠️ 第48天，村民234食物耗尽！
⚠️ 第48天，村民234缺水！
⚠️ 第48天，村民235食物耗尽！
⚠️ 第48天，村民235缺水！
⚠️ 第48天，村民236食物耗尽！
⚠️ 第48天，村民236缺水！
⚠️ 第48天，村民237食物耗尽！
⚠️ 第48天，村民237缺水！
⚠️ 第48天，村民238食物耗尽！
⚠️ 第48天，村民238缺水！
⚠️ 第48天，村民239食物耗尽！
⚠️ 第48天，村民239缺水！
⚠️ 第48天，村民240食物耗尽！
⚠️ 第48天，村民240缺水！
⚠️ 第48天，村民241食物耗尽！
⚠️ 第48天，村民241缺水！
⚠️ 第48天，村民242食物耗尽！
⚠️ 第48天，村民242缺水！
⚠️ 第48天，村民243食物耗尽！
⚠️ 第48天，村民243缺水！
⚠️ 第48天，村民244食物耗尽！
⚠️ 第48天，村民244缺水！
⚠️ 第48天，村民245食物耗尽！
⚠️ 第48天，村民245缺水！
⚠️ 第48天，村民246食物耗尽！
⚠️ 第48天，村民246缺水！
⚠️ 第48天，村民247食物耗尽！
⚠️ 第48天，村民247缺水！
⚠️ 第48天，村民248食物耗尽！
⚠️ 第48天，村民248缺水！
⚠️ 第48天，村民249食物耗尽！
⚠️ 第48天，村民249缺水！
⚠️ 第48天，村民250食物耗尽！
⚠️ 第48天，村民250缺水！
⚠️ 第48天，村民251食物耗尽！
⚠️ 第48天，村民251缺水！
⚠️ 第48天，村民252食物耗尽！
⚠️ 第48天，村民252缺水！
⚠️ 第48天，村民253食物耗尽！
⚠️ 第48天，村民253缺水！
⚠️ 第48天，村民254食物耗尽！
⚠️ 第48天，村民254缺水！
⚠️ 第48天，村民255食物耗尽！
⚠️ 第48天，村民255缺水！
⚠️ 第48天，村民256食物耗尽！
⚠️ 第48天，村民256缺水！
⚠️ 第48天，村民257食物耗尽！
⚠️ 第48天，村民257缺水！
⚠️ 第48天，村民258食物耗尽！
⚠️ 第48天，村民258缺水！
⚠️ 第48天，村民259食物耗尽！
⚠️ 第48天，村民259缺水！
⚠️ 第48天，村民260食物耗尽！
⚠️ 第48天，村民260缺水！
⚠️ 第48天，村民261食物耗尽！
⚠️ 第48天，村民261缺水！
⚠️ 第48天，村民262食物耗尽！
⚠️ 第48天，村民262缺水！
⚠️ 第48天，村民263食物耗尽！
⚠️ 第48天，村民263缺水！
⚠️ 第48天，村民264食物耗尽！
⚠️ 第48天，村民264缺水！
⚠️ 第48天，村民265食物耗尽！
⚠️ 第48天，村民265缺水！
⚠️ 第48天，村民266食物耗尽！
⚠️ 第48天，村民266缺水！
⚠️ 第48天，村民267食物耗尽！
⚠️ 第48天，村民267缺水！
⚠️ 第48天，村民268食物耗尽！
⚠️ 第48天，村民268缺水！
⚠️ 第48天，村民269食物耗尽！
⚠️ 第48天，村民269缺水！
⚠️ 第48天，村民270食物耗尽！
⚠️ 第48天，村民270缺水！
⚠️ 第48天，村民271食物耗尽！
⚠️ 第48天，村民271缺水！
⚠️ 第48天，村民272食物耗尽！
⚠️ 第48天，村民272缺水！
⚠️ 第48天，村民273食物耗尽！
⚠️ 第48天，村民273缺水！
⚠️ 第48天，村民274食物耗尽！
⚠️ 第48天，村民274缺水！
⚠️ 第48天，村民275食物耗尽！
⚠️ 第48天，村民275缺水！
⚠️ 第48天，村民276食物耗尽！
⚠️ 第48天，村民276缺水！
⚠️ 第48天，村民277食物耗尽！
⚠️ 第48天，村民277缺水！
⚠️ 第48天，村民278食物耗尽！
⚠️ 第48天，村民278缺水！
⚠️ 第48天，村民279食物耗尽！
⚠️ 第48天，村民279缺水！
⚠️ 第48天，村民280食物耗尽！
⚠️ 第48天，村民280缺水！
⚠️ 第48天，村民281食物耗尽！
⚠️ 第48天，村民281缺水！
⚠️ 第48天，村民282食物耗尽！
⚠️ 第48天，村民282缺水！
⚠️ 第48天，村民283食物耗尽！
⚠️ 第48天，村民283缺水！
⚠️ 第48天，村民284食物耗尽！
⚠️ 第48天，村民284缺水！
⚠️ 第48天，村民285食物耗尽！
⚠️ 第48天，村民285缺水！
⚠️ 第48天，村民286食物耗尽！
⚠️ 第48天，村民286缺水！
⚠️ 第48天，村民287食物耗尽！
⚠️ 第48天，村民287缺水！
⚠️ 第48天，村民288食物耗尽！
⚠️ 第48天，村民288缺水！
⚠️ 第48天，村民289食物耗尽！
⚠️ 第48天，村民289缺水！
⚠️ 第48天，村民290食物耗尽！
⚠️ 第48天，村民290缺水！
⚠️ 第48天，村民291食物耗尽！
⚠️ 第48天，村民291缺水！
⚠️ 第48天，村民292食物耗尽！
⚠️ 第48天，村民292缺水！
⚠️ 第48天，村民293食物耗尽！
⚠️ 第48天，村民293缺水！
⚠️ 第48天，村民294食物耗尽！
⚠️ 第48天，村民294缺水！
⚠️ 第48天，村民295食物耗尽！
⚠️ 第48天，村民295缺水！
⚠️ 第48天，村民296食物耗尽！
⚠️ 第48天，村民296缺水！
⚠️ 第48天，村民297食物耗尽！
⚠️ 第48天，村民297缺水！
⚠️ 第48天，村民298食物耗尽！
⚠️ 第48天，村民298缺水！
⚠️ 第48天，村民299食物耗尽！
⚠️ 第48天，村民299缺水！
⚠️ 第48天，村民300食物耗尽！
⚠️ 第48天，村民300缺水！
⚠️ 第48天，村民301食物耗尽！
⚠️ 第48天，村民301缺水！
⚠️ 第48天，村民302食物耗尽！
⚠️ 第48天，村民302缺水！
⚠️ 第48天，村民303食物耗尽！
⚠️ 第48天，村民303缺水！
⚠️ 第48天，村民304食物耗尽！
⚠️ 第48天，村民304缺水！
⚠️ 第48天，村民305食物耗尽！
⚠️ 第48天，村民305缺水！
⚠️ 第48天，村民306食物耗尽！
⚠️ 第48天，村民306缺水！
⚠️ 第48天，村民307食物耗尽！
⚠️ 第48天，村民307缺水！
⚠️ 第48天，村民308食物耗尽！
⚠️ 第48天，村民308缺水！
⚠️ 第48天，村民309食物耗尽！
⚠️ 第48天，村民309缺水！
⚠️ 第48天，村民310食物耗尽！
⚠️ 第48天，村民310缺水！
⚠️ 第48天，村民311食物耗尽！
⚠️ 第48天，村民311缺水！
⚠️ 第48天，村民312食物耗尽！
⚠️ 第48天，村民312缺水！
⚠️ 第48天，村民313食物耗尽！
⚠️ 第48天，村民313缺水！
⚠️ 第48天，村民314食物耗尽！
⚠️ 第48天，村民314缺水！
⚠️ 第48天，村民315食物耗尽！
⚠️ 第48天，村民315缺水！
⚠️ 第48天，村民316食物耗尽！
⚠️ 第48天，村民316缺水！
⚠️ 第48天，村民317食物耗尽！
⚠️ 第48天，村民317缺水！
⚠️ 第48天，村民318食物耗尽！
⚠️ 第48天，村民318缺水！
⚠️ 第48天，村民319食物耗尽！
⚠️ 第48天，村民319缺水！
⚠️ 第48天，村民320食物耗尽！
⚠️ 第48天，村民320缺水！
⚠️ 第48天，村民321食物耗尽！
⚠️ 第48天，村民321缺水！
⚠️ 第48天，村民322食物耗尽！
⚠️ 第48天，村民322缺水！
⚠️ 第48天，村民323食物耗尽！
⚠️ 第48天，村民323缺水！
⚠️ 第48天，村民324食物耗尽！
⚠️ 第48天，村民324缺水！
⚠️ 第48天，村民325食物耗尽！
⚠️ 第48天，村民325缺水！
⚠️ 第48天，村民326食物耗尽！
⚠️ 第48天，村民326缺水！
⚠️ 第48天，村民327食物耗尽！
⚠️ 第48天，村民327缺水！
⚠️ 第48天，村民328食物耗尽！
⚠️ 第48天，村民328缺水！
⚠️ 第48天，村民329食物耗尽！
⚠️ 第48天，村民329缺水！
⚠️ 第48天，村民330食物耗尽！
⚠️ 第48天，村民330缺水！
⚠️ 第48天，村民331食物耗尽！
⚠️ 第48天，村民331缺水！
⚠️ 第48天，村民332食物耗尽！
⚠️ 第48天，村民332缺水！
⚠️ 第48天，村民333食物耗尽！
⚠️ 第48天，村民333缺水！
⚠️ 第48天，村民334食物耗尽！
⚠️ 第48天，村民334缺水！
⚠️ 第48天，村民335食物耗尽！
⚠️ 第48天，村民335缺水！
⚠️ 第48天，村民336食物耗尽！
⚠️ 第48天，村民336缺水！
⚠️ 第48天，村民337食物耗尽！
⚠️ 第48天，村民337缺水！
⚠️ 第48天，村民338食物耗尽！
⚠️ 第48天，村民338缺水！
⚠️ 第48天，村民339食物耗尽！
⚠️ 第48天，村民339缺水！
⚠️ 第48天，村民340食物耗尽！
⚠️ 第48天，村民340缺水！
⚠️ 第48天，村民341食物耗尽！
⚠️ 第48天，村民341缺水！
⚠️ 第48天，村民342食物耗尽！
⚠️ 第48天，村民342缺水！
⚠️ 第48天，村民343食物耗尽！
⚠️ 第48天，村民343缺水！
⚠️ 第48天，村民344食物耗尽！
⚠️ 第48天，村民344缺水！
⚠️ 第48天，村民345食物耗尽！
⚠️ 第48天，村民345缺水！
⚠️ 第48天，村民346食物耗尽！
⚠️ 第48天，村民346缺水！
⚠️ 第48天，村民347食物耗尽！
⚠️ 第48天，村民347缺水！
⚠️ 第48天，村民348食物耗尽！
⚠️ 第48天，村民348缺水！
⚠️ 第48天，村民349食物耗尽！
⚠️ 第48天，村民349缺水！
⚠️ 第48天，村民350食物耗尽！
⚠️ 第48天，村民350缺水！
⚠️ 第48天，村民351食物耗尽！
⚠️ 第48天，村民351缺水！
⚠️ 第48天，村民352食物耗尽！
⚠️ 第48天，村民352缺水！
⚠️ 第48天，村民353食物耗尽！
⚠️ 第48天，村民353缺水！
⚠️ 第48天，村民354食物耗尽！
⚠️ 第48天，村民354缺水！
⚠️ 第48天，村民355食物耗尽！
⚠️ 第48天，村民355缺水！
⚠️ 第48天，村民356食物耗尽！
⚠️ 第48天，村民356缺水！
⚠️ 第48天，村民357食物耗尽！
⚠️ 第48天，村民357缺水！
⚠️ 第48天，村民358食物耗尽！
⚠️ 第48天，村民358缺水！
⚠️ 第48天，村民359食物耗尽！
⚠️ 第48天，村民359缺水！
⚠️ 第48天，村民360食物耗尽！
⚠️ 第48天，村民360缺水！
⚠️ 第48天，村民361食物耗尽！
⚠️ 第48天，村民361缺水！
⚠️ 第48天，村民362食物耗尽！
⚠️ 第48天，村民362缺水！
⚠️ 第48天，村民363食物耗尽！
⚠️ 第48天，村民363缺水！
⚠️ 第48天，村民364食物耗尽！
⚠️ 第48天，村民364缺水！
⚠️ 第48天，村民365食物耗尽！
⚠️ 第48天，村民365缺水！
⚠️ 第48天，村民366食物耗尽！
⚠️ 第48天，村民366缺水！
⚠️ 第48天，村民367食物耗尽！
⚠️ 第48天，村民367缺水！
⚠️ 第48天，村民368食物耗尽！
⚠️ 第48天，村民368缺水！
⚠️ 第48天，村民369食物耗尽！
⚠️ 第48天，村民369缺水！
⚠️ 第48天，村民370食物耗尽！
⚠️ 第48天，村民370缺水！
⚠️ 第48天，村民371食物耗尽！
⚠️ 第48天，村民371缺水！
⚠️ 第48天，村民372食物耗尽！
⚠️ 第48天，村民372缺水！
⚠️ 第48天，村民373食物耗尽！
⚠️ 第48天，村民373缺水！
⚠️ 第48天，村民374食物耗尽！
⚠️ 第48天，村民374缺水！
⚠️ 第48天，村民375食物耗尽！
⚠️ 第48天，村民375缺水！
⚠️ 第48天，村民376食物耗尽！
⚠️ 第48天，村民376缺水！
⚠️ 第48天，村民377食物耗尽！
⚠️ 第48天，村民377缺水！
⚠️ 第48天，村民378食物耗尽！
⚠️ 第48天，村民378缺水！
⚠️ 第48天，村民379食物耗尽！
⚠️ 第48天，村民379缺水！
⚠️ 第48天，村民380食物耗尽！
⚠️ 第48天，村民380缺水！
⚠️ 第48天，村民381食物耗尽！
⚠️ 第48天，村民381缺水！
⚠️ 第48天，村民382食物耗尽！
⚠️ 第48天，村民382缺水！
⚠️ 第48天，村民383食物耗尽！
⚠️ 第48天，村民383缺水！
⚠️ 第48天，村民384食物耗尽！
⚠️ 第48天，村民384缺水！
⚠️ 第48天，村民385食物耗尽！
⚠️ 第48天，村民385缺水！
⚠️ 第48天，村民386食物耗尽！
⚠️ 第48天，村民386缺水！
⚠️ 第48天，村民387食物耗尽！
⚠️ 第48天，村民387缺水！
⚠️ 第48天，村民388食物耗尽！
⚠️ 第48天，村民388缺水！
⚠️ 第48天，村民389食物耗尽！
⚠️ 第48天，村民389缺水！
⚠️ 第48天，村民390食物耗尽！
⚠️ 第48天，村民390缺水！
⚠️ 第48天，村民391食物耗尽！
⚠️ 第48天，村民391缺水！
⚠️ 第48天，村民392食物耗尽！
⚠️ 第48天，村民392缺水！
⚠️ 第48天，村民393食物耗尽！
⚠️ 第48天，村民393缺水！
⚠️ 第48天，村民394食物耗尽！
⚠️ 第48天，村民394缺水！
⚠️ 第48天，村民395食物耗尽！
⚠️ 第48天，村民395缺水！
⚠️ 第48天，村民396食物耗尽！
⚠️ 第48天，村民396缺水！
⚠️ 第48天，村民397食物耗尽！
⚠️ 第48天，村民397缺水！
⚠️ 第48天，村民398食物耗尽！
⚠️ 第48天，村民398缺水！
⚠️ 第48天，村民399食物耗尽！
⚠️ 第48天，村民399缺水！
⚠️ 第48天，村民400食物耗尽！
⚠️ 第48天，村民400缺水！
⚠️ 第48天，村民401食物耗尽！
⚠️ 第48天，村民401缺水！
⚠️ 第48天，村民402食物耗尽！
⚠️ 第48天，村民402缺水！
⚠️ 第48天，村民403食物耗尽！
⚠️ 第48天，村民403缺水！
⚠️ 第48天，村民404食物耗尽！
⚠️ 第48天，村民404缺水！
⚠️ 第48天，村民405食物耗尽！
⚠️ 第48天，村民405缺水！
⚠️ 第48天，村民406食物耗尽！
⚠️ 第48天，村民406缺水！
⚠️ 第48天，村民407食物耗尽！
⚠️ 第48天，村民407缺水！
⚠️ 第48天，村民408食物耗尽！
⚠️ 第48天，村民408缺水！
⚠️ 第48天，村民409食物耗尽！
⚠️ 第48天，村民409缺水！
⚠️ 第48天，村民410食物耗尽！
⚠️ 第48天，村民410缺水！
⚠️ 第48天，村民411食物耗尽！
⚠️ 第48天，村民411缺水！
⚠️ 第48天，村民412食物耗尽！
⚠️ 第48天，村民412缺水！
⚠️ 第48天，村民413食物耗尽！
⚠️ 第48天，村民413缺水！
⚠️ 第48天，村民414食物耗尽！
⚠️ 第48天，村民414缺水！
⚠️ 第48天，村民415食物耗尽！
⚠️ 第48天，村民415缺水！
⚠️ 第48天，村民416食物耗尽！
⚠️ 第48天，村民416缺水！
⚠️ 第48天，村民417食物耗尽！
⚠️ 第48天，村民417缺水！
⚠️ 第48天，村民418食物耗尽！
⚠️ 第48天，村民418缺水！
⚠️ 第48天，村民419食物耗尽！
⚠️ 第48天，村民419缺水！
⚠️ 第48天，村民420食物耗尽！
⚠️ 第48天，村民420缺水！
⚠️ 第48天，村民421食物耗尽！
⚠️ 第48天，村民421缺水！
⚠️ 第48天，村民422食物耗尽！
⚠️ 第48天，村民422缺水！
⚠️ 第48天，村民423食物耗尽！
⚠️ 第48天，村民423缺水！
⚠️ 第48天，村民424食物耗尽！
⚠️ 第48天，村民424缺水！
⚠️ 第48天，村民425食物耗尽！
⚠️ 第48天，村民425缺水！
⚠️ 第48天，村民426食物耗尽！
⚠️ 第48天，村民426缺水！
⚠️ 第48天，村民427食物耗尽！
⚠️ 第48天，村民427缺水！
⚠️ 第48天，村民428食物耗尽！
⚠️ 第48天，村民428缺水！
⚠️ 第48天，村民429食物耗尽！
⚠️ 第48天，村民429缺水！
⚠️ 第48天，村民430食物耗尽！
⚠️ 第48天，村民430缺水！
⚠️ 第48天，村民431食物耗尽！
⚠️ 第48天，村民431缺水！
⚠️ 第48天，村民432食物耗尽！
⚠️ 第48天，村民432缺水！
⚠️ 第48天，村民433食物耗尽！
⚠️ 第48天，村民433缺水！
⚠️ 第48天，村民434食物耗尽！
⚠️ 第48天，村民434缺水！
⚠️ 第48天，村民435食物耗尽！
⚠️ 第48天，村民435缺水！
⚠️ 第48天，村民436食物耗尽！
⚠️ 第48天，村民436缺水！
⚠️ 第48天，村民437食物耗尽！
⚠️ 第48天，村民437缺水！
⚠️ 第48天，村民438食物耗尽！
⚠️ 第48天，村民438缺水！
⚠️ 第48天，村民439食物耗尽！
⚠️ 第48天，村民439缺水！
⚠️ 第48天，村民440食物耗尽！
⚠️ 第48天，村民440缺水！
⚠️ 第48天，村民441食物耗尽！
⚠️ 第48天，村民441缺水！
⚠️ 第48天，村民442食物耗尽！
⚠️ 第48天，村民442缺水！
⚠️ 第48天，村民443食物耗尽！
⚠️ 第48天，村民443缺水！
⚠️ 第48天，村民444食物耗尽！
⚠️ 第48天，村民444缺水！
⚠️ 第48天，村民445食物耗尽！
⚠️ 第48天，村民445缺水！
⚠️ 第48天，村民446食物耗尽！
⚠️ 第48天，村民446缺水！
⚠️ 第48天，村民447食物耗尽！
⚠️ 第48天，村民447缺水！
⚠️ 第48天，村民448食物耗尽！
⚠️ 第48天，村民448缺水！
⚠️ 第48天，村民449食物耗尽！
⚠️ 第48天，村民449缺水！
⚠️ 第48天，村民450食物耗尽！
⚠️ 第48天，村民450缺水！
⚠️ 第48天，村民451食物耗尽！
⚠️ 第48天，村民451缺水！
⚠️ 第48天，村民452食物耗尽！
⚠️ 第48天，村民452缺水！
⚠️ 第48天，村民453食物耗尽！
⚠️ 第48天，村民453缺水！
⚠️ 第48天，村民454食物耗尽！
⚠️ 第48天，村民454缺水！
⚠️ 第48天，村民455食物耗尽！
⚠️ 第48天，村民455缺水！
⚠️ 第48天，村民456食物耗尽！
⚠️ 第48天，村民456缺水！
⚠️ 第48天，村民457食物耗尽！
⚠️ 第48天，村民457缺水！
⚠️ 第48天，村民458食物耗尽！
⚠️ 第48天，村民458缺水！
⚠️ 第48天，村民459食物耗尽！
⚠️ 第48天，村民459缺水！
⚠️ 第48天，村民460食物耗尽！
⚠️ 第48天，村民460缺水！
⚠️ 第48天，村民461食物耗尽！
⚠️ 第48天，村民461缺水！
⚠️ 第48天，村民462食物耗尽！
⚠️ 第48天，村民462缺水！
⚠️ 第48天，村民463食物耗尽！
⚠️ 第48天，村民463缺水！
⚠️ 第48天，村民464食物耗尽！
⚠️ 第48天，村民464缺水！
⚠️ 第48天，村民465食物耗尽！
⚠️ 第48天，村民465缺水！
⚠️ 第48天，村民466食物耗尽！
⚠️ 第48天，村民466缺水！
⚠️ 第48天，村民467食物耗尽！
⚠️ 第48天，村民467缺水！
⚠️ 第48天，村民468食物耗尽！
⚠️ 第48天，村民468缺水！
⚠️ 第48天，村民469食物耗尽！
⚠️ 第48天，村民469缺水！
⚠️ 第48天，村民470食物耗尽！
⚠️ 第48天，村民470缺水！
⚠️ 第48天，村民471食物耗尽！
⚠️ 第48天，村民471缺水！
⚠️ 第48天，村民472食物耗尽！
⚠️ 第48天，村民472缺水！
⚠️ 第48天，村民473食物耗尽！
⚠️ 第48天，村民473缺水！
⚠️ 第48天，村民474食物耗尽！
⚠️ 第48天，村民474缺水！
⚠️ 第48天，村民475食物耗尽！
⚠️ 第48天，村民475缺水！
⚠️ 第48天，村民476食物耗尽！
⚠️ 第48天，村民476缺水！
⚠️ 第48天，村民477食物耗尽！
⚠️ 第48天，村民477缺水！
⚠️ 第48天，村民478食物耗尽！
⚠️ 第48天，村民478缺水！
⚠️ 第48天，村民479食物耗尽！
⚠️ 第48天，村民479缺水！
⚠️ 第48天，村民480食物耗尽！
⚠️ 第48天，村民480缺水！
⚠️ 第48天，村民481食物耗尽！
⚠️ 第48天，村民481缺水！
⚠️ 第48天，村民482食物耗尽！
⚠️ 第48天，村民482缺水！
⚠️ 第48天，村民483食物耗尽！
⚠️ 第48天，村民483缺水！
⚠️ 第48天，村民484食物耗尽！
⚠️ 第48天，村民484缺水！
⚠️ 第48天，村民485食物耗尽！
⚠️ 第48天，村民485缺水！
⚠️ 第48天，村民486食物耗尽！
⚠️ 第48天，村民486缺水！
⚠️ 第48天，村民487食物耗尽！
⚠️ 第48天，村民487缺水！
⚠️ 第48天，村民488食物耗尽！
⚠️ 第48天，村民488缺水！
⚠️ 第48天，村民489食物耗尽！
⚠️ 第48天，村民489缺水！
⚠️ 第48天，村民490食物耗尽！
⚠️ 第48天，村民490缺水！
⚠️ 第48天，村民491食物耗尽！
⚠️ 第48天，村民491缺水！
⚠️ 第48天，村民492食物耗尽！
⚠️ 第48天，村民492缺水！
⚠️ 第48天，村民493食物耗尽！
⚠️ 第48天，村民493缺水！
⚠️ 第48天，村民494食物耗尽！
⚠️ 第48天，村民494缺水！
⚠️ 第48天，村民495食物耗尽！
⚠️ 第48天，村民495缺水！
⚠️ 第48天，村民496食物耗尽！
⚠️ 第48天，村民496缺水！
⚠️ 第48天，村民497食物耗尽！
⚠️ 第48天，村民497缺水！
⚠️ 第48天，村民498食物耗尽！
⚠️ 第48天，村民498缺水！
⚠️ 第48天，村民499食物耗尽！
⚠️ 第48天，村民499缺水！
⚠️ 第48天，村民500食物耗尽！
⚠️ 第48天，村民500缺水！
⚠️ 第48天，村民501食物耗尽！
⚠️ 第48天，村民501缺水！
⚠️ 第48天，村民502食物耗尽！
⚠️ 第48天，村民502缺水！
⚠️ 第48天，村民503食物耗尽！
⚠️ 第48天，村民503缺水！
⚠️ 第48天，村民504食物耗尽！
⚠️ 第48天，村民504缺水！
⚠️ 第48天，村民505食物耗尽！
⚠️ 第48天，村民505缺水！
⚠️ 第48天，村民506食物耗尽！
⚠️ 第48天，村民506缺水！
⚠️ 第48天，村民507食物耗尽！
⚠️ 第48天，村民507缺水！
⚠️ 第48天，村民508食物耗尽！
⚠️ 第48天，村民508缺水！
⚠️ 第48天，村民509食物耗尽！
⚠️ 第48天，村民509缺水！
⚠️ 第48天，村民510食物耗尽！
⚠️ 第48天，村民510缺水！
⚠️ 第48天，村民511食物耗尽！
⚠️ 第48天，村民511缺水！
⚠️ 第48天，村民512食物耗尽！
⚠️ 第48天，村民512缺水！
⚠️ 第48天，村民513食物耗尽！
⚠️ 第48天，村民513缺水！
⚠️ 第48天，村民514食物耗尽！
⚠️ 第48天，村民514缺水！
⚠️ 第48天，村民515食物耗尽！
⚠️ 第48天，村民515缺水！
⚠️ 第48天，村民516食物耗尽！
⚠️ 第48天，村民516缺水！
⚠️ 第48天，村民517食物耗尽！
⚠️ 第48天，村民517缺水！
⚠️ 第48天，村民518食物耗尽！
⚠️ 第48天，村民518缺水！
⚠️ 第48天，村民519食物耗尽！
⚠️ 第48天，村民519缺水！
⚠️ 第48天，村民520食物耗尽！
⚠️ 第48天，村民520缺水！
⚠️ 第48天，村民521食物耗尽！
⚠️ 第48天，村民521缺水！
⚠️ 第48天，村民522食物耗尽！
⚠️ 第48天，村民522缺水！
⚠️ 第48天，村民523食物耗尽！
⚠️ 第48天，村民523缺水！
⚠️ 第48天，村民524食物耗尽！
⚠️ 第48天，村民524缺水！
⚠️ 第48天，村民525食物耗尽！
⚠️ 第48天，村民525缺水！
⚠️ 第48天，村民526食物耗尽！
⚠️ 第48天，村民526缺水！
⚠️ 第48天，村民527食物耗尽！
⚠️ 第48天，村民527缺水！
⚠️ 第48天，村民528食物耗尽！
⚠️ 第48天，村民528缺水！
⚠️ 第48天，村民529食物耗尽！
⚠️ 第48天，村民529缺水！
⚠️ 第48天，村民530食物耗尽！
⚠️ 第48天，村民530缺水！
⚠️ 第48天，村民531食物耗尽！
⚠️ 第48天，村民531缺水！
⚠️ 第48天，村民532食物耗尽！
⚠️ 第48天，村民532缺水！
⚠️ 第48天，村民533食物耗尽！
⚠️ 第48天，村民533缺水！
⚠️ 第48天，村民534食物耗尽！
⚠️ 第48天，村民534缺水！
⚠️ 第48天，村民535食物耗尽！
⚠️ 第48天，村民535缺水！
⚠️ 第48天，村民536食物耗尽！
⚠️ 第48天，村民536缺水！
⚠️ 第48天，村民537食物耗尽！
⚠️ 第48天，村民537缺水！
⚠️ 第48天，村民538食物耗尽！
⚠️ 第48天，村民538缺水！
⚠️ 第48天，村民539食物耗尽！
⚠️ 第48天，村民539缺水！
⚠️ 第48天，村民540食物耗尽！
⚠️ 第48天，村民540缺水！
⚠️ 第48天，村民541食物耗尽！
⚠️ 第48天，村民541缺水！
⚠️ 第48天，村民542食物耗尽！
⚠️ 第48天，村民542缺水！
⚠️ 第48天，村民543食物耗尽！
⚠️ 第48天，村民543缺水！
⚠️ 第48天，村民544食物耗尽！
⚠️ 第48天，村民544缺水！
⚠️ 第48天，村民545食物耗尽！
⚠️ 第48天，村民545缺水！
⚠️ 第48天，村民546食物耗尽！
⚠️ 第48天，村民546缺水！
⚠️ 第48天，村民547食物耗尽！
⚠️ 第48天，村民547缺水！
⚠️ 第48天，村民548食物耗尽！
⚠️ 第48天，村民548缺水！
⚠️ 第48天，村民549食物耗尽！
⚠️ 第48天，村民549缺水！
⚠️ 第48天，村民550食物耗尽！
⚠️ 第48天，村民550缺水！
⚠️ 第48天，村民551食物耗尽！
⚠️ 第48天，村民551缺水！
⚠️ 第48天，村民552食物耗尽！
⚠️ 第48天，村民552缺水！
⚠️ 第48天，村民553食物耗尽！
⚠️ 第48天，村民553缺水！
⚠️ 第48天，村民554食物耗尽！
⚠️ 第48天，村民554缺水！
⚠️ 第48天，村民555食物耗尽！
⚠️ 第48天，村民555缺水！
⚠️ 第48天，村民556食物耗尽！
⚠️ 第48天，村民556缺水！
⚠️ 第48天，村民557食物耗尽！
⚠️ 第48天，村民557缺水！
⚠️ 第48天，村民558食物耗尽！
⚠️ 第48天，村民558缺水！
⚠️ 第48天，村民559食物耗尽！
⚠️ 第48天，村民559缺水！
⚠️ 第48天，村民560食物耗尽！
⚠️ 第48天，村民560缺水！
⚠️ 第48天，村民561食物耗尽！
⚠️ 第48天，村民561缺水！
⚠️ 第48天，村民562食物耗尽！
⚠️ 第48天，村民562缺水！
⚠️ 第48天，村民563食物耗尽！
⚠️ 第48天，村民563缺水！
⚠️ 第48天，村民564食物耗尽！
⚠️ 第48天，村民564缺水！
⚠️ 第48天，村民565食物耗尽！
⚠️ 第48天，村民565缺水！
⚠️ 第48天，村民566食物耗尽！
⚠️ 第48天，村民566缺水！
⚠️ 第48天，村民567食物耗尽！
⚠️ 第48天，村民567缺水！
⚠️ 第48天，村民568食物耗尽！
⚠️ 第48天，村民568缺水！
⚠️ 第48天，村民569食物耗尽！
⚠️ 第48天，村民569缺水！
⚠️ 第48天，村民570食物耗尽！
⚠️ 第48天，村民570缺水！
⚠️ 第48天，村民571食物耗尽！
⚠️ 第48天，村民571缺水！
⚠️ 第48天，村民572食物耗尽！
⚠️ 第48天，村民572缺水！
⚠️ 第48天，村民573食物耗尽！
⚠️ 第48天，村民573缺水！
⚠️ 第48天，村民574食物耗尽！
⚠️ 第48天，村民574缺水！
⚠️ 第48天，村民575食物耗尽！
⚠️ 第48天，村民575缺水！
⚠️ 第48天，村民576食物耗尽！
⚠️ 第48天，村民576缺水！
⚠️ 第48天，村民577食物耗尽！
⚠️ 第48天，村民577缺水！
⚠️ 第48天，村民578食物耗尽！
⚠️ 第48天，村民578缺水！
⚠️ 第48天，村民579食物耗尽！
⚠️ 第48天，村民579缺水！
⚠️ 第48天，村民580食物耗尽！
⚠️ 第48天，村民580缺水！
⚠️ 第48天，村民581食物耗尽！
⚠️ 第48天，村民581缺水！
⚠️ 第48天，村民582食物耗尽！
⚠️ 第48天，村民582缺水！
⚠️ 第48天，村民583食物耗尽！
⚠️ 第48天，村民583缺水！
⚠️ 第48天，村民584食物耗尽！
⚠️ 第48天，村民584缺水！
⚠️ 第48天，村民585食物耗尽！
⚠️ 第48天，村民585缺水！
⚠️ 第48天，村民586食物耗尽！
⚠️ 第48天，村民586缺水！
⚠️ 第48天，村民587食物耗尽！
⚠️ 第48天，村民587缺水！
⚠️ 第48天，村民588食物耗尽！
⚠️ 第48天，村民588缺水！
⚠️ 第48天，村民589食物耗尽！
⚠️ 第48天，村民589缺水！
⚠️ 第48天，村民590食物耗尽！
⚠️ 第48天，村民590缺水！
⚠️ 第48天，村民591食物耗尽！
⚠️ 第48天，村民591缺水！
⚠️ 第48天，村民592食物耗尽！
⚠️ 第48天，村民592缺水！
⚠️ 第48天，村民593食物耗尽！
⚠️ 第48天，村民593缺水！
⚠️ 第48天，村民594食物耗尽！
⚠️ 第48天，村民594缺水！
⚠️ 第48天，村民595食物耗尽！
⚠️ 第48天，村民595缺水！
⚠️ 第48天，村民596食物耗尽！
⚠️ 第48天，村民596缺水！
⚠️ 第48天，村民597食物耗尽！
⚠️ 第48天，村民597缺水！
⚠️ 第48天，村民598食物耗尽！
⚠️ 第48天，村民598缺水！
⚠️ 第48天，村民599食物耗尽！
⚠️ 第48天，村民599缺水！
⚠️ 第48天，村民600食物耗尽！
⚠️ 第48天，村民600缺水！
⚠️ 第48天，村民601食物耗尽！
⚠️ 第48天，村民601缺水！
⚠️ 第48天，村民602食物耗尽！
⚠️ 第48天，村民602缺水！
⚠️ 第48天，村民603食物耗尽！
⚠️ 第48天，村民603缺水！
⚠️ 第48天，村民604食物耗尽！
⚠️ 第48天，村民604缺水！
⚠️ 第48天，村民605食物耗尽！
⚠️ 第48天，村民605缺水！
⚠️ 第48天，村民606食物耗尽！
⚠️ 第48天，村民606缺水！
⚠️ 第48天，村民607食物耗尽！
⚠️ 第48天，村民607缺水！
⚠️ 第48天，村民608食物耗尽！
⚠️ 第48天，村民608缺水！
⚠️ 第48天，村民609食物耗尽！
⚠️ 第48天，村民609缺水！
⚠️ 第48天，村民610食物耗尽！
⚠️ 第48天，村民610缺水！
⚠️ 第48天，村民611食物耗尽！
⚠️ 第48天，村民611缺水！
⚠️ 第48天，村民612食物耗尽！
⚠️ 第48天，村民612缺水！
⚠️ 第48天，村民613食物耗尽！
⚠️ 第48天，村民613缺水！
⚠️ 第48天，村民614食物耗尽！
⚠️ 第48天，村民614缺水！
⚠️ 第48天，村民615食物耗尽！
⚠️ 第48天，村民615缺水！
⚠️ 第48天，村民616食物耗尽！
⚠️ 第48天，村民616缺水！
⚠️ 第48天，村民617食物耗尽！
⚠️ 第48天，村民617缺水！
⚠️ 第48天，村民618食物耗尽！
⚠️ 第48天，村民618缺水！
⚠️ 第48天，村民619食物耗尽！
⚠️ 第48天，村民619缺水！
⚠️ 第48天，村民620食物耗尽！
⚠️ 第48天，村民620缺水！
⚠️ 第48天，村民621食物耗尽！
⚠️ 第48天，村民621缺水！
⚠️ 第48天，村民622食物耗尽！
⚠️ 第48天，村民622缺水！
⚠️ 第48天，村民623食物耗尽！
⚠️ 第48天，村民623缺水！
⚠️ 第48天，村民624食物耗尽！
⚠️ 第48天，村民624缺水！
⚠️ 第48天，村民625食物耗尽！
⚠️ 第48天，村民625缺水！
⚠️ 第48天，村民626食物耗尽！
⚠️ 第48天，村民626缺水！
⚠️ 第48天，村民627食物耗尽！
⚠️ 第48天，村民627缺水！
⚠️ 第48天，村民628食物耗尽！
⚠️ 第48天，村民628缺水！
⚠️ 第48天，村民629食物耗尽！
⚠️ 第48天，村民629缺水！
⚠️ 第48天，村民630食物耗尽！
⚠️ 第48天，村民630缺水！
⚠️ 第48天，村民631食物耗尽！
⚠️ 第48天，村民631缺水！
⚠️ 第48天，村民632食物耗尽！
⚠️ 第48天，村民632缺水！
⚠️ 第48天，村民633食物耗尽！
⚠️ 第48天，村民633缺水！
⚠️ 第48天，村民634食物耗尽！
⚠️ 第48天，村民634缺水！
⚠️ 第48天，村民635食物耗尽！
⚠️ 第48天，村民635缺水！
⚠️ 第48天，村民636食物耗尽！
⚠️ 第48天，村民636缺水！
⚠️ 第48天，村民637食物耗尽！
⚠️ 第48天，村民637缺水！
⚠️ 第48天，村民638食物耗尽！
⚠️ 第48天，村民638缺水！
⚠️ 第48天，村民639食物耗尽！
⚠️ 第48天，村民639缺水！
⚠️ 第48天，村民640食物耗尽！
⚠️ 第48天，村民640缺水！
⚠️ 第48天，村民641食物耗尽！
⚠️ 第48天，村民641缺水！
⚠️ 第48天，村民642食物耗尽！
⚠️ 第48天，村民642缺水！
⚠️ 第48天，村民643食物耗尽！
⚠️ 第48天，村民643缺水！
⚠️ 第48天，村民644食物耗尽！
⚠️ 第48天，村民644缺水！
⚠️ 第48天，村民645食物耗尽！
⚠️ 第48天，村民645缺水！
⚠️ 第48天，村民646食物耗尽！
⚠️ 第48天，村民646缺水！
⚠️ 第48天，村民647食物耗尽！
⚠️ 第48天，村民647缺水！
⚠️ 第48天，村民648食物耗尽！
⚠️ 第48天，村民648缺水！
⚠️ 第48天，村民649食物耗尽！
⚠️ 第48天，村民649缺水！
⚠️ 第48天，村民650食物耗尽！
⚠️ 第48天，村民650缺水！
⚠️ 第48天，村民651食物耗尽！
⚠️ 第48天，村民651缺水！
⚠️ 第48天，村民652食物耗尽！
⚠️ 第48天，村民652缺水！
⚠️ 第48天，村民653食物耗尽！
⚠️ 第48天，村民653缺水！
⚠️ 第48天，村民654食物耗尽！
⚠️ 第48天，村民654缺水！
⚠️ 第48天，村民655食物耗尽！
⚠️ 第48天，村民655缺水！
⚠️ 第48天，村民656食物耗尽！
⚠️ 第48天，村民656缺水！
⚠️ 第48天，村民657食物耗尽！
⚠️ 第48天，村民657缺水！
⚠️ 第48天，村民658食物耗尽！
⚠️ 第48天，村民658缺水！
⚠️ 第48天，村民659食物耗尽！
⚠️ 第48天，村民659缺水！
⚠️ 第48天，村民660食物耗尽！
⚠️ 第48天，村民660缺水！
⚠️ 第48天，村民661食物耗尽！
⚠️ 第48天，村民661缺水！
⚠️ 第48天，村民662食物耗尽！
⚠️ 第48天，村民662缺水！
⚠️ 第48天，村民663食物耗尽！
⚠️ 第48天，村民663缺水！
⚠️ 第48天，村民664食物耗尽！
⚠️ 第48天，村民664缺水！
⚠️ 第48天，村民665食物耗尽！
⚠️ 第48天，村民665缺水！
⚠️ 第48天，村民666食物耗尽！
⚠️ 第48天，村民666缺水！
⚠️ 第48天，村民667食物耗尽！
⚠️ 第48天，村民667缺水！
⚠️ 第48天，村民668食物耗尽！
⚠️ 第48天，村民668缺水！
⚠️ 第48天，村民669食物耗尽！
⚠️ 第48天，村民669缺水！
⚠️ 第48天，村民670食物耗尽！
⚠️ 第48天，村民670缺水！
⚠️ 第48天，村民671食物耗尽！
⚠️ 第48天，村民671缺水！
⚠️ 第48天，村民672食物耗尽！
⚠️ 第48天，村民672缺水！
⚠️ 第48天，村民673食物耗尽！
⚠️ 第48天，村民673缺水！
⚠️ 第48天，村民674食物耗尽！
⚠️ 第48天，村民674缺水！
⚠️ 第48天，村民675食物耗尽！
⚠️ 第48天，村民675缺水！
⚠️ 第48天，村民676食物耗尽！
⚠️ 第48天，村民676缺水！
⚠️ 第48天，村民677食物耗尽！
⚠️ 第48天，村民677缺水！
⚠️ 第48天，村民678食物耗尽！
⚠️ 第48天，村民678缺水！
⚠️ 第48天，村民679食物耗尽！
⚠️ 第48天，村民679缺水！
⚠️ 第48天，村民680食物耗尽！
⚠️ 第48天，村民680缺水！
⚠️ 第48天，村民681食物耗尽！
⚠️ 第48天，村民681缺水！
⚠️ 第48天，村民682食物耗尽！
⚠️ 第48天，村民682缺水！
⚠️ 第48天，村民683食物耗尽！
⚠️ 第48天，村民683缺水！
⚠️ 第48天，村民684食物耗尽！
⚠️ 第48天，村民684缺水！
⚠️ 第48天，村民685食物耗尽！
⚠️ 第48天，村民685缺水！
⚠️ 第48天，村民686食物耗尽！
⚠️ 第48天，村民686缺水！
⚠️ 第48天，村民687食物耗尽！
⚠️ 第48天，村民687缺水！
⚠️ 第48天，村民688食物耗尽！
⚠️ 第48天，村民688缺水！
⚠️ 第48天，村民689食物耗尽！
⚠️ 第48天，村民689缺水！
⚠️ 第48天，村民690食物耗尽！
⚠️ 第48天，村民690缺水！
⚠️ 第48天，村民691食物耗尽！
⚠️ 第48天，村民691缺水！
⚠️ 第48天，村民692食物耗尽！
⚠️ 第48天，村民692缺水！
⚠️ 第48天，村民693食物耗尽！
⚠️ 第48天，村民693缺水！
⚠️ 第48天，村民694食物耗尽！
⚠️ 第48天，村民694缺水！
⚠️ 第48天，村民695食物耗尽！
⚠️ 第48天，村民695缺水！
⚠️ 第48天，村民696食物耗尽！
⚠️ 第48天，村民696缺水！
⚠️ 第48天，村民697食物耗尽！
⚠️ 第48天，村民697缺水！
⚠️ 第48天，村民698食物耗尽！
⚠️ 第48天，村民698缺水！
⚠️ 第48天，村民699食物耗尽！
⚠️ 第48天，村民699缺水！
⚠️ 第48天，村民700食物耗尽！
⚠️ 第48天，村民700缺水！
⚠️ 第48天，村民701食物耗尽！
⚠️ 第48天，村民701缺水！
⚠️ 第48天，村民702食物耗尽！
⚠️ 第48天，村民702缺水！
⚠️ 第48天，村民703食物耗尽！
⚠️ 第48天，村民703缺水！
⚠️ 第48天，村民704食物耗尽！
⚠️ 第48天，村民704缺水！
⚠️ 第48天，村民705食物耗尽！
⚠️ 第48天，村民705缺水！
⚠️ 第48天，村民706食物耗尽！
⚠️ 第48天，村民706缺水！
⚠️ 第48天，村民707食物耗尽！
⚠️ 第48天，村民707缺水！
⚠️ 第48天，村民708食物耗尽！
⚠️ 第48天，村民708缺水！
⚠️ 第48天，村民709食物耗尽！
⚠️ 第48天，村民709缺水！
⚠️ 第48天，村民710食物耗尽！
⚠️ 第48天，村民710缺水！
⚠️ 第48天，村民711食物耗尽！
⚠️ 第48天，村民711缺水！
⚠️ 第48天，村民712食物耗尽！
⚠️ 第48天，村民712缺水！
⚠️ 第48天，村民713食物耗尽！
⚠️ 第48天，村民713缺水！
⚠️ 第48天，村民714食物耗尽！
⚠️ 第48天，村民714缺水！
⚠️ 第48天，村民715食物耗尽！
⚠️ 第48天，村民715缺水！
⚠️ 第48天，村民716食物耗尽！
⚠️ 第48天，村民716缺水！
⚠️ 第48天，村民717食物耗尽！
⚠️ 第48天，村民717缺水！
⚠️ 第48天，村民718食物耗尽！
⚠️ 第48天，村民718缺水！
⚠️ 第48天，村民719食物耗尽！
⚠️ 第48天，村民719缺水！
⚠️ 第48天，村民720食物耗尽！
⚠️ 第48天，村民720缺水！
⚠️ 第48天，村民721食物耗尽！
⚠️ 第48天，村民721缺水！
⚠️ 第48天，村民722食物耗尽！
⚠️ 第48天，村民722缺水！
⚠️ 第48天，村民723食物耗尽！
⚠️ 第48天，村民723缺水！
⚠️ 第48天，村民724食物耗尽！
⚠️ 第48天，村民724缺水！
⚠️ 第48天，村民725食物耗尽！
⚠️ 第48天，村民725缺水！
⚠️ 第48天，村民726食物耗尽！
⚠️ 第48天，村民726缺水！
⚠️ 第48天，村民727食物耗尽！
⚠️ 第48天，村民727缺水！
⚠️ 第48天，村民728食物耗尽！
⚠️ 第48天，村民728缺水！
⚠️ 第48天，村民729食物耗尽！
⚠️ 第48天，村民729缺水！
⚠️ 第48天，村民730食物耗尽！
⚠️ 第48天，村民730缺水！
⚠️ 第48天，村民731食物耗尽！
⚠️ 第48天，村民731缺水！
⚠️ 第48天，村民732食物耗尽！
⚠️ 第48天，村民732缺水！
⚠️ 第48天，村民733食物耗尽！
⚠️ 第48天，村民733缺水！
⚠️ 第48天，村民734食物耗尽！
⚠️ 第48天，村民734缺水！
⚠️ 第48天，村民735食物耗尽！
⚠️ 第48天，村民735缺水！
⚠️ 第48天，村民736食物耗尽！
⚠️ 第48天，村民736缺水！
⚠️ 第48天，村民737食物耗尽！
⚠️ 第48天，村民737缺水！
⚠️ 第48天，村民738食物耗尽！
⚠️ 第48天，村民738缺水！
⚠️ 第48天，村民739食物耗尽！
⚠️ 第48天，村民739缺水！
⚠️ 第48天，村民740食物耗尽！
⚠️ 第48天，村民740缺水！
⚠️ 第48天，村民741食物耗尽！
⚠️ 第48天，村民741缺水！
⚠️ 第48天，村民742食物耗尽！
⚠️ 第48天，村民742缺水！
⚠️ 第48天，村民743食物耗尽！
⚠️ 第48天，村民743缺水！
⚠️ 第48天，村民744食物耗尽！
⚠️ 第48天，村民744缺水！
⚠️ 第48天，村民745食物耗尽！
⚠️ 第48天，村民745缺水！
⚠️ 第48天，村民746食物耗尽！
⚠️ 第48天，村民746缺水！
⚠️ 第48天，村民747食物耗尽！
⚠️ 第48天，村民747缺水！
⚠️ 第48天，村民748食物耗尽！
⚠️ 第48天，村民748缺水！
⚠️ 第48天，村民749食物耗尽！
⚠️ 第48天，村民749缺水！
⚠️ 第48天，村民750食物耗尽！
⚠️ 第48天，村民750缺水！
⚠️ 第48天，村民751食物耗尽！
⚠️ 第48天，村民751缺水！
⚠️ 第48天，村民752食物耗尽！
⚠️ 第48天，村民752缺水！
⚠️ 第48天，村民753食物耗尽！
⚠️ 第48天，村民753缺水！
⚠️ 第48天，村民754食物耗尽！
⚠️ 第48天，村民754缺水！
⚠️ 第48天，村民755食物耗尽！
⚠️ 第48天，村民755缺水！
⚠️ 第48天，村民756食物耗尽！
⚠️ 第48天，村民756缺水！
⚠️ 第48天，村民757食物耗尽！
⚠️ 第48天，村民757缺水！
⚠️ 第48天，村民758食物耗尽！
⚠️ 第48天，村民758缺水！
⚠️ 第48天，村民759食物耗尽！
⚠️ 第48天，村民759缺水！
⚠️ 第48天，村民760食物耗尽！
⚠️ 第48天，村民760缺水！
⚠️ 第48天，村民761食物耗尽！
⚠️ 第48天，村民761缺水！
⚠️ 第48天，村民762食物耗尽！
⚠️ 第48天，村民762缺水！
⚠️ 第48天，村民763食物耗尽！
⚠️ 第48天，村民763缺水！
⚠️ 第48天，村民764食物耗尽！
⚠️ 第48天，村民764缺水！
⚠️ 第48天，村民765食物耗尽！
⚠️ 第48天，村民765缺水！
⚠️ 第48天，村民766食物耗尽！
⚠️ 第48天，村民766缺水！
⚠️ 第48天，村民767食物耗尽！
⚠️ 第48天，村民767缺水！
⚠️ 第48天，村民768食物耗尽！
⚠️ 第48天，村民768缺水！
⚠️ 第48天，村民769食物耗尽！
⚠️ 第48天，村民769缺水！
⚠️ 第48天，村民770食物耗尽！
⚠️ 第48天，村民770缺水！
⚠️ 第48天，村民771食物耗尽！
⚠️ 第48天，村民771缺水！
⚠️ 第48天，村民772食物耗尽！
⚠️ 第48天，村民772缺水！
⚠️ 第48天，村民773食物耗尽！
⚠️ 第48天，村民773缺水！
⚠️ 第48天，村民774食物耗尽！
⚠️ 第48天，村民774缺水！
⚠️ 第48天，村民775食物耗尽！
⚠️ 第48天，村民775缺水！
⚠️ 第48天，村民776食物耗尽！
⚠️ 第48天，村民776缺水！
⚠️ 第48天，村民777食物耗尽！
⚠️ 第48天，村民777缺水！
⚠️ 第48天，村民778食物耗尽！
⚠️ 第48天，村民778缺水！
⚠️ 第48天，村民779食物耗尽！
⚠️ 第48天，村民779缺水！
⚠️ 第48天，村民780食物耗尽！
⚠️ 第48天，村民780缺水！
⚠️ 第48天，村民781食物耗尽！
⚠️ 第48天，村民781缺水！
⚠️ 第48天，村民782食物耗尽！
⚠️ 第48天，村民782缺水！
⚠️ 第48天，村民783食物耗尽！
⚠️ 第48天，村民783缺水！
⚠️ 第48天，村民784食物耗尽！
⚠️ 第48天，村民784缺水！
⚠️ 第48天，村民785食物耗尽！
⚠️ 第48天，村民785缺水！
⚠️ 第48天，村民786食物耗尽！
⚠️ 第48天，村民786缺水！
⚠️ 第48天，村民787食物耗尽！
⚠️ 第48天，村民787缺水！
⚠️ 第48天，村民788食物耗尽！
⚠️ 第48天，村民788缺水！
⚠️ 第48天，村民789食物耗尽！
⚠️ 第48天，村民789缺水！
⚠️ 第48天，村民790食物耗尽！
⚠️ 第48天，村民790缺水！
⚠️ 第48天，村民791食物耗尽！
⚠️ 第48天，村民791缺水！
⚠️ 第48天，村民792食物耗尽！
⚠️ 第48天，村民792缺水！
⚠️ 第48天，村民793食物耗尽！
⚠️ 第48天，村民793缺水！
⚠️ 第48天，村民794食物耗尽！
⚠️ 第48天，村民794缺水！
⚠️ 第48天，村民795食物耗尽！
⚠️ 第48天，村民795缺水！
⚠️ 第48天，村民796食物耗尽！
⚠️ 第48天，村民796缺水！
⚠️ 第48天，村民797食物耗尽！
⚠️ 第48天，村民797缺水！
⚠️ 第48天，村民798食物耗尽！
⚠️ 第48天，村民798缺水！
⚠️ 第48天，村民799食物耗尽！
⚠️ 第48天，村民799缺水！
⚠️ 第48天，村民800食物耗尽！
⚠️ 第48天，村民800缺水！
⚠️ 第48天，村民801食物耗尽！
⚠️ 第48天，村民801缺水！
⚠️ 第48天，村民802食物耗尽！
⚠️ 第48天，村民802缺水！
⚠️ 第48天，村民803食物耗尽！
⚠️ 第48天，村民803缺水！
⚠️ 第48天，村民804食物耗尽！
⚠️ 第48天，村民804缺水！
⚠️ 第48天，村民805食物耗尽！
⚠️ 第48天，村民805缺水！
⚠️ 第48天，村民806食物耗尽！
⚠️ 第48天，村民806缺水！
⚠️ 第48天，村民807食物耗尽！
⚠️ 第48天，村民807缺水！
⚠️ 第48天，村民808食物耗尽！
⚠️ 第48天，村民808缺水！
⚠️ 第48天，村民809食物耗尽！
⚠️ 第48天，村民809缺水！
⚠️ 第48天，村民810食物耗尽！
⚠️ 第48天，村民810缺水！
⚠️ 第48天，村民811食物耗尽！
⚠️ 第48天，村民811缺水！
⚠️ 第48天，村民812食物耗尽！
⚠️ 第48天，村民812缺水！
⚠️ 第48天，村民813食物耗尽！
⚠️ 第48天，村民813缺水！
⚠️ 第48天，村民814食物耗尽！
⚠️ 第48天，村民814缺水！
⚠️ 第48天，村民815食物耗尽！
⚠️ 第48天，村民815缺水！
⚠️ 第48天，村民816食物耗尽！
⚠️ 第48天，村民816缺水！
⚠️ 第48天，村民817食物耗尽！
⚠️ 第48天，村民817缺水！
⚠️ 第48天，村民818食物耗尽！
⚠️ 第48天，村民818缺水！
⚠️ 第48天，村民819食物耗尽！
⚠️ 第48天，村民819缺水！
⚠️ 第48天，村民820食物耗尽！
⚠️ 第48天，村民820缺水！
⚠️ 第48天，村民821食物耗尽！
⚠️ 第48天，村民821缺水！
⚠️ 第48天，村民822食物耗尽！
⚠️ 第48天，村民822缺水！
⚠️ 第48天，村民823食物耗尽！
⚠️ 第48天，村民823缺水！
⚠️ 第48天，村民824食物耗尽！
⚠️ 第48天，村民824缺水！
⚠️ 第48天，村民825食物耗尽！
⚠️ 第48天，村民825缺水！
⚠️ 第48天，村民826食物耗尽！
⚠️ 第48天，村民826缺水！
⚠️ 第48天，村民827食物耗尽！
⚠️ 第48天，村民827缺水！
⚠️ 第48天，村民828食物耗尽！
⚠️ 第48天，村民828缺水！
⚠️ 第48天，村民829食物耗尽！
⚠️ 第48天，村民829缺水！
⚠️ 第48天，村民830食物耗尽！
⚠️ 第48天，村民830缺水！
⚠️ 第48天，村民831食物耗尽！
⚠️ 第48天，村民831缺水！
⚠️ 第48天，村民832食物耗尽！
⚠️ 第48天，村民832缺水！
⚠️ 第48天，村民833食物耗尽！
⚠️ 第48天，村民833缺水！
⚠️ 第48天，村民834食物耗尽！
⚠️ 第48天，村民834缺水！
⚠️ 第48天，村民835食物耗尽！
⚠️ 第48天，村民835缺水！
⚠️ 第48天，村民836食物耗尽！
⚠️ 第48天，村民836缺水！
⚠️ 第48天，村民837食物耗尽！
⚠️ 第48天，村民837缺水！
⚠️ 第48天，村民838食物耗尽！
⚠️ 第48天，村民838缺水！
⚠️ 第48天，村民839食物耗尽！
⚠️ 第48天，村民839缺水！
⚠️ 第48天，村民840食物耗尽！
⚠️ 第48天，村民840缺水！
⚠️ 第48天，村民841食物耗尽！
⚠️ 第48天，村民841缺水！
⚠️ 第48天，村民842食物耗尽！
⚠️ 第48天，村民842缺水！
⚠️ 第48天，村民843食物耗尽！
⚠️ 第48天，村民843缺水！
⚠️ 第48天，村民844食物耗尽！
⚠️ 第48天，村民844缺水！
⚠️ 第48天，村民845食物耗尽！
⚠️ 第48天，村民845缺水！
⚠️ 第48天，村民846食物耗尽！
⚠️ 第48天，村民846缺水！
⚠️ 第48天，村民847食物耗尽！
⚠️ 第48天，村民847缺水！
⚠️ 第48天，村民848食物耗尽！
⚠️ 第48天，村民848缺水！
⚠️ 第48天，村民849食物耗尽！
⚠️ 第48天，村民849缺水！
⚠️ 第48天，村民850食物耗尽！
⚠️ 第48天，村民850缺水！
⚠️ 第48天，村民851食物耗尽！
⚠️ 第48天，村民851缺水！
⚠️ 第48天，村民852食物耗尽！
⚠️ 第48天，村民852缺水！
⚠️ 第48天，村民853食物耗尽！
⚠️ 第48天，村民853缺水！
⚠️ 第48天，村民854食物耗尽！
⚠️ 第48天，村民854缺水！
⚠️ 第48天，村民855食物耗尽！
⚠️ 第48天，村民855缺水！
⚠️ 第48天，村民856食物耗尽！
⚠️ 第48天，村民856缺水！
⚠️ 第48天，村民857食物耗尽！
⚠️ 第48天，村民857缺水！
⚠️ 第48天，村民858食物耗尽！
⚠️ 第48天，村民858缺水！
⚠️ 第48天，村民859食物耗尽！
⚠️ 第48天，村民859缺水！
⚠️ 第48天，村民860食物耗尽！
⚠️ 第48天，村民860缺水！
⚠️ 第48天，村民861食物耗尽！
⚠️ 第48天，村民861缺水！
⚠️ 第48天，村民862食物耗尽！
⚠️ 第48天，村民862缺水！
⚠️ 第48天，村民863食物耗尽！
⚠️ 第48天，村民863缺水！
⚠️ 第48天，村民864食物耗尽！
⚠️ 第48天，村民864缺水！
⚠️ 第48天，村民865食物耗尽！
⚠️ 第48天，村民865缺水！
⚠️ 第48天，村民866食物耗尽！
⚠️ 第48天，村民866缺水！
⚠️ 第48天，村民867食物耗尽！
⚠️ 第48天，村民867缺水！
⚠️ 第48天，村民868食物耗尽！
⚠️ 第48天，村民868缺水！
⚠️ 第48天，村民869食物耗尽！
⚠️ 第48天，村民869缺水！
⚠️ 第48天，村民870食物耗尽！
⚠️ 第48天，村民870缺水！
⚠️ 第48天，村民871食物耗尽！
⚠️ 第48天，村民871缺水！
⚠️ 第48天，村民872食物耗尽！
⚠️ 第48天，村民872缺水！
⚠️ 第48天，村民873食物耗尽！
⚠️ 第48天，村民873缺水！
⚠️ 第48天，村民874食物耗尽！
⚠️ 第48天，村民874缺水！
⚠️ 第48天，村民875食物耗尽！
⚠️ 第48天，村民875缺水！
⚠️ 第48天，村民876食物耗尽！
⚠️ 第48天，村民876缺水！
⚠️ 第48天，村民877食物耗尽！
⚠️ 第48天，村民877缺水！
⚠️ 第48天，村民878食物耗尽！
⚠️ 第48天，村民878缺水！
⚠️ 第48天，村民879食物耗尽！
⚠️ 第48天，村民879缺水！
⚠️ 第48天，村民880食物耗尽！
⚠️ 第48天，村民880缺水！
⚠️ 第48天，村民881食物耗尽！
⚠️ 第48天，村民881缺水！
⚠️ 第48天，村民882食物耗尽！
⚠️ 第48天，村民882缺水！
⚠️ 第48天，村民883食物耗尽！
⚠️ 第48天，村民883缺水！
⚠️ 第48天，村民884食物耗尽！
⚠️ 第48天，村民884缺水！
⚠️ 第48天，村民885食物耗尽！
⚠️ 第48天，村民885缺水！
⚠️ 第48天，村民886食物耗尽！
⚠️ 第48天，村民886缺水！
⚠️ 第48天，村民887食物耗尽！
⚠️ 第48天，村民887缺水！
⚠️ 第48天，村民888食物耗尽！
⚠️ 第48天，村民888缺水！
⚠️ 第48天，村民889食物耗尽！
⚠️ 第48天，村民889缺水！
⚠️ 第48天，村民890食物耗尽！
⚠️ 第48天，村民890缺水！
⚠️ 第48天，村民891食物耗尽！
⚠️ 第48天，村民891缺水！
⚠️ 第48天，村民892食物耗尽！
⚠️ 第48天，村民892缺水！
⚠️ 第48天，村民893食物耗尽！
⚠️ 第48天，村民893缺水！
⚠️ 第48天，村民894食物耗尽！
⚠️ 第48天，村民894缺水！
⚠️ 第48天，村民895食物耗尽！
⚠️ 第48天，村民895缺水！
⚠️ 第48天，村民896食物耗尽！
⚠️ 第48天，村民896缺水！
⚠️ 第48天，村民897食物耗尽！
⚠️ 第48天，村民897缺水！
⚠️ 第48天，村民898食物耗尽！
⚠️ 第48天，村民898缺水！
⚠️ 第48天，村民899食物耗尽！
⚠️ 第48天，村民899缺水！
⚠️ 第48天，村民900食物耗尽！
⚠️ 第48天，村民900缺水！
⚠️ 第48天，村民901食物耗尽！
⚠️ 第48天，村民901缺水！
⚠️ 第48天，村民902食物耗尽！
⚠️ 第48天，村民902缺水！
⚠️ 第48天，村民903食物耗尽！
⚠️ 第48天，村民903缺水！
⚠️ 第48天，村民904食物耗尽！
⚠️ 第48天，村民904缺水！
⚠️ 第48天，村民905食物耗尽！
⚠️ 第48天，村民905缺水！
⚠️ 第48天，村民906食物耗尽！
⚠️ 第48天，村民906缺水！
⚠️ 第48天，村民907食物耗尽！
⚠️ 第48天，村民907缺水！
⚠️ 第48天，村民908食物耗尽！
⚠️ 第48天，村民908缺水！
⚠️ 第48天，村民909食物耗尽！
⚠️ 第48天，村民909缺水！
⚠️ 第48天，村民910食物耗尽！
⚠️ 第48天，村民910缺水！
⚠️ 第48天，村民911食物耗尽！
⚠️ 第48天，村民911缺水！
⚠️ 第48天，村民912食物耗尽！
⚠️ 第48天，村民912缺水！
⚠️ 第48天，村民913食物耗尽！
⚠️ 第48天，村民913缺水！
⚠️ 第48天，村民914食物耗尽！
⚠️ 第48天，村民914缺水！
⚠️ 第48天，村民915食物耗尽！
⚠️ 第48天，村民915缺水！
⚠️ 第48天，村民916食物耗尽！
⚠️ 第48天，村民916缺水！
⚠️ 第48天，村民917食物耗尽！
⚠️ 第48天，村民917缺水！
⚠️ 第48天，村民918食物耗尽！
⚠️ 第48天，村民918缺水！
⚠️ 第48天，村民919食物耗尽！
⚠️ 第48天，村民919缺水！
⚠️ 第48天，村民920食物耗尽！
⚠️ 第48天，村民920缺水！
⚠️ 第48天，村民921食物耗尽！
⚠️ 第48天，村民921缺水！
⚠️ 第48天，村民922食物耗尽！
⚠️ 第48天，村民922缺水！
⚠️ 第48天，村民923食物耗尽！
⚠️ 第48天，村民923缺水！
⚠️ 第48天，村民924食物耗尽！
⚠️ 第48天，村民924缺水！
⚠️ 第48天，村民925食物耗尽！
⚠️ 第48天，村民925缺水！
⚠️ 第48天，村民926食物耗尽！
⚠️ 第48天，村民926缺水！
⚠️ 第48天，村民927食物耗尽！
⚠️ 第48天，村民927缺水！
⚠️ 第48天，村民928食物耗尽！
⚠️ 第48天，村民928缺水！
⚠️ 第48天，村民929食物耗尽！
⚠️ 第48天，村民929缺水！
⚠️ 第48天，村民930食物耗尽！
⚠️ 第48天，村民930缺水！
⚠️ 第48天，村民931食物耗尽！
⚠️ 第48天，村民931缺水！
⚠️ 第48天，村民932食物耗尽！
⚠️ 第48天，村民932缺水！
⚠️ 第48天，村民933食物耗尽！
⚠️ 第48天，村民933缺水！
⚠️ 第48天，村民934食物耗尽！
⚠️ 第48天，村民934缺水！
⚠️ 第48天，村民935食物耗尽！
⚠️ 第48天，村民935缺水！
⚠️ 第48天，村民936食物耗尽！
⚠️ 第48天，村民936缺水！
⚠️ 第48天，村民937食物耗尽！
⚠️ 第48天，村民937缺水！
⚠️ 第48天，村民938食物耗尽！
⚠️ 第48天，村民938缺水！
⚠️ 第48天，村民939食物耗尽！
⚠️ 第48天，村民939缺水！
⚠️ 第48天，村民940食物耗尽！
⚠️ 第48天，村民940缺水！
⚠️ 第48天，村民941食物耗尽！
⚠️ 第48天，村民941缺水！
⚠️ 第48天，村民942食物耗尽！
⚠️ 第48天，村民942缺水！
⚠️ 第48天，村民943食物耗尽！
⚠️ 第48天，村民943缺水！
⚠️ 第48天，村民944食物耗尽！
⚠️ 第48天，村民944缺水！
⚠️ 第48天，村民945食物耗尽！
⚠️ 第48天，村民945缺水！
⚠️ 第48天，村民946食物耗尽！
⚠️ 第48天，村民946缺水！
⚠️ 第48天，村民947食物耗尽！
⚠️ 第48天，村民947缺水！
⚠️ 第48天，村民948食物耗尽！
⚠️ 第48天，村民948缺水！
⚠️ 第48天，村民949食物耗尽！
⚠️ 第48天，村民949缺水！
⚠️ 第48天，村民950食物耗尽！
⚠️ 第48天，村民950缺水！
⚠️ 第48天，村民951食物耗尽！
⚠️ 第48天，村民951缺水！
⚠️ 第48天，村民952食物耗尽！
⚠️ 第48天，村民952缺水！
⚠️ 第48天，村民953食物耗尽！
⚠️ 第48天，村民953缺水！
⚠️ 第48天，村民954食物耗尽！
⚠️ 第48天，村民954缺水！
⚠️ 第48天，村民955食物耗尽！
⚠️ 第48天，村民955缺水！
⚠️ 第48天，村民956食物耗尽！
⚠️ 第48天，村民956缺水！
⚠️ 第48天，村民957食物耗尽！
⚠️ 第48天，村民957缺水！
⚠️ 第48天，村民958食物耗尽！
⚠️ 第48天，村民958缺水！
⚠️ 第48天，村民959食物耗尽！
⚠️ 第48天，村民959缺水！
⚠️ 第48天，村民960食物耗尽！
⚠️ 第48天，村民960缺水！
⚠️ 第48天，村民961食物耗尽！
⚠️ 第48天，村民961缺水！
⚠️ 第48天，村民962食物耗尽！
⚠️ 第48天，村民962缺水！
⚠️ 第48天，村民963食物耗尽！
⚠️ 第48天，村民963缺水！
⚠️ 第48天，村民964食物耗尽！
⚠️ 第48天，村民964缺水！
⚠️ 第48天，村民965食物耗尽！
⚠️ 第48天，村民965缺水！
⚠️ 第48天，村民966食物耗尽！
⚠️ 第48天，村民966缺水！
⚠️ 第48天，村民967食物耗尽！
⚠️ 第48天，村民967缺水！
⚠️ 第48天，村民968食物耗尽！
⚠️ 第48天，村民968缺水！
⚠️ 第48天，村民969食物耗尽！
⚠️ 第48天，村民969缺水！
⚠️ 第48天，村民970食物耗尽！
⚠️ 第48天，村民970缺水！
⚠️ 第48天，村民971食物耗尽！
⚠️ 第48天，村民971缺水！
⚠️ 第48天，村民972食物耗尽！
⚠️ 第48天，村民972缺水！
⚠️ 第48天，村民973食物耗尽！
⚠️ 第48天，村民973缺水！
⚠️ 第48天，村民974食物耗尽！
⚠️ 第48天，村民974缺水！
⚠️ 第48天，村民975食物耗尽！
⚠️ 第48天，村民975缺水！
⚠️ 第48天，村民976食物耗尽！
⚠️ 第48天，村民976缺水！
⚠️ 第48天，村民977食物耗尽！
⚠️ 第48天，村民977缺水！
⚠️ 第48天，村民978食物耗尽！
⚠️ 第48天，村民978缺水！
⚠️ 第48天，村民979食物耗尽！
⚠️ 第48天，村民979缺水！
⚠️ 第48天，村民980食物耗尽！
⚠️ 第48天，村民980缺水！
⚠️ 第48天，村民981食物耗尽！
⚠️ 第48天，村民981缺水！
⚠️ 第48天，村民982食物耗尽！
⚠️ 第48天，村民982缺水！
⚠️ 第48天，村民983食物耗尽！
⚠️ 第48天，村民983缺水！
⚠️ 第48天，村民984食物耗尽！
⚠️ 第48天，村民984缺水！
⚠️ 第48天，村民985食物耗尽！
⚠️ 第48天，村民985缺水！
⚠️ 第48天，村民986食物耗尽！
⚠️ 第48天，村民986缺水！
⚠️ 第48天，村民987食物耗尽！
⚠️ 第48天，村民987缺水！
⚠️ 第48天，村民988食物耗尽！
⚠️ 第48天，村民988缺水！
⚠️ 第48天，村民989食物耗尽！
⚠️ 第48天，村民989缺水！
⚠️ 第48天，村民990食物耗尽！
⚠️ 第48天，村民990缺水！
⚠️ 第48天，村民991食物耗尽！
⚠️ 第48天，村民991缺水！
⚠️ 第48天，村民992食物耗尽！
⚠️ 第48天，村民992缺水！
⚠️ 第48天，村民993食物耗尽！
⚠️ 第48天，村民993缺水！
⚠️ 第48天，村民994食物耗尽！
⚠️ 第48天，村民994缺水！
⚠️ 第48天，村民995食物耗尽！
⚠️ 第48天，村民995缺水！
⚠️ 第48天，村民996食物耗尽！
⚠️ 第48天，村民996缺水！
⚠️ 第48天，村民997食物耗尽！
⚠️ 第48天，村民997缺水！
⚠️ 第48天，村民998食物耗尽！
⚠️ 第48天，村民998缺水！
⚠️ 第48天，村民999食物耗尽！
⚠️ 第48天，村民999缺水！
⚠️ 第48天，村民1000食物耗尽！
⚠️ 第48天，村民1000缺水！
⚠️ 第48天，村民1001食物耗尽！
⚠️ 第48天，村民1001缺水！
⚠️ 第48天，村民1002食物耗尽！
⚠️ 第48天，村民1002缺水！
⚠️ 第48天，村民1003食物耗尽！
⚠️ 第48天，村民1003缺水！
⚠️ 第48天，村民1004食物耗尽！
⚠️ 第48天，村民1004缺水！
⚠️ 第48天，村民1005食物耗尽！
⚠️ 第48天，村民1005缺水！
⚠️ 第48天，村民1006食物耗尽！
⚠️ 第48天，村民1006缺水！
⚠️ 第48天，村民1007食物耗尽！
⚠️ 第48天，村民1007缺水！
⚠️ 第48天，村民1008食物耗尽！
⚠️ 第48天，村民1008缺水！
⚠️ 第48天，村民1009食物耗尽！
⚠️ 第48天，村民1009缺水！
⚠️ 第48天，村民1010食物耗尽！
⚠️ 第48天，村民1010缺水！
⚠️ 第48天，村民1011食物耗尽！
⚠️ 第48天，村民1011缺水！
⚠️ 第48天，村民1012食物耗尽！
⚠️ 第48天，村民1012缺水！
⚠️ 第48天，村民1013食物耗尽！
⚠️ 第48天，村民1013缺水！
⚠️ 第48天，村民1014食物耗尽！
⚠️ 第48天，村民1014缺水！
⚠️ 第48天，村民1015食物耗尽！
⚠️ 第48天，村民1015缺水！
⚠️ 第48天，村民1016食物耗尽！
⚠️ 第48天，村民1016缺水！
⚠️ 第48天，村民1017食物耗尽！
⚠️ 第48天，村民1017缺水！
⚠️ 第48天，村民1018食物耗尽！
⚠️ 第48天，村民1018缺水！
⚠️ 第48天，村民1019食物耗尽！
⚠️ 第48天，村民1019缺水！
⚠️ 第48天，村民1020食物耗尽！
⚠️ 第48天，村民1020缺水！
⚠️ 第48天，村民1021食物耗尽！
⚠️ 第48天，村民1021缺水！
⚠️ 第48天，村民1022食物耗尽！
⚠️ 第48天，村民1022缺水！
⚠️ 第48天，村民1023食物耗尽！
⚠️ 第48天，村民1023缺水！
⚠️ 第48天，村民1024食物耗尽！
⚠️ 第48天，村民1024缺水！
⚠️ 第48天，村民1025食物耗尽！
⚠️ 第48天，村民1025缺水！
⚠️ 第48天，村民1026食物耗尽！
⚠️ 第48天，村民1026缺水！
⚠️ 第48天，村民1027食物耗尽！
⚠️ 第48天，村民1027缺水！
⚠️ 第48天，村民1028食物耗尽！
⚠️ 第48天，村民1028缺水！
⚠️ 第48天，村民1029食物耗尽！
⚠️ 第48天，村民1029缺水！
⚠️ 第48天，村民1030食物耗尽！
⚠️ 第48天，村民1030缺水！
⚠️ 第48天，村民1031食物耗尽！
⚠️ 第48天，村民1031缺水！
⚠️ 第48天，村民1032食物耗尽！
⚠️ 第48天，村民1032缺水！
⚠️ 第48天，村民1033食物耗尽！
⚠️ 第48天，村民1033缺水！
⚠️ 第48天，村民1034食物耗尽！
⚠️ 第48天，村民1034缺水！
⚠️ 第48天，村民1035食物耗尽！
⚠️ 第48天，村民1035缺水！
⚠️ 第48天，村民1036食物耗尽！
⚠️ 第48天，村民1036缺水！
⚠️ 第48天，村民1037食物耗尽！
⚠️ 第48天，村民1037缺水！
⚠️ 第48天，村民1038食物耗尽！
⚠️ 第48天，村民1038缺水！
⚠️ 第48天，村民1039食物耗尽！
⚠️ 第48天，村民1039缺水！
⚠️ 第48天，村民1040食物耗尽！
⚠️ 第48天，村民1040缺水！
⚠️ 第48天，村民1041食物耗尽！
⚠️ 第48天，村民1041缺水！
⚠️ 第48天，村民1042食物耗尽！
⚠️ 第48天，村民1042缺水！
⚠️ 第48天，村民1043食物耗尽！
⚠️ 第48天，村民1043缺水！
⚠️ 第48天，村民1044食物耗尽！
⚠️ 第48天，村民1044缺水！
⚠️ 第48天，村民1045食物耗尽！
⚠️ 第48天，村民1045缺水！
⚠️ 第48天，村民1046食物耗尽！
⚠️ 第48天，村民1046缺水！
⚠️ 第48天，村民1047食物耗尽！
⚠️ 第48天，村民1047缺水！
⚠️ 第48天，村民1048食物耗尽！
⚠️ 第48天，村民1048缺水！
⚠️ 第48天，村民1049食物耗尽！
⚠️ 第48天，村民1049缺水！
⚠️ 第48天，村民1050食物耗尽！
⚠️ 第48天，村民1050缺水！
⚠️ 第48天，村民1051食物耗尽！
⚠️ 第48天，村民1051缺水！
⚠️ 第48天，村民1052食物耗尽！
⚠️ 第48天，村民1052缺水！
⚠️ 第48天，村民1053食物耗尽！
⚠️ 第48天，村民1053缺水！
⚠️ 第48天，村民1054食物耗尽！
⚠️ 第48天，村民1054缺水！
⚠️ 第48天，村民1055食物耗尽！
⚠️ 第48天，村民1055缺水！
⚠️ 第48天，村民1056食物耗尽！
⚠️ 第48天，村民1056缺水！
⚠️ 第48天，村民1057食物耗尽！
⚠️ 第48天，村民1057缺水！
⚠️ 第48天，村民1058食物耗尽！
⚠️ 第48天，村民1058缺水！
⚠️ 第48天，村民1059食物耗尽！
⚠️ 第48天，村民1059缺水！
⚠️ 第48天，村民1060食物耗尽！
⚠️ 第48天，村民1060缺水！
⚠️ 第48天，村民1061食物耗尽！
⚠️ 第48天，村民1061缺水！
⚠️ 第48天，村民1062食物耗尽！
⚠️ 第48天，村民1062缺水！
⚠️ 第48天，村民1063食物耗尽！
⚠️ 第48天，村民1063缺水！
⚠️ 第48天，村民1064食物耗尽！
⚠️ 第48天，村民1064缺水！
⚠️ 第48天，村民1065食物耗尽！
⚠️ 第48天，村民1065缺水！
⚠️ 第48天，村民1066食物耗尽！
⚠️ 第48天，村民1066缺水！
⚠️ 第48天，村民1067食物耗尽！
⚠️ 第48天，村民1067缺水！
⚠️ 第48天，村民1068食物耗尽！
⚠️ 第48天，村民1068缺水！
⚠️ 第48天，村民1069食物耗尽！
⚠️ 第48天，村民1069缺水！
⚠️ 第48天，村民1070食物耗尽！
⚠️ 第48天，村民1070缺水！
⚠️ 第48天，村民1071食物耗尽！
⚠️ 第48天，村民1071缺水！
⚠️ 第48天，村民1072食物耗尽！
⚠️ 第48天，村民1072缺水！
⚠️ 第48天，村民1073食物耗尽！
⚠️ 第48天，村民1073缺水！
⚠️ 第48天，村民1074食物耗尽！
⚠️ 第48天，村民1074缺水！
⚠️ 第48天，村民1075食物耗尽！
⚠️ 第48天，村民1075缺水！
⚠️ 第48天，村民1076食物耗尽！
⚠️ 第48天，村民1076缺水！
⚠️ 第48天，村民1077食物耗尽！
⚠️ 第48天，村民1077缺水！
⚠️ 第48天，村民1078食物耗尽！
⚠️ 第48天，村民1078缺水！
⚠️ 第48天，村民1079食物耗尽！
⚠️ 第48天，村民1079缺水！
⚠️ 第48天，村民1080食物耗尽！
⚠️ 第48天，村民1080缺水！
⚠️ 第48天，村民1081食物耗尽！
⚠️ 第48天，村民1081缺水！
⚠️ 第48天，村民1082食物耗尽！
⚠️ 第48天，村民1082缺水！
⚠️ 第48天，村民1083食物耗尽！
⚠️ 第48天，村民1083缺水！
⚠️ 第48天，村民1084食物耗尽！
⚠️ 第48天，村民1084缺水！
⚠️ 第48天，村民1085食物耗尽！
⚠️ 第48天，村民1085缺水！
⚠️ 第48天，村民1086食物耗尽！
⚠️ 第48天，村民1086缺水！
⚠️ 第48天，村民1087食物耗尽！
⚠️ 第48天，村民1087缺水！
⚠️ 第48天，村民1088食物耗尽！
⚠️ 第48天，村民1088缺水！
⚠️ 第48天，村民1089食物耗尽！
⚠️ 第48天，村民1089缺水！
⚠️ 第48天，村民1090食物耗尽！
⚠️ 第48天，村民1090缺水！
⚠️ 第48天，村民1091食物耗尽！
⚠️ 第48天，村民1091缺水！
⚠️ 第48天，村民1092食物耗尽！
⚠️ 第48天，村民1092缺水！
⚠️ 第48天，村民1093食物耗尽！
⚠️ 第48天，村民1093缺水！
⚠️ 第48天，村民1094食物耗尽！
⚠️ 第48天，村民1094缺水！
⚠️ 第48天，村民1095食物耗尽！
⚠️ 第48天，村民1095缺水！
⚠️ 第48天，村民1096食物耗尽！
⚠️ 第48天，村民1096缺水！
⚠️ 第48天，村民1097食物耗尽！
⚠️ 第48天，村民1097缺水！
⚠️ 第48天，村民1098食物耗尽！
⚠️ 第48天，村民1098缺水！
⚠️ 第48天，村民1099食物耗尽！
⚠️ 第48天，村民1099缺水！
⚠️ 第48天，村民1100食物耗尽！
⚠️ 第48天，村民1100缺水！
⚠️ 第48天，村民1101食物耗尽！
⚠️ 第48天，村民1101缺水！
⚠️ 第48天，村民1102食物耗尽！
⚠️ 第48天，村民1102缺水！
⚠️ 第48天，村民1103食物耗尽！
⚠️ 第48天，村民1103缺水！
⚠️ 第48天，村民1104食物耗尽！
⚠️ 第48天，村民1104缺水！
⚠️ 第48天，村民1105食物耗尽！
⚠️ 第48天，村民1105缺水！
⚠️ 第48天，村民1106食物耗尽！
⚠️ 第48天，村民1106缺水！
⚠️ 第48天，村民1107食物耗尽！
⚠️ 第48天，村民1107缺水！
⚠️ 第48天，村民1108食物耗尽！
⚠️ 第48天，村民1108缺水！
⚠️ 第48天，村民1109食物耗尽！
⚠️ 第48天，村民1109缺水！
⚠️ 第48天，村民1110食物耗尽！
⚠️ 第48天，村民1110缺水！
⚠️ 第48天，村民1111食物耗尽！
⚠️ 第48天，村民1111缺水！
⚠️ 第48天，村民1112食物耗尽！
⚠️ 第48天，村民1112缺水！
⚠️ 第48天，村民1113食物耗尽！
⚠️ 第48天，村民1113缺水！
⚠️ 第48天，村民1114食物耗尽！
⚠️ 第48天，村民1114缺水！
⚠️ 第48天，村民1115食物耗尽！
⚠️ 第48天，村民1115缺水！
⚠️ 第48天，村民1116食物耗尽！
⚠️ 第48天，村民1116缺水！
⚠️ 第48天，村民1117食物耗尽！
⚠️ 第48天，村民1117缺水！
⚠️ 第48天，村民1118食物耗尽！
⚠️ 第48天，村民1118缺水！
⚠️ 第48天，村民1119食物耗尽！
⚠️ 第48天，村民1119缺水！
⚠️ 第48天，村民1120食物耗尽！
⚠️ 第48天，村民1120缺水！
⚠️ 第48天，村民1121食物耗尽！
⚠️ 第48天，村民1121缺水！
⚠️ 第48天，村民1122食物耗尽！
⚠️ 第48天，村民1122缺水！
⚠️ 第48天，村民1123食物耗尽！
⚠️ 第48天，村民1123缺水！
⚠️ 第48天，村民1124食物耗尽！
⚠️ 第48天，村民1124缺水！
⚠️ 第48天，村民1125食物耗尽！
⚠️ 第48天，村民1125缺水！
⚠️ 第48天，村民1126食物耗尽！
⚠️ 第48天，村民1126缺水！
⚠️ 第48天，村民1127食物耗尽！
⚠️ 第48天，村民1127缺水！
⚠️ 第48天，村民1128食物耗尽！
⚠️ 第48天，村民1128缺水！
⚠️ 第48天，村民1129食物耗尽！
⚠️ 第48天，村民1129缺水！
⚠️ 第48天，村民1130食物耗尽！
⚠️ 第48天，村民1130缺水！
⚠️ 第48天，村民1131食物耗尽！
⚠️ 第48天，村民1131缺水！
⚠️ 第48天，村民1132食物耗尽！
⚠️ 第48天，村民1132缺水！
⚠️ 第48天，村民1133食物耗尽！
⚠️ 第48天，村民1133缺水！
⚠️ 第48天，村民1134食物耗尽！
⚠️ 第48天，村民1134缺水！
⚠️ 第48天，村民1135食物耗尽！
⚠️ 第48天，村民1135缺水！
⚠️ 第48天，村民1136食物耗尽！
⚠️ 第48天，村民1136缺水！
⚠️ 第48天，村民1137食物耗尽！
⚠️ 第48天，村民1137缺水！
⚠️ 第48天，村民1138食物耗尽！
⚠️ 第48天，村民1138缺水！
⚠️ 第48天，村民1139食物耗尽！
⚠️ 第48天，村民1139缺水！
⚠️ 第48天，村民1140食物耗尽！
⚠️ 第48天，村民1140缺水！
⚠️ 第48天，村民1141食物耗尽！
⚠️ 第48天，村民1141缺水！
⚠️ 第48天，村民1142食物耗尽！
⚠️ 第48天，村民1142缺水！
⚠️ 第48天，村民1143食物耗尽！
⚠️ 第48天，村民1143缺水！
⚠️ 第48天，村民1144食物耗尽！
⚠️ 第48天，村民1144缺水！
⚠️ 第48天，村民1145食物耗尽！
⚠️ 第48天，村民1145缺水！
⚠️ 第48天，村民1146食物耗尽！
⚠️ 第48天，村民1146缺水！
⚠️ 第48天，村民1147食物耗尽！
⚠️ 第48天，村民1147缺水！
⚠️ 第48天，村民1148食物耗尽！
⚠️ 第48天，村民1148缺水！
⚠️ 第48天，村民1149食物耗尽！
⚠️ 第48天，村民1149缺水！
⚠️ 第48天，村民1150食物耗尽！
⚠️ 第48天，村民1150缺水！
⚠️ 第48天，村民1151食物耗尽！
⚠️ 第48天，村民1151缺水！
⚠️ 第48天，村民1152食物耗尽！
⚠️ 第48天，村民1152缺水！
⚠️ 第48天，村民1153食物耗尽！
⚠️ 第48天，村民1153缺水！
⚠️ 第48天，村民1154食物耗尽！
⚠️ 第48天，村民1154缺水！
⚠️ 第48天，村民1155食物耗尽！
⚠️ 第48天，村民1155缺水！
⚠️ 第48天，村民1156食物耗尽！
⚠️ 第48天，村民1156缺水！
⚠️ 第48天，村民1157食物耗尽！
⚠️ 第48天，村民1157缺水！
⚠️ 第48天，村民1158食物耗尽！
⚠️ 第48天，村民1158缺水！
⚠️ 第48天，村民1159食物耗尽！
⚠️ 第48天，村民1159缺水！
⚠️ 第48天，村民1160食物耗尽！
⚠️ 第48天，村民1160缺水！
⚠️ 第48天，村民1161食物耗尽！
⚠️ 第48天，村民1161缺水！
⚠️ 第48天，村民1162食物耗尽！
⚠️ 第48天，村民1162缺水！
⚠️ 第48天，村民1163食物耗尽！
⚠️ 第48天，村民1163缺水！
⚠️ 第48天，村民1164食物耗尽！
⚠️ 第48天，村民1164缺水！
⚠️ 第48天，村民1165食物耗尽！
⚠️ 第48天，村民1165缺水！
⚠️ 第48天，村民1166食物耗尽！
⚠️ 第48天，村民1166缺水！
⚠️ 第48天，村民1167食物耗尽！
⚠️ 第48天，村民1167缺水！
⚠️ 第48天，村民1168食物耗尽！
⚠️ 第48天，村民1168缺水！
⚠️ 第48天，村民1169食物耗尽！
⚠️ 第48天，村民1169缺水！
⚠️ 第48天，村民1170食物耗尽！
⚠️ 第48天，村民1170缺水！
⚠️ 第48天，村民1171食物耗尽！
⚠️ 第48天，村民1171缺水！
⚠️ 第48天，村民1172食物耗尽！
⚠️ 第48天，村民1172缺水！
⚠️ 第48天，村民1173食物耗尽！
⚠️ 第48天，村民1173缺水！
⚠️ 第48天，村民1174食物耗尽！
⚠️ 第48天，村民1174缺水！
⚠️ 第48天，村民1175食物耗尽！
⚠️ 第48天，村民1175缺水！
⚠️ 第48天，村民1176食物耗尽！
⚠️ 第48天，村民1176缺水！
⚠️ 第48天，村民1177食物耗尽！
⚠️ 第48天，村民1177缺水！
⚠️ 第48天，村民1178食物耗尽！
⚠️ 第48天，村民1178缺水！
⚠️ 第48天，村民1179食物耗尽！
⚠️ 第48天，村民1179缺水！
⚠️ 第48天，村民1180食物耗尽！
⚠️ 第48天，村民1180缺水！
⚠️ 第48天，村民1181食物耗尽！
⚠️ 第48天，村民1181缺水！
⚠️ 第48天，村民1182食物耗尽！
⚠️ 第48天，村民1182缺水！
⚠️ 第48天，村民1183食物耗尽！
⚠️ 第48天，村民1183缺水！
⚠️ 第48天，村民1184食物耗尽！
⚠️ 第48天，村民1184缺水！
⚠️ 第48天，村民1185食物耗尽！
⚠️ 第48天，村民1185缺水！
⚠️ 第48天，村民1186食物耗尽！
⚠️ 第48天，村民1186缺水！
⚠️ 第48天，村民1187食物耗尽！
⚠️ 第48天，村民1187缺水！
⚠️ 第48天，村民1188食物耗尽！
⚠️ 第48天，村民1188缺水！
⚠️ 第48天，村民1189食物耗尽！
⚠️ 第48天，村民1189缺水！
⚠️ 第48天，村民1190食物耗尽！
⚠️ 第48天，村民1190缺水！
⚠️ 第48天，村民1191食物耗尽！
⚠️ 第48天，村民1191缺水！
⚠️ 第48天，村民1192食物耗尽！
⚠️ 第48天，村民1192缺水！
⚠️ 第48天，村民1193食物耗尽！
⚠️ 第48天，村民1193缺水！
⚠️ 第48天，村民1194食物耗尽！
⚠️ 第48天，村民1194缺水！
⚠️ 第48天，村民1195食物耗尽！
⚠️ 第48天，村民1195缺水！
⚠️ 第48天，村民1196食物耗尽！
⚠️ 第48天，村民1196缺水！
⚠️ 第48天，村民1197食物耗尽！
⚠️ 第48天，村民1197缺水！
⚠️ 第48天，村民1198食物耗尽！
⚠️ 第48天，村民1198缺水！
⚠️ 第48天，村民1199食物耗尽！
⚠️ 第48天，村民1199缺水！
⚠️ 第48天，村民1200食物耗尽！
⚠️ 第48天，村民1200缺水！
⚠️ 第48天，村民1201食物耗尽！
⚠️ 第48天，村民1201缺水！
⚠️ 第48天，村民1202食物耗尽！
⚠️ 第48天，村民1202缺水！
⚠️ 第48天，村民1203食物耗尽！
⚠️ 第48天，村民1203缺水！
⚠️ 第48天，村民1204食物耗尽！
⚠️ 第48天，村民1204缺水！
⚠️ 第48天，村民1205食物耗尽！
⚠️ 第48天，村民1205缺水！
⚠️ 第48天，村民1206食物耗尽！
⚠️ 第48天，村民1206缺水！
⚠️ 第48天，村民1207食物耗尽！
⚠️ 第48天，村民1207缺水！
⚠️ 第48天，村民1208食物耗尽！
⚠️ 第48天，村民1208缺水！
⚠️ 第48天，村民1209食物耗尽！
⚠️ 第48天，村民1209缺水！
⚠️ 第48天，村民1210食物耗尽！
⚠️ 第48天，村民1210缺水！
⚠️ 第48天，村民1211食物耗尽！
⚠️ 第48天，村民1211缺水！
⚠️ 第48天，村民1212食物耗尽！
⚠️ 第48天，村民1212缺水！
⚠️ 第48天，村民1213食物耗尽！
⚠️ 第48天，村民1213缺水！
⚠️ 第48天，村民1214食物耗尽！
⚠️ 第48天，村民1214缺水！
⚠️ 第48天，村民1215食物耗尽！
⚠️ 第48天，村民1215缺水！
⚠️ 第48天，村民1216食物耗尽！
⚠️ 第48天，村民1216缺水！
⚠️ 第48天，村民1217食物耗尽！
⚠️ 第48天，村民1217缺水！
⚠️ 第48天，村民1218食物耗尽！
⚠️ 第48天，村民1218缺水！
⚠️ 第48天，村民1219食物耗尽！
⚠️ 第48天，村民1219缺水！
⚠️ 第48天，村民1220食物耗尽！
⚠️ 第48天，村民1220缺水！
⚠️ 第48天，村民1221食物耗尽！
⚠️ 第48天，村民1221缺水！
⚠️ 第48天，村民1222食物耗尽！
⚠️ 第48天，村民1222缺水！
⚠️ 第48天，村民1223食物耗尽！
⚠️ 第48天，村民1223缺水！
⚠️ 第48天，村民1224食物耗尽！
⚠️ 第48天，村民1224缺水！
⚠️ 第48天，村民1225食物耗尽！
⚠️ 第48天，村民1225缺水！
⚠️ 第48天，村民1226食物耗尽！
⚠️ 第48天，村民1226缺水！
⚠️ 第48天，村民1227食物耗尽！
⚠️ 第48天，村民1227缺水！
⚠️ 第48天，村民1228食物耗尽！
⚠️ 第48天，村民1228缺水！
⚠️ 第48天，村民1229食物耗尽！
⚠️ 第48天，村民1229缺水！
⚠️ 第48天，村民1230食物耗尽！
⚠️ 第48天，村民1230缺水！
⚠️ 第48天，村民1231食物耗尽！
⚠️ 第48天，村民1231缺水！
⚠️ 第48天，村民1232食物耗尽！
⚠️ 第48天，村民1232缺水！
⚠️ 第48天，村民1233食物耗尽！
⚠️ 第48天，村民1233缺水！
⚠️ 第48天，村民1234食物耗尽！
⚠️ 第48天，村民1234缺水！
⚠️ 第48天，村民1235食物耗尽！
⚠️ 第48天，村民1235缺水！
⚠️ 第48天，村民1236食物耗尽！
⚠️ 第48天，村民1236缺水！
⚠️ 第48天，村民1237食物耗尽！
⚠️ 第48天，村民1237缺水！
⚠️ 第48天，村民1238食物耗尽！
⚠️ 第48天，村民1238缺水！
⚠️ 第48天，村民1239食物耗尽！
⚠️ 第48天，村民1239缺水！
⚠️ 第48天，村民1240食物耗尽！
⚠️ 第48天，村民1240缺水！
⚠️ 第48天，村民1241食物耗尽！
⚠️ 第48天，村民1241缺水！
⚠️ 第48天，村民1242食物耗尽！
⚠️ 第48天，村民1242缺水！
⚠️ 第48天，村民1243食物耗尽！
⚠️ 第48天，村民1243缺水！
⚠️ 第48天，村民1244食物耗尽！
⚠️ 第48天，村民1244缺水！
⚠️ 第48天，村民1245食物耗尽！
⚠️ 第48天，村民1245缺水！
⚠️ 第48天，村民1246食物耗尽！
⚠️ 第48天，村民1246缺水！
⚠️ 第48天，村民1247食物耗尽！
⚠️ 第48天，村民1247缺水！
⚠️ 第48天，村民1248食物耗尽！
⚠️ 第48天，村民1248缺水！
⚠️ 第48天，村民1249食物耗尽！
⚠️ 第48天，村民1249缺水！
⚠️ 第48天，村民1250食物耗尽！
⚠️ 第48天，村民1250缺水！
⚠️ 第48天，村民1251食物耗尽！
⚠️ 第48天，村民1251缺水！
⚠️ 第48天，村民1252食物耗尽！
⚠️ 第48天，村民1252缺水！
⚠️ 第48天，村民1253食物耗尽！
⚠️ 第48天，村民1253缺水！
⚠️ 第48天，村民1254食物耗尽！
⚠️ 第48天，村民1254缺水！
⚠️ 第48天，村民1255食物耗尽！
⚠️ 第48天，村民1255缺水！
⚠️ 第48天，村民1256食物耗尽！
⚠️ 第48天，村民1256缺水！
⚠️ 第48天，村民1257食物耗尽！
⚠️ 第48天，村民1257缺水！
⚠️ 第48天，村民1258食物耗尽！
⚠️ 第48天，村民1258缺水！
⚠️ 第48天，村民1259食物耗尽！
⚠️ 第48天，村民1259缺水！
⚠️ 第48天，村民1260食物耗尽！
⚠️ 第48天，村民1260缺水！
⚠️ 第48天，村民1261食物耗尽！
⚠️ 第48天，村民1261缺水！
⚠️ 第48天，村民1262食物耗尽！
⚠️ 第48天，村民1262缺水！
⚠️ 第48天，村民1263食物耗尽！
⚠️ 第48天，村民1263缺水！
⚠️ 第48天，村民1264食物耗尽！
⚠️ 第48天，村民1264缺水！
⚠️ 第48天，村民1265食物耗尽！
⚠️ 第48天，村民1265缺水！
⚠️ 第48天，村民1266食物耗尽！
⚠️ 第48天，村民1266缺水！
⚠️ 第48天，村民1267食物耗尽！
⚠️ 第48天，村民1267缺水！
⚠️ 第48天，村民1268食物耗尽！
⚠️ 第48天，村民1268缺水！
⚠️ 第48天，村民1269食物耗尽！
⚠️ 第48天，村民1269缺水！
⚠️ 第48天，村民1270食物耗尽！
⚠️ 第48天，村民1270缺水！
⚠️ 第48天，村民1271食物耗尽！
⚠️ 第48天，村民1271缺水！
⚠️ 第48天，村民1272食物耗尽！
⚠️ 第48天，村民1272缺水！
⚠️ 第48天，村民1273食物耗尽！
⚠️ 第48天，村民1273缺水！
⚠️ 第48天，村民1274食物耗尽！
⚠️ 第48天，村民1274缺水！
⚠️ 第48天，村民1275食物耗尽！
⚠️ 第48天，村民1275缺水！
⚠️ 第48天，村民1276食物耗尽！
⚠️ 第48天，村民1276缺水！
⚠️ 第48天，村民1277食物耗尽！
⚠️ 第48天，村民1277缺水！
⚠️ 第48天，村民1278食物耗尽！
⚠️ 第48天，村民1278缺水！
⚠️ 第48天，村民1279食物耗尽！
⚠️ 第48天，村民1279缺水！
⚠️ 第48天，村民1280食物耗尽！
⚠️ 第48天，村民1280缺水！
⚠️ 第48天，村民1281食物耗尽！
⚠️ 第48天，村民1281缺水！
⚠️ 第48天，村民1282食物耗尽！
⚠️ 第48天，村民1282缺水！
⚠️ 第48天，村民1283食物耗尽！
⚠️ 第48天，村民1283缺水！
⚠️ 第48天，村民1284食物耗尽！
⚠️ 第48天，村民1284缺水！
⚠️ 第48天，村民1285食物耗尽！
⚠️ 第48天，村民1285缺水！
⚠️ 第48天，村民1286食物耗尽！
⚠️ 第48天，村民1286缺水！
⚠️ 第48天，村民1287食物耗尽！
⚠️ 第48天，村民1287缺水！
⚠️ 第48天，村民1288食物耗尽！
⚠️ 第48天，村民1288缺水！
⚠️ 第48天，村民1289食物耗尽！
⚠️ 第48天，村民1289缺水！
⚠️ 第48天，村民1290食物耗尽！
⚠️ 第48天，村民1290缺水！
⚠️ 第48天，村民1291食物耗尽！
⚠️ 第48天，村民1291缺水！
⚠️ 第48天，村民1292食物耗尽！
⚠️ 第48天，村民1292缺水！
⚠️ 第48天，村民1293食物耗尽！
⚠️ 第48天，村民1293缺水！
⚠️ 第48天，村民1294食物耗尽！
⚠️ 第48天，村民1294缺水！
⚠️ 第48天，村民1295食物耗尽！
⚠️ 第48天，村民1295缺水！
⚠️ 第48天，村民1296食物耗尽！
⚠️ 第48天，村民1296缺水！
⚠️ 第48天，村民1297食物耗尽！
⚠️ 第48天，村民1297缺水！
⚠️ 第48天，村民1298食物耗尽！
⚠️ 第48天，村民1298缺水！
⚠️ 第48天，村民1299食物耗尽！
⚠️ 第48天，村民1299缺水！
⚠️ 第48天，村民1300食物耗尽！
⚠️ 第48天，村民1300缺水！
⚠️ 第48天，村民1301食物耗尽！
⚠️ 第48天，村民1301缺水！
⚠️ 第48天，村民1302食物耗尽！
⚠️ 第48天，村民1302缺水！
⚠️ 第48天，村民1303食物耗尽！
⚠️ 第48天，村民1303缺水！
⚠️ 第48天，村民1304食物耗尽！
⚠️ 第48天，村民1304缺水！
⚠️ 第48天，村民1305食物耗尽！
⚠️ 第48天，村民1305缺水！
⚠️ 第48天，村民1306食物耗尽！
⚠️ 第48天，村民1306缺水！
⚠️ 第48天，村民1307食物耗尽！
⚠️ 第48天，村民1307缺水！
⚠️ 第48天，村民1308食物耗尽！
⚠️ 第48天，村民1308缺水！
⚠️ 第48天，村民1309食物耗尽！
⚠️ 第48天，村民1309缺水！
⚠️ 第48天，村民1310食物耗尽！
⚠️ 第48天，村民1310缺水！
⚠️ 第48天，村民1311食物耗尽！
⚠️ 第48天，村民1311缺水！
⚠️ 第48天，村民1312食物耗尽！
⚠️ 第48天，村民1312缺水！
⚠️ 第48天，村民1313食物耗尽！
⚠️ 第48天，村民1313缺水！
⚠️ 第48天，村民1314食物耗尽！
⚠️ 第48天，村民1314缺水！
⚠️ 第48天，村民1315食物耗尽！
⚠️ 第48天，村民1315缺水！
⚠️ 第48天，村民1316食物耗尽！
⚠️ 第48天，村民1316缺水！
⚠️ 第48天，村民1317食物耗尽！
⚠️ 第48天，村民1317缺水！
⚠️ 第48天，村民1318食物耗尽！
⚠️ 第48天，村民1318缺水！
⚠️ 第48天，村民1319食物耗尽！
⚠️ 第48天，村民1319缺水！
⚠️ 第48天，村民1320食物耗尽！
⚠️ 第48天，村民1320缺水！
⚠️ 第48天，村民1321食物耗尽！
⚠️ 第48天，村民1321缺水！
⚠️ 第48天，村民1322食物耗尽！
⚠️ 第48天，村民1322缺水！
⚠️ 第48天，村民1323食物耗尽！
⚠️ 第48天，村民1323缺水！
⚠️ 第48天，村民1324食物耗尽！
⚠️ 第48天，村民1324缺水！
⚠️ 第48天，村民1325食物耗尽！
⚠️ 第48天，村民1325缺水！
⚠️ 第48天，村民1326食物耗尽！
⚠️ 第48天，村民1326缺水！
⚠️ 第48天，村民1327食物耗尽！
⚠️ 第48天，村民1327缺水！
⚠️ 第48天，村民1328食物耗尽！
⚠️ 第48天，村民1328缺水！
⚠️ 第48天，村民1329食物耗尽！
⚠️ 第48天，村民1329缺水！
⚠️ 第48天，村民1330食物耗尽！
⚠️ 第48天，村民1330缺水！
⚠️ 第48天，村民1331食物耗尽！
⚠️ 第48天，村民1331缺水！
⚠️ 第48天，村民1332食物耗尽！
⚠️ 第48天，村民1332缺水！
⚠️ 第48天，村民1333食物耗尽！
⚠️ 第48天，村民1333缺水！
⚠️ 第48天，村民1334食物耗尽！
⚠️ 第48天，村民1334缺水！
⚠️ 第48天，村民1335食物耗尽！
⚠️ 第48天，村民1335缺水！
⚠️ 第48天，村民1336食物耗尽！
⚠️ 第48天，村民1336缺水！
⚠️ 第48天，村民1337食物耗尽！
⚠️ 第48天，村民1337缺水！
⚠️ 第48天，村民1338食物耗尽！
⚠️ 第48天，村民1338缺水！
⚠️ 第48天，村民1339食物耗尽！
⚠️ 第48天，村民1339缺水！
⚠️ 第48天，村民1340食物耗尽！
⚠️ 第48天，村民1340缺水！
⚠️ 第48天，村民1341食物耗尽！
⚠️ 第48天，村民1341缺水！
⚠️ 第48天，村民1342食物耗尽！
⚠️ 第48天，村民1342缺水！
⚠️ 第48天，村民1343食物耗尽！
⚠️ 第48天，村民1343缺水！
⚠️ 第48天，村民1344食物耗尽！
⚠️ 第48天，村民1344缺水！
⚠️ 第48天，村民1345食物耗尽！
⚠️ 第48天，村民1345缺水！
⚠️ 第48天，村民1346食物耗尽！
⚠️ 第48天，村民1346缺水！
⚠️ 第48天，村民1347食物耗尽！
⚠️ 第48天，村民1347缺水！
⚠️ 第48天，村民1348食物耗尽！
⚠️ 第48天，村民1348缺水！
⚠️ 第48天，村民1349食物耗尽！
⚠️ 第48天，村民1349缺水！
⚠️ 第48天，村民1350食物耗尽！
⚠️ 第48天，村民1350缺水！
⚠️ 第48天，村民1351食物耗尽！
⚠️ 第48天，村民1351缺水！
⚠️ 第48天，村民1352食物耗尽！
⚠️ 第48天，村民1352缺水！
⚠️ 第48天，村民1353食物耗尽！
⚠️ 第48天，村民1353缺水！
⚠️ 第48天，村民1354食物耗尽！
⚠️ 第48天，村民1354缺水！
⚠️ 第48天，村民1355食物耗尽！
⚠️ 第48天，村民1355缺水！
⚠️ 第48天，村民1356食物耗尽！
⚠️ 第48天，村民1356缺水！
⚠️ 第48天，村民1357食物耗尽！
⚠️ 第48天，村民1357缺水！
⚠️ 第48天，村民1358食物耗尽！
⚠️ 第48天，村民1358缺水！
⚠️ 第48天，村民1359食物耗尽！
⚠️ 第48天，村民1359缺水！
⚠️ 第48天，村民1360食物耗尽！
⚠️ 第48天，村民1360缺水！
⚠️ 第48天，村民1361食物耗尽！
⚠️ 第48天，村民1361缺水！
⚠️ 第48天，村民1362食物耗尽！
⚠️ 第48天，村民1362缺水！
⚠️ 第48天，村民1363食物耗尽！
⚠️ 第48天，村民1363缺水！
⚠️ 第48天，村民1364食物耗尽！
⚠️ 第48天，村民1364缺水！
⚠️ 第48天，村民1365食物耗尽！
⚠️ 第48天，村民1365缺水！
⚠️ 第48天，村民1366食物耗尽！
⚠️ 第48天，村民1366缺水！
⚠️ 第48天，村民1367食物耗尽！
⚠️ 第48天，村民1367缺水！
⚠️ 第48天，村民1368食物耗尽！
⚠️ 第48天，村民1368缺水！
⚠️ 第48天，村民1369食物耗尽！
⚠️ 第48天，村民1369缺水！
⚠️ 第48天，村民1370食物耗尽！
⚠️ 第48天，村民1370缺水！
⚠️ 第48天，村民1371食物耗尽！
⚠️ 第48天，村民1371缺水！
⚠️ 第48天，村民1372食物耗尽！
⚠️ 第48天，村民1372缺水！
⚠️ 第48天，村民1373食物耗尽！
⚠️ 第48天，村民1373缺水！
⚠️ 第48天，村民1374食物耗尽！
⚠️ 第48天，村民1374缺水！
⚠️ 第48天，村民1375食物耗尽！
⚠️ 第48天，村民1375缺水！
⚠️ 第48天，村民1376食物耗尽！
⚠️ 第48天，村民1376缺水！
⚠️ 第48天，村民1377食物耗尽！
⚠️ 第48天，村民1377缺水！
⚠️ 第48天，村民1378食物耗尽！
⚠️ 第48天，村民1378缺水！
⚠️ 第48天，村民1379食物耗尽！
⚠️ 第48天，村民1379缺水！
⚠️ 第48天，村民1380食物耗尽！
⚠️ 第48天，村民1380缺水！
⚠️ 第48天，村民1381食物耗尽！
⚠️ 第48天，村民1381缺水！
⚠️ 第48天，村民1382食物耗尽！
⚠️ 第48天，村民1382缺水！
⚠️ 第48天，村民1383食物耗尽！
⚠️ 第48天，村民1383缺水！
⚠️ 第48天，村民1384食物耗尽！
⚠️ 第48天，村民1384缺水！
⚠️ 第48天，村民1385食物耗尽！
⚠️ 第48天，村民1385缺水！
⚠️ 第48天，村民1386食物耗尽！
⚠️ 第48天，村民1386缺水！
⚠️ 第48天，村民1387食物耗尽！
⚠️ 第48天，村民1387缺水！
⚠️ 第48天，村民1388食物耗尽！
⚠️ 第48天，村民1388缺水！
⚠️ 第48天，村民1389食物耗尽！
⚠️ 第48天，村民1389缺水！
⚠️ 第48天，村民1390食物耗尽！
⚠️ 第48天，村民1390缺水！
⚠️ 第48天，村民1391食物耗尽！
⚠️ 第48天，村民1391缺水！
⚠️ 第48天，村民1392食物耗尽！
⚠️ 第48天，村民1392缺水！
⚠️ 第48天，村民1393食物耗尽！
⚠️ 第48天，村民1393缺水！
⚠️ 第48天，村民1394食物耗尽！
⚠️ 第48天，村民1394缺水！
⚠️ 第48天，村民1395食物耗尽！
⚠️ 第48天，村民1395缺水！
⚠️ 第48天，村民1396食物耗尽！
⚠️ 第48天，村民1396缺水！
⚠️ 第48天，村民1397食物耗尽！
⚠️ 第48天，村民1397缺水！
⚠️ 第48天，村民1398食物耗尽！
⚠️ 第48天，村民1398缺水！
⚠️ 第48天，村民1399食物耗尽！
⚠️ 第48天，村民1399缺水！
⚠️ 第48天，村民1400食物耗尽！
⚠️ 第48天，村民1400缺水！
⚠️ 第48天，村民1401食物耗尽！
⚠️ 第48天，村民1401缺水！
⚠️ 第48天，村民1402食物耗尽！
⚠️ 第48天，村民1402缺水！
⚠️ 第48天，村民1403食物耗尽！
⚠️ 第48天，村民1403缺水！
⚠️ 第48天，村民1404食物耗尽！
⚠️ 第48天，村民1404缺水！
⚠️ 第48天，村民1405食物耗尽！
⚠️ 第48天，村民1405缺水！
⚠️ 第48天，村民1406食物耗尽！
⚠️ 第48天，村民1406缺水！
⚠️ 第48天，村民1407食物耗尽！
⚠️ 第48天，村民1407缺水！
⚠️ 第48天，村民1408食物耗尽！
⚠️ 第48天，村民1408缺水！
⚠️ 第48天，村民1409食物耗尽！
⚠️ 第48天，村民1409缺水！
⚠️ 第48天，村民1410食物耗尽！
⚠️ 第48天，村民1410缺水！
⚠️ 第48天，村民1411食物耗尽！
⚠️ 第48天，村民1411缺水！
⚠️ 第48天，村民1412食物耗尽！
⚠️ 第48天，村民1412缺水！
⚠️ 第48天，村民1413食物耗尽！
⚠️ 第48天，村民1413缺水！
⚠️ 第48天，村民1414食物耗尽！
⚠️ 第48天，村民1414缺水！
⚠️ 第48天，村民1415食物耗尽！
⚠️ 第48天，村民1415缺水！
⚠️ 第48天，村民1416食物耗尽！
⚠️ 第48天，村民1416缺水！
⚠️ 第48天，村民1417食物耗尽！
⚠️ 第48天，村民1417缺水！
⚠️ 第48天，村民1418食物耗尽！
⚠️ 第48天，村民1418缺水！
⚠️ 第48天，村民1419食物耗尽！
⚠️ 第48天，村民1419缺水！
⚠️ 第48天，村民1420食物耗尽！
⚠️ 第48天，村民1420缺水！
⚠️ 第48天，村民1421食物耗尽！
⚠️ 第48天，村民1421缺水！
⚠️ 第48天，村民1422食物耗尽！
⚠️ 第48天，村民1422缺水！
⚠️ 第48天，村民1423食物耗尽！
⚠️ 第48天，村民1423缺水！
⚠️ 第48天，村民1424食物耗尽！
⚠️ 第48天，村民1424缺水！
⚠️ 第48天，村民1425食物耗尽！
⚠️ 第48天，村民1425缺水！
⚠️ 第48天，村民1426食物耗尽！
⚠️ 第48天，村民1426缺水！
⚠️ 第48天，村民1427食物耗尽！
⚠️ 第48天，村民1427缺水！
⚠️ 第48天，村民1428食物耗尽！
⚠️ 第48天，村民1428缺水！
⚠️ 第48天，村民1429食物耗尽！
⚠️ 第48天，村民1429缺水！
⚠️ 第48天，村民1430食物耗尽！
⚠️ 第48天，村民1430缺水！
⚠️ 第48天，村民1431食物耗尽！
⚠️ 第48天，村民1431缺水！
⚠️ 第48天，村民1432食物耗尽！
⚠️ 第48天，村民1432缺水！
⚠️ 第48天，村民1433食物耗尽！
⚠️ 第48天，村民1433缺水！
⚠️ 第48天，村民1434食物耗尽！
⚠️ 第48天，村民1434缺水！
⚠️ 第48天，村民1435食物耗尽！
⚠️ 第48天，村民1435缺水！
⚠️ 第48天，村民1436食物耗尽！
⚠️ 第48天，村民1436缺水！
⚠️ 第48天，村民1437食物耗尽！
⚠️ 第48天，村民1437缺水！
⚠️ 第48天，村民1438食物耗尽！
⚠️ 第48天，村民1438缺水！
⚠️ 第48天，村民1439食物耗尽！
⚠️ 第48天，村民1439缺水！
⚠️ 第48天，村民1440食物耗尽！
⚠️ 第48天，村民1440缺水！
⚠️ 第48天，村民1441食物耗尽！
⚠️ 第48天，村民1441缺水！
⚠️ 第48天，村民1442食物耗尽！
⚠️ 第48天，村民1442缺水！
⚠️ 第48天，村民1443食物耗尽！
⚠️ 第48天，村民1443缺水！
⚠️ 第48天，村民1444食物耗尽！
⚠️ 第48天，村民1444缺水！
⚠️ 第48天，村民1445食物耗尽！
⚠️ 第48天，村民1445缺水！
⚠️ 第48天，村民1446食物耗尽！
⚠️ 第48天，村民1446缺水！
⚠️ 第48天，村民1447食物耗尽！
⚠️ 第48天，村民1447缺水！
⚠️ 第48天，村民1448食物耗尽！
⚠️ 第48天，村民1448缺水！
⚠️ 第48天，村民1449食物耗尽！
⚠️ 第48天，村民1449缺水！
⚠️ 第48天，村民1450食物耗尽！
⚠️ 第48天，村民1450缺水！
⚠️ 第48天，村民1451食物耗尽！
⚠️ 第48天，村民1451缺水！
⚠️ 第48天，村民1452食物耗尽！
⚠️ 第48天，村民1452缺水！
⚠️ 第48天，村民1453食物耗尽！
⚠️ 第48天，村民1453缺水！
⚠️ 第48天，村民1454食物耗尽！
⚠️ 第48天，村民1454缺水！
⚠️ 第48天，村民1455食物耗尽！
⚠️ 第48天，村民1455缺水！
⚠️ 第48天，村民1456食物耗尽！
⚠️ 第48天，村民1456缺水！
⚠️ 第48天，村民1457食物耗尽！
⚠️ 第48天，村民1457缺水！
⚠️ 第48天，村民1458食物耗尽！
⚠️ 第48天，村民1458缺水！
⚠️ 第48天，村民1459食物耗尽！
⚠️ 第48天，村民1459缺水！
⚠️ 第48天，村民1460食物耗尽！
⚠️ 第48天，村民1460缺水！
⚠️ 第48天，村民1461食物耗尽！
⚠️ 第48天，村民1461缺水！
⚠️ 第48天，村民1462食物耗尽！
⚠️ 第48天，村民1462缺水！
⚠️ 第48天，村民1463食物耗尽！
⚠️ 第48天，村民1463缺水！
⚠️ 第48天，村民1464食物耗尽！
⚠️ 第48天，村民1464缺水！
⚠️ 第48天，村民1465食物耗尽！
⚠️ 第48天，村民1465缺水！
⚠️ 第48天，村民1466食物耗尽！
⚠️ 第48天，村民1466缺水！
⚠️ 第48天，村民1467食物耗尽！
⚠️ 第48天，村民1467缺水！
⚠️ 第48天，村民1468食物耗尽！
⚠️ 第48天，村民1468缺水！
⚠️ 第48天，村民1469食物耗尽！
⚠️ 第48天，村民1469缺水！
⚠️ 第48天，村民1470食物耗尽！
⚠️ 第48天，村民1470缺水！
⚠️ 第48天，村民1471食物耗尽！
⚠️ 第48天，村民1471缺水！
⚠️ 第48天，村民1472食物耗尽！
⚠️ 第48天，村民1472缺水！
⚠️ 第48天，村民1473食物耗尽！
⚠️ 第48天，村民1473缺水！
⚠️ 第48天，村民1474食物耗尽！
⚠️ 第48天，村民1474缺水！
⚠️ 第48天，村民1475食物耗尽！
⚠️ 第48天，村民1475缺水！
⚠️ 第48天，村民1476食物耗尽！
⚠️ 第48天，村民1476缺水！
⚠️ 第48天，村民1477食物耗尽！
⚠️ 第48天，村民1477缺水！
⚠️ 第48天，村民1478食物耗尽！
⚠️ 第48天，村民1478缺水！
⚠️ 第48天，村民1479食物耗尽！
⚠️ 第48天，村民1479缺水！
⚠️ 第48天，村民1480食物耗尽！
⚠️ 第48天，村民1480缺水！
⚠️ 第48天，村民1481食物耗尽！
⚠️ 第48天，村民1481缺水！
⚠️ 第48天，村民1482食物耗尽！
⚠️ 第48天，村民1482缺水！
⚠️ 第48天，村民1483食物耗尽！
⚠️ 第48天，村民1483缺水！
⚠️ 第48天，村民1484食物耗尽！
⚠️ 第48天，村民1484缺水！
⚠️ 第48天，村民1485食物耗尽！
⚠️ 第48天，村民1485缺水！
⚠️ 第48天，村民1486食物耗尽！
⚠️ 第48天，村民1486缺水！
⚠️ 第48天，村民1487食物耗尽！
⚠️ 第48天，村民1487缺水！
⚠️ 第48天，村民1488食物耗尽！
⚠️ 第48天，村民1488缺水！
⚠️ 第48天，村民1489食物耗尽！
⚠️ 第48天，村民1489缺水！
⚠️ 第48天，村民1490食物耗尽！
⚠️ 第48天，村民1490缺水！
⚠️ 第48天，村民1491食物耗尽！
⚠️ 第48天，村民1491缺水！
⚠️ 第48天，村民1492食物耗尽！
⚠️ 第48天，村民1492缺水！
⚠️ 第48天，村民1493食物耗尽！
⚠️ 第48天，村民1493缺水！
⚠️ 第48天，村民1494食物耗尽！
⚠️ 第48天，村民1494缺水！
⚠️ 第48天，村民1495食物耗尽！
⚠️ 第48天，村民1495缺水！
⚠️ 第48天，村民1496食物耗尽！
⚠️ 第48天，村民1496缺水！
⚠️ 第48天，村民1497食物耗尽！
⚠️ 第48天，村民1497缺水！
⚠️ 第48天，村民1498食物耗尽！
⚠️ 第48天，村民1498缺水！
⚠️ 第48天，村民1499食物耗尽！
⚠️ 第48天，村民1499缺水！
⚠️ 第48天，村民1500食物耗尽！
⚠️ 第48天，村民1500缺水！
⚠️ 第48天，村民1501食物耗尽！
⚠️ 第48天，村民1501缺水！
⚠️ 第48天，村民1502食物耗尽！
⚠️ 第48天，村民1502缺水！
⚠️ 第48天，村民1503食物耗尽！
⚠️ 第48天，村民1503缺水！
⚠️ 第48天，村民1504食物耗尽！
⚠️ 第48天，村民1504缺水！
⚠️ 第48天，村民1505食物耗尽！
⚠️ 第48天，村民1505缺水！
⚠️ 第48天，村民1506食物耗尽！
⚠️ 第48天，村民1506缺水！
⚠️ 第48天，村民1507食物耗尽！
⚠️ 第48天，村民1507缺水！
⚠️ 第48天，村民1508食物耗尽！
⚠️ 第48天，村民1508缺水！
⚠️ 第48天，村民1509食物耗尽！
⚠️ 第48天，村民1509缺水！
⚠️ 第48天，村民1510食物耗尽！
⚠️ 第48天，村民1510缺水！
⚠️ 第48天，村民1511食物耗尽！
⚠️ 第48天，村民1511缺水！
⚠️ 第48天，村民1512食物耗尽！
⚠️ 第48天，村民1512缺水！
⚠️ 第48天，村民1513食物耗尽！
⚠️ 第48天，村民1513缺水！
⚠️ 第48天，村民1514食物耗尽！
⚠️ 第48天，村民1514缺水！
⚠️ 第48天，村民1515食物耗尽！
⚠️ 第48天，村民1515缺水！
⚠️ 第48天，村民1516食物耗尽！
⚠️ 第48天，村民1516缺水！
⚠️ 第48天，村民1517食物耗尽！
⚠️ 第48天，村民1517缺水！
⚠️ 第48天，村民1518食物耗尽！
⚠️ 第48天，村民1518缺水！
⚠️ 第48天，村民1519食物耗尽！
⚠️ 第48天，村民1519缺水！
⚠️ 第48天，村民1520食物耗尽！
⚠️ 第48天，村民1520缺水！
⚠️ 第48天，村民1521食物耗尽！
⚠️ 第48天，村民1521缺水！
⚠️ 第48天，村民1522食物耗尽！
⚠️ 第48天，村民1522缺水！
⚠️ 第48天，村民1523食物耗尽！
⚠️ 第48天，村民1523缺水！
⚠️ 第48天，村民1524食物耗尽！
⚠️ 第48天，村民1524缺水！
⚠️ 第48天，村民1525食物耗尽！
⚠️ 第48天，村民1525缺水！
⚠️ 第48天，村民1526食物耗尽！
⚠️ 第48天，村民1526缺水！
⚠️ 第48天，村民1527食物耗尽！
⚠️ 第48天，村民1527缺水！
⚠️ 第48天，村民1528食物耗尽！
⚠️ 第48天，村民1528缺水！
⚠️ 第48天，村民1529食物耗尽！
⚠️ 第48天，村民1529缺水！
⚠️ 第48天，村民1530食物耗尽！
⚠️ 第48天，村民1530缺水！
⚠️ 第48天，村民1531食物耗尽！
⚠️ 第48天，村民1531缺水！
⚠️ 第48天，村民1532食物耗尽！
⚠️ 第48天，村民1532缺水！
⚠️ 第48天，村民1533食物耗尽！
⚠️ 第48天，村民1533缺水！
⚠️ 第48天，村民1534食物耗尽！
⚠️ 第48天，村民1534缺水！
⚠️ 第48天，村民1535食物耗尽！
⚠️ 第48天，村民1535缺水！
⚠️ 第48天，村民1536食物耗尽！
⚠️ 第48天，村民1536缺水！
⚠️ 第48天，村民1537食物耗尽！
⚠️ 第48天，村民1537缺水！
⚠️ 第48天，村民1538食物耗尽！
⚠️ 第48天，村民1538缺水！
⚠️ 第48天，村民1539食物耗尽！
⚠️ 第48天，村民1539缺水！
⚠️ 第48天，村民1540食物耗尽！
⚠️ 第48天，村民1540缺水！
⚠️ 第48天，村民1541食物耗尽！
⚠️ 第48天，村民1541缺水！
⚠️ 第48天，村民1542食物耗尽！
⚠️ 第48天，村民1542缺水！
⚠️ 第48天，村民1543食物耗尽！
⚠️ 第48天，村民1543缺水！
⚠️ 第48天，村民1544食物耗尽！
⚠️ 第48天，村民1544缺水！
⚠️ 第48天，村民1545食物耗尽！
⚠️ 第48天，村民1545缺水！
⚠️ 第48天，村民1546食物耗尽！
⚠️ 第48天，村民1546缺水！
⚠️ 第48天，村民1547食物耗尽！
⚠️ 第48天，村民1547缺水！
⚠️ 第48天，村民1548食物耗尽！
⚠️ 第48天，村民1548缺水！
⚠️ 第48天，村民1549食物耗尽！
⚠️ 第48天，村民1549缺水！
⚠️ 第48天，村民1550食物耗尽！
⚠️ 第48天，村民1550缺水！
⚠️ 第48天，村民1551食物耗尽！
⚠️ 第48天，村民1551缺水！
⚠️ 第48天，村民1552食物耗尽！
⚠️ 第48天，村民1552缺水！
⚠️ 第48天，村民1553食物耗尽！
⚠️ 第48天，村民1553缺水！
⚠️ 第48天，村民1554食物耗尽！
⚠️ 第48天，村民1554缺水！
⚠️ 第48天，村民1555食物耗尽！
⚠️ 第48天，村民1555缺水！
⚠️ 第48天，村民1556食物耗尽！
⚠️ 第48天，村民1556缺水！
⚠️ 第48天，村民1557食物耗尽！
⚠️ 第48天，村民1557缺水！
⚠️ 第48天，村民1558食物耗尽！
⚠️ 第48天，村民1558缺水！
⚠️ 第48天，村民1559食物耗尽！
⚠️ 第48天，村民1559缺水！
⚠️ 第48天，村民1560食物耗尽！
⚠️ 第48天，村民1560缺水！
⚠️ 第48天，村民1561食物耗尽！
⚠️ 第48天，村民1561缺水！
⚠️ 第48天，村民1562食物耗尽！
⚠️ 第48天，村民1562缺水！
⚠️ 第48天，村民1563食物耗尽！
⚠️ 第48天，村民1563缺水！
⚠️ 第48天，村民1564食物耗尽！
⚠️ 第48天，村民1564缺水！
⚠️ 第48天，村民1565食物耗尽！
⚠️ 第48天，村民1565缺水！
⚠️ 第48天，村民1566食物耗尽！
⚠️ 第48天，村民1566缺水！
⚠️ 第48天，村民1567食物耗尽！
⚠️ 第48天，村民1567缺水！
⚠️ 第48天，村民1568食物耗尽！
⚠️ 第48天，村民1568缺水！
⚠️ 第48天，村民1569食物耗尽！
⚠️ 第48天，村民1569缺水！
⚠️ 第48天，村民1570食物耗尽！
⚠️ 第48天，村民1570缺水！
⚠️ 第48天，村民1571食物耗尽！
⚠️ 第48天，村民1571缺水！
⚠️ 第48天，村民1572食物耗尽！
⚠️ 第48天，村民1572缺水！
⚠️ 第48天，村民1573食物耗尽！
⚠️ 第48天，村民1573缺水！
⚠️ 第48天，村民1574食物耗尽！
⚠️ 第48天，村民1574缺水！
⚠️ 第48天，村民1575食物耗尽！
⚠️ 第48天，村民1575缺水！
⚠️ 第48天，村民1576食物耗尽！
⚠️ 第48天，村民1576缺水！
⚠️ 第48天，村民1577食物耗尽！
⚠️ 第48天，村民1577缺水！
⚠️ 第48天，村民1578食物耗尽！
⚠️ 第48天，村民1578缺水！
⚠️ 第48天，村民1579食物耗尽！
⚠️ 第48天，村民1579缺水！
⚠️ 第48天，村民1580食物耗尽！
⚠️ 第48天，村民1580缺水！
⚠️ 第48天，村民1581食物耗尽！
⚠️ 第48天，村民1581缺水！
⚠️ 第48天，村民1582食物耗尽！
⚠️ 第48天，村民1582缺水！
⚠️ 第48天，村民1583食物耗尽！
⚠️ 第48天，村民1583缺水！
⚠️ 第48天，村民1584食物耗尽！
⚠️ 第48天，村民1584缺水！
⚠️ 第48天，村民1585食物耗尽！
⚠️ 第48天，村民1585缺水！
⚠️ 第48天，村民1586食物耗尽！
⚠️ 第48天，村民1586缺水！
⚠️ 第48天，村民1587食物耗尽！
⚠️ 第48天，村民1587缺水！
⚠️ 第48天，村民1588食物耗尽！
⚠️ 第48天，村民1588缺水！
⚠️ 第48天，村民1589食物耗尽！
⚠️ 第48天，村民1589缺水！
⚠️ 第48天，村民1590食物耗尽！
⚠️ 第48天，村民1590缺水！
⚠️ 第48天，村民1591食物耗尽！
⚠️ 第48天，村民1591缺水！
⚠️ 第48天，村民1592食物耗尽！
⚠️ 第48天，村民1592缺水！
⚠️ 第48天，村民1593食物耗尽！
⚠️ 第48天，村民1593缺水！
⚠️ 第48天，村民1594食物耗尽！
⚠️ 第48天，村民1594缺水！
⚠️ 第48天，村民1595食物耗尽！
⚠️ 第48天，村民1595缺水！
⚠️ 第48天，村民1596食物耗尽！
⚠️ 第48天，村民1596缺水！
⚠️ 第48天，村民1597食物耗尽！
⚠️ 第48天，村民1597缺水！
⚠️ 第48天，村民1598食物耗尽！
⚠️ 第48天，村民1598缺水！
⚠️ 第48天，村民1599食物耗尽！
⚠️ 第48天，村民1599缺水！
⚠️ 第48天，村民1600食物耗尽！
⚠️ 第48天，村民1600缺水！
⚠️ 第48天，村民1601食物耗尽！
⚠️ 第48天，村民1601缺水！
⚠️ 第48天，村民1602食物耗尽！
⚠️ 第48天，村民1602缺水！
⚠️ 第48天，村民1603食物耗尽！
⚠️ 第48天，村民1603缺水！
⚠️ 第48天，村民1604食物耗尽！
⚠️ 第48天，村民1604缺水！
⚠️ 第48天，村民1605食物耗尽！
⚠️ 第48天，村民1605缺水！
⚠️ 第48天，村民1606食物耗尽！
⚠️ 第48天，村民1606缺水！
⚠️ 第48天，村民1607食物耗尽！
⚠️ 第48天，村民1607缺水！
⚠️ 第48天，村民1608食物耗尽！
⚠️ 第48天，村民1608缺水！
⚠️ 第48天，村民1609食物耗尽！
⚠️ 第48天，村民1609缺水！
⚠️ 第48天，村民1610食物耗尽！
⚠️ 第48天，村民1610缺水！
⚠️ 第48天，村民1611食物耗尽！
⚠️ 第48天，村民1611缺水！
⚠️ 第48天，村民1612食物耗尽！
⚠️ 第48天，村民1612缺水！
⚠️ 第48天，村民1613食物耗尽！
⚠️ 第48天，村民1613缺水！
⚠️ 第48天，村民1614食物耗尽！
⚠️ 第48天，村民1614缺水！
⚠️ 第48天，村民1615食物耗尽！
⚠️ 第48天，村民1615缺水！
⚠️ 第48天，村民1616食物耗尽！
⚠️ 第48天，村民1616缺水！
⚠️ 第48天，村民1617食物耗尽！
⚠️ 第48天，村民1617缺水！
⚠️ 第48天，村民1618食物耗尽！
⚠️ 第48天，村民1618缺水！
⚠️ 第48天，村民1619食物耗尽！
⚠️ 第48天，村民1619缺水！
⚠️ 第48天，村民1620食物耗尽！
⚠️ 第48天，村民1620缺水！
⚠️ 第48天，村民1621食物耗尽！
⚠️ 第48天，村民1621缺水！
⚠️ 第48天，村民1622食物耗尽！
⚠️ 第48天，村民1622缺水！
⚠️ 第48天，村民1623食物耗尽！
⚠️ 第48天，村民1623缺水！
⚠️ 第48天，村民1624食物耗尽！
⚠️ 第48天，村民1624缺水！
⚠️ 第48天，村民1625食物耗尽！
⚠️ 第48天，村民1625缺水！
⚠️ 第48天，村民1626食物耗尽！
⚠️ 第48天，村民1626缺水！
⚠️ 第48天，村民1627食物耗尽！
⚠️ 第48天，村民1627缺水！
⚠️ 第48天，村民1628食物耗尽！
⚠️ 第48天，村民1628缺水！
⚠️ 第48天，村民1629食物耗尽！
⚠️ 第48天，村民1629缺水！
⚠️ 第48天，村民1630食物耗尽！
⚠️ 第48天，村民1630缺水！
⚠️ 第48天，村民1631食物耗尽！
⚠️ 第48天，村民1631缺水！
⚠️ 第48天，村民1632食物耗尽！
⚠️ 第48天，村民1632缺水！
⚠️ 第48天，村民1633食物耗尽！
⚠️ 第48天，村民1633缺水！
⚠️ 第48天，村民1634食物耗尽！
⚠️ 第48天，村民1634缺水！
⚠️ 第48天，村民1635食物耗尽！
⚠️ 第48天，村民1635缺水！
⚠️ 第48天，村民1636食物耗尽！
⚠️ 第48天，村民1636缺水！
⚠️ 第48天，村民1637食物耗尽！
⚠️ 第48天，村民1637缺水！
⚠️ 第48天，村民1638食物耗尽！
⚠️ 第48天，村民1638缺水！
⚠️ 第48天，村民1639食物耗尽！
⚠️ 第48天，村民1639缺水！
⚠️ 第48天，村民1640食物耗尽！
⚠️ 第48天，村民1640缺水！
⚠️ 第48天，村民1641食物耗尽！
⚠️ 第48天，村民1641缺水！
⚠️ 第48天，村民1642食物耗尽！
⚠️ 第48天，村民1642缺水！
⚠️ 第48天，村民1643食物耗尽！
⚠️ 第48天，村民1643缺水！
⚠️ 第48天，村民1644食物耗尽！
⚠️ 第48天，村民1644缺水！
⚠️ 第48天，村民1645食物耗尽！
⚠️ 第48天，村民1645缺水！
⚠️ 第48天，村民1646食物耗尽！
⚠️ 第48天，村民1646缺水！
⚠️ 第48天，村民1647食物耗尽！
⚠️ 第48天，村民1647缺水！
⚠️ 第48天，村民1648食物耗尽！
⚠️ 第48天，村民1648缺水！
⚠️ 第48天，村民1649食物耗尽！
⚠️ 第48天，村民1649缺水！
⚠️ 第48天，村民1650食物耗尽！
⚠️ 第48天，村民1650缺水！
⚠️ 第48天，村民1651食物耗尽！
⚠️ 第48天，村民1651缺水！
⚠️ 第48天，村民1652食物耗尽！
⚠️ 第48天，村民1652缺水！
⚠️ 第48天，村民1653食物耗尽！
⚠️ 第48天，村民1653缺水！
⚠️ 第48天，村民1654食物耗尽！
⚠️ 第48天，村民1654缺水！
⚠️ 第48天，村民1655食物耗尽！
⚠️ 第48天，村民1655缺水！
⚠️ 第48天，村民1656食物耗尽！
⚠️ 第48天，村民1656缺水！
⚠️ 第48天，村民1657食物耗尽！
⚠️ 第48天，村民1657缺水！
⚠️ 第48天，村民1658食物耗尽！
⚠️ 第48天，村民1658缺水！
⚠️ 第48天，村民1659食物耗尽！
⚠️ 第48天，村民1659缺水！
⚠️ 第48天，村民1660食物耗尽！
⚠️ 第48天，村民1660缺水！
⚠️ 第48天，村民1661食物耗尽！
⚠️ 第48天，村民1661缺水！
⚠️ 第48天，村民1662食物耗尽！
⚠️ 第48天，村民1662缺水！
⚠️ 第48天，村民1663食物耗尽！
⚠️ 第48天，村民1663缺水！
⚠️ 第48天，村民1664食物耗尽！
⚠️ 第48天，村民1664缺水！
⚠️ 第48天，村民1665食物耗尽！
⚠️ 第48天，村民1665缺水！
⚠️ 第48天，村民1666食物耗尽！
⚠️ 第48天，村民1666缺水！
⚠️ 第48天，村民1667食物耗尽！
⚠️ 第48天，村民1667缺水！
⚠️ 第48天，村民1668食物耗尽！
⚠️ 第48天，村民1668缺水！
⚠️ 第48天，村民1669食物耗尽！
⚠️ 第48天，村民1669缺水！
⚠️ 第48天，村民1670食物耗尽！
⚠️ 第48天，村民1670缺水！
⚠️ 第48天，村民1671食物耗尽！
⚠️ 第48天，村民1671缺水！
⚠️ 第48天，村民1672食物耗尽！
⚠️ 第48天，村民1672缺水！
⚠️ 第48天，村民1673食物耗尽！
⚠️ 第48天，村民1673缺水！
⚠️ 第48天，村民1674食物耗尽！
⚠️ 第48天，村民1674缺水！
⚠️ 第48天，村民1675食物耗尽！
⚠️ 第48天，村民1675缺水！
⚠️ 第48天，村民1676食物耗尽！
⚠️ 第48天，村民1676缺水！
⚠️ 第48天，村民1677食物耗尽！
⚠️ 第48天，村民1677缺水！
⚠️ 第48天，村民1678食物耗尽！
⚠️ 第48天，村民1678缺水！
⚠️ 第48天，村民1679食物耗尽！
⚠️ 第48天，村民1679缺水！
⚠️ 第48天，村民1680食物耗尽！
⚠️ 第48天，村民1680缺水！
⚠️ 第48天，村民1681食物耗尽！
⚠️ 第48天，村民1681缺水！
⚠️ 第48天，村民1682食物耗尽！
⚠️ 第48天，村民1682缺水！
⚠️ 第48天，村民1683食物耗尽！
⚠️ 第48天，村民1683缺水！
⚠️ 第48天，村民1684食物耗尽！
⚠️ 第48天，村民1684缺水！
⚠️ 第48天，村民1685食物耗尽！
⚠️ 第48天，村民1685缺水！
⚠️ 第48天，村民1686食物耗尽！
⚠️ 第48天，村民1686缺水！
⚠️ 第48天，村民1687食物耗尽！
⚠️ 第48天，村民1687缺水！
⚠️ 第48天，村民1688食物耗尽！
⚠️ 第48天，村民1688缺水！
⚠️ 第48天，村民1689食物耗尽！
⚠️ 第48天，村民1689缺水！
⚠️ 第48天，村民1690食物耗尽！
⚠️ 第48天，村民1690缺水！
⚠️ 第48天，村民1691食物耗尽！
⚠️ 第48天，村民1691缺水！
⚠️ 第48天，村民1692食物耗尽！
⚠️ 第48天，村民1692缺水！
⚠️ 第48天，村民1693食物耗尽！
⚠️ 第48天，村民1693缺水！
⚠️ 第48天，村民1694食物耗尽！
⚠️ 第48天，村民1694缺水！
⚠️ 第48天，村民1695食物耗尽！
⚠️ 第48天，村民1695缺水！
⚠️ 第48天，村民1696食物耗尽！
⚠️ 第48天，村民1696缺水！
⚠️ 第48天，村民1697食物耗尽！
⚠️ 第48天，村民1697缺水！
⚠️ 第48天，村民1698食物耗尽！
⚠️ 第48天，村民1698缺水！
⚠️ 第48天，村民1699食物耗尽！
⚠️ 第48天，村民1699缺水！
⚠️ 第48天，村民1700食物耗尽！
⚠️ 第48天，村民1700缺水！
⚠️ 第48天，村民1701食物耗尽！
⚠️ 第48天，村民1701缺水！
⚠️ 第48天，村民1702食物耗尽！
⚠️ 第48天，村民1702缺水！
⚠️ 第48天，村民1703食物耗尽！
⚠️ 第48天，村民1703缺水！
⚠️ 第48天，村民1704食物耗尽！
⚠️ 第48天，村民1704缺水！
⚠️ 第48天，村民1705食物耗尽！
⚠️ 第48天，村民1705缺水！
⚠️ 第48天，村民1706食物耗尽！
⚠️ 第48天，村民1706缺水！
⚠️ 第48天，村民1707食物耗尽！
⚠️ 第48天，村民1707缺水！
⚠️ 第48天，村民1708食物耗尽！
⚠️ 第48天，村民1708缺水！
⚠️ 第48天，村民1709食物耗尽！
⚠️ 第48天，村民1709缺水！
⚠️ 第48天，村民1710食物耗尽！
⚠️ 第48天，村民1710缺水！
⚠️ 第48天，村民1711食物耗尽！
⚠️ 第48天，村民1711缺水！
⚠️ 第48天，村民1712食物耗尽！
⚠️ 第48天，村民1712缺水！
⚠️ 第48天，村民1713食物耗尽！
⚠️ 第48天，村民1713缺水！
⚠️ 第48天，村民1714食物耗尽！
⚠️ 第48天，村民1714缺水！
⚠️ 第48天，村民1715食物耗尽！
⚠️ 第48天，村民1715缺水！
⚠️ 第48天，村民1716食物耗尽！
⚠️ 第48天，村民1716缺水！
⚠️ 第48天，村民1717食物耗尽！
⚠️ 第48天，村民1717缺水！
⚠️ 第48天，村民1718食物耗尽！
⚠️ 第48天，村民1718缺水！
⚠️ 第48天，村民1719食物耗尽！
⚠️ 第48天，村民1719缺水！
⚠️ 第48天，村民1720食物耗尽！
⚠️ 第48天，村民1720缺水！
⚠️ 第48天，村民1721食物耗尽！
⚠️ 第48天，村民1721缺水！
⚠️ 第48天，村民1722食物耗尽！
⚠️ 第48天，村民1722缺水！
⚠️ 第48天，村民1723食物耗尽！
⚠️ 第48天，村民1723缺水！
⚠️ 第48天，村民1724食物耗尽！
⚠️ 第48天，村民1724缺水！
⚠️ 第48天，村民1725食物耗尽！
⚠️ 第48天，村民1725缺水！
⚠️ 第48天，村民1726食物耗尽！
⚠️ 第48天，村民1726缺水！
⚠️ 第48天，村民1727食物耗尽！
⚠️ 第48天，村民1727缺水！
⚠️ 第48天，村民1728食物耗尽！
⚠️ 第48天，村民1728缺水！
⚠️ 第48天，村民1729食物耗尽！
⚠️ 第48天，村民1729缺水！
⚠️ 第48天，村民1730食物耗尽！
⚠️ 第48天，村民1730缺水！
⚠️ 第48天，村民1731食物耗尽！
⚠️ 第48天，村民1731缺水！
⚠️ 第48天，村民1732食物耗尽！
⚠️ 第48天，村民1732缺水！
⚠️ 第48天，村民1733食物耗尽！
⚠️ 第48天，村民1733缺水！
⚠️ 第48天，村民1734食物耗尽！
⚠️ 第48天，村民1734缺水！
⚠️ 第48天，村民1735食物耗尽！
⚠️ 第48天，村民1735缺水！
⚠️ 第48天，村民1736食物耗尽！
⚠️ 第48天，村民1736缺水！
⚠️ 第48天，村民1737食物耗尽！
⚠️ 第48天，村民1737缺水！
⚠️ 第48天，村民1738食物耗尽！
⚠️ 第48天，村民1738缺水！
⚠️ 第48天，村民1739食物耗尽！
⚠️ 第48天，村民1739缺水！
⚠️ 第48天，村民1740食物耗尽！
⚠️ 第48天，村民1740缺水！
⚠️ 第48天，村民1741食物耗尽！
⚠️ 第48天，村民1741缺水！
⚠️ 第48天，村民1742食物耗尽！
⚠️ 第48天，村民1742缺水！
⚠️ 第48天，村民1743食物耗尽！
⚠️ 第48天，村民1743缺水！
⚠️ 第48天，村民1744食物耗尽！
⚠️ 第48天，村民1744缺水！
⚠️ 第48天，村民1745食物耗尽！
⚠️ 第48天，村民1745缺水！
⚠️ 第48天，村民1746食物耗尽！
⚠️ 第48天，村民1746缺水！
⚠️ 第48天，村民1747食物耗尽！
⚠️ 第48天，村民1747缺水！
⚠️ 第48天，村民1748食物耗尽！
⚠️ 第48天，村民1748缺水！
⚠️ 第48天，村民1749食物耗尽！
⚠️ 第48天，村民1749缺水！
⚠️ 第48天，村民1750食物耗尽！
⚠️ 第48天，村民1750缺水！
⚠️ 第48天，村民1751食物耗尽！
⚠️ 第48天，村民1751缺水！
⚠️ 第48天，村民1752食物耗尽！
⚠️ 第48天，村民1752缺水！
⚠️ 第48天，村民1753食物耗尽！
⚠️ 第48天，村民1753缺水！
⚠️ 第48天，村民1754食物耗尽！
⚠️ 第48天，村民1754缺水！
⚠️ 第48天，村民1755食物耗尽！
⚠️ 第48天，村民1755缺水！
⚠️ 第48天，村民1756食物耗尽！
⚠️ 第48天，村民1756缺水！
⚠️ 第48天，村民1757食物耗尽！
⚠️ 第48天，村民1757缺水！
⚠️ 第48天，村民1758食物耗尽！
⚠️ 第48天，村民1758缺水！
⚠️ 第48天，村民1759食物耗尽！
⚠️ 第48天，村民1759缺水！
⚠️ 第48天，村民1760食物耗尽！
⚠️ 第48天，村民1760缺水！
⚠️ 第48天，村民1761食物耗尽！
⚠️ 第48天，村民1761缺水！
⚠️ 第48天，村民1762食物耗尽！
⚠️ 第48天，村民1762缺水！
⚠️ 第48天，村民1763食物耗尽！
⚠️ 第48天，村民1763缺水！
⚠️ 第48天，村民1764食物耗尽！
⚠️ 第48天，村民1764缺水！
⚠️ 第48天，村民1765食物耗尽！
⚠️ 第48天，村民1765缺水！
⚠️ 第48天，村民1766食物耗尽！
⚠️ 第48天，村民1766缺水！
⚠️ 第48天，村民1767食物耗尽！
⚠️ 第48天，村民1767缺水！
⚠️ 第48天，村民1768食物耗尽！
⚠️ 第48天，村民1768缺水！
⚠️ 第48天，村民1769食物耗尽！
⚠️ 第48天，村民1769缺水！
⚠️ 第48天，村民1770食物耗尽！
⚠️ 第48天，村民1770缺水！
⚠️ 第48天，村民1771食物耗尽！
⚠️ 第48天，村民1771缺水！
⚠️ 第48天，村民1772食物耗尽！
⚠️ 第48天，村民1772缺水！
⚠️ 第48天，村民1773食物耗尽！
⚠️ 第48天，村民1773缺水！
⚠️ 第48天，村民1774食物耗尽！
⚠️ 第48天，村民1774缺水！
⚠️ 第48天，村民1775食物耗尽！
⚠️ 第48天，村民1775缺水！
⚠️ 第48天，村民1776食物耗尽！
⚠️ 第48天，村民1776缺水！
⚠️ 第48天，村民1777食物耗尽！
⚠️ 第48天，村民1777缺水！
⚠️ 第48天，村民1778食物耗尽！
⚠️ 第48天，村民1778缺水！
⚠️ 第48天，村民1779食物耗尽！
⚠️ 第48天，村民1779缺水！
⚠️ 第48天，村民1780食物耗尽！
⚠️ 第48天，村民1780缺水！
⚠️ 第48天，村民1781食物耗尽！
⚠️ 第48天，村民1781缺水！
⚠️ 第48天，村民1782食物耗尽！
⚠️ 第48天，村民1782缺水！
⚠️ 第48天，村民1783食物耗尽！
⚠️ 第48天，村民1783缺水！
⚠️ 第48天，村民1784食物耗尽！
⚠️ 第48天，村民1784缺水！
⚠️ 第48天，村民1785食物耗尽！
⚠️ 第48天，村民1785缺水！
⚠️ 第48天，村民1786食物耗尽！
⚠️ 第48天，村民1786缺水！
⚠️ 第48天，村民1787食物耗尽！
⚠️ 第48天，村民1787缺水！
⚠️ 第48天，村民1788食物耗尽！
⚠️ 第48天，村民1788缺水！
⚠️ 第48天，村民1789食物耗尽！
⚠️ 第48天，村民1789缺水！
⚠️ 第48天，村民1790食物耗尽！
⚠️ 第48天，村民1790缺水！
⚠️ 第48天，村民1791食物耗尽！
⚠️ 第48天，村民1791缺水！
⚠️ 第48天，村民1792食物耗尽！
⚠️ 第48天，村民1792缺水！
⚠️ 第48天，村民1793食物耗尽！
⚠️ 第48天，村民1793缺水！
⚠️ 第48天，村民1794食物耗尽！
⚠️ 第48天，村民1794缺水！
⚠️ 第48天，村民1795食物耗尽！
⚠️ 第48天，村民1795缺水！
⚠️ 第48天，村民1796食物耗尽！
⚠️ 第48天，村民1796缺水！
⚠️ 第48天，村民1797食物耗尽！
⚠️ 第48天，村民1797缺水！
⚠️ 第48天，村民1798食物耗尽！
⚠️ 第48天，村民1798缺水！
⚠️ 第48天，村民1799食物耗尽！
⚠️ 第48天，村民1799缺水！
⚠️ 第48天，村民1800食物耗尽！
⚠️ 第48天，村民1800缺水！
⚠️ 第48天，村民1801食物耗尽！
⚠️ 第48天，村民1801缺水！
⚠️ 第48天，村民1802食物耗尽！
⚠️ 第48天，村民1802缺水！
⚠️ 第48天，村民1803食物耗尽！
⚠️ 第48天，村民1803缺水！
⚠️ 第48天，村民1804食物耗尽！
⚠️ 第48天，村民1804缺水！
⚠️ 第48天，村民1805食物耗尽！
⚠️ 第48天，村民1805缺水！
⚠️ 第48天，村民1806食物耗尽！
⚠️ 第48天，村民1806缺水！
⚠️ 第48天，村民1807食物耗尽！
⚠️ 第48天，村民1807缺水！
⚠️ 第48天，村民1808食物耗尽！
⚠️ 第48天，村民1808缺水！
⚠️ 第48天，村民1809食物耗尽！
⚠️ 第48天，村民1809缺水！
⚠️ 第48天，村民1810食物耗尽！
⚠️ 第48天，村民1810缺水！
⚠️ 第48天，村民1811食物耗尽！
⚠️ 第48天，村民1811缺水！
⚠️ 第48天，村民1812食物耗尽！
⚠️ 第48天，村民1812缺水！
⚠️ 第48天，村民1813食物耗尽！
⚠️ 第48天，村民1813缺水！
⚠️ 第48天，村民1814食物耗尽！
⚠️ 第48天，村民1814缺水！
⚠️ 第48天，村民1815食物耗尽！
⚠️ 第48天，村民1815缺水！
⚠️ 第48天，村民1816食物耗尽！
⚠️ 第48天，村民1816缺水！
⚠️ 第48天，村民1817食物耗尽！
⚠️ 第48天，村民1817缺水！
⚠️ 第48天，村民1818食物耗尽！
⚠️ 第48天，村民1818缺水！
⚠️ 第48天，村民1819食物耗尽！
⚠️ 第48天，村民1819缺水！
⚠️ 第48天，村民1820食物耗尽！
⚠️ 第48天，村民1820缺水！
⚠️ 第48天，村民1821食物耗尽！
⚠️ 第48天，村民1821缺水！
⚠️ 第48天，村民1822食物耗尽！
⚠️ 第48天，村民1822缺水！
⚠️ 第48天，村民1823食物耗尽！
⚠️ 第48天，村民1823缺水！
⚠️ 第48天，村民1824食物耗尽！
⚠️ 第48天，村民1824缺水！
⚠️ 第48天，村民1825食物耗尽！
⚠️ 第48天，村民1825缺水！
⚠️ 第48天，村民1826食物耗尽！
⚠️ 第48天，村民1826缺水！
⚠️ 第48天，村民1827食物耗尽！
⚠️ 第48天，村民1827缺水！
⚠️ 第48天，村民1828食物耗尽！
⚠️ 第48天，村民1828缺水！
⚠️ 第48天，村民1829食物耗尽！
⚠️ 第48天，村民1829缺水！
⚠️ 第48天，村民1830食物耗尽！
⚠️ 第48天，村民1830缺水！
⚠️ 第48天，村民1831食物耗尽！
⚠️ 第48天，村民1831缺水！
⚠️ 第48天，村民1832食物耗尽！
⚠️ 第48天，村民1832缺水！
⚠️ 第48天，村民1833食物耗尽！
⚠️ 第48天，村民1833缺水！
⚠️ 第48天，村民1834食物耗尽！
⚠️ 第48天，村民1834缺水！
⚠️ 第48天，村民1835食物耗尽！
⚠️ 第48天，村民1835缺水！
⚠️ 第48天，村民1836食物耗尽！
⚠️ 第48天，村民1836缺水！
⚠️ 第48天，村民1837食物耗尽！
⚠️ 第48天，村民1837缺水！
⚠️ 第48天，村民1838食物耗尽！
⚠️ 第48天，村民1838缺水！
⚠️ 第48天，村民1839食物耗尽！
⚠️ 第48天，村民1839缺水！
⚠️ 第48天，村民1840食物耗尽！
⚠️ 第48天，村民1840缺水！
⚠️ 第48天，村民1841食物耗尽！
⚠️ 第48天，村民1841缺水！
⚠️ 第48天，村民1842食物耗尽！
⚠️ 第48天，村民1842缺水！
⚠️ 第48天，村民1843食物耗尽！
⚠️ 第48天，村民1843缺水！
⚠️ 第48天，村民1844食物耗尽！
⚠️ 第48天，村民1844缺水！
⚠️ 第48天，村民1845食物耗尽！
⚠️ 第48天，村民1845缺水！
⚠️ 第48天，村民1846食物耗尽！
⚠️ 第48天，村民1846缺水！
⚠️ 第48天，村民1847食物耗尽！
⚠️ 第48天，村民1847缺水！
⚠️ 第48天，村民1848食物耗尽！
⚠️ 第48天，村民1848缺水！
⚠️ 第48天，村民1849食物耗尽！
⚠️ 第48天，村民1849缺水！
⚠️ 第48天，村民1850食物耗尽！
⚠️ 第48天，村民1850缺水！
⚠️ 第48天，村民1851食物耗尽！
⚠️ 第48天，村民1851缺水！
⚠️ 第48天，村民1852食物耗尽！
⚠️ 第48天，村民1852缺水！
⚠️ 第48天，村民1853食物耗尽！
⚠️ 第48天，村民1853缺水！
⚠️ 第48天，村民1854食物耗尽！
⚠️ 第48天，村民1854缺水！
⚠️ 第48天，村民1855食物耗尽！
⚠️ 第48天，村民1855缺水！
⚠️ 第48天，村民1856食物耗尽！
⚠️ 第48天，村民1856缺水！
⚠️ 第48天，村民1857食物耗尽！
⚠️ 第48天，村民1857缺水！
⚠️ 第48天，村民1858食物耗尽！
⚠️ 第48天，村民1858缺水！
⚠️ 第48天，村民1859食物耗尽！
⚠️ 第48天，村民1859缺水！
⚠️ 第48天，村民1860食物耗尽！
⚠️ 第48天，村民1860缺水！
⚠️ 第48天，村民1861食物耗尽！
⚠️ 第48天，村民1861缺水！
⚠️ 第48天，村民1862食物耗尽！
⚠️ 第48天，村民1862缺水！
⚠️ 第48天，村民1863食物耗尽！
⚠️ 第48天，村民1863缺水！
⚠️ 第48天，村民1864食物耗尽！
⚠️ 第48天，村民1864缺水！
⚠️ 第48天，村民1865食物耗尽！
⚠️ 第48天，村民1865缺水！
⚠️ 第48天，村民1866食物耗尽！
⚠️ 第48天，村民1866缺水！
⚠️ 第48天，村民1867食物耗尽！
⚠️ 第48天，村民1867缺水！
⚠️ 第48天，村民1868食物耗尽！
⚠️ 第48天，村民1868缺水！
⚠️ 第48天，村民1869食物耗尽！
⚠️ 第48天，村民1869缺水！
⚠️ 第48天，村民1870食物耗尽！
⚠️ 第48天，村民1870缺水！
⚠️ 第48天，村民1871食物耗尽！
⚠️ 第48天，村民1871缺水！
⚠️ 第48天，村民1872食物耗尽！
⚠️ 第48天，村民1872缺水！
⚠️ 第48天，村民1873食物耗尽！
⚠️ 第48天，村民1873缺水！
⚠️ 第48天，村民1874食物耗尽！
⚠️ 第48天，村民1874缺水！
⚠️ 第48天，村民1875食物耗尽！
⚠️ 第48天，村民1875缺水！
⚠️ 第48天，村民1876食物耗尽！
⚠️ 第48天，村民1876缺水！
⚠️ 第48天，村民1877食物耗尽！
⚠️ 第48天，村民1877缺水！
⚠️ 第48天，村民1878食物耗尽！
⚠️ 第48天，村民1878缺水！
⚠️ 第48天，村民1879食物耗尽！
⚠️ 第48天，村民1879缺水！
⚠️ 第48天，村民1880食物耗尽！
⚠️ 第48天，村民1880缺水！
⚠️ 第48天，村民1881食物耗尽！
⚠️ 第48天，村民1881缺水！
⚠️ 第48天，村民1882食物耗尽！
⚠️ 第48天，村民1882缺水！
⚠️ 第48天，村民1883食物耗尽！
⚠️ 第48天，村民1883缺水！
⚠️ 第48天，村民1884食物耗尽！
⚠️ 第48天，村民1884缺水！
⚠️ 第48天，村民1885食物耗尽！
⚠️ 第48天，村民1885缺水！
⚠️ 第48天，村民1886食物耗尽！
⚠️ 第48天，村民1886缺水！
⚠️ 第48天，村民1887食物耗尽！
⚠️ 第48天，村民1887缺水！
⚠️ 第48天，村民1888食物耗尽！
⚠️ 第48天，村民1888缺水！
⚠️ 第48天，村民1889食物耗尽！
⚠️ 第48天，村民1889缺水！
⚠️ 第48天，村民1890食物耗尽！
⚠️ 第48天，村民1890缺水！
⚠️ 第48天，村民1891食物耗尽！
⚠️ 第48天，村民1891缺水！
⚠️ 第48天，村民1892食物耗尽！
⚠️ 第48天，村民1892缺水！
⚠️ 第48天，村民1893食物耗尽！
⚠️ 第48天，村民1893缺水！
⚠️ 第48天，村民1894食物耗尽！
⚠️ 第48天，村民1894缺水！
⚠️ 第48天，村民1895食物耗尽！
⚠️ 第48天，村民1895缺水！
⚠️ 第48天，村民1896食物耗尽！
⚠️ 第48天，村民1896缺水！
⚠️ 第48天，村民1897食物耗尽！
⚠️ 第48天，村民1897缺水！
⚠️ 第48天，村民1898食物耗尽！
⚠️ 第48天，村民1898缺水！
⚠️ 第48天，村民1899食物耗尽！
⚠️ 第48天，村民1899缺水！
⚠️ 第48天，村民1900食物耗尽！
⚠️ 第48天，村民1900缺水！
⚠️ 第48天，村民1901食物耗尽！
⚠️ 第48天，村民1901缺水！
⚠️ 第48天，村民1902食物耗尽！
⚠️ 第48天，村民1902缺水！
⚠️ 第48天，村民1903食物耗尽！
⚠️ 第48天，村民1903缺水！
⚠️ 第48天，村民1904食物耗尽！
⚠️ 第48天，村民1904缺水！
⚠️ 第48天，村民1905食物耗尽！
⚠️ 第48天，村民1905缺水！
⚠️ 第48天，村民1906食物耗尽！
⚠️ 第48天，村民1906缺水！
⚠️ 第48天，村民1907食物耗尽！
⚠️ 第48天，村民1907缺水！
⚠️ 第48天，村民1908食物耗尽！
⚠️ 第48天，村民1908缺水！
⚠️ 第48天，村民1909食物耗尽！
⚠️ 第48天，村民1909缺水！
⚠️ 第48天，村民1910食物耗尽！
⚠️ 第48天，村民1910缺水！
⚠️ 第48天，村民1911食物耗尽！
⚠️ 第48天，村民1911缺水！
⚠️ 第48天，村民1912食物耗尽！
⚠️ 第48天，村民1912缺水！
⚠️ 第48天，村民1913食物耗尽！
⚠️ 第48天，村民1913缺水！
⚠️ 第48天，村民1914食物耗尽！
⚠️ 第48天，村民1914缺水！
⚠️ 第48天，村民1915食物耗尽！
⚠️ 第48天，村民1915缺水！
⚠️ 第48天，村民1916食物耗尽！
⚠️ 第48天，村民1916缺水！
⚠️ 第48天，村民1917食物耗尽！
⚠️ 第48天，村民1917缺水！
⚠️ 第48天，村民1918食物耗尽！
⚠️ 第48天，村民1918缺水！
⚠️ 第48天，村民1919食物耗尽！
⚠️ 第48天，村民1919缺水！
⚠️ 第48天，村民1920食物耗尽！
⚠️ 第48天，村民1920缺水！
⚠️ 第48天，村民1921食物耗尽！
⚠️ 第48天，村民1921缺水！
⚠️ 第48天，村民1922食物耗尽！
⚠️ 第48天，村民1922缺水！
⚠️ 第48天，村民1923食物耗尽！
⚠️ 第48天，村民1923缺水！
⚠️ 第48天，村民1924食物耗尽！
⚠️ 第48天，村民1924缺水！
⚠️ 第48天，村民1925食物耗尽！
⚠️ 第48天，村民1925缺水！
⚠️ 第48天，村民1926食物耗尽！
⚠️ 第48天，村民1926缺水！
⚠️ 第48天，村民1927食物耗尽！
⚠️ 第48天，村民1927缺水！
⚠️ 第48天，村民1928食物耗尽！
⚠️ 第48天，村民1928缺水！
⚠️ 第48天，村民1929食物耗尽！
⚠️ 第48天，村民1929缺水！
⚠️ 第48天，村民1930食物耗尽！
⚠️ 第48天，村民1930缺水！
⚠️ 第48天，村民1931食物耗尽！
⚠️ 第48天，村民1931缺水！
⚠️ 第48天，村民1932食物耗尽！
⚠️ 第48天，村民1932缺水！
⚠️ 第48天，村民1933食物耗尽！
⚠️ 第48天，村民1933缺水！
⚠️ 第48天，村民1934食物耗尽！
⚠️ 第48天，村民1934缺水！
⚠️ 第48天，村民1935食物耗尽！
⚠️ 第48天，村民1935缺水！
⚠️ 第48天，村民1936食物耗尽！
⚠️ 第48天，村民1936缺水！
⚠️ 第48天，村民1937食物耗尽！
⚠️ 第48天，村民1937缺水！
⚠️ 第48天，村民1938食物耗尽！
⚠️ 第48天，村民1938缺水！
⚠️ 第48天，村民1939食物耗尽！
⚠️ 第48天，村民1939缺水！
⚠️ 第48天，村民1940食物耗尽！
⚠️ 第48天，村民1940缺水！
⚠️ 第48天，村民1941食物耗尽！
⚠️ 第48天，村民1941缺水！
⚠️ 第48天，村民1942食物耗尽！
⚠️ 第48天，村民1942缺水！
⚠️ 第48天，村民1943食物耗尽！
⚠️ 第48天，村民1943缺水！
⚠️ 第48天，村民1944食物耗尽！
⚠️ 第48天，村民1944缺水！
⚠️ 第48天，村民1945食物耗尽！
⚠️ 第48天，村民1945缺水！
⚠️ 第48天，村民1946食物耗尽！
⚠️ 第48天，村民1946缺水！
⚠️ 第48天，村民1947食物耗尽！
⚠️ 第48天，村民1947缺水！
⚠️ 第48天，村民1948食物耗尽！
⚠️ 第48天，村民1948缺水！
⚠️ 第48天，村民1949食物耗尽！
⚠️ 第48天，村民1949缺水！
⚠️ 第48天，村民1950食物耗尽！
⚠️ 第48天，村民1950缺水！
⚠️ 第48天，村民1951食物耗尽！
⚠️ 第48天，村民1951缺水！
⚠️ 第48天，村民1952食物耗尽！
⚠️ 第48天，村民1952缺水！
⚠️ 第48天，村民1953食物耗尽！
⚠️ 第48天，村民1953缺水！
⚠️ 第48天，村民1954食物耗尽！
⚠️ 第48天，村民1954缺水！
⚠️ 第48天，村民1955食物耗尽！
⚠️ 第48天，村民1955缺水！
⚠️ 第48天，村民1956食物耗尽！
⚠️ 第48天，村民1956缺水！
⚠️ 第48天，村民1957食物耗尽！
⚠️ 第48天，村民1957缺水！
⚠️ 第48天，村民1958食物耗尽！
⚠️ 第48天，村民1958缺水！
⚠️ 第48天，村民1959食物耗尽！
⚠️ 第48天，村民1959缺水！
⚠️ 第48天，村民1960食物耗尽！
⚠️ 第48天，村民1960缺水！
⚠️ 第48天，村民1961食物耗尽！
⚠️ 第48天，村民1961缺水！
⚠️ 第48天，村民1962食物耗尽！
⚠️ 第48天，村民1962缺水！
⚠️ 第48天，村民1963食物耗尽！
⚠️ 第48天，村民1963缺水！
⚠️ 第48天，村民1964食物耗尽！
⚠️ 第48天，村民1964缺水！
⚠️ 第48天，村民1965食物耗尽！
⚠️ 第48天，村民1965缺水！
⚠️ 第48天，村民1966食物耗尽！
⚠️ 第48天，村民1966缺水！
⚠️ 第48天，村民1967食物耗尽！
⚠️ 第48天，村民1967缺水！
⚠️ 第48天，村民1968食物耗尽！
⚠️ 第48天，村民1968缺水！
⚠️ 第48天，村民1969食物耗尽！
⚠️ 第48天，村民1969缺水！
⚠️ 第48天，村民1970食物耗尽！
⚠️ 第48天，村民1970缺水！
⚠️ 第48天，村民1971食物耗尽！
⚠️ 第48天，村民1971缺水！
⚠️ 第48天，村民1972食物耗尽！
⚠️ 第48天，村民1972缺水！
⚠️ 第48天，村民1973食物耗尽！
⚠️ 第48天，村民1973缺水！
⚠️ 第48天，村民1974食物耗尽！
⚠️ 第48天，村民1974缺水！
⚠️ 第48天，村民1975食物耗尽！
⚠️ 第48天，村民1975缺水！
⚠️ 第48天，村民1976食物耗尽！
⚠️ 第48天，村民1976缺水！
⚠️ 第48天，村民1977食物耗尽！
⚠️ 第48天，村民1977缺水！
⚠️ 第48天，村民1978食物耗尽！
⚠️ 第48天，村民1978缺水！
⚠️ 第48天，村民1979食物耗尽！
⚠️ 第48天，村民1979缺水！
⚠️ 第48天，村民1980食物耗尽！
⚠️ 第48天，村民1980缺水！
⚠️ 第48天，村民1981食物耗尽！
⚠️ 第48天，村民1981缺水！
⚠️ 第48天，村民1982食物耗尽！
⚠️ 第48天，村民1982缺水！
⚠️ 第48天，村民1983食物耗尽！
⚠️ 第48天，村民1983缺水！
⚠️ 第48天，村民1984食物耗尽！
⚠️ 第48天，村民1984缺水！
⚠️ 第48天，村民1985食物耗尽！
⚠️ 第48天，村民1985缺水！
⚠️ 第48天，村民1986食物耗尽！
⚠️ 第48天，村民1986缺水！
⚠️ 第48天，村民1987食物耗尽！
⚠️ 第48天，村民1987缺水！
⚠️ 第48天，村民1988食物耗尽！
⚠️ 第48天，村民1988缺水！
⚠️ 第48天，村民1989食物耗尽！
⚠️ 第48天，村民1989缺水！
⚠️ 第48天，村民1990食物耗尽！
⚠️ 第48天，村民1990缺水！
⚠️ 第48天，村民1991食物耗尽！
⚠️ 第48天，村民1991缺水！
⚠️ 第48天，村民1992食物耗尽！
⚠️ 第48天，村民1992缺水！
⚠️ 第48天，村民1993食物耗尽！
⚠️ 第48天，村民1993缺水！
⚠️ 第48天，村民1994食物耗尽！
⚠️ 第48天，村民1994缺水！
⚠️ 第48天，村民1995食物耗尽！
⚠️ 第48天，村民1995缺水！
⚠️ 第48天，村民1996食物耗尽！
⚠️ 第48天，村民1996缺水！
⚠️ 第48天，村民1997食物耗尽！
⚠️ 第48天，村民1997缺水！
⚠️ 第48天，村民1998食物耗尽！
⚠️ 第48天，村民1998缺水！
⚠️ 第48天，村民1999食物耗尽！
⚠️ 第48天，村民1999缺水！
⚠️ 第48天，村民2000食物耗尽！
⚠️ 第48天，村民2000缺水！
📊 第49天结束：当前村庄共有 2000 人存活。
⚠️ 第49天，村民1食物耗尽！
⚠️ 第49天，村民1缺水！
⚠️ 第49天，村民2食物耗尽！
⚠️ 第49天，村民2缺水！
⚠️ 第49天，村民3食物耗尽！
⚠️ 第49天，村民3缺水！
⚠️ 第49天，村民4食物耗尽！
⚠️ 第49天，村民4缺水！
⚠️ 第49天，村民5食物耗尽！
⚠️ 第49天，村民5缺水！
⚠️ 第49天，村民6食物耗尽！
⚠️ 第49天，村民6缺水！
⚠️ 第49天，村民7食物耗尽！
⚠️ 第49天，村民7缺水！
⚠️ 第49天，村民8食物耗尽！
⚠️ 第49天，村民8缺水！
⚠️ 第49天，村民9食物耗尽！
⚠️ 第49天，村民9缺水！
⚠️ 第49天，村民10食物耗尽！
⚠️ 第49天，村民10缺水！
⚠️ 第49天，村民11食物耗尽！
⚠️ 第49天，村民11缺水！
⚠️ 第49天，村民12食物耗尽！
⚠️ 第49天，村民12缺水！
⚠️ 第49天，村民13食物耗尽！
⚠️ 第49天，村民13缺水！
⚠️ 第49天，村民14食物耗尽！
⚠️ 第49天，村民14缺水！
⚠️ 第49天，村民15食物耗尽！
⚠️ 第49天，村民15缺水！
⚠️ 第49天，村民16食物耗尽！
⚠️ 第49天，村民16缺水！
⚠️ 第49天，村民17食物耗尽！
⚠️ 第49天，村民17缺水！
⚠️ 第49天，村民18食物耗尽！
⚠️ 第49天，村民18缺水！
⚠️ 第49天，村民19食物耗尽！
⚠️ 第49天，村民19缺水！
⚠️ 第49天，村民20食物耗尽！
⚠️ 第49天，村民20缺水！
⚠️ 第49天，村民21食物耗尽！
⚠️ 第49天，村民21缺水！
⚠️ 第49天，村民22食物耗尽！
⚠️ 第49天，村民22缺水！
⚠️ 第49天，村民23食物耗尽！
⚠️ 第49天，村民23缺水！
⚠️ 第49天，村民24食物耗尽！
⚠️ 第49天，村民24缺水！
⚠️ 第49天，村民25食物耗尽！
⚠️ 第49天，村民25缺水！
⚠️ 第49天，村民26食物耗尽！
⚠️ 第49天，村民26缺水！
⚠️ 第49天，村民27食物耗尽！
⚠️ 第49天，村民27缺水！
⚠️ 第49天，村民28食物耗尽！
⚠️ 第49天，村民28缺水！
⚠️ 第49天，村民29食物耗尽！
⚠️ 第49天，村民29缺水！
⚠️ 第49天，村民30食物耗尽！
⚠️ 第49天，村民30缺水！
⚠️ 第49天，村民31食物耗尽！
⚠️ 第49天，村民31缺水！
⚠️ 第49天，村民32食物耗尽！
⚠️ 第49天，村民32缺水！
⚠️ 第49天，村民33食物耗尽！
⚠️ 第49天，村民33缺水！
⚠️ 第49天，村民34食物耗尽！
⚠️ 第49天，村民34缺水！
⚠️ 第49天，村民35食物耗尽！
⚠️ 第49天，村民35缺水！
⚠️ 第49天，村民36食物耗尽！
⚠️ 第49天，村民36缺水！
⚠️ 第49天，村民37食物耗尽！
⚠️ 第49天，村民37缺水！
⚠️ 第49天，村民38食物耗尽！
⚠️ 第49天，村民38缺水！
⚠️ 第49天，村民39食物耗尽！
⚠️ 第49天，村民39缺水！
⚠️ 第49天，村民40食物耗尽！
⚠️ 第49天，村民40缺水！
⚠️ 第49天，村民41食物耗尽！
⚠️ 第49天，村民41缺水！
⚠️ 第49天，村民42食物耗尽！
⚠️ 第49天，村民42缺水！
⚠️ 第49天，村民43食物耗尽！
⚠️ 第49天，村民43缺水！
⚠️ 第49天，村民44食物耗尽！
⚠️ 第49天，村民44缺水！
⚠️ 第49天，村民45食物耗尽！
⚠️ 第49天，村民45缺水！
⚠️ 第49天，村民46食物耗尽！
⚠️ 第49天，村民46缺水！
⚠️ 第49天，村民47食物耗尽！
⚠️ 第49天，村民47缺水！
⚠️ 第49天，村民48食物耗尽！
⚠️ 第49天，村民48缺水！
⚠️ 第49天，村民49食物耗尽！
⚠️ 第49天，村民49缺水！
⚠️ 第49天，村民50食物耗尽！
⚠️ 第49天，村民50缺水！
⚠️ 第49天，村民51食物耗尽！
⚠️ 第49天，村民51缺水！
⚠️ 第49天，村民52食物耗尽！
⚠️ 第49天，村民52缺水！
⚠️ 第49天，村民53食物耗尽！
⚠️ 第49天，村民53缺水！
⚠️ 第49天，村民54食物耗尽！
⚠️ 第49天，村民54缺水！
⚠️ 第49天，村民55食物耗尽！
⚠️ 第49天，村民55缺水！
⚠️ 第49天，村民56食物耗尽！
⚠️ 第49天，村民56缺水！
⚠️ 第49天，村民57食物耗尽！
⚠️ 第49天，村民57缺水！
⚠️ 第49天，村民58食物耗尽！
⚠️ 第49天，村民58缺水！
⚠️ 第49天，村民59食物耗尽！
⚠️ 第49天，村民59缺水！
⚠️ 第49天，村民60食物耗尽！
⚠️ 第49天，村民60缺水！
⚠️ 第49天，村民61食物耗尽！
⚠️ 第49天，村民61缺水！
⚠️ 第49天，村民62食物耗尽！
⚠️ 第49天，村民62缺水！
⚠️ 第49天，村民63食物耗尽！
⚠️ 第49天，村民63缺水！
⚠️ 第49天，村民64食物耗尽！
⚠️ 第49天，村民64缺水！
⚠️ 第49天，村民65食物耗尽！
⚠️ 第49天，村民65缺水！
⚠️ 第49天，村民66食物耗尽！
⚠️ 第49天，村民66缺水！
⚠️ 第49天，村民67食物耗尽！
⚠️ 第49天，村民67缺水！
⚠️ 第49天，村民68食物耗尽！
⚠️ 第49天，村民68缺水！
⚠️ 第49天，村民69食物耗尽！
⚠️ 第49天，村民69缺水！
⚠️ 第49天，村民70食物耗尽！
⚠️ 第49天，村民70缺水！
⚠️ 第49天，村民71食物耗尽！
⚠️ 第49天，村民71缺水！
⚠️ 第49天，村民72食物耗尽！
⚠️ 第49天，村民72缺水！
⚠️ 第49天，村民73食物耗尽！
⚠️ 第49天，村民73缺水！
⚠️ 第49天，村民74食物耗尽！
⚠️ 第49天，村民74缺水！
⚠️ 第49天，村民75食物耗尽！
⚠️ 第49天，村民75缺水！
⚠️ 第49天，村民76食物耗尽！
⚠️ 第49天，村民76缺水！
⚠️ 第49天，村民77食物耗尽！
⚠️ 第49天，村民77缺水！
⚠️ 第49天，村民78食物耗尽！
⚠️ 第49天，村民78缺水！
⚠️ 第49天，村民79食物耗尽！
⚠️ 第49天，村民79缺水！
⚠️ 第49天，村民80食物耗尽！
⚠️ 第49天，村民80缺水！
⚠️ 第49天，村民81食物耗尽！
⚠️ 第49天，村民81缺水！
⚠️ 第49天，村民82食物耗尽！
⚠️ 第49天，村民82缺水！
⚠️ 第49天，村民83食物耗尽！
⚠️ 第49天，村民83缺水！
⚠️ 第49天，村民84食物耗尽！
⚠️ 第49天，村民84缺水！
⚠️ 第49天，村民85食物耗尽！
⚠️ 第49天，村民85缺水！
⚠️ 第49天，村民86食物耗尽！
⚠️ 第49天，村民86缺水！
⚠️ 第49天，村民87食物耗尽！
⚠️ 第49天，村民87缺水！
⚠️ 第49天，村民88食物耗尽！
⚠️ 第49天，村民88缺水！
⚠️ 第49天，村民89食物耗尽！
⚠️ 第49天，村民89缺水！
⚠️ 第49天，村民90食物耗尽！
⚠️ 第49天，村民90缺水！
⚠️ 第49天，村民91食物耗尽！
⚠️ 第49天，村民91缺水！
⚠️ 第49天，村民92食物耗尽！
⚠️ 第49天，村民92缺水！
⚠️ 第49天，村民93食物耗尽！
⚠️ 第49天，村民93缺水！
⚠️ 第49天，村民94食物耗尽！
⚠️ 第49天，村民94缺水！
⚠️ 第49天，村民95食物耗尽！
⚠️ 第49天，村民95缺水！
⚠️ 第49天，村民96食物耗尽！
⚠️ 第49天，村民96缺水！
⚠️ 第49天，村民97食物耗尽！
⚠️ 第49天，村民97缺水！
⚠️ 第49天，村民98食物耗尽！
⚠️ 第49天，村民98缺水！
⚠️ 第49天，村民99食物耗尽！
⚠️ 第49天，村民99缺水！
⚠️ 第49天，村民100食物耗尽！
⚠️ 第49天，村民100缺水！
⚠️ 第49天，村民101食物耗尽！
⚠️ 第49天，村民101缺水！
⚠️ 第49天，村民102食物耗尽！
⚠️ 第49天，村民102缺水！
⚠️ 第49天，村民103食物耗尽！
⚠️ 第49天，村民103缺水！
⚠️ 第49天，村民104食物耗尽！
⚠️ 第49天，村民104缺水！
⚠️ 第49天，村民105食物耗尽！
⚠️ 第49天，村民105缺水！
⚠️ 第49天，村民106食物耗尽！
⚠️ 第49天，村民106缺水！
⚠️ 第49天，村民107食物耗尽！
⚠️ 第49天，村民107缺水！
⚠️ 第49天，村民108食物耗尽！
⚠️ 第49天，村民108缺水！
⚠️ 第49天，村民109食物耗尽！
⚠️ 第49天，村民109缺水！
⚠️ 第49天，村民110食物耗尽！
⚠️ 第49天，村民110缺水！
⚠️ 第49天，村民111食物耗尽！
⚠️ 第49天，村民111缺水！
⚠️ 第49天，村民112食物耗尽！
⚠️ 第49天，村民112缺水！
⚠️ 第49天，村民113食物耗尽！
⚠️ 第49天，村民113缺水！
⚠️ 第49天，村民114食物耗尽！
⚠️ 第49天，村民114缺水！
⚠️ 第49天，村民115食物耗尽！
⚠️ 第49天，村民115缺水！
⚠️ 第49天，村民116食物耗尽！
⚠️ 第49天，村民116缺水！
⚠️ 第49天，村民117食物耗尽！
⚠️ 第49天，村民117缺水！
⚠️ 第49天，村民118食物耗尽！
⚠️ 第49天，村民118缺水！
⚠️ 第49天，村民119食物耗尽！
⚠️ 第49天，村民119缺水！
⚠️ 第49天，村民120食物耗尽！
⚠️ 第49天，村民120缺水！
⚠️ 第49天，村民121食物耗尽！
⚠️ 第49天，村民121缺水！
⚠️ 第49天，村民122食物耗尽！
⚠️ 第49天，村民122缺水！
⚠️ 第49天，村民123食物耗尽！
⚠️ 第49天，村民123缺水！
⚠️ 第49天，村民124食物耗尽！
⚠️ 第49天，村民124缺水！
⚠️ 第49天，村民125食物耗尽！
⚠️ 第49天，村民125缺水！
⚠️ 第49天，村民126食物耗尽！
⚠️ 第49天，村民126缺水！
⚠️ 第49天，村民127食物耗尽！
⚠️ 第49天，村民127缺水！
⚠️ 第49天，村民128食物耗尽！
⚠️ 第49天，村民128缺水！
⚠️ 第49天，村民129食物耗尽！
⚠️ 第49天，村民129缺水！
⚠️ 第49天，村民130食物耗尽！
⚠️ 第49天，村民130缺水！
⚠️ 第49天，村民131食物耗尽！
⚠️ 第49天，村民131缺水！
⚠️ 第49天，村民132食物耗尽！
⚠️ 第49天，村民132缺水！
⚠️ 第49天，村民133食物耗尽！
⚠️ 第49天，村民133缺水！
⚠️ 第49天，村民134食物耗尽！
⚠️ 第49天，村民134缺水！
⚠️ 第49天，村民135食物耗尽！
⚠️ 第49天，村民135缺水！
⚠️ 第49天，村民136食物耗尽！
⚠️ 第49天，村民136缺水！
⚠️ 第49天，村民137食物耗尽！
⚠️ 第49天，村民137缺水！
⚠️ 第49天，村民138食物耗尽！
⚠️ 第49天，村民138缺水！
⚠️ 第49天，村民139食物耗尽！
⚠️ 第49天，村民139缺水！
⚠️ 第49天，村民140食物耗尽！
⚠️ 第49天，村民140缺水！
⚠️ 第49天，村民141食物耗尽！
⚠️ 第49天，村民141缺水！
⚠️ 第49天，村民142食物耗尽！
⚠️ 第49天，村民142缺水！
⚠️ 第49天，村民143食物耗尽！
⚠️ 第49天，村民143缺水！
⚠️ 第49天，村民144食物耗尽！
⚠️ 第49天，村民144缺水！
⚠️ 第49天，村民145食物耗尽！
⚠️ 第49天，村民145缺水！
⚠️ 第49天，村民146食物耗尽！
⚠️ 第49天，村民146缺水！
⚠️ 第49天，村民147食物耗尽！
⚠️ 第49天，村民147缺水！
⚠️ 第49天，村民148食物耗尽！
⚠️ 第49天，村民148缺水！
⚠️ 第49天，村民149食物耗尽！
⚠️ 第49天，村民149缺水！
⚠️ 第49天，村民150食物耗尽！
⚠️ 第49天，村民150缺水！
⚠️ 第49天，村民151食物耗尽！
⚠️ 第49天，村民151缺水！
⚠️ 第49天，村民152食物耗尽！
⚠️ 第49天，村民152缺水！
⚠️ 第49天，村民153食物耗尽！
⚠️ 第49天，村民153缺水！
⚠️ 第49天，村民154食物耗尽！
⚠️ 第49天，村民154缺水！
⚠️ 第49天，村民155食物耗尽！
⚠️ 第49天，村民155缺水！
⚠️ 第49天，村民156食物耗尽！
⚠️ 第49天，村民156缺水！
⚠️ 第49天，村民157食物耗尽！
⚠️ 第49天，村民157缺水！
⚠️ 第49天，村民158食物耗尽！
⚠️ 第49天，村民158缺水！
⚠️ 第49天，村民159食物耗尽！
⚠️ 第49天，村民159缺水！
⚠️ 第49天，村民160食物耗尽！
⚠️ 第49天，村民160缺水！
⚠️ 第49天，村民161食物耗尽！
⚠️ 第49天，村民161缺水！
⚠️ 第49天，村民162食物耗尽！
⚠️ 第49天，村民162缺水！
⚠️ 第49天，村民163食物耗尽！
⚠️ 第49天，村民163缺水！
⚠️ 第49天，村民164食物耗尽！
⚠️ 第49天，村民164缺水！
⚠️ 第49天，村民165食物耗尽！
⚠️ 第49天，村民165缺水！
⚠️ 第49天，村民166食物耗尽！
⚠️ 第49天，村民166缺水！
⚠️ 第49天，村民167食物耗尽！
⚠️ 第49天，村民167缺水！
⚠️ 第49天，村民168食物耗尽！
⚠️ 第49天，村民168缺水！
⚠️ 第49天，村民169食物耗尽！
⚠️ 第49天，村民169缺水！
⚠️ 第49天，村民170食物耗尽！
⚠️ 第49天，村民170缺水！
⚠️ 第49天，村民171食物耗尽！
⚠️ 第49天，村民171缺水！
⚠️ 第49天，村民172食物耗尽！
⚠️ 第49天，村民172缺水！
⚠️ 第49天，村民173食物耗尽！
⚠️ 第49天，村民173缺水！
⚠️ 第49天，村民174食物耗尽！
⚠️ 第49天，村民174缺水！
⚠️ 第49天，村民175食物耗尽！
⚠️ 第49天，村民175缺水！
⚠️ 第49天，村民176食物耗尽！
⚠️ 第49天，村民176缺水！
⚠️ 第49天，村民177食物耗尽！
⚠️ 第49天，村民177缺水！
⚠️ 第49天，村民178食物耗尽！
⚠️ 第49天，村民178缺水！
⚠️ 第49天，村民179食物耗尽！
⚠️ 第49天，村民179缺水！
⚠️ 第49天，村民180食物耗尽！
⚠️ 第49天，村民180缺水！
⚠️ 第49天，村民181食物耗尽！
⚠️ 第49天，村民181缺水！
⚠️ 第49天，村民182食物耗尽！
⚠️ 第49天，村民182缺水！
⚠️ 第49天，村民183食物耗尽！
⚠️ 第49天，村民183缺水！
⚠️ 第49天，村民184食物耗尽！
⚠️ 第49天，村民184缺水！
⚠️ 第49天，村民185食物耗尽！
⚠️ 第49天，村民185缺水！
⚠️ 第49天，村民186食物耗尽！
⚠️ 第49天，村民186缺水！
⚠️ 第49天，村民187食物耗尽！
⚠️ 第49天，村民187缺水！
⚠️ 第49天，村民188食物耗尽！
⚠️ 第49天，村民188缺水！
⚠️ 第49天，村民189食物耗尽！
⚠️ 第49天，村民189缺水！
⚠️ 第49天，村民190食物耗尽！
⚠️ 第49天，村民190缺水！
⚠️ 第49天，村民191食物耗尽！
⚠️ 第49天，村民191缺水！
⚠️ 第49天，村民192食物耗尽！
⚠️ 第49天，村民192缺水！
⚠️ 第49天，村民193食物耗尽！
⚠️ 第49天，村民193缺水！
⚠️ 第49天，村民194食物耗尽！
⚠️ 第49天，村民194缺水！
⚠️ 第49天，村民195食物耗尽！
⚠️ 第49天，村民195缺水！
⚠️ 第49天，村民196食物耗尽！
⚠️ 第49天，村民196缺水！
⚠️ 第49天，村民197食物耗尽！
⚠️ 第49天，村民197缺水！
⚠️ 第49天，村民198食物耗尽！
⚠️ 第49天，村民198缺水！
⚠️ 第49天，村民199食物耗尽！
⚠️ 第49天，村民199缺水！
⚠️ 第49天，村民200食物耗尽！
⚠️ 第49天，村民200缺水！
⚠️ 第49天，村民201食物耗尽！
⚠️ 第49天，村民201缺水！
⚠️ 第49天，村民202食物耗尽！
⚠️ 第49天，村民202缺水！
⚠️ 第49天，村民203食物耗尽！
⚠️ 第49天，村民203缺水！
⚠️ 第49天，村民204食物耗尽！
⚠️ 第49天，村民204缺水！
⚠️ 第49天，村民205食物耗尽！
⚠️ 第49天，村民205缺水！
⚠️ 第49天，村民206食物耗尽！
⚠️ 第49天，村民206缺水！
⚠️ 第49天，村民207食物耗尽！
⚠️ 第49天，村民207缺水！
⚠️ 第49天，村民208食物耗尽！
⚠️ 第49天，村民208缺水！
⚠️ 第49天，村民209食物耗尽！
⚠️ 第49天，村民209缺水！
⚠️ 第49天，村民210食物耗尽！
⚠️ 第49天，村民210缺水！
⚠️ 第49天，村民211食物耗尽！
⚠️ 第49天，村民211缺水！
⚠️ 第49天，村民212食物耗尽！
⚠️ 第49天，村民212缺水！
⚠️ 第49天，村民213食物耗尽！
⚠️ 第49天，村民213缺水！
⚠️ 第49天，村民214食物耗尽！
⚠️ 第49天，村民214缺水！
⚠️ 第49天，村民215食物耗尽！
⚠️ 第49天，村民215缺水！
⚠️ 第49天，村民216食物耗尽！
⚠️ 第49天，村民216缺水！
⚠️ 第49天，村民217食物耗尽！
⚠️ 第49天，村民217缺水！
⚠️ 第49天，村民218食物耗尽！
⚠️ 第49天，村民218缺水！
⚠️ 第49天，村民219食物耗尽！
⚠️ 第49天，村民219缺水！
⚠️ 第49天，村民220食物耗尽！
⚠️ 第49天，村民220缺水！
⚠️ 第49天，村民221食物耗尽！
⚠️ 第49天，村民221缺水！
⚠️ 第49天，村民222食物耗尽！
⚠️ 第49天，村民222缺水！
⚠️ 第49天，村民223食物耗尽！
⚠️ 第49天，村民223缺水！
⚠️ 第49天，村民224食物耗尽！
⚠️ 第49天，村民224缺水！
⚠️ 第49天，村民225食物耗尽！
⚠️ 第49天，村民225缺水！
⚠️ 第49天，村民226食物耗尽！
⚠️ 第49天，村民226缺水！
⚠️ 第49天，村民227食物耗尽！
⚠️ 第49天，村民227缺水！
⚠️ 第49天，村民228食物耗尽！
⚠️ 第49天，村民228缺水！
⚠️ 第49天，村民229食物耗尽！
⚠️ 第49天，村民229缺水！
⚠️ 第49天，村民230食物耗尽！
⚠️ 第49天，村民230缺水！
⚠️ 第49天，村民231食物耗尽！
⚠️ 第49天，村民231缺水！
⚠️ 第49天，村民232食物耗尽！
⚠️ 第49天，村民232缺水！
⚠️ 第49天，村民233食物耗尽！
⚠️ 第49天，村民233缺水！
⚠️ 第49天，村民234食物耗尽！
⚠️ 第49天，村民234缺水！
⚠️ 第49天，村民235食物耗尽！
⚠️ 第49天，村民235缺水！
⚠️ 第49天，村民236食物耗尽！
⚠️ 第49天，村民236缺水！
⚠️ 第49天，村民237食物耗尽！
⚠️ 第49天，村民237缺水！
⚠️ 第49天，村民238食物耗尽！
⚠️ 第49天，村民238缺水！
⚠️ 第49天，村民239食物耗尽！
⚠️ 第49天，村民239缺水！
⚠️ 第49天，村民240食物耗尽！
⚠️ 第49天，村民240缺水！
⚠️ 第49天，村民241食物耗尽！
⚠️ 第49天，村民241缺水！
⚠️ 第49天，村民242食物耗尽！
⚠️ 第49天，村民242缺水！
⚠️ 第49天，村民243食物耗尽！
⚠️ 第49天，村民243缺水！
⚠️ 第49天，村民244食物耗尽！
⚠️ 第49天，村民244缺水！
⚠️ 第49天，村民245食物耗尽！
⚠️ 第49天，村民245缺水！
⚠️ 第49天，村民246食物耗尽！
⚠️ 第49天，村民246缺水！
⚠️ 第49天，村民247食物耗尽！
⚠️ 第49天，村民247缺水！
⚠️ 第49天，村民248食物耗尽！
⚠️ 第49天，村民248缺水！
⚠️ 第49天，村民249食物耗尽！
⚠️ 第49天，村民249缺水！
⚠️ 第49天，村民250食物耗尽！
⚠️ 第49天，村民250缺水！
⚠️ 第49天，村民251食物耗尽！
⚠️ 第49天，村民251缺水！
⚠️ 第49天，村民252食物耗尽！
⚠️ 第49天，村民252缺水！
⚠️ 第49天，村民253食物耗尽！
⚠️ 第49天，村民253缺水！
⚠️ 第49天，村民254食物耗尽！
⚠️ 第49天，村民254缺水！
⚠️ 第49天，村民255食物耗尽！
⚠️ 第49天，村民255缺水！
⚠️ 第49天，村民256食物耗尽！
⚠️ 第49天，村民256缺水！
⚠️ 第49天，村民257食物耗尽！
⚠️ 第49天，村民257缺水！
⚠️ 第49天，村民258食物耗尽！
⚠️ 第49天，村民258缺水！
⚠️ 第49天，村民259食物耗尽！
⚠️ 第49天，村民259缺水！
⚠️ 第49天，村民260食物耗尽！
⚠️ 第49天，村民260缺水！
⚠️ 第49天，村民261食物耗尽！
⚠️ 第49天，村民261缺水！
⚠️ 第49天，村民262食物耗尽！
⚠️ 第49天，村民262缺水！
⚠️ 第49天，村民263食物耗尽！
⚠️ 第49天，村民263缺水！
⚠️ 第49天，村民264食物耗尽！
⚠️ 第49天，村民264缺水！
⚠️ 第49天，村民265食物耗尽！
⚠️ 第49天，村民265缺水！
⚠️ 第49天，村民266食物耗尽！
⚠️ 第49天，村民266缺水！
⚠️ 第49天，村民267食物耗尽！
⚠️ 第49天，村民267缺水！
⚠️ 第49天，村民268食物耗尽！
⚠️ 第49天，村民268缺水！
⚠️ 第49天，村民269食物耗尽！
⚠️ 第49天，村民269缺水！
⚠️ 第49天，村民270食物耗尽！
⚠️ 第49天，村民270缺水！
⚠️ 第49天，村民271食物耗尽！
⚠️ 第49天，村民271缺水！
⚠️ 第49天，村民272食物耗尽！
⚠️ 第49天，村民272缺水！
⚠️ 第49天，村民273食物耗尽！
⚠️ 第49天，村民273缺水！
⚠️ 第49天，村民274食物耗尽！
⚠️ 第49天，村民274缺水！
⚠️ 第49天，村民275食物耗尽！
⚠️ 第49天，村民275缺水！
⚠️ 第49天，村民276食物耗尽！
⚠️ 第49天，村民276缺水！
⚠️ 第49天，村民277食物耗尽！
⚠️ 第49天，村民277缺水！
⚠️ 第49天，村民278食物耗尽！
⚠️ 第49天，村民278缺水！
⚠️ 第49天，村民279食物耗尽！
⚠️ 第49天，村民279缺水！
⚠️ 第49天，村民280食物耗尽！
⚠️ 第49天，村民280缺水！
⚠️ 第49天，村民281食物耗尽！
⚠️ 第49天，村民281缺水！
⚠️ 第49天，村民282食物耗尽！
⚠️ 第49天，村民282缺水！
⚠️ 第49天，村民283食物耗尽！
⚠️ 第49天，村民283缺水！
⚠️ 第49天，村民284食物耗尽！
⚠️ 第49天，村民284缺水！
⚠️ 第49天，村民285食物耗尽！
⚠️ 第49天，村民285缺水！
⚠️ 第49天，村民286食物耗尽！
⚠️ 第49天，村民286缺水！
⚠️ 第49天，村民287食物耗尽！
⚠️ 第49天，村民287缺水！
⚠️ 第49天，村民288食物耗尽！
⚠️ 第49天，村民288缺水！
⚠️ 第49天，村民289食物耗尽！
⚠️ 第49天，村民289缺水！
⚠️ 第49天，村民290食物耗尽！
⚠️ 第49天，村民290缺水！
⚠️ 第49天，村民291食物耗尽！
⚠️ 第49天，村民291缺水！
⚠️ 第49天，村民292食物耗尽！
⚠️ 第49天，村民292缺水！
⚠️ 第49天，村民293食物耗尽！
⚠️ 第49天，村民293缺水！
⚠️ 第49天，村民294食物耗尽！
⚠️ 第49天，村民294缺水！
⚠️ 第49天，村民295食物耗尽！
⚠️ 第49天，村民295缺水！
⚠️ 第49天，村民296食物耗尽！
⚠️ 第49天，村民296缺水！
⚠️ 第49天，村民297食物耗尽！
⚠️ 第49天，村民297缺水！
⚠️ 第49天，村民298食物耗尽！
⚠️ 第49天，村民298缺水！
⚠️ 第49天，村民299食物耗尽！
⚠️ 第49天，村民299缺水！
⚠️ 第49天，村民300食物耗尽！
⚠️ 第49天，村民300缺水！
⚠️ 第49天，村民301食物耗尽！
⚠️ 第49天，村民301缺水！
⚠️ 第49天，村民302食物耗尽！
⚠️ 第49天，村民302缺水！
⚠️ 第49天，村民303食物耗尽！
⚠️ 第49天，村民303缺水！
⚠️ 第49天，村民304食物耗尽！
⚠️ 第49天，村民304缺水！
⚠️ 第49天，村民305食物耗尽！
⚠️ 第49天，村民305缺水！
⚠️ 第49天，村民306食物耗尽！
⚠️ 第49天，村民306缺水！
⚠️ 第49天，村民307食物耗尽！
⚠️ 第49天，村民307缺水！
⚠️ 第49天，村民308食物耗尽！
⚠️ 第49天，村民308缺水！
⚠️ 第49天，村民309食物耗尽！
⚠️ 第49天，村民309缺水！
⚠️ 第49天，村民310食物耗尽！
⚠️ 第49天，村民310缺水！
⚠️ 第49天，村民311食物耗尽！
⚠️ 第49天，村民311缺水！
⚠️ 第49天，村民312食物耗尽！
⚠️ 第49天，村民312缺水！
⚠️ 第49天，村民313食物耗尽！
⚠️ 第49天，村民313缺水！
⚠️ 第49天，村民314食物耗尽！
⚠️ 第49天，村民314缺水！
⚠️ 第49天，村民315食物耗尽！
⚠️ 第49天，村民315缺水！
⚠️ 第49天，村民316食物耗尽！
⚠️ 第49天，村民316缺水！
⚠️ 第49天，村民317食物耗尽！
⚠️ 第49天，村民317缺水！
⚠️ 第49天，村民318食物耗尽！
⚠️ 第49天，村民318缺水！
⚠️ 第49天，村民319食物耗尽！
⚠️ 第49天，村民319缺水！
⚠️ 第49天，村民320食物耗尽！
⚠️ 第49天，村民320缺水！
⚠️ 第49天，村民321食物耗尽！
⚠️ 第49天，村民321缺水！
⚠️ 第49天，村民322食物耗尽！
⚠️ 第49天，村民322缺水！
⚠️ 第49天，村民323食物耗尽！
⚠️ 第49天，村民323缺水！
⚠️ 第49天，村民324食物耗尽！
⚠️ 第49天，村民324缺水！
⚠️ 第49天，村民325食物耗尽！
⚠️ 第49天，村民325缺水！
⚠️ 第49天，村民326食物耗尽！
⚠️ 第49天，村民326缺水！
⚠️ 第49天，村民327食物耗尽！
⚠️ 第49天，村民327缺水！
⚠️ 第49天，村民328食物耗尽！
⚠️ 第49天，村民328缺水！
⚠️ 第49天，村民329食物耗尽！
⚠️ 第49天，村民329缺水！
⚠️ 第49天，村民330食物耗尽！
⚠️ 第49天，村民330缺水！
⚠️ 第49天，村民331食物耗尽！
⚠️ 第49天，村民331缺水！
⚠️ 第49天，村民332食物耗尽！
⚠️ 第49天，村民332缺水！
⚠️ 第49天，村民333食物耗尽！
⚠️ 第49天，村民333缺水！
⚠️ 第49天，村民334食物耗尽！
⚠️ 第49天，村民334缺水！
⚠️ 第49天，村民335食物耗尽！
⚠️ 第49天，村民335缺水！
⚠️ 第49天，村民336食物耗尽！
⚠️ 第49天，村民336缺水！
⚠️ 第49天，村民337食物耗尽！
⚠️ 第49天，村民337缺水！
⚠️ 第49天，村民338食物耗尽！
⚠️ 第49天，村民338缺水！
⚠️ 第49天，村民339食物耗尽！
⚠️ 第49天，村民339缺水！
⚠️ 第49天，村民340食物耗尽！
⚠️ 第49天，村民340缺水！
⚠️ 第49天，村民341食物耗尽！
⚠️ 第49天，村民341缺水！
⚠️ 第49天，村民342食物耗尽！
⚠️ 第49天，村民342缺水！
⚠️ 第49天，村民343食物耗尽！
⚠️ 第49天，村民343缺水！
⚠️ 第49天，村民344食物耗尽！
⚠️ 第49天，村民344缺水！
⚠️ 第49天，村民345食物耗尽！
⚠️ 第49天，村民345缺水！
⚠️ 第49天，村民346食物耗尽！
⚠️ 第49天，村民346缺水！
⚠️ 第49天，村民347食物耗尽！
⚠️ 第49天，村民347缺水！
⚠️ 第49天，村民348食物耗尽！
⚠️ 第49天，村民348缺水！
⚠️ 第49天，村民349食物耗尽！
⚠️ 第49天，村民349缺水！
⚠️ 第49天，村民350食物耗尽！
⚠️ 第49天，村民350缺水！
⚠️ 第49天，村民351食物耗尽！
⚠️ 第49天，村民351缺水！
⚠️ 第49天，村民352食物耗尽！
⚠️ 第49天，村民352缺水！
⚠️ 第49天，村民353食物耗尽！
⚠️ 第49天，村民353缺水！
⚠️ 第49天，村民354食物耗尽！
⚠️ 第49天，村民354缺水！
⚠️ 第49天，村民355食物耗尽！
⚠️ 第49天，村民355缺水！
⚠️ 第49天，村民356食物耗尽！
⚠️ 第49天，村民356缺水！
⚠️ 第49天，村民357食物耗尽！
⚠️ 第49天，村民357缺水！
⚠️ 第49天，村民358食物耗尽！
⚠️ 第49天，村民358缺水！
⚠️ 第49天，村民359食物耗尽！
⚠️ 第49天，村民359缺水！
⚠️ 第49天，村民360食物耗尽！
⚠️ 第49天，村民360缺水！
⚠️ 第49天，村民361食物耗尽！
⚠️ 第49天，村民361缺水！
⚠️ 第49天，村民362食物耗尽！
⚠️ 第49天，村民362缺水！
⚠️ 第49天，村民363食物耗尽！
⚠️ 第49天，村民363缺水！
⚠️ 第49天，村民364食物耗尽！
⚠️ 第49天，村民364缺水！
⚠️ 第49天，村民365食物耗尽！
⚠️ 第49天，村民365缺水！
⚠️ 第49天，村民366食物耗尽！
⚠️ 第49天，村民366缺水！
⚠️ 第49天，村民367食物耗尽！
⚠️ 第49天，村民367缺水！
⚠️ 第49天，村民368食物耗尽！
⚠️ 第49天，村民368缺水！
⚠️ 第49天，村民369食物耗尽！
⚠️ 第49天，村民369缺水！
⚠️ 第49天，村民370食物耗尽！
⚠️ 第49天，村民370缺水！
⚠️ 第49天，村民371食物耗尽！
⚠️ 第49天，村民371缺水！
⚠️ 第49天，村民372食物耗尽！
⚠️ 第49天，村民372缺水！
⚠️ 第49天，村民373食物耗尽！
⚠️ 第49天，村民373缺水！
⚠️ 第49天，村民374食物耗尽！
⚠️ 第49天，村民374缺水！
⚠️ 第49天，村民375食物耗尽！
⚠️ 第49天，村民375缺水！
⚠️ 第49天，村民376食物耗尽！
⚠️ 第49天，村民376缺水！
⚠️ 第49天，村民377食物耗尽！
⚠️ 第49天，村民377缺水！
⚠️ 第49天，村民378食物耗尽！
⚠️ 第49天，村民378缺水！
⚠️ 第49天，村民379食物耗尽！
⚠️ 第49天，村民379缺水！
⚠️ 第49天，村民380食物耗尽！
⚠️ 第49天，村民380缺水！
⚠️ 第49天，村民381食物耗尽！
⚠️ 第49天，村民381缺水！
⚠️ 第49天，村民382食物耗尽！
⚠️ 第49天，村民382缺水！
⚠️ 第49天，村民383食物耗尽！
⚠️ 第49天，村民383缺水！
⚠️ 第49天，村民384食物耗尽！
⚠️ 第49天，村民384缺水！
⚠️ 第49天，村民385食物耗尽！
⚠️ 第49天，村民385缺水！
⚠️ 第49天，村民386食物耗尽！
⚠️ 第49天，村民386缺水！
⚠️ 第49天，村民387食物耗尽！
⚠️ 第49天，村民387缺水！
⚠️ 第49天，村民388食物耗尽！
⚠️ 第49天，村民388缺水！
⚠️ 第49天，村民389食物耗尽！
⚠️ 第49天，村民389缺水！
⚠️ 第49天，村民390食物耗尽！
⚠️ 第49天，村民390缺水！
⚠️ 第49天，村民391食物耗尽！
⚠️ 第49天，村民391缺水！
⚠️ 第49天，村民392食物耗尽！
⚠️ 第49天，村民392缺水！
⚠️ 第49天，村民393食物耗尽！
⚠️ 第49天，村民393缺水！
⚠️ 第49天，村民394食物耗尽！
⚠️ 第49天，村民394缺水！
⚠️ 第49天，村民395食物耗尽！
⚠️ 第49天，村民395缺水！
⚠️ 第49天，村民396食物耗尽！
⚠️ 第49天，村民396缺水！
⚠️ 第49天，村民397食物耗尽！
⚠️ 第49天，村民397缺水！
⚠️ 第49天，村民398食物耗尽！
⚠️ 第49天，村民398缺水！
⚠️ 第49天，村民399食物耗尽！
⚠️ 第49天，村民399缺水！
⚠️ 第49天，村民400食物耗尽！
⚠️ 第49天，村民400缺水！
⚠️ 第49天，村民401食物耗尽！
⚠️ 第49天，村民401缺水！
⚠️ 第49天，村民402食物耗尽！
⚠️ 第49天，村民402缺水！
⚠️ 第49天，村民403食物耗尽！
⚠️ 第49天，村民403缺水！
⚠️ 第49天，村民404食物耗尽！
⚠️ 第49天，村民404缺水！
⚠️ 第49天，村民405食物耗尽！
⚠️ 第49天，村民405缺水！
⚠️ 第49天，村民406食物耗尽！
⚠️ 第49天，村民406缺水！
⚠️ 第49天，村民407食物耗尽！
⚠️ 第49天，村民407缺水！
⚠️ 第49天，村民408食物耗尽！
⚠️ 第49天，村民408缺水！
⚠️ 第49天，村民409食物耗尽！
⚠️ 第49天，村民409缺水！
⚠️ 第49天，村民410食物耗尽！
⚠️ 第49天，村民410缺水！
⚠️ 第49天，村民411食物耗尽！
⚠️ 第49天，村民411缺水！
⚠️ 第49天，村民412食物耗尽！
⚠️ 第49天，村民412缺水！
⚠️ 第49天，村民413食物耗尽！
⚠️ 第49天，村民413缺水！
⚠️ 第49天，村民414食物耗尽！
⚠️ 第49天，村民414缺水！
⚠️ 第49天，村民415食物耗尽！
⚠️ 第49天，村民415缺水！
⚠️ 第49天，村民416食物耗尽！
⚠️ 第49天，村民416缺水！
⚠️ 第49天，村民417食物耗尽！
⚠️ 第49天，村民417缺水！
⚠️ 第49天，村民418食物耗尽！
⚠️ 第49天，村民418缺水！
⚠️ 第49天，村民419食物耗尽！
⚠️ 第49天，村民419缺水！
⚠️ 第49天，村民420食物耗尽！
⚠️ 第49天，村民420缺水！
⚠️ 第49天，村民421食物耗尽！
⚠️ 第49天，村民421缺水！
⚠️ 第49天，村民422食物耗尽！
⚠️ 第49天，村民422缺水！
⚠️ 第49天，村民423食物耗尽！
⚠️ 第49天，村民423缺水！
⚠️ 第49天，村民424食物耗尽！
⚠️ 第49天，村民424缺水！
⚠️ 第49天，村民425食物耗尽！
⚠️ 第49天，村民425缺水！
⚠️ 第49天，村民426食物耗尽！
⚠️ 第49天，村民426缺水！
⚠️ 第49天，村民427食物耗尽！
⚠️ 第49天，村民427缺水！
⚠️ 第49天，村民428食物耗尽！
⚠️ 第49天，村民428缺水！
⚠️ 第49天，村民429食物耗尽！
⚠️ 第49天，村民429缺水！
⚠️ 第49天，村民430食物耗尽！
⚠️ 第49天，村民430缺水！
⚠️ 第49天，村民431食物耗尽！
⚠️ 第49天，村民431缺水！
⚠️ 第49天，村民432食物耗尽！
⚠️ 第49天，村民432缺水！
⚠️ 第49天，村民433食物耗尽！
⚠️ 第49天，村民433缺水！
⚠️ 第49天，村民434食物耗尽！
⚠️ 第49天，村民434缺水！
⚠️ 第49天，村民435食物耗尽！
⚠️ 第49天，村民435缺水！
⚠️ 第49天，村民436食物耗尽！
⚠️ 第49天，村民436缺水！
⚠️ 第49天，村民437食物耗尽！
⚠️ 第49天，村民437缺水！
⚠️ 第49天，村民438食物耗尽！
⚠️ 第49天，村民438缺水！
⚠️ 第49天，村民439食物耗尽！
⚠️ 第49天，村民439缺水！
⚠️ 第49天，村民440食物耗尽！
⚠️ 第49天，村民440缺水！
⚠️ 第49天，村民441食物耗尽！
⚠️ 第49天，村民441缺水！
⚠️ 第49天，村民442食物耗尽！
⚠️ 第49天，村民442缺水！
⚠️ 第49天，村民443食物耗尽！
⚠️ 第49天，村民443缺水！
⚠️ 第49天，村民444食物耗尽！
⚠️ 第49天，村民444缺水！
⚠️ 第49天，村民445食物耗尽！
⚠️ 第49天，村民445缺水！
⚠️ 第49天，村民446食物耗尽！
⚠️ 第49天，村民446缺水！
⚠️ 第49天，村民447食物耗尽！
⚠️ 第49天，村民447缺水！
⚠️ 第49天，村民448食物耗尽！
⚠️ 第49天，村民448缺水！
⚠️ 第49天，村民449食物耗尽！
⚠️ 第49天，村民449缺水！
⚠️ 第49天，村民450食物耗尽！
⚠️ 第49天，村民450缺水！
⚠️ 第49天，村民451食物耗尽！
⚠️ 第49天，村民451缺水！
⚠️ 第49天，村民452食物耗尽！
⚠️ 第49天，村民452缺水！
⚠️ 第49天，村民453食物耗尽！
⚠️ 第49天，村民453缺水！
⚠️ 第49天，村民454食物耗尽！
⚠️ 第49天，村民454缺水！
⚠️ 第49天，村民455食物耗尽！
⚠️ 第49天，村民455缺水！
⚠️ 第49天，村民456食物耗尽！
⚠️ 第49天，村民456缺水！
⚠️ 第49天，村民457食物耗尽！
⚠️ 第49天，村民457缺水！
⚠️ 第49天，村民458食物耗尽！
⚠️ 第49天，村民458缺水！
⚠️ 第49天，村民459食物耗尽！
⚠️ 第49天，村民459缺水！
⚠️ 第49天，村民460食物耗尽！
⚠️ 第49天，村民460缺水！
⚠️ 第49天，村民461食物耗尽！
⚠️ 第49天，村民461缺水！
⚠️ 第49天，村民462食物耗尽！
⚠️ 第49天，村民462缺水！
⚠️ 第49天，村民463食物耗尽！
⚠️ 第49天，村民463缺水！
⚠️ 第49天，村民464食物耗尽！
⚠️ 第49天，村民464缺水！
⚠️ 第49天，村民465食物耗尽！
⚠️ 第49天，村民465缺水！
⚠️ 第49天，村民466食物耗尽！
⚠️ 第49天，村民466缺水！
⚠️ 第49天，村民467食物耗尽！
⚠️ 第49天，村民467缺水！
⚠️ 第49天，村民468食物耗尽！
⚠️ 第49天，村民468缺水！
⚠️ 第49天，村民469食物耗尽！
⚠️ 第49天，村民469缺水！
⚠️ 第49天，村民470食物耗尽！
⚠️ 第49天，村民470缺水！
⚠️ 第49天，村民471食物耗尽！
⚠️ 第49天，村民471缺水！
⚠️ 第49天，村民472食物耗尽！
⚠️ 第49天，村民472缺水！
⚠️ 第49天，村民473食物耗尽！
⚠️ 第49天，村民473缺水！
⚠️ 第49天，村民474食物耗尽！
⚠️ 第49天，村民474缺水！
⚠️ 第49天，村民475食物耗尽！
⚠️ 第49天，村民475缺水！
⚠️ 第49天，村民476食物耗尽！
⚠️ 第49天，村民476缺水！
⚠️ 第49天，村民477食物耗尽！
⚠️ 第49天，村民477缺水！
⚠️ 第49天，村民478食物耗尽！
⚠️ 第49天，村民478缺水！
⚠️ 第49天，村民479食物耗尽！
⚠️ 第49天，村民479缺水！
⚠️ 第49天，村民480食物耗尽！
⚠️ 第49天，村民480缺水！
⚠️ 第49天，村民481食物耗尽！
⚠️ 第49天，村民481缺水！
⚠️ 第49天，村民482食物耗尽！
⚠️ 第49天，村民482缺水！
⚠️ 第49天，村民483食物耗尽！
⚠️ 第49天，村民483缺水！
⚠️ 第49天，村民484食物耗尽！
⚠️ 第49天，村民484缺水！
⚠️ 第49天，村民485食物耗尽！
⚠️ 第49天，村民485缺水！
⚠️ 第49天，村民486食物耗尽！
⚠️ 第49天，村民486缺水！
⚠️ 第49天，村民487食物耗尽！
⚠️ 第49天，村民487缺水！
⚠️ 第49天，村民488食物耗尽！
⚠️ 第49天，村民488缺水！
⚠️ 第49天，村民489食物耗尽！
⚠️ 第49天，村民489缺水！
⚠️ 第49天，村民490食物耗尽！
⚠️ 第49天，村民490缺水！
⚠️ 第49天，村民491食物耗尽！
⚠️ 第49天，村民491缺水！
⚠️ 第49天，村民492食物耗尽！
⚠️ 第49天，村民492缺水！
⚠️ 第49天，村民493食物耗尽！
⚠️ 第49天，村民493缺水！
⚠️ 第49天，村民494食物耗尽！
⚠️ 第49天，村民494缺水！
⚠️ 第49天，村民495食物耗尽！
⚠️ 第49天，村民495缺水！
⚠️ 第49天，村民496食物耗尽！
⚠️ 第49天，村民496缺水！
⚠️ 第49天，村民497食物耗尽！
⚠️ 第49天，村民497缺水！
⚠️ 第49天，村民498食物耗尽！
⚠️ 第49天，村民498缺水！
⚠️ 第49天，村民499食物耗尽！
⚠️ 第49天，村民499缺水！
⚠️ 第49天，村民500食物耗尽！
⚠️ 第49天，村民500缺水！
⚠️ 第49天，村民501食物耗尽！
⚠️ 第49天，村民501缺水！
⚠️ 第49天，村民502食物耗尽！
⚠️ 第49天，村民502缺水！
⚠️ 第49天，村民503食物耗尽！
⚠️ 第49天，村民503缺水！
⚠️ 第49天，村民504食物耗尽！
⚠️ 第49天，村民504缺水！
⚠️ 第49天，村民505食物耗尽！
⚠️ 第49天，村民505缺水！
⚠️ 第49天，村民506食物耗尽！
⚠️ 第49天，村民506缺水！
⚠️ 第49天，村民507食物耗尽！
⚠️ 第49天，村民507缺水！
⚠️ 第49天，村民508食物耗尽！
⚠️ 第49天，村民508缺水！
⚠️ 第49天，村民509食物耗尽！
⚠️ 第49天，村民509缺水！
⚠️ 第49天，村民510食物耗尽！
⚠️ 第49天，村民510缺水！
⚠️ 第49天，村民511食物耗尽！
⚠️ 第49天，村民511缺水！
⚠️ 第49天，村民512食物耗尽！
⚠️ 第49天，村民512缺水！
⚠️ 第49天，村民513食物耗尽！
⚠️ 第49天，村民513缺水！
⚠️ 第49天，村民514食物耗尽！
⚠️ 第49天，村民514缺水！
⚠️ 第49天，村民515食物耗尽！
⚠️ 第49天，村民515缺水！
⚠️ 第49天，村民516食物耗尽！
⚠️ 第49天，村民516缺水！
⚠️ 第49天，村民517食物耗尽！
⚠️ 第49天，村民517缺水！
⚠️ 第49天，村民518食物耗尽！
⚠️ 第49天，村民518缺水！
⚠️ 第49天，村民519食物耗尽！
⚠️ 第49天，村民519缺水！
⚠️ 第49天，村民520食物耗尽！
⚠️ 第49天，村民520缺水！
⚠️ 第49天，村民521食物耗尽！
⚠️ 第49天，村民521缺水！
⚠️ 第49天，村民522食物耗尽！
⚠️ 第49天，村民522缺水！
⚠️ 第49天，村民523食物耗尽！
⚠️ 第49天，村民523缺水！
⚠️ 第49天，村民524食物耗尽！
⚠️ 第49天，村民524缺水！
⚠️ 第49天，村民525食物耗尽！
⚠️ 第49天，村民525缺水！
⚠️ 第49天，村民526食物耗尽！
⚠️ 第49天，村民526缺水！
⚠️ 第49天，村民527食物耗尽！
⚠️ 第49天，村民527缺水！
⚠️ 第49天，村民528食物耗尽！
⚠️ 第49天，村民528缺水！
⚠️ 第49天，村民529食物耗尽！
⚠️ 第49天，村民529缺水！
⚠️ 第49天，村民530食物耗尽！
⚠️ 第49天，村民530缺水！
⚠️ 第49天，村民531食物耗尽！
⚠️ 第49天，村民531缺水！
⚠️ 第49天，村民532食物耗尽！
⚠️ 第49天，村民532缺水！
⚠️ 第49天，村民533食物耗尽！
⚠️ 第49天，村民533缺水！
⚠️ 第49天，村民534食物耗尽！
⚠️ 第49天，村民534缺水！
⚠️ 第49天，村民535食物耗尽！
⚠️ 第49天，村民535缺水！
⚠️ 第49天，村民536食物耗尽！
⚠️ 第49天，村民536缺水！
⚠️ 第49天，村民537食物耗尽！
⚠️ 第49天，村民537缺水！
⚠️ 第49天，村民538食物耗尽！
⚠️ 第49天，村民538缺水！
⚠️ 第49天，村民539食物耗尽！
⚠️ 第49天，村民539缺水！
⚠️ 第49天，村民540食物耗尽！
⚠️ 第49天，村民540缺水！
⚠️ 第49天，村民541食物耗尽！
⚠️ 第49天，村民541缺水！
⚠️ 第49天，村民542食物耗尽！
⚠️ 第49天，村民542缺水！
⚠️ 第49天，村民543食物耗尽！
⚠️ 第49天，村民543缺水！
⚠️ 第49天，村民544食物耗尽！
⚠️ 第49天，村民544缺水！
⚠️ 第49天，村民545食物耗尽！
⚠️ 第49天，村民545缺水！
⚠️ 第49天，村民546食物耗尽！
⚠️ 第49天，村民546缺水！
⚠️ 第49天，村民547食物耗尽！
⚠️ 第49天，村民547缺水！
⚠️ 第49天，村民548食物耗尽！
⚠️ 第49天，村民548缺水！
⚠️ 第49天，村民549食物耗尽！
⚠️ 第49天，村民549缺水！
⚠️ 第49天，村民550食物耗尽！
⚠️ 第49天，村民550缺水！
⚠️ 第49天，村民551食物耗尽！
⚠️ 第49天，村民551缺水！
⚠️ 第49天，村民552食物耗尽！
⚠️ 第49天，村民552缺水！
⚠️ 第49天，村民553食物耗尽！
⚠️ 第49天，村民553缺水！
⚠️ 第49天，村民554食物耗尽！
⚠️ 第49天，村民554缺水！
⚠️ 第49天，村民555食物耗尽！
⚠️ 第49天，村民555缺水！
⚠️ 第49天，村民556食物耗尽！
⚠️ 第49天，村民556缺水！
⚠️ 第49天，村民557食物耗尽！
⚠️ 第49天，村民557缺水！
⚠️ 第49天，村民558食物耗尽！
⚠️ 第49天，村民558缺水！
⚠️ 第49天，村民559食物耗尽！
⚠️ 第49天，村民559缺水！
⚠️ 第49天，村民560食物耗尽！
⚠️ 第49天，村民560缺水！
⚠️ 第49天，村民561食物耗尽！
⚠️ 第49天，村民561缺水！
⚠️ 第49天，村民562食物耗尽！
⚠️ 第49天，村民562缺水！
⚠️ 第49天，村民563食物耗尽！
⚠️ 第49天，村民563缺水！
⚠️ 第49天，村民564食物耗尽！
⚠️ 第49天，村民564缺水！
⚠️ 第49天，村民565食物耗尽！
⚠️ 第49天，村民565缺水！
⚠️ 第49天，村民566食物耗尽！
⚠️ 第49天，村民566缺水！
⚠️ 第49天，村民567食物耗尽！
⚠️ 第49天，村民567缺水！
⚠️ 第49天，村民568食物耗尽！
⚠️ 第49天，村民568缺水！
⚠️ 第49天，村民569食物耗尽！
⚠️ 第49天，村民569缺水！
⚠️ 第49天，村民570食物耗尽！
⚠️ 第49天，村民570缺水！
⚠️ 第49天，村民571食物耗尽！
⚠️ 第49天，村民571缺水！
⚠️ 第49天，村民572食物耗尽！
⚠️ 第49天，村民572缺水！
⚠️ 第49天，村民573食物耗尽！
⚠️ 第49天，村民573缺水！
⚠️ 第49天，村民574食物耗尽！
⚠️ 第49天，村民574缺水！
⚠️ 第49天，村民575食物耗尽！
⚠️ 第49天，村民575缺水！
⚠️ 第49天，村民576食物耗尽！
⚠️ 第49天，村民576缺水！
⚠️ 第49天，村民577食物耗尽！
⚠️ 第49天，村民577缺水！
⚠️ 第49天，村民578食物耗尽！
⚠️ 第49天，村民578缺水！
⚠️ 第49天，村民579食物耗尽！
⚠️ 第49天，村民579缺水！
⚠️ 第49天，村民580食物耗尽！
⚠️ 第49天，村民580缺水！
⚠️ 第49天，村民581食物耗尽！
⚠️ 第49天，村民581缺水！
⚠️ 第49天，村民582食物耗尽！
⚠️ 第49天，村民582缺水！
⚠️ 第49天，村民583食物耗尽！
⚠️ 第49天，村民583缺水！
⚠️ 第49天，村民584食物耗尽！
⚠️ 第49天，村民584缺水！
⚠️ 第49天，村民585食物耗尽！
⚠️ 第49天，村民585缺水！
⚠️ 第49天，村民586食物耗尽！
⚠️ 第49天，村民586缺水！
⚠️ 第49天，村民587食物耗尽！
⚠️ 第49天，村民587缺水！
⚠️ 第49天，村民588食物耗尽！
⚠️ 第49天，村民588缺水！
⚠️ 第49天，村民589食物耗尽！
⚠️ 第49天，村民589缺水！
⚠️ 第49天，村民590食物耗尽！
⚠️ 第49天，村民590缺水！
⚠️ 第49天，村民591食物耗尽！
⚠️ 第49天，村民591缺水！
⚠️ 第49天，村民592食物耗尽！
⚠️ 第49天，村民592缺水！
⚠️ 第49天，村民593食物耗尽！
⚠️ 第49天，村民593缺水！
⚠️ 第49天，村民594食物耗尽！
⚠️ 第49天，村民594缺水！
⚠️ 第49天，村民595食物耗尽！
⚠️ 第49天，村民595缺水！
⚠️ 第49天，村民596食物耗尽！
⚠️ 第49天，村民596缺水！
⚠️ 第49天，村民597食物耗尽！
⚠️ 第49天，村民597缺水！
⚠️ 第49天，村民598食物耗尽！
⚠️ 第49天，村民598缺水！
⚠️ 第49天，村民599食物耗尽！
⚠️ 第49天，村民599缺水！
⚠️ 第49天，村民600食物耗尽！
⚠️ 第49天，村民600缺水！
⚠️ 第49天，村民601食物耗尽！
⚠️ 第49天，村民601缺水！
⚠️ 第49天，村民602食物耗尽！
⚠️ 第49天，村民602缺水！
⚠️ 第49天，村民603食物耗尽！
⚠️ 第49天，村民603缺水！
⚠️ 第49天，村民604食物耗尽！
⚠️ 第49天，村民604缺水！
⚠️ 第49天，村民605食物耗尽！
⚠️ 第49天，村民605缺水！
⚠️ 第49天，村民606食物耗尽！
⚠️ 第49天，村民606缺水！
⚠️ 第49天，村民607食物耗尽！
⚠️ 第49天，村民607缺水！
⚠️ 第49天，村民608食物耗尽！
⚠️ 第49天，村民608缺水！
⚠️ 第49天，村民609食物耗尽！
⚠️ 第49天，村民609缺水！
⚠️ 第49天，村民610食物耗尽！
⚠️ 第49天，村民610缺水！
⚠️ 第49天，村民611食物耗尽！
⚠️ 第49天，村民611缺水！
⚠️ 第49天，村民612食物耗尽！
⚠️ 第49天，村民612缺水！
⚠️ 第49天，村民613食物耗尽！
⚠️ 第49天，村民613缺水！
⚠️ 第49天，村民614食物耗尽！
⚠️ 第49天，村民614缺水！
⚠️ 第49天，村民615食物耗尽！
⚠️ 第49天，村民615缺水！
⚠️ 第49天，村民616食物耗尽！
⚠️ 第49天，村民616缺水！
⚠️ 第49天，村民617食物耗尽！
⚠️ 第49天，村民617缺水！
⚠️ 第49天，村民618食物耗尽！
⚠️ 第49天，村民618缺水！
⚠️ 第49天，村民619食物耗尽！
⚠️ 第49天，村民619缺水！
⚠️ 第49天，村民620食物耗尽！
⚠️ 第49天，村民620缺水！
⚠️ 第49天，村民621食物耗尽！
⚠️ 第49天，村民621缺水！
⚠️ 第49天，村民622食物耗尽！
⚠️ 第49天，村民622缺水！
⚠️ 第49天，村民623食物耗尽！
⚠️ 第49天，村民623缺水！
⚠️ 第49天，村民624食物耗尽！
⚠️ 第49天，村民624缺水！
⚠️ 第49天，村民625食物耗尽！
⚠️ 第49天，村民625缺水！
⚠️ 第49天，村民626食物耗尽！
⚠️ 第49天，村民626缺水！
⚠️ 第49天，村民627食物耗尽！
⚠️ 第49天，村民627缺水！
⚠️ 第49天，村民628食物耗尽！
⚠️ 第49天，村民628缺水！
⚠️ 第49天，村民629食物耗尽！
⚠️ 第49天，村民629缺水！
⚠️ 第49天，村民630食物耗尽！
⚠️ 第49天，村民630缺水！
⚠️ 第49天，村民631食物耗尽！
⚠️ 第49天，村民631缺水！
⚠️ 第49天，村民632食物耗尽！
⚠️ 第49天，村民632缺水！
⚠️ 第49天，村民633食物耗尽！
⚠️ 第49天，村民633缺水！
⚠️ 第49天，村民634食物耗尽！
⚠️ 第49天，村民634缺水！
⚠️ 第49天，村民635食物耗尽！
⚠️ 第49天，村民635缺水！
⚠️ 第49天，村民636食物耗尽！
⚠️ 第49天，村民636缺水！
⚠️ 第49天，村民637食物耗尽！
⚠️ 第49天，村民637缺水！
⚠️ 第49天，村民638食物耗尽！
⚠️ 第49天，村民638缺水！
⚠️ 第49天，村民639食物耗尽！
⚠️ 第49天，村民639缺水！
⚠️ 第49天，村民640食物耗尽！
⚠️ 第49天，村民640缺水！
⚠️ 第49天，村民641食物耗尽！
⚠️ 第49天，村民641缺水！
⚠️ 第49天，村民642食物耗尽！
⚠️ 第49天，村民642缺水！
⚠️ 第49天，村民643食物耗尽！
⚠️ 第49天，村民643缺水！
⚠️ 第49天，村民644食物耗尽！
⚠️ 第49天，村民644缺水！
⚠️ 第49天，村民645食物耗尽！
⚠️ 第49天，村民645缺水！
⚠️ 第49天，村民646食物耗尽！
⚠️ 第49天，村民646缺水！
⚠️ 第49天，村民647食物耗尽！
⚠️ 第49天，村民647缺水！
⚠️ 第49天，村民648食物耗尽！
⚠️ 第49天，村民648缺水！
⚠️ 第49天，村民649食物耗尽！
⚠️ 第49天，村民649缺水！
⚠️ 第49天，村民650食物耗尽！
⚠️ 第49天，村民650缺水！
⚠️ 第49天，村民651食物耗尽！
⚠️ 第49天，村民651缺水！
⚠️ 第49天，村民652食物耗尽！
⚠️ 第49天，村民652缺水！
⚠️ 第49天，村民653食物耗尽！
⚠️ 第49天，村民653缺水！
⚠️ 第49天，村民654食物耗尽！
⚠️ 第49天，村民654缺水！
⚠️ 第49天，村民655食物耗尽！
⚠️ 第49天，村民655缺水！
⚠️ 第49天，村民656食物耗尽！
⚠️ 第49天，村民656缺水！
⚠️ 第49天，村民657食物耗尽！
⚠️ 第49天，村民657缺水！
⚠️ 第49天，村民658食物耗尽！
⚠️ 第49天，村民658缺水！
⚠️ 第49天，村民659食物耗尽！
⚠️ 第49天，村民659缺水！
⚠️ 第49天，村民660食物耗尽！
⚠️ 第49天，村民660缺水！
⚠️ 第49天，村民661食物耗尽！
⚠️ 第49天，村民661缺水！
⚠️ 第49天，村民662食物耗尽！
⚠️ 第49天，村民662缺水！
⚠️ 第49天，村民663食物耗尽！
⚠️ 第49天，村民663缺水！
⚠️ 第49天，村民664食物耗尽！
⚠️ 第49天，村民664缺水！
⚠️ 第49天，村民665食物耗尽！
⚠️ 第49天，村民665缺水！
⚠️ 第49天，村民666食物耗尽！
⚠️ 第49天，村民666缺水！
⚠️ 第49天，村民667食物耗尽！
⚠️ 第49天，村民667缺水！
⚠️ 第49天，村民668食物耗尽！
⚠️ 第49天，村民668缺水！
⚠️ 第49天，村民669食物耗尽！
⚠️ 第49天，村民669缺水！
⚠️ 第49天，村民670食物耗尽！
⚠️ 第49天，村民670缺水！
⚠️ 第49天，村民671食物耗尽！
⚠️ 第49天，村民671缺水！
⚠️ 第49天，村民672食物耗尽！
⚠️ 第49天，村民672缺水！
⚠️ 第49天，村民673食物耗尽！
⚠️ 第49天，村民673缺水！
⚠️ 第49天，村民674食物耗尽！
⚠️ 第49天，村民674缺水！
⚠️ 第49天，村民675食物耗尽！
⚠️ 第49天，村民675缺水！
⚠️ 第49天，村民676食物耗尽！
⚠️ 第49天，村民676缺水！
⚠️ 第49天，村民677食物耗尽！
⚠️ 第49天，村民677缺水！
⚠️ 第49天，村民678食物耗尽！
⚠️ 第49天，村民678缺水！
⚠️ 第49天，村民679食物耗尽！
⚠️ 第49天，村民679缺水！
⚠️ 第49天，村民680食物耗尽！
⚠️ 第49天，村民680缺水！
⚠️ 第49天，村民681食物耗尽！
⚠️ 第49天，村民681缺水！
⚠️ 第49天，村民682食物耗尽！
⚠️ 第49天，村民682缺水！
⚠️ 第49天，村民683食物耗尽！
⚠️ 第49天，村民683缺水！
⚠️ 第49天，村民684食物耗尽！
⚠️ 第49天，村民684缺水！
⚠️ 第49天，村民685食物耗尽！
⚠️ 第49天，村民685缺水！
⚠️ 第49天，村民686食物耗尽！
⚠️ 第49天，村民686缺水！
⚠️ 第49天，村民687食物耗尽！
⚠️ 第49天，村民687缺水！
⚠️ 第49天，村民688食物耗尽！
⚠️ 第49天，村民688缺水！
⚠️ 第49天，村民689食物耗尽！
⚠️ 第49天，村民689缺水！
⚠️ 第49天，村民690食物耗尽！
⚠️ 第49天，村民690缺水！
⚠️ 第49天，村民691食物耗尽！
⚠️ 第49天，村民691缺水！
⚠️ 第49天，村民692食物耗尽！
⚠️ 第49天，村民692缺水！
⚠️ 第49天，村民693食物耗尽！
⚠️ 第49天，村民693缺水！
⚠️ 第49天，村民694食物耗尽！
⚠️ 第49天，村民694缺水！
⚠️ 第49天，村民695食物耗尽！
⚠️ 第49天，村民695缺水！
⚠️ 第49天，村民696食物耗尽！
⚠️ 第49天，村民696缺水！
⚠️ 第49天，村民697食物耗尽！
⚠️ 第49天，村民697缺水！
⚠️ 第49天，村民698食物耗尽！
⚠️ 第49天，村民698缺水！
⚠️ 第49天，村民699食物耗尽！
⚠️ 第49天，村民699缺水！
⚠️ 第49天，村民700食物耗尽！
⚠️ 第49天，村民700缺水！
⚠️ 第49天，村民701食物耗尽！
⚠️ 第49天，村民701缺水！
⚠️ 第49天，村民702食物耗尽！
⚠️ 第49天，村民702缺水！
⚠️ 第49天，村民703食物耗尽！
⚠️ 第49天，村民703缺水！
⚠️ 第49天，村民704食物耗尽！
⚠️ 第49天，村民704缺水！
⚠️ 第49天，村民705食物耗尽！
⚠️ 第49天，村民705缺水！
⚠️ 第49天，村民706食物耗尽！
⚠️ 第49天，村民706缺水！
⚠️ 第49天，村民707食物耗尽！
⚠️ 第49天，村民707缺水！
⚠️ 第49天，村民708食物耗尽！
⚠️ 第49天，村民708缺水！
⚠️ 第49天，村民709食物耗尽！
⚠️ 第49天，村民709缺水！
⚠️ 第49天，村民710食物耗尽！
⚠️ 第49天，村民710缺水！
⚠️ 第49天，村民711食物耗尽！
⚠️ 第49天，村民711缺水！
⚠️ 第49天，村民712食物耗尽！
⚠️ 第49天，村民712缺水！
⚠️ 第49天，村民713食物耗尽！
⚠️ 第49天，村民713缺水！
⚠️ 第49天，村民714食物耗尽！
⚠️ 第49天，村民714缺水！
⚠️ 第49天，村民715食物耗尽！
⚠️ 第49天，村民715缺水！
⚠️ 第49天，村民716食物耗尽！
⚠️ 第49天，村民716缺水！
⚠️ 第49天，村民717食物耗尽！
⚠️ 第49天，村民717缺水！
⚠️ 第49天，村民718食物耗尽！
⚠️ 第49天，村民718缺水！
⚠️ 第49天，村民719食物耗尽！
⚠️ 第49天，村民719缺水！
⚠️ 第49天，村民720食物耗尽！
⚠️ 第49天，村民720缺水！
⚠️ 第49天，村民721食物耗尽！
⚠️ 第49天，村民721缺水！
⚠️ 第49天，村民722食物耗尽！
⚠️ 第49天，村民722缺水！
⚠️ 第49天，村民723食物耗尽！
⚠️ 第49天，村民723缺水！
⚠️ 第49天，村民724食物耗尽！
⚠️ 第49天，村民724缺水！
⚠️ 第49天，村民725食物耗尽！
⚠️ 第49天，村民725缺水！
⚠️ 第49天，村民726食物耗尽！
⚠️ 第49天，村民726缺水！
⚠️ 第49天，村民727食物耗尽！
⚠️ 第49天，村民727缺水！
⚠️ 第49天，村民728食物耗尽！
⚠️ 第49天，村民728缺水！
⚠️ 第49天，村民729食物耗尽！
⚠️ 第49天，村民729缺水！
⚠️ 第49天，村民730食物耗尽！
⚠️ 第49天，村民730缺水！
⚠️ 第49天，村民731食物耗尽！
⚠️ 第49天，村民731缺水！
⚠️ 第49天，村民732食物耗尽！
⚠️ 第49天，村民732缺水！
⚠️ 第49天，村民733食物耗尽！
⚠️ 第49天，村民733缺水！
⚠️ 第49天，村民734食物耗尽！
⚠️ 第49天，村民734缺水！
⚠️ 第49天，村民735食物耗尽！
⚠️ 第49天，村民735缺水！
⚠️ 第49天，村民736食物耗尽！
⚠️ 第49天，村民736缺水！
⚠️ 第49天，村民737食物耗尽！
⚠️ 第49天，村民737缺水！
⚠️ 第49天，村民738食物耗尽！
⚠️ 第49天，村民738缺水！
⚠️ 第49天，村民739食物耗尽！
⚠️ 第49天，村民739缺水！
⚠️ 第49天，村民740食物耗尽！
⚠️ 第49天，村民740缺水！
⚠️ 第49天，村民741食物耗尽！
⚠️ 第49天，村民741缺水！
⚠️ 第49天，村民742食物耗尽！
⚠️ 第49天，村民742缺水！
⚠️ 第49天，村民743食物耗尽！
⚠️ 第49天，村民743缺水！
⚠️ 第49天，村民744食物耗尽！
⚠️ 第49天，村民744缺水！
⚠️ 第49天，村民745食物耗尽！
⚠️ 第49天，村民745缺水！
⚠️ 第49天，村民746食物耗尽！
⚠️ 第49天，村民746缺水！
⚠️ 第49天，村民747食物耗尽！
⚠️ 第49天，村民747缺水！
⚠️ 第49天，村民748食物耗尽！
⚠️ 第49天，村民748缺水！
⚠️ 第49天，村民749食物耗尽！
⚠️ 第49天，村民749缺水！
⚠️ 第49天，村民750食物耗尽！
⚠️ 第49天，村民750缺水！
⚠️ 第49天，村民751食物耗尽！
⚠️ 第49天，村民751缺水！
⚠️ 第49天，村民752食物耗尽！
⚠️ 第49天，村民752缺水！
⚠️ 第49天，村民753食物耗尽！
⚠️ 第49天，村民753缺水！
⚠️ 第49天，村民754食物耗尽！
⚠️ 第49天，村民754缺水！
⚠️ 第49天，村民755食物耗尽！
⚠️ 第49天，村民755缺水！
⚠️ 第49天，村民756食物耗尽！
⚠️ 第49天，村民756缺水！
⚠️ 第49天，村民757食物耗尽！
⚠️ 第49天，村民757缺水！
⚠️ 第49天，村民758食物耗尽！
⚠️ 第49天，村民758缺水！
⚠️ 第49天，村民759食物耗尽！
⚠️ 第49天，村民759缺水！
⚠️ 第49天，村民760食物耗尽！
⚠️ 第49天，村民760缺水！
⚠️ 第49天，村民761食物耗尽！
⚠️ 第49天，村民761缺水！
⚠️ 第49天，村民762食物耗尽！
⚠️ 第49天，村民762缺水！
⚠️ 第49天，村民763食物耗尽！
⚠️ 第49天，村民763缺水！
⚠️ 第49天，村民764食物耗尽！
⚠️ 第49天，村民764缺水！
⚠️ 第49天，村民765食物耗尽！
⚠️ 第49天，村民765缺水！
⚠️ 第49天，村民766食物耗尽！
⚠️ 第49天，村民766缺水！
⚠️ 第49天，村民767食物耗尽！
⚠️ 第49天，村民767缺水！
⚠️ 第49天，村民768食物耗尽！
⚠️ 第49天，村民768缺水！
⚠️ 第49天，村民769食物耗尽！
⚠️ 第49天，村民769缺水！
⚠️ 第49天，村民770食物耗尽！
⚠️ 第49天，村民770缺水！
⚠️ 第49天，村民771食物耗尽！
⚠️ 第49天，村民771缺水！
⚠️ 第49天，村民772食物耗尽！
⚠️ 第49天，村民772缺水！
⚠️ 第49天，村民773食物耗尽！
⚠️ 第49天，村民773缺水！
⚠️ 第49天，村民774食物耗尽！
⚠️ 第49天，村民774缺水！
⚠️ 第49天，村民775食物耗尽！
⚠️ 第49天，村民775缺水！
⚠️ 第49天，村民776食物耗尽！
⚠️ 第49天，村民776缺水！
⚠️ 第49天，村民777食物耗尽！
⚠️ 第49天，村民777缺水！
⚠️ 第49天，村民778食物耗尽！
⚠️ 第49天，村民778缺水！
⚠️ 第49天，村民779食物耗尽！
⚠️ 第49天，村民779缺水！
⚠️ 第49天，村民780食物耗尽！
⚠️ 第49天，村民780缺水！
⚠️ 第49天，村民781食物耗尽！
⚠️ 第49天，村民781缺水！
⚠️ 第49天，村民782食物耗尽！
⚠️ 第49天，村民782缺水！
⚠️ 第49天，村民783食物耗尽！
⚠️ 第49天，村民783缺水！
⚠️ 第49天，村民784食物耗尽！
⚠️ 第49天，村民784缺水！
⚠️ 第49天，村民785食物耗尽！
⚠️ 第49天，村民785缺水！
⚠️ 第49天，村民786食物耗尽！
⚠️ 第49天，村民786缺水！
⚠️ 第49天，村民787食物耗尽！
⚠️ 第49天，村民787缺水！
⚠️ 第49天，村民788食物耗尽！
⚠️ 第49天，村民788缺水！
⚠️ 第49天，村民789食物耗尽！
⚠️ 第49天，村民789缺水！
⚠️ 第49天，村民790食物耗尽！
⚠️ 第49天，村民790缺水！
⚠️ 第49天，村民791食物耗尽！
⚠️ 第49天，村民791缺水！
⚠️ 第49天，村民792食物耗尽！
⚠️ 第49天，村民792缺水！
⚠️ 第49天，村民793食物耗尽！
⚠️ 第49天，村民793缺水！
⚠️ 第49天，村民794食物耗尽！
⚠️ 第49天，村民794缺水！
⚠️ 第49天，村民795食物耗尽！
⚠️ 第49天，村民795缺水！
⚠️ 第49天，村民796食物耗尽！
⚠️ 第49天，村民796缺水！
⚠️ 第49天，村民797食物耗尽！
⚠️ 第49天，村民797缺水！
⚠️ 第49天，村民798食物耗尽！
⚠️ 第49天，村民798缺水！
⚠️ 第49天，村民799食物耗尽！
⚠️ 第49天，村民799缺水！
⚠️ 第49天，村民800食物耗尽！
⚠️ 第49天，村民800缺水！
⚠️ 第49天，村民801食物耗尽！
⚠️ 第49天，村民801缺水！
⚠️ 第49天，村民802食物耗尽！
⚠️ 第49天，村民802缺水！
⚠️ 第49天，村民803食物耗尽！
⚠️ 第49天，村民803缺水！
⚠️ 第49天，村民804食物耗尽！
⚠️ 第49天，村民804缺水！
⚠️ 第49天，村民805食物耗尽！
⚠️ 第49天，村民805缺水！
⚠️ 第49天，村民806食物耗尽！
⚠️ 第49天，村民806缺水！
⚠️ 第49天，村民807食物耗尽！
⚠️ 第49天，村民807缺水！
⚠️ 第49天，村民808食物耗尽！
⚠️ 第49天，村民808缺水！
⚠️ 第49天，村民809食物耗尽！
⚠️ 第49天，村民809缺水！
⚠️ 第49天，村民810食物耗尽！
⚠️ 第49天，村民810缺水！
⚠️ 第49天，村民811食物耗尽！
⚠️ 第49天，村民811缺水！
⚠️ 第49天，村民812食物耗尽！
⚠️ 第49天，村民812缺水！
⚠️ 第49天，村民813食物耗尽！
⚠️ 第49天，村民813缺水！
⚠️ 第49天，村民814食物耗尽！
⚠️ 第49天，村民814缺水！
⚠️ 第49天，村民815食物耗尽！
⚠️ 第49天，村民815缺水！
⚠️ 第49天，村民816食物耗尽！
⚠️ 第49天，村民816缺水！
⚠️ 第49天，村民817食物耗尽！
⚠️ 第49天，村民817缺水！
⚠️ 第49天，村民818食物耗尽！
⚠️ 第49天，村民818缺水！
⚠️ 第49天，村民819食物耗尽！
⚠️ 第49天，村民819缺水！
⚠️ 第49天，村民820食物耗尽！
⚠️ 第49天，村民820缺水！
⚠️ 第49天，村民821食物耗尽！
⚠️ 第49天，村民821缺水！
⚠️ 第49天，村民822食物耗尽！
⚠️ 第49天，村民822缺水！
⚠️ 第49天，村民823食物耗尽！
⚠️ 第49天，村民823缺水！
⚠️ 第49天，村民824食物耗尽！
⚠️ 第49天，村民824缺水！
⚠️ 第49天，村民825食物耗尽！
⚠️ 第49天，村民825缺水！
⚠️ 第49天，村民826食物耗尽！
⚠️ 第49天，村民826缺水！
⚠️ 第49天，村民827食物耗尽！
⚠️ 第49天，村民827缺水！
⚠️ 第49天，村民828食物耗尽！
⚠️ 第49天，村民828缺水！
⚠️ 第49天，村民829食物耗尽！
⚠️ 第49天，村民829缺水！
⚠️ 第49天，村民830食物耗尽！
⚠️ 第49天，村民830缺水！
⚠️ 第49天，村民831食物耗尽！
⚠️ 第49天，村民831缺水！
⚠️ 第49天，村民832食物耗尽！
⚠️ 第49天，村民832缺水！
⚠️ 第49天，村民833食物耗尽！
⚠️ 第49天，村民833缺水！
⚠️ 第49天，村民834食物耗尽！
⚠️ 第49天，村民834缺水！
⚠️ 第49天，村民835食物耗尽！
⚠️ 第49天，村民835缺水！
⚠️ 第49天，村民836食物耗尽！
⚠️ 第49天，村民836缺水！
⚠️ 第49天，村民837食物耗尽！
⚠️ 第49天，村民837缺水！
⚠️ 第49天，村民838食物耗尽！
⚠️ 第49天，村民838缺水！
⚠️ 第49天，村民839食物耗尽！
⚠️ 第49天，村民839缺水！
⚠️ 第49天，村民840食物耗尽！
⚠️ 第49天，村民840缺水！
⚠️ 第49天，村民841食物耗尽！
⚠️ 第49天，村民841缺水！
⚠️ 第49天，村民842食物耗尽！
⚠️ 第49天，村民842缺水！
⚠️ 第49天，村民843食物耗尽！
⚠️ 第49天，村民843缺水！
⚠️ 第49天，村民844食物耗尽！
⚠️ 第49天，村民844缺水！
⚠️ 第49天，村民845食物耗尽！
⚠️ 第49天，村民845缺水！
⚠️ 第49天，村民846食物耗尽！
⚠️ 第49天，村民846缺水！
⚠️ 第49天，村民847食物耗尽！
⚠️ 第49天，村民847缺水！
⚠️ 第49天，村民848食物耗尽！
⚠️ 第49天，村民848缺水！
⚠️ 第49天，村民849食物耗尽！
⚠️ 第49天，村民849缺水！
⚠️ 第49天，村民850食物耗尽！
⚠️ 第49天，村民850缺水！
⚠️ 第49天，村民851食物耗尽！
⚠️ 第49天，村民851缺水！
⚠️ 第49天，村民852食物耗尽！
⚠️ 第49天，村民852缺水！
⚠️ 第49天，村民853食物耗尽！
⚠️ 第49天，村民853缺水！
⚠️ 第49天，村民854食物耗尽！
⚠️ 第49天，村民854缺水！
⚠️ 第49天，村民855食物耗尽！
⚠️ 第49天，村民855缺水！
⚠️ 第49天，村民856食物耗尽！
⚠️ 第49天，村民856缺水！
⚠️ 第49天，村民857食物耗尽！
⚠️ 第49天，村民857缺水！
⚠️ 第49天，村民858食物耗尽！
⚠️ 第49天，村民858缺水！
⚠️ 第49天，村民859食物耗尽！
⚠️ 第49天，村民859缺水！
⚠️ 第49天，村民860食物耗尽！
⚠️ 第49天，村民860缺水！
⚠️ 第49天，村民861食物耗尽！
⚠️ 第49天，村民861缺水！
⚠️ 第49天，村民862食物耗尽！
⚠️ 第49天，村民862缺水！
⚠️ 第49天，村民863食物耗尽！
⚠️ 第49天，村民863缺水！
⚠️ 第49天，村民864食物耗尽！
⚠️ 第49天，村民864缺水！
⚠️ 第49天，村民865食物耗尽！
⚠️ 第49天，村民865缺水！
⚠️ 第49天，村民866食物耗尽！
⚠️ 第49天，村民866缺水！
⚠️ 第49天，村民867食物耗尽！
⚠️ 第49天，村民867缺水！
⚠️ 第49天，村民868食物耗尽！
⚠️ 第49天，村民868缺水！
⚠️ 第49天，村民869食物耗尽！
⚠️ 第49天，村民869缺水！
⚠️ 第49天，村民870食物耗尽！
⚠️ 第49天，村民870缺水！
⚠️ 第49天，村民871食物耗尽！
⚠️ 第49天，村民871缺水！
⚠️ 第49天，村民872食物耗尽！
⚠️ 第49天，村民872缺水！
⚠️ 第49天，村民873食物耗尽！
⚠️ 第49天，村民873缺水！
⚠️ 第49天，村民874食物耗尽！
⚠️ 第49天，村民874缺水！
⚠️ 第49天，村民875食物耗尽！
⚠️ 第49天，村民875缺水！
⚠️ 第49天，村民876食物耗尽！
⚠️ 第49天，村民876缺水！
⚠️ 第49天，村民877食物耗尽！
⚠️ 第49天，村民877缺水！
⚠️ 第49天，村民878食物耗尽！
⚠️ 第49天，村民878缺水！
⚠️ 第49天，村民879食物耗尽！
⚠️ 第49天，村民879缺水！
⚠️ 第49天，村民880食物耗尽！
⚠️ 第49天，村民880缺水！
⚠️ 第49天，村民881食物耗尽！
⚠️ 第49天，村民881缺水！
⚠️ 第49天，村民882食物耗尽！
⚠️ 第49天，村民882缺水！
⚠️ 第49天，村民883食物耗尽！
⚠️ 第49天，村民883缺水！
⚠️ 第49天，村民884食物耗尽！
⚠️ 第49天，村民884缺水！
⚠️ 第49天，村民885食物耗尽！
⚠️ 第49天，村民885缺水！
⚠️ 第49天，村民886食物耗尽！
⚠️ 第49天，村民886缺水！
⚠️ 第49天，村民887食物耗尽！
⚠️ 第49天，村民887缺水！
⚠️ 第49天，村民888食物耗尽！
⚠️ 第49天，村民888缺水！
⚠️ 第49天，村民889食物耗尽！
⚠️ 第49天，村民889缺水！
⚠️ 第49天，村民890食物耗尽！
⚠️ 第49天，村民890缺水！
⚠️ 第49天，村民891食物耗尽！
⚠️ 第49天，村民891缺水！
⚠️ 第49天，村民892食物耗尽！
⚠️ 第49天，村民892缺水！
⚠️ 第49天，村民893食物耗尽！
⚠️ 第49天，村民893缺水！
⚠️ 第49天，村民894食物耗尽！
⚠️ 第49天，村民894缺水！
⚠️ 第49天，村民895食物耗尽！
⚠️ 第49天，村民895缺水！
⚠️ 第49天，村民896食物耗尽！
⚠️ 第49天，村民896缺水！
⚠️ 第49天，村民897食物耗尽！
⚠️ 第49天，村民897缺水！
⚠️ 第49天，村民898食物耗尽！
⚠️ 第49天，村民898缺水！
⚠️ 第49天，村民899食物耗尽！
⚠️ 第49天，村民899缺水！
⚠️ 第49天，村民900食物耗尽！
⚠️ 第49天，村民900缺水！
⚠️ 第49天，村民901食物耗尽！
⚠️ 第49天，村民901缺水！
⚠️ 第49天，村民902食物耗尽！
⚠️ 第49天，村民902缺水！
⚠️ 第49天，村民903食物耗尽！
⚠️ 第49天，村民903缺水！
⚠️ 第49天，村民904食物耗尽！
⚠️ 第49天，村民904缺水！
⚠️ 第49天，村民905食物耗尽！
⚠️ 第49天，村民905缺水！
⚠️ 第49天，村民906食物耗尽！
⚠️ 第49天，村民906缺水！
⚠️ 第49天，村民907食物耗尽！
⚠️ 第49天，村民907缺水！
⚠️ 第49天，村民908食物耗尽！
⚠️ 第49天，村民908缺水！
⚠️ 第49天，村民909食物耗尽！
⚠️ 第49天，村民909缺水！
⚠️ 第49天，村民910食物耗尽！
⚠️ 第49天，村民910缺水！
⚠️ 第49天，村民911食物耗尽！
⚠️ 第49天，村民911缺水！
⚠️ 第49天，村民912食物耗尽！
⚠️ 第49天，村民912缺水！
⚠️ 第49天，村民913食物耗尽！
⚠️ 第49天，村民913缺水！
⚠️ 第49天，村民914食物耗尽！
⚠️ 第49天，村民914缺水！
⚠️ 第49天，村民915食物耗尽！
⚠️ 第49天，村民915缺水！
⚠️ 第49天，村民916食物耗尽！
⚠️ 第49天，村民916缺水！
⚠️ 第49天，村民917食物耗尽！
⚠️ 第49天，村民917缺水！
⚠️ 第49天，村民918食物耗尽！
⚠️ 第49天，村民918缺水！
⚠️ 第49天，村民919食物耗尽！
⚠️ 第49天，村民919缺水！
⚠️ 第49天，村民920食物耗尽！
⚠️ 第49天，村民920缺水！
⚠️ 第49天，村民921食物耗尽！
⚠️ 第49天，村民921缺水！
⚠️ 第49天，村民922食物耗尽！
⚠️ 第49天，村民922缺水！
⚠️ 第49天，村民923食物耗尽！
⚠️ 第49天，村民923缺水！
⚠️ 第49天，村民924食物耗尽！
⚠️ 第49天，村民924缺水！
⚠️ 第49天，村民925食物耗尽！
⚠️ 第49天，村民925缺水！
⚠️ 第49天，村民926食物耗尽！
⚠️ 第49天，村民926缺水！
⚠️ 第49天，村民927食物耗尽！
⚠️ 第49天，村民927缺水！
⚠️ 第49天，村民928食物耗尽！
⚠️ 第49天，村民928缺水！
⚠️ 第49天，村民929食物耗尽！
⚠️ 第49天，村民929缺水！
⚠️ 第49天，村民930食物耗尽！
⚠️ 第49天，村民930缺水！
⚠️ 第49天，村民931食物耗尽！
⚠️ 第49天，村民931缺水！
⚠️ 第49天，村民932食物耗尽！
⚠️ 第49天，村民932缺水！
⚠️ 第49天，村民933食物耗尽！
⚠️ 第49天，村民933缺水！
⚠️ 第49天，村民934食物耗尽！
⚠️ 第49天，村民934缺水！
⚠️ 第49天，村民935食物耗尽！
⚠️ 第49天，村民935缺水！
⚠️ 第49天，村民936食物耗尽！
⚠️ 第49天，村民936缺水！
⚠️ 第49天，村民937食物耗尽！
⚠️ 第49天，村民937缺水！
⚠️ 第49天，村民938食物耗尽！
⚠️ 第49天，村民938缺水！
⚠️ 第49天，村民939食物耗尽！
⚠️ 第49天，村民939缺水！
⚠️ 第49天，村民940食物耗尽！
⚠️ 第49天，村民940缺水！
⚠️ 第49天，村民941食物耗尽！
⚠️ 第49天，村民941缺水！
⚠️ 第49天，村民942食物耗尽！
⚠️ 第49天，村民942缺水！
⚠️ 第49天，村民943食物耗尽！
⚠️ 第49天，村民943缺水！
⚠️ 第49天，村民944食物耗尽！
⚠️ 第49天，村民944缺水！
⚠️ 第49天，村民945食物耗尽！
⚠️ 第49天，村民945缺水！
⚠️ 第49天，村民946食物耗尽！
⚠️ 第49天，村民946缺水！
⚠️ 第49天，村民947食物耗尽！
⚠️ 第49天，村民947缺水！
⚠️ 第49天，村民948食物耗尽！
⚠️ 第49天，村民948缺水！
⚠️ 第49天，村民949食物耗尽！
⚠️ 第49天，村民949缺水！
⚠️ 第49天，村民950食物耗尽！
⚠️ 第49天，村民950缺水！
⚠️ 第49天，村民951食物耗尽！
⚠️ 第49天，村民951缺水！
⚠️ 第49天，村民952食物耗尽！
⚠️ 第49天，村民952缺水！
⚠️ 第49天，村民953食物耗尽！
⚠️ 第49天，村民953缺水！
⚠️ 第49天，村民954食物耗尽！
⚠️ 第49天，村民954缺水！
⚠️ 第49天，村民955食物耗尽！
⚠️ 第49天，村民955缺水！
⚠️ 第49天，村民956食物耗尽！
⚠️ 第49天，村民956缺水！
⚠️ 第49天，村民957食物耗尽！
⚠️ 第49天，村民957缺水！
⚠️ 第49天，村民958食物耗尽！
⚠️ 第49天，村民958缺水！
⚠️ 第49天，村民959食物耗尽！
⚠️ 第49天，村民959缺水！
⚠️ 第49天，村民960食物耗尽！
⚠️ 第49天，村民960缺水！
⚠️ 第49天，村民961食物耗尽！
⚠️ 第49天，村民961缺水！
⚠️ 第49天，村民962食物耗尽！
⚠️ 第49天，村民962缺水！
⚠️ 第49天，村民963食物耗尽！
⚠️ 第49天，村民963缺水！
⚠️ 第49天，村民964食物耗尽！
⚠️ 第49天，村民964缺水！
⚠️ 第49天，村民965食物耗尽！
⚠️ 第49天，村民965缺水！
⚠️ 第49天，村民966食物耗尽！
⚠️ 第49天，村民966缺水！
⚠️ 第49天，村民967食物耗尽！
⚠️ 第49天，村民967缺水！
⚠️ 第49天，村民968食物耗尽！
⚠️ 第49天，村民968缺水！
⚠️ 第49天，村民969食物耗尽！
⚠️ 第49天，村民969缺水！
⚠️ 第49天，村民970食物耗尽！
⚠️ 第49天，村民970缺水！
⚠️ 第49天，村民971食物耗尽！
⚠️ 第49天，村民971缺水！
⚠️ 第49天，村民972食物耗尽！
⚠️ 第49天，村民972缺水！
⚠️ 第49天，村民973食物耗尽！
⚠️ 第49天，村民973缺水！
⚠️ 第49天，村民974食物耗尽！
⚠️ 第49天，村民974缺水！
⚠️ 第49天，村民975食物耗尽！
⚠️ 第49天，村民975缺水！
⚠️ 第49天，村民976食物耗尽！
⚠️ 第49天，村民976缺水！
⚠️ 第49天，村民977食物耗尽！
⚠️ 第49天，村民977缺水！
⚠️ 第49天，村民978食物耗尽！
⚠️ 第49天，村民978缺水！
⚠️ 第49天，村民979食物耗尽！
⚠️ 第49天，村民979缺水！
⚠️ 第49天，村民980食物耗尽！
⚠️ 第49天，村民980缺水！
⚠️ 第49天，村民981食物耗尽！
⚠️ 第49天，村民981缺水！
⚠️ 第49天，村民982食物耗尽！
⚠️ 第49天，村民982缺水！
⚠️ 第49天，村民983食物耗尽！
⚠️ 第49天，村民983缺水！
⚠️ 第49天，村民984食物耗尽！
⚠️ 第49天，村民984缺水！
⚠️ 第49天，村民985食物耗尽！
⚠️ 第49天，村民985缺水！
⚠️ 第49天，村民986食物耗尽！
⚠️ 第49天，村民986缺水！
⚠️ 第49天，村民987食物耗尽！
⚠️ 第49天，村民987缺水！
⚠️ 第49天，村民988食物耗尽！
⚠️ 第49天，村民988缺水！
⚠️ 第49天，村民989食物耗尽！
⚠️ 第49天，村民989缺水！
⚠️ 第49天，村民990食物耗尽！
⚠️ 第49天，村民990缺水！
⚠️ 第49天，村民991食物耗尽！
⚠️ 第49天，村民991缺水！
⚠️ 第49天，村民992食物耗尽！
⚠️ 第49天，村民992缺水！
⚠️ 第49天，村民993食物耗尽！
⚠️ 第49天，村民993缺水！
⚠️ 第49天，村民994食物耗尽！
⚠️ 第49天，村民994缺水！
⚠️ 第49天，村民995食物耗尽！
⚠️ 第49天，村民995缺水！
⚠️ 第49天，村民996食物耗尽！
⚠️ 第49天，村民996缺水！
⚠️ 第49天，村民997食物耗尽！
⚠️ 第49天，村民997缺水！
⚠️ 第49天，村民998食物耗尽！
⚠️ 第49天，村民998缺水！
⚠️ 第49天，村民999食物耗尽！
⚠️ 第49天，村民999缺水！
⚠️ 第49天，村民1000食物耗尽！
⚠️ 第49天，村民1000缺水！
⚠️ 第49天，村民1001食物耗尽！
⚠️ 第49天，村民1001缺水！
⚠️ 第49天，村民1002食物耗尽！
⚠️ 第49天，村民1002缺水！
⚠️ 第49天，村民1003食物耗尽！
⚠️ 第49天，村民1003缺水！
⚠️ 第49天，村民1004食物耗尽！
⚠️ 第49天，村民1004缺水！
⚠️ 第49天，村民1005食物耗尽！
⚠️ 第49天，村民1005缺水！
⚠️ 第49天，村民1006食物耗尽！
⚠️ 第49天，村民1006缺水！
⚠️ 第49天，村民1007食物耗尽！
⚠️ 第49天，村民1007缺水！
⚠️ 第49天，村民1008食物耗尽！
⚠️ 第49天，村民1008缺水！
⚠️ 第49天，村民1009食物耗尽！
⚠️ 第49天，村民1009缺水！
⚠️ 第49天，村民1010食物耗尽！
⚠️ 第49天，村民1010缺水！
⚠️ 第49天，村民1011食物耗尽！
⚠️ 第49天，村民1011缺水！
⚠️ 第49天，村民1012食物耗尽！
⚠️ 第49天，村民1012缺水！
⚠️ 第49天，村民1013食物耗尽！
⚠️ 第49天，村民1013缺水！
⚠️ 第49天，村民1014食物耗尽！
⚠️ 第49天，村民1014缺水！
⚠️ 第49天，村民1015食物耗尽！
⚠️ 第49天，村民1015缺水！
⚠️ 第49天，村民1016食物耗尽！
⚠️ 第49天，村民1016缺水！
⚠️ 第49天，村民1017食物耗尽！
⚠️ 第49天，村民1017缺水！
⚠️ 第49天，村民1018食物耗尽！
⚠️ 第49天，村民1018缺水！
⚠️ 第49天，村民1019食物耗尽！
⚠️ 第49天，村民1019缺水！
⚠️ 第49天，村民1020食物耗尽！
⚠️ 第49天，村民1020缺水！
⚠️ 第49天，村民1021食物耗尽！
⚠️ 第49天，村民1021缺水！
⚠️ 第49天，村民1022食物耗尽！
⚠️ 第49天，村民1022缺水！
⚠️ 第49天，村民1023食物耗尽！
⚠️ 第49天，村民1023缺水！
⚠️ 第49天，村民1024食物耗尽！
⚠️ 第49天，村民1024缺水！
⚠️ 第49天，村民1025食物耗尽！
⚠️ 第49天，村民1025缺水！
⚠️ 第49天，村民1026食物耗尽！
⚠️ 第49天，村民1026缺水！
⚠️ 第49天，村民1027食物耗尽！
⚠️ 第49天，村民1027缺水！
⚠️ 第49天，村民1028食物耗尽！
⚠️ 第49天，村民1028缺水！
⚠️ 第49天，村民1029食物耗尽！
⚠️ 第49天，村民1029缺水！
⚠️ 第49天，村民1030食物耗尽！
⚠️ 第49天，村民1030缺水！
⚠️ 第49天，村民1031食物耗尽！
⚠️ 第49天，村民1031缺水！
⚠️ 第49天，村民1032食物耗尽！
⚠️ 第49天，村民1032缺水！
⚠️ 第49天，村民1033食物耗尽！
⚠️ 第49天，村民1033缺水！
⚠️ 第49天，村民1034食物耗尽！
⚠️ 第49天，村民1034缺水！
⚠️ 第49天，村民1035食物耗尽！
⚠️ 第49天，村民1035缺水！
⚠️ 第49天，村民1036食物耗尽！
⚠️ 第49天，村民1036缺水！
⚠️ 第49天，村民1037食物耗尽！
⚠️ 第49天，村民1037缺水！
⚠️ 第49天，村民1038食物耗尽！
⚠️ 第49天，村民1038缺水！
⚠️ 第49天，村民1039食物耗尽！
⚠️ 第49天，村民1039缺水！
⚠️ 第49天，村民1040食物耗尽！
⚠️ 第49天，村民1040缺水！
⚠️ 第49天，村民1041食物耗尽！
⚠️ 第49天，村民1041缺水！
⚠️ 第49天，村民1042食物耗尽！
⚠️ 第49天，村民1042缺水！
⚠️ 第49天，村民1043食物耗尽！
⚠️ 第49天，村民1043缺水！
⚠️ 第49天，村民1044食物耗尽！
⚠️ 第49天，村民1044缺水！
⚠️ 第49天，村民1045食物耗尽！
⚠️ 第49天，村民1045缺水！
⚠️ 第49天，村民1046食物耗尽！
⚠️ 第49天，村民1046缺水！
⚠️ 第49天，村民1047食物耗尽！
⚠️ 第49天，村民1047缺水！
⚠️ 第49天，村民1048食物耗尽！
⚠️ 第49天，村民1048缺水！
⚠️ 第49天，村民1049食物耗尽！
⚠️ 第49天，村民1049缺水！
⚠️ 第49天，村民1050食物耗尽！
⚠️ 第49天，村民1050缺水！
⚠️ 第49天，村民1051食物耗尽！
⚠️ 第49天，村民1051缺水！
⚠️ 第49天，村民1052食物耗尽！
⚠️ 第49天，村民1052缺水！
⚠️ 第49天，村民1053食物耗尽！
⚠️ 第49天，村民1053缺水！
⚠️ 第49天，村民1054食物耗尽！
⚠️ 第49天，村民1054缺水！
⚠️ 第49天，村民1055食物耗尽！
⚠️ 第49天，村民1055缺水！
⚠️ 第49天，村民1056食物耗尽！
⚠️ 第49天，村民1056缺水！
⚠️ 第49天，村民1057食物耗尽！
⚠️ 第49天，村民1057缺水！
⚠️ 第49天，村民1058食物耗尽！
⚠️ 第49天，村民1058缺水！
⚠️ 第49天，村民1059食物耗尽！
⚠️ 第49天，村民1059缺水！
⚠️ 第49天，村民1060食物耗尽！
⚠️ 第49天，村民1060缺水！
⚠️ 第49天，村民1061食物耗尽！
⚠️ 第49天，村民1061缺水！
⚠️ 第49天，村民1062食物耗尽！
⚠️ 第49天，村民1062缺水！
⚠️ 第49天，村民1063食物耗尽！
⚠️ 第49天，村民1063缺水！
⚠️ 第49天，村民1064食物耗尽！
⚠️ 第49天，村民1064缺水！
⚠️ 第49天，村民1065食物耗尽！
⚠️ 第49天，村民1065缺水！
⚠️ 第49天，村民1066食物耗尽！
⚠️ 第49天，村民1066缺水！
⚠️ 第49天，村民1067食物耗尽！
⚠️ 第49天，村民1067缺水！
⚠️ 第49天，村民1068食物耗尽！
⚠️ 第49天，村民1068缺水！
⚠️ 第49天，村民1069食物耗尽！
⚠️ 第49天，村民1069缺水！
⚠️ 第49天，村民1070食物耗尽！
⚠️ 第49天，村民1070缺水！
⚠️ 第49天，村民1071食物耗尽！
⚠️ 第49天，村民1071缺水！
⚠️ 第49天，村民1072食物耗尽！
⚠️ 第49天，村民1072缺水！
⚠️ 第49天，村民1073食物耗尽！
⚠️ 第49天，村民1073缺水！
⚠️ 第49天，村民1074食物耗尽！
⚠️ 第49天，村民1074缺水！
⚠️ 第49天，村民1075食物耗尽！
⚠️ 第49天，村民1075缺水！
⚠️ 第49天，村民1076食物耗尽！
⚠️ 第49天，村民1076缺水！
⚠️ 第49天，村民1077食物耗尽！
⚠️ 第49天，村民1077缺水！
⚠️ 第49天，村民1078食物耗尽！
⚠️ 第49天，村民1078缺水！
⚠️ 第49天，村民1079食物耗尽！
⚠️ 第49天，村民1079缺水！
⚠️ 第49天，村民1080食物耗尽！
⚠️ 第49天，村民1080缺水！
⚠️ 第49天，村民1081食物耗尽！
⚠️ 第49天，村民1081缺水！
⚠️ 第49天，村民1082食物耗尽！
⚠️ 第49天，村民1082缺水！
⚠️ 第49天，村民1083食物耗尽！
⚠️ 第49天，村民1083缺水！
⚠️ 第49天，村民1084食物耗尽！
⚠️ 第49天，村民1084缺水！
⚠️ 第49天，村民1085食物耗尽！
⚠️ 第49天，村民1085缺水！
⚠️ 第49天，村民1086食物耗尽！
⚠️ 第49天，村民1086缺水！
⚠️ 第49天，村民1087食物耗尽！
⚠️ 第49天，村民1087缺水！
⚠️ 第49天，村民1088食物耗尽！
⚠️ 第49天，村民1088缺水！
⚠️ 第49天，村民1089食物耗尽！
⚠️ 第49天，村民1089缺水！
⚠️ 第49天，村民1090食物耗尽！
⚠️ 第49天，村民1090缺水！
⚠️ 第49天，村民1091食物耗尽！
⚠️ 第49天，村民1091缺水！
⚠️ 第49天，村民1092食物耗尽！
⚠️ 第49天，村民1092缺水！
⚠️ 第49天，村民1093食物耗尽！
⚠️ 第49天，村民1093缺水！
⚠️ 第49天，村民1094食物耗尽！
⚠️ 第49天，村民1094缺水！
⚠️ 第49天，村民1095食物耗尽！
⚠️ 第49天，村民1095缺水！
⚠️ 第49天，村民1096食物耗尽！
⚠️ 第49天，村民1096缺水！
⚠️ 第49天，村民1097食物耗尽！
⚠️ 第49天，村民1097缺水！
⚠️ 第49天，村民1098食物耗尽！
⚠️ 第49天，村民1098缺水！
⚠️ 第49天，村民1099食物耗尽！
⚠️ 第49天，村民1099缺水！
⚠️ 第49天，村民1100食物耗尽！
⚠️ 第49天，村民1100缺水！
⚠️ 第49天，村民1101食物耗尽！
⚠️ 第49天，村民1101缺水！
⚠️ 第49天，村民1102食物耗尽！
⚠️ 第49天，村民1102缺水！
⚠️ 第49天，村民1103食物耗尽！
⚠️ 第49天，村民1103缺水！
⚠️ 第49天，村民1104食物耗尽！
⚠️ 第49天，村民1104缺水！
⚠️ 第49天，村民1105食物耗尽！
⚠️ 第49天，村民1105缺水！
⚠️ 第49天，村民1106食物耗尽！
⚠️ 第49天，村民1106缺水！
⚠️ 第49天，村民1107食物耗尽！
⚠️ 第49天，村民1107缺水！
⚠️ 第49天，村民1108食物耗尽！
⚠️ 第49天，村民1108缺水！
⚠️ 第49天，村民1109食物耗尽！
⚠️ 第49天，村民1109缺水！
⚠️ 第49天，村民1110食物耗尽！
⚠️ 第49天，村民1110缺水！
⚠️ 第49天，村民1111食物耗尽！
⚠️ 第49天，村民1111缺水！
⚠️ 第49天，村民1112食物耗尽！
⚠️ 第49天，村民1112缺水！
⚠️ 第49天，村民1113食物耗尽！
⚠️ 第49天，村民1113缺水！
⚠️ 第49天，村民1114食物耗尽！
⚠️ 第49天，村民1114缺水！
⚠️ 第49天，村民1115食物耗尽！
⚠️ 第49天，村民1115缺水！
⚠️ 第49天，村民1116食物耗尽！
⚠️ 第49天，村民1116缺水！
⚠️ 第49天，村民1117食物耗尽！
⚠️ 第49天，村民1117缺水！
⚠️ 第49天，村民1118食物耗尽！
⚠️ 第49天，村民1118缺水！
⚠️ 第49天，村民1119食物耗尽！
⚠️ 第49天，村民1119缺水！
⚠️ 第49天，村民1120食物耗尽！
⚠️ 第49天，村民1120缺水！
⚠️ 第49天，村民1121食物耗尽！
⚠️ 第49天，村民1121缺水！
⚠️ 第49天，村民1122食物耗尽！
⚠️ 第49天，村民1122缺水！
⚠️ 第49天，村民1123食物耗尽！
⚠️ 第49天，村民1123缺水！
⚠️ 第49天，村民1124食物耗尽！
⚠️ 第49天，村民1124缺水！
⚠️ 第49天，村民1125食物耗尽！
⚠️ 第49天，村民1125缺水！
⚠️ 第49天，村民1126食物耗尽！
⚠️ 第49天，村民1126缺水！
⚠️ 第49天，村民1127食物耗尽！
⚠️ 第49天，村民1127缺水！
⚠️ 第49天，村民1128食物耗尽！
⚠️ 第49天，村民1128缺水！
⚠️ 第49天，村民1129食物耗尽！
⚠️ 第49天，村民1129缺水！
⚠️ 第49天，村民1130食物耗尽！
⚠️ 第49天，村民1130缺水！
⚠️ 第49天，村民1131食物耗尽！
⚠️ 第49天，村民1131缺水！
⚠️ 第49天，村民1132食物耗尽！
⚠️ 第49天，村民1132缺水！
⚠️ 第49天，村民1133食物耗尽！
⚠️ 第49天，村民1133缺水！
⚠️ 第49天，村民1134食物耗尽！
⚠️ 第49天，村民1134缺水！
⚠️ 第49天，村民1135食物耗尽！
⚠️ 第49天，村民1135缺水！
⚠️ 第49天，村民1136食物耗尽！
⚠️ 第49天，村民1136缺水！
⚠️ 第49天，村民1137食物耗尽！
⚠️ 第49天，村民1137缺水！
⚠️ 第49天，村民1138食物耗尽！
⚠️ 第49天，村民1138缺水！
⚠️ 第49天，村民1139食物耗尽！
⚠️ 第49天，村民1139缺水！
⚠️ 第49天，村民1140食物耗尽！
⚠️ 第49天，村民1140缺水！
⚠️ 第49天，村民1141食物耗尽！
⚠️ 第49天，村民1141缺水！
⚠️ 第49天，村民1142食物耗尽！
⚠️ 第49天，村民1142缺水！
⚠️ 第49天，村民1143食物耗尽！
⚠️ 第49天，村民1143缺水！
⚠️ 第49天，村民1144食物耗尽！
⚠️ 第49天，村民1144缺水！
⚠️ 第49天，村民1145食物耗尽！
⚠️ 第49天，村民1145缺水！
⚠️ 第49天，村民1146食物耗尽！
⚠️ 第49天，村民1146缺水！
⚠️ 第49天，村民1147食物耗尽！
⚠️ 第49天，村民1147缺水！
⚠️ 第49天，村民1148食物耗尽！
⚠️ 第49天，村民1148缺水！
⚠️ 第49天，村民1149食物耗尽！
⚠️ 第49天，村民1149缺水！
⚠️ 第49天，村民1150食物耗尽！
⚠️ 第49天，村民1150缺水！
⚠️ 第49天，村民1151食物耗尽！
⚠️ 第49天，村民1151缺水！
⚠️ 第49天，村民1152食物耗尽！
⚠️ 第49天，村民1152缺水！
⚠️ 第49天，村民1153食物耗尽！
⚠️ 第49天，村民1153缺水！
⚠️ 第49天，村民1154食物耗尽！
⚠️ 第49天，村民1154缺水！
⚠️ 第49天，村民1155食物耗尽！
⚠️ 第49天，村民1155缺水！
⚠️ 第49天，村民1156食物耗尽！
⚠️ 第49天，村民1156缺水！
⚠️ 第49天，村民1157食物耗尽！
⚠️ 第49天，村民1157缺水！
⚠️ 第49天，村民1158食物耗尽！
⚠️ 第49天，村民1158缺水！
⚠️ 第49天，村民1159食物耗尽！
⚠️ 第49天，村民1159缺水！
⚠️ 第49天，村民1160食物耗尽！
⚠️ 第49天，村民1160缺水！
⚠️ 第49天，村民1161食物耗尽！
⚠️ 第49天，村民1161缺水！
⚠️ 第49天，村民1162食物耗尽！
⚠️ 第49天，村民1162缺水！
⚠️ 第49天，村民1163食物耗尽！
⚠️ 第49天，村民1163缺水！
⚠️ 第49天，村民1164食物耗尽！
⚠️ 第49天，村民1164缺水！
⚠️ 第49天，村民1165食物耗尽！
⚠️ 第49天，村民1165缺水！
⚠️ 第49天，村民1166食物耗尽！
⚠️ 第49天，村民1166缺水！
⚠️ 第49天，村民1167食物耗尽！
⚠️ 第49天，村民1167缺水！
⚠️ 第49天，村民1168食物耗尽！
⚠️ 第49天，村民1168缺水！
⚠️ 第49天，村民1169食物耗尽！
⚠️ 第49天，村民1169缺水！
⚠️ 第49天，村民1170食物耗尽！
⚠️ 第49天，村民1170缺水！
⚠️ 第49天，村民1171食物耗尽！
⚠️ 第49天，村民1171缺水！
⚠️ 第49天，村民1172食物耗尽！
⚠️ 第49天，村民1172缺水！
⚠️ 第49天，村民1173食物耗尽！
⚠️ 第49天，村民1173缺水！
⚠️ 第49天，村民1174食物耗尽！
⚠️ 第49天，村民1174缺水！
⚠️ 第49天，村民1175食物耗尽！
⚠️ 第49天，村民1175缺水！
⚠️ 第49天，村民1176食物耗尽！
⚠️ 第49天，村民1176缺水！
⚠️ 第49天，村民1177食物耗尽！
⚠️ 第49天，村民1177缺水！
⚠️ 第49天，村民1178食物耗尽！
⚠️ 第49天，村民1178缺水！
⚠️ 第49天，村民1179食物耗尽！
⚠️ 第49天，村民1179缺水！
⚠️ 第49天，村民1180食物耗尽！
⚠️ 第49天，村民1180缺水！
⚠️ 第49天，村民1181食物耗尽！
⚠️ 第49天，村民1181缺水！
⚠️ 第49天，村民1182食物耗尽！
⚠️ 第49天，村民1182缺水！
⚠️ 第49天，村民1183食物耗尽！
⚠️ 第49天，村民1183缺水！
⚠️ 第49天，村民1184食物耗尽！
⚠️ 第49天，村民1184缺水！
⚠️ 第49天，村民1185食物耗尽！
⚠️ 第49天，村民1185缺水！
⚠️ 第49天，村民1186食物耗尽！
⚠️ 第49天，村民1186缺水！
⚠️ 第49天，村民1187食物耗尽！
⚠️ 第49天，村民1187缺水！
⚠️ 第49天，村民1188食物耗尽！
⚠️ 第49天，村民1188缺水！
⚠️ 第49天，村民1189食物耗尽！
⚠️ 第49天，村民1189缺水！
⚠️ 第49天，村民1190食物耗尽！
⚠️ 第49天，村民1190缺水！
⚠️ 第49天，村民1191食物耗尽！
⚠️ 第49天，村民1191缺水！
⚠️ 第49天，村民1192食物耗尽！
⚠️ 第49天，村民1192缺水！
⚠️ 第49天，村民1193食物耗尽！
⚠️ 第49天，村民1193缺水！
⚠️ 第49天，村民1194食物耗尽！
⚠️ 第49天，村民1194缺水！
⚠️ 第49天，村民1195食物耗尽！
⚠️ 第49天，村民1195缺水！
⚠️ 第49天，村民1196食物耗尽！
⚠️ 第49天，村民1196缺水！
⚠️ 第49天，村民1197食物耗尽！
⚠️ 第49天，村民1197缺水！
⚠️ 第49天，村民1198食物耗尽！
⚠️ 第49天，村民1198缺水！
⚠️ 第49天，村民1199食物耗尽！
⚠️ 第49天，村民1199缺水！
⚠️ 第49天，村民1200食物耗尽！
⚠️ 第49天，村民1200缺水！
⚠️ 第49天，村民1201食物耗尽！
⚠️ 第49天，村民1201缺水！
⚠️ 第49天，村民1202食物耗尽！
⚠️ 第49天，村民1202缺水！
⚠️ 第49天，村民1203食物耗尽！
⚠️ 第49天，村民1203缺水！
⚠️ 第49天，村民1204食物耗尽！
⚠️ 第49天，村民1204缺水！
⚠️ 第49天，村民1205食物耗尽！
⚠️ 第49天，村民1205缺水！
⚠️ 第49天，村民1206食物耗尽！
⚠️ 第49天，村民1206缺水！
⚠️ 第49天，村民1207食物耗尽！
⚠️ 第49天，村民1207缺水！
⚠️ 第49天，村民1208食物耗尽！
⚠️ 第49天，村民1208缺水！
⚠️ 第49天，村民1209食物耗尽！
⚠️ 第49天，村民1209缺水！
⚠️ 第49天，村民1210食物耗尽！
⚠️ 第49天，村民1210缺水！
⚠️ 第49天，村民1211食物耗尽！
⚠️ 第49天，村民1211缺水！
⚠️ 第49天，村民1212食物耗尽！
⚠️ 第49天，村民1212缺水！
⚠️ 第49天，村民1213食物耗尽！
⚠️ 第49天，村民1213缺水！
⚠️ 第49天，村民1214食物耗尽！
⚠️ 第49天，村民1214缺水！
⚠️ 第49天，村民1215食物耗尽！
⚠️ 第49天，村民1215缺水！
⚠️ 第49天，村民1216食物耗尽！
⚠️ 第49天，村民1216缺水！
⚠️ 第49天，村民1217食物耗尽！
⚠️ 第49天，村民1217缺水！
⚠️ 第49天，村民1218食物耗尽！
⚠️ 第49天，村民1218缺水！
⚠️ 第49天，村民1219食物耗尽！
⚠️ 第49天，村民1219缺水！
⚠️ 第49天，村民1220食物耗尽！
⚠️ 第49天，村民1220缺水！
⚠️ 第49天，村民1221食物耗尽！
⚠️ 第49天，村民1221缺水！
⚠️ 第49天，村民1222食物耗尽！
⚠️ 第49天，村民1222缺水！
⚠️ 第49天，村民1223食物耗尽！
⚠️ 第49天，村民1223缺水！
⚠️ 第49天，村民1224食物耗尽！
⚠️ 第49天，村民1224缺水！
⚠️ 第49天，村民1225食物耗尽！
⚠️ 第49天，村民1225缺水！
⚠️ 第49天，村民1226食物耗尽！
⚠️ 第49天，村民1226缺水！
⚠️ 第49天，村民1227食物耗尽！
⚠️ 第49天，村民1227缺水！
⚠️ 第49天，村民1228食物耗尽！
⚠️ 第49天，村民1228缺水！
⚠️ 第49天，村民1229食物耗尽！
⚠️ 第49天，村民1229缺水！
⚠️ 第49天，村民1230食物耗尽！
⚠️ 第49天，村民1230缺水！
⚠️ 第49天，村民1231食物耗尽！
⚠️ 第49天，村民1231缺水！
⚠️ 第49天，村民1232食物耗尽！
⚠️ 第49天，村民1232缺水！
⚠️ 第49天，村民1233食物耗尽！
⚠️ 第49天，村民1233缺水！
⚠️ 第49天，村民1234食物耗尽！
⚠️ 第49天，村民1234缺水！
⚠️ 第49天，村民1235食物耗尽！
⚠️ 第49天，村民1235缺水！
⚠️ 第49天，村民1236食物耗尽！
⚠️ 第49天，村民1236缺水！
⚠️ 第49天，村民1237食物耗尽！
⚠️ 第49天，村民1237缺水！
⚠️ 第49天，村民1238食物耗尽！
⚠️ 第49天，村民1238缺水！
⚠️ 第49天，村民1239食物耗尽！
⚠️ 第49天，村民1239缺水！
⚠️ 第49天，村民1240食物耗尽！
⚠️ 第49天，村民1240缺水！
⚠️ 第49天，村民1241食物耗尽！
⚠️ 第49天，村民1241缺水！
⚠️ 第49天，村民1242食物耗尽！
⚠️ 第49天，村民1242缺水！
⚠️ 第49天，村民1243食物耗尽！
⚠️ 第49天，村民1243缺水！
⚠️ 第49天，村民1244食物耗尽！
⚠️ 第49天，村民1244缺水！
⚠️ 第49天，村民1245食物耗尽！
⚠️ 第49天，村民1245缺水！
⚠️ 第49天，村民1246食物耗尽！
⚠️ 第49天，村民1246缺水！
⚠️ 第49天，村民1247食物耗尽！
⚠️ 第49天，村民1247缺水！
⚠️ 第49天，村民1248食物耗尽！
⚠️ 第49天，村民1248缺水！
⚠️ 第49天，村民1249食物耗尽！
⚠️ 第49天，村民1249缺水！
⚠️ 第49天，村民1250食物耗尽！
⚠️ 第49天，村民1250缺水！
⚠️ 第49天，村民1251食物耗尽！
⚠️ 第49天，村民1251缺水！
⚠️ 第49天，村民1252食物耗尽！
⚠️ 第49天，村民1252缺水！
⚠️ 第49天，村民1253食物耗尽！
⚠️ 第49天，村民1253缺水！
⚠️ 第49天，村民1254食物耗尽！
⚠️ 第49天，村民1254缺水！
⚠️ 第49天，村民1255食物耗尽！
⚠️ 第49天，村民1255缺水！
⚠️ 第49天，村民1256食物耗尽！
⚠️ 第49天，村民1256缺水！
⚠️ 第49天，村民1257食物耗尽！
⚠️ 第49天，村民1257缺水！
⚠️ 第49天，村民1258食物耗尽！
⚠️ 第49天，村民1258缺水！
⚠️ 第49天，村民1259食物耗尽！
⚠️ 第49天，村民1259缺水！
⚠️ 第49天，村民1260食物耗尽！
⚠️ 第49天，村民1260缺水！
⚠️ 第49天，村民1261食物耗尽！
⚠️ 第49天，村民1261缺水！
⚠️ 第49天，村民1262食物耗尽！
⚠️ 第49天，村民1262缺水！
⚠️ 第49天，村民1263食物耗尽！
⚠️ 第49天，村民1263缺水！
⚠️ 第49天，村民1264食物耗尽！
⚠️ 第49天，村民1264缺水！
⚠️ 第49天，村民1265食物耗尽！
⚠️ 第49天，村民1265缺水！
⚠️ 第49天，村民1266食物耗尽！
⚠️ 第49天，村民1266缺水！
⚠️ 第49天，村民1267食物耗尽！
⚠️ 第49天，村民1267缺水！
⚠️ 第49天，村民1268食物耗尽！
⚠️ 第49天，村民1268缺水！
⚠️ 第49天，村民1269食物耗尽！
⚠️ 第49天，村民1269缺水！
⚠️ 第49天，村民1270食物耗尽！
⚠️ 第49天，村民1270缺水！
⚠️ 第49天，村民1271食物耗尽！
⚠️ 第49天，村民1271缺水！
⚠️ 第49天，村民1272食物耗尽！
⚠️ 第49天，村民1272缺水！
⚠️ 第49天，村民1273食物耗尽！
⚠️ 第49天，村民1273缺水！
⚠️ 第49天，村民1274食物耗尽！
⚠️ 第49天，村民1274缺水！
⚠️ 第49天，村民1275食物耗尽！
⚠️ 第49天，村民1275缺水！
⚠️ 第49天，村民1276食物耗尽！
⚠️ 第49天，村民1276缺水！
⚠️ 第49天，村民1277食物耗尽！
⚠️ 第49天，村民1277缺水！
⚠️ 第49天，村民1278食物耗尽！
⚠️ 第49天，村民1278缺水！
⚠️ 第49天，村民1279食物耗尽！
⚠️ 第49天，村民1279缺水！
⚠️ 第49天，村民1280食物耗尽！
⚠️ 第49天，村民1280缺水！
⚠️ 第49天，村民1281食物耗尽！
⚠️ 第49天，村民1281缺水！
⚠️ 第49天，村民1282食物耗尽！
⚠️ 第49天，村民1282缺水！
⚠️ 第49天，村民1283食物耗尽！
⚠️ 第49天，村民1283缺水！
⚠️ 第49天，村民1284食物耗尽！
⚠️ 第49天，村民1284缺水！
⚠️ 第49天，村民1285食物耗尽！
⚠️ 第49天，村民1285缺水！
⚠️ 第49天，村民1286食物耗尽！
⚠️ 第49天，村民1286缺水！
⚠️ 第49天，村民1287食物耗尽！
⚠️ 第49天，村民1287缺水！
⚠️ 第49天，村民1288食物耗尽！
⚠️ 第49天，村民1288缺水！
⚠️ 第49天，村民1289食物耗尽！
⚠️ 第49天，村民1289缺水！
⚠️ 第49天，村民1290食物耗尽！
⚠️ 第49天，村民1290缺水！
⚠️ 第49天，村民1291食物耗尽！
⚠️ 第49天，村民1291缺水！
⚠️ 第49天，村民1292食物耗尽！
⚠️ 第49天，村民1292缺水！
⚠️ 第49天，村民1293食物耗尽！
⚠️ 第49天，村民1293缺水！
⚠️ 第49天，村民1294食物耗尽！
⚠️ 第49天，村民1294缺水！
⚠️ 第49天，村民1295食物耗尽！
⚠️ 第49天，村民1295缺水！
⚠️ 第49天，村民1296食物耗尽！
⚠️ 第49天，村民1296缺水！
⚠️ 第49天，村民1297食物耗尽！
⚠️ 第49天，村民1297缺水！
⚠️ 第49天，村民1298食物耗尽！
⚠️ 第49天，村民1298缺水！
⚠️ 第49天，村民1299食物耗尽！
⚠️ 第49天，村民1299缺水！
⚠️ 第49天，村民1300食物耗尽！
⚠️ 第49天，村民1300缺水！
⚠️ 第49天，村民1301食物耗尽！
⚠️ 第49天，村民1301缺水！
⚠️ 第49天，村民1302食物耗尽！
⚠️ 第49天，村民1302缺水！
⚠️ 第49天，村民1303食物耗尽！
⚠️ 第49天，村民1303缺水！
⚠️ 第49天，村民1304食物耗尽！
⚠️ 第49天，村民1304缺水！
⚠️ 第49天，村民1305食物耗尽！
⚠️ 第49天，村民1305缺水！
⚠️ 第49天，村民1306食物耗尽！
⚠️ 第49天，村民1306缺水！
⚠️ 第49天，村民1307食物耗尽！
⚠️ 第49天，村民1307缺水！
⚠️ 第49天，村民1308食物耗尽！
⚠️ 第49天，村民1308缺水！
⚠️ 第49天，村民1309食物耗尽！
⚠️ 第49天，村民1309缺水！
⚠️ 第49天，村民1310食物耗尽！
⚠️ 第49天，村民1310缺水！
⚠️ 第49天，村民1311食物耗尽！
⚠️ 第49天，村民1311缺水！
⚠️ 第49天，村民1312食物耗尽！
⚠️ 第49天，村民1312缺水！
⚠️ 第49天，村民1313食物耗尽！
⚠️ 第49天，村民1313缺水！
⚠️ 第49天，村民1314食物耗尽！
⚠️ 第49天，村民1314缺水！
⚠️ 第49天，村民1315食物耗尽！
⚠️ 第49天，村民1315缺水！
⚠️ 第49天，村民1316食物耗尽！
⚠️ 第49天，村民1316缺水！
⚠️ 第49天，村民1317食物耗尽！
⚠️ 第49天，村民1317缺水！
⚠️ 第49天，村民1318食物耗尽！
⚠️ 第49天，村民1318缺水！
⚠️ 第49天，村民1319食物耗尽！
⚠️ 第49天，村民1319缺水！
⚠️ 第49天，村民1320食物耗尽！
⚠️ 第49天，村民1320缺水！
⚠️ 第49天，村民1321食物耗尽！
⚠️ 第49天，村民1321缺水！
⚠️ 第49天，村民1322食物耗尽！
⚠️ 第49天，村民1322缺水！
⚠️ 第49天，村民1323食物耗尽！
⚠️ 第49天，村民1323缺水！
⚠️ 第49天，村民1324食物耗尽！
⚠️ 第49天，村民1324缺水！
⚠️ 第49天，村民1325食物耗尽！
⚠️ 第49天，村民1325缺水！
⚠️ 第49天，村民1326食物耗尽！
⚠️ 第49天，村民1326缺水！
⚠️ 第49天，村民1327食物耗尽！
⚠️ 第49天，村民1327缺水！
⚠️ 第49天，村民1328食物耗尽！
⚠️ 第49天，村民1328缺水！
⚠️ 第49天，村民1329食物耗尽！
⚠️ 第49天，村民1329缺水！
⚠️ 第49天，村民1330食物耗尽！
⚠️ 第49天，村民1330缺水！
⚠️ 第49天，村民1331食物耗尽！
⚠️ 第49天，村民1331缺水！
⚠️ 第49天，村民1332食物耗尽！
⚠️ 第49天，村民1332缺水！
⚠️ 第49天，村民1333食物耗尽！
⚠️ 第49天，村民1333缺水！
⚠️ 第49天，村民1334食物耗尽！
⚠️ 第49天，村民1334缺水！
⚠️ 第49天，村民1335食物耗尽！
⚠️ 第49天，村民1335缺水！
⚠️ 第49天，村民1336食物耗尽！
⚠️ 第49天，村民1336缺水！
⚠️ 第49天，村民1337食物耗尽！
⚠️ 第49天，村民1337缺水！
⚠️ 第49天，村民1338食物耗尽！
⚠️ 第49天，村民1338缺水！
⚠️ 第49天，村民1339食物耗尽！
⚠️ 第49天，村民1339缺水！
⚠️ 第49天，村民1340食物耗尽！
⚠️ 第49天，村民1340缺水！
⚠️ 第49天，村民1341食物耗尽！
⚠️ 第49天，村民1341缺水！
⚠️ 第49天，村民1342食物耗尽！
⚠️ 第49天，村民1342缺水！
⚠️ 第49天，村民1343食物耗尽！
⚠️ 第49天，村民1343缺水！
⚠️ 第49天，村民1344食物耗尽！
⚠️ 第49天，村民1344缺水！
⚠️ 第49天，村民1345食物耗尽！
⚠️ 第49天，村民1345缺水！
⚠️ 第49天，村民1346食物耗尽！
⚠️ 第49天，村民1346缺水！
⚠️ 第49天，村民1347食物耗尽！
⚠️ 第49天，村民1347缺水！
⚠️ 第49天，村民1348食物耗尽！
⚠️ 第49天，村民1348缺水！
⚠️ 第49天，村民1349食物耗尽！
⚠️ 第49天，村民1349缺水！
⚠️ 第49天，村民1350食物耗尽！
⚠️ 第49天，村民1350缺水！
⚠️ 第49天，村民1351食物耗尽！
⚠️ 第49天，村民1351缺水！
⚠️ 第49天，村民1352食物耗尽！
⚠️ 第49天，村民1352缺水！
⚠️ 第49天，村民1353食物耗尽！
⚠️ 第49天，村民1353缺水！
⚠️ 第49天，村民1354食物耗尽！
⚠️ 第49天，村民1354缺水！
⚠️ 第49天，村民1355食物耗尽！
⚠️ 第49天，村民1355缺水！
⚠️ 第49天，村民1356食物耗尽！
⚠️ 第49天，村民1356缺水！
⚠️ 第49天，村民1357食物耗尽！
⚠️ 第49天，村民1357缺水！
⚠️ 第49天，村民1358食物耗尽！
⚠️ 第49天，村民1358缺水！
⚠️ 第49天，村民1359食物耗尽！
⚠️ 第49天，村民1359缺水！
⚠️ 第49天，村民1360食物耗尽！
⚠️ 第49天，村民1360缺水！
⚠️ 第49天，村民1361食物耗尽！
⚠️ 第49天，村民1361缺水！
⚠️ 第49天，村民1362食物耗尽！
⚠️ 第49天，村民1362缺水！
⚠️ 第49天，村民1363食物耗尽！
⚠️ 第49天，村民1363缺水！
⚠️ 第49天，村民1364食物耗尽！
⚠️ 第49天，村民1364缺水！
⚠️ 第49天，村民1365食物耗尽！
⚠️ 第49天，村民1365缺水！
⚠️ 第49天，村民1366食物耗尽！
⚠️ 第49天，村民1366缺水！
⚠️ 第49天，村民1367食物耗尽！
⚠️ 第49天，村民1367缺水！
⚠️ 第49天，村民1368食物耗尽！
⚠️ 第49天，村民1368缺水！
⚠️ 第49天，村民1369食物耗尽！
⚠️ 第49天，村民1369缺水！
⚠️ 第49天，村民1370食物耗尽！
⚠️ 第49天，村民1370缺水！
⚠️ 第49天，村民1371食物耗尽！
⚠️ 第49天，村民1371缺水！
⚠️ 第49天，村民1372食物耗尽！
⚠️ 第49天，村民1372缺水！
⚠️ 第49天，村民1373食物耗尽！
⚠️ 第49天，村民1373缺水！
⚠️ 第49天，村民1374食物耗尽！
⚠️ 第49天，村民1374缺水！
⚠️ 第49天，村民1375食物耗尽！
⚠️ 第49天，村民1375缺水！
⚠️ 第49天，村民1376食物耗尽！
⚠️ 第49天，村民1376缺水！
⚠️ 第49天，村民1377食物耗尽！
⚠️ 第49天，村民1377缺水！
⚠️ 第49天，村民1378食物耗尽！
⚠️ 第49天，村民1378缺水！
⚠️ 第49天，村民1379食物耗尽！
⚠️ 第49天，村民1379缺水！
⚠️ 第49天，村民1380食物耗尽！
⚠️ 第49天，村民1380缺水！
⚠️ 第49天，村民1381食物耗尽！
⚠️ 第49天，村民1381缺水！
⚠️ 第49天，村民1382食物耗尽！
⚠️ 第49天，村民1382缺水！
⚠️ 第49天，村民1383食物耗尽！
⚠️ 第49天，村民1383缺水！
⚠️ 第49天，村民1384食物耗尽！
⚠️ 第49天，村民1384缺水！
⚠️ 第49天，村民1385食物耗尽！
⚠️ 第49天，村民1385缺水！
⚠️ 第49天，村民1386食物耗尽！
⚠️ 第49天，村民1386缺水！
⚠️ 第49天，村民1387食物耗尽！
⚠️ 第49天，村民1387缺水！
⚠️ 第49天，村民1388食物耗尽！
⚠️ 第49天，村民1388缺水！
⚠️ 第49天，村民1389食物耗尽！
⚠️ 第49天，村民1389缺水！
⚠️ 第49天，村民1390食物耗尽！
⚠️ 第49天，村民1390缺水！
⚠️ 第49天，村民1391食物耗尽！
⚠️ 第49天，村民1391缺水！
⚠️ 第49天，村民1392食物耗尽！
⚠️ 第49天，村民1392缺水！
⚠️ 第49天，村民1393食物耗尽！
⚠️ 第49天，村民1393缺水！
⚠️ 第49天，村民1394食物耗尽！
⚠️ 第49天，村民1394缺水！
⚠️ 第49天，村民1395食物耗尽！
⚠️ 第49天，村民1395缺水！
⚠️ 第49天，村民1396食物耗尽！
⚠️ 第49天，村民1396缺水！
⚠️ 第49天，村民1397食物耗尽！
⚠️ 第49天，村民1397缺水！
⚠️ 第49天，村民1398食物耗尽！
⚠️ 第49天，村民1398缺水！
⚠️ 第49天，村民1399食物耗尽！
⚠️ 第49天，村民1399缺水！
⚠️ 第49天，村民1400食物耗尽！
⚠️ 第49天，村民1400缺水！
⚠️ 第49天，村民1401食物耗尽！
⚠️ 第49天，村民1401缺水！
⚠️ 第49天，村民1402食物耗尽！
⚠️ 第49天，村民1402缺水！
⚠️ 第49天，村民1403食物耗尽！
⚠️ 第49天，村民1403缺水！
⚠️ 第49天，村民1404食物耗尽！
⚠️ 第49天，村民1404缺水！
⚠️ 第49天，村民1405食物耗尽！
⚠️ 第49天，村民1405缺水！
⚠️ 第49天，村民1406食物耗尽！
⚠️ 第49天，村民1406缺水！
⚠️ 第49天，村民1407食物耗尽！
⚠️ 第49天，村民1407缺水！
⚠️ 第49天，村民1408食物耗尽！
⚠️ 第49天，村民1408缺水！
⚠️ 第49天，村民1409食物耗尽！
⚠️ 第49天，村民1409缺水！
⚠️ 第49天，村民1410食物耗尽！
⚠️ 第49天，村民1410缺水！
⚠️ 第49天，村民1411食物耗尽！
⚠️ 第49天，村民1411缺水！
⚠️ 第49天，村民1412食物耗尽！
⚠️ 第49天，村民1412缺水！
⚠️ 第49天，村民1413食物耗尽！
⚠️ 第49天，村民1413缺水！
⚠️ 第49天，村民1414食物耗尽！
⚠️ 第49天，村民1414缺水！
⚠️ 第49天，村民1415食物耗尽！
⚠️ 第49天，村民1415缺水！
⚠️ 第49天，村民1416食物耗尽！
⚠️ 第49天，村民1416缺水！
⚠️ 第49天，村民1417食物耗尽！
⚠️ 第49天，村民1417缺水！
⚠️ 第49天，村民1418食物耗尽！
⚠️ 第49天，村民1418缺水！
⚠️ 第49天，村民1419食物耗尽！
⚠️ 第49天，村民1419缺水！
⚠️ 第49天，村民1420食物耗尽！
⚠️ 第49天，村民1420缺水！
⚠️ 第49天，村民1421食物耗尽！
⚠️ 第49天，村民1421缺水！
⚠️ 第49天，村民1422食物耗尽！
⚠️ 第49天，村民1422缺水！
⚠️ 第49天，村民1423食物耗尽！
⚠️ 第49天，村民1423缺水！
⚠️ 第49天，村民1424食物耗尽！
⚠️ 第49天，村民1424缺水！
⚠️ 第49天，村民1425食物耗尽！
⚠️ 第49天，村民1425缺水！
⚠️ 第49天，村民1426食物耗尽！
⚠️ 第49天，村民1426缺水！
⚠️ 第49天，村民1427食物耗尽！
⚠️ 第49天，村民1427缺水！
⚠️ 第49天，村民1428食物耗尽！
⚠️ 第49天，村民1428缺水！
⚠️ 第49天，村民1429食物耗尽！
⚠️ 第49天，村民1429缺水！
⚠️ 第49天，村民1430食物耗尽！
⚠️ 第49天，村民1430缺水！
⚠️ 第49天，村民1431食物耗尽！
⚠️ 第49天，村民1431缺水！
⚠️ 第49天，村民1432食物耗尽！
⚠️ 第49天，村民1432缺水！
⚠️ 第49天，村民1433食物耗尽！
⚠️ 第49天，村民1433缺水！
⚠️ 第49天，村民1434食物耗尽！
⚠️ 第49天，村民1434缺水！
⚠️ 第49天，村民1435食物耗尽！
⚠️ 第49天，村民1435缺水！
⚠️ 第49天，村民1436食物耗尽！
⚠️ 第49天，村民1436缺水！
⚠️ 第49天，村民1437食物耗尽！
⚠️ 第49天，村民1437缺水！
⚠️ 第49天，村民1438食物耗尽！
⚠️ 第49天，村民1438缺水！
⚠️ 第49天，村民1439食物耗尽！
⚠️ 第49天，村民1439缺水！
⚠️ 第49天，村民1440食物耗尽！
⚠️ 第49天，村民1440缺水！
⚠️ 第49天，村民1441食物耗尽！
⚠️ 第49天，村民1441缺水！
⚠️ 第49天，村民1442食物耗尽！
⚠️ 第49天，村民1442缺水！
⚠️ 第49天，村民1443食物耗尽！
⚠️ 第49天，村民1443缺水！
⚠️ 第49天，村民1444食物耗尽！
⚠️ 第49天，村民1444缺水！
⚠️ 第49天，村民1445食物耗尽！
⚠️ 第49天，村民1445缺水！
⚠️ 第49天，村民1446食物耗尽！
⚠️ 第49天，村民1446缺水！
⚠️ 第49天，村民1447食物耗尽！
⚠️ 第49天，村民1447缺水！
⚠️ 第49天，村民1448食物耗尽！
⚠️ 第49天，村民1448缺水！
⚠️ 第49天，村民1449食物耗尽！
⚠️ 第49天，村民1449缺水！
⚠️ 第49天，村民1450食物耗尽！
⚠️ 第49天，村民1450缺水！
⚠️ 第49天，村民1451食物耗尽！
⚠️ 第49天，村民1451缺水！
⚠️ 第49天，村民1452食物耗尽！
⚠️ 第49天，村民1452缺水！
⚠️ 第49天，村民1453食物耗尽！
⚠️ 第49天，村民1453缺水！
⚠️ 第49天，村民1454食物耗尽！
⚠️ 第49天，村民1454缺水！
⚠️ 第49天，村民1455食物耗尽！
⚠️ 第49天，村民1455缺水！
⚠️ 第49天，村民1456食物耗尽！
⚠️ 第49天，村民1456缺水！
⚠️ 第49天，村民1457食物耗尽！
⚠️ 第49天，村民1457缺水！
⚠️ 第49天，村民1458食物耗尽！
⚠️ 第49天，村民1458缺水！
⚠️ 第49天，村民1459食物耗尽！
⚠️ 第49天，村民1459缺水！
⚠️ 第49天，村民1460食物耗尽！
⚠️ 第49天，村民1460缺水！
⚠️ 第49天，村民1461食物耗尽！
⚠️ 第49天，村民1461缺水！
⚠️ 第49天，村民1462食物耗尽！
⚠️ 第49天，村民1462缺水！
⚠️ 第49天，村民1463食物耗尽！
⚠️ 第49天，村民1463缺水！
⚠️ 第49天，村民1464食物耗尽！
⚠️ 第49天，村民1464缺水！
⚠️ 第49天，村民1465食物耗尽！
⚠️ 第49天，村民1465缺水！
⚠️ 第49天，村民1466食物耗尽！
⚠️ 第49天，村民1466缺水！
⚠️ 第49天，村民1467食物耗尽！
⚠️ 第49天，村民1467缺水！
⚠️ 第49天，村民1468食物耗尽！
⚠️ 第49天，村民1468缺水！
⚠️ 第49天，村民1469食物耗尽！
⚠️ 第49天，村民1469缺水！
⚠️ 第49天，村民1470食物耗尽！
⚠️ 第49天，村民1470缺水！
⚠️ 第49天，村民1471食物耗尽！
⚠️ 第49天，村民1471缺水！
⚠️ 第49天，村民1472食物耗尽！
⚠️ 第49天，村民1472缺水！
⚠️ 第49天，村民1473食物耗尽！
⚠️ 第49天，村民1473缺水！
⚠️ 第49天，村民1474食物耗尽！
⚠️ 第49天，村民1474缺水！
⚠️ 第49天，村民1475食物耗尽！
⚠️ 第49天，村民1475缺水！
⚠️ 第49天，村民1476食物耗尽！
⚠️ 第49天，村民1476缺水！
⚠️ 第49天，村民1477食物耗尽！
⚠️ 第49天，村民1477缺水！
⚠️ 第49天，村民1478食物耗尽！
⚠️ 第49天，村民1478缺水！
⚠️ 第49天，村民1479食物耗尽！
⚠️ 第49天，村民1479缺水！
⚠️ 第49天，村民1480食物耗尽！
⚠️ 第49天，村民1480缺水！
⚠️ 第49天，村民1481食物耗尽！
⚠️ 第49天，村民1481缺水！
⚠️ 第49天，村民1482食物耗尽！
⚠️ 第49天，村民1482缺水！
⚠️ 第49天，村民1483食物耗尽！
⚠️ 第49天，村民1483缺水！
⚠️ 第49天，村民1484食物耗尽！
⚠️ 第49天，村民1484缺水！
⚠️ 第49天，村民1485食物耗尽！
⚠️ 第49天，村民1485缺水！
⚠️ 第49天，村民1486食物耗尽！
⚠️ 第49天，村民1486缺水！
⚠️ 第49天，村民1487食物耗尽！
⚠️ 第49天，村民1487缺水！
⚠️ 第49天，村民1488食物耗尽！
⚠️ 第49天，村民1488缺水！
⚠️ 第49天，村民1489食物耗尽！
⚠️ 第49天，村民1489缺水！
⚠️ 第49天，村民1490食物耗尽！
⚠️ 第49天，村民1490缺水！
⚠️ 第49天，村民1491食物耗尽！
⚠️ 第49天，村民1491缺水！
⚠️ 第49天，村民1492食物耗尽！
⚠️ 第49天，村民1492缺水！
⚠️ 第49天，村民1493食物耗尽！
⚠️ 第49天，村民1493缺水！
⚠️ 第49天，村民1494食物耗尽！
⚠️ 第49天，村民1494缺水！
⚠️ 第49天，村民1495食物耗尽！
⚠️ 第49天，村民1495缺水！
⚠️ 第49天，村民1496食物耗尽！
⚠️ 第49天，村民1496缺水！
⚠️ 第49天，村民1497食物耗尽！
⚠️ 第49天，村民1497缺水！
⚠️ 第49天，村民1498食物耗尽！
⚠️ 第49天，村民1498缺水！
⚠️ 第49天，村民1499食物耗尽！
⚠️ 第49天，村民1499缺水！
⚠️ 第49天，村民1500食物耗尽！
⚠️ 第49天，村民1500缺水！
⚠️ 第49天，村民1501食物耗尽！
⚠️ 第49天，村民1501缺水！
⚠️ 第49天，村民1502食物耗尽！
⚠️ 第49天，村民1502缺水！
⚠️ 第49天，村民1503食物耗尽！
⚠️ 第49天，村民1503缺水！
⚠️ 第49天，村民1504食物耗尽！
⚠️ 第49天，村民1504缺水！
⚠️ 第49天，村民1505食物耗尽！
⚠️ 第49天，村民1505缺水！
⚠️ 第49天，村民1506食物耗尽！
⚠️ 第49天，村民1506缺水！
⚠️ 第49天，村民1507食物耗尽！
⚠️ 第49天，村民1507缺水！
⚠️ 第49天，村民1508食物耗尽！
⚠️ 第49天，村民1508缺水！
⚠️ 第49天，村民1509食物耗尽！
⚠️ 第49天，村民1509缺水！
⚠️ 第49天，村民1510食物耗尽！
⚠️ 第49天，村民1510缺水！
⚠️ 第49天，村民1511食物耗尽！
⚠️ 第49天，村民1511缺水！
⚠️ 第49天，村民1512食物耗尽！
⚠️ 第49天，村民1512缺水！
⚠️ 第49天，村民1513食物耗尽！
⚠️ 第49天，村民1513缺水！
⚠️ 第49天，村民1514食物耗尽！
⚠️ 第49天，村民1514缺水！
⚠️ 第49天，村民1515食物耗尽！
⚠️ 第49天，村民1515缺水！
⚠️ 第49天，村民1516食物耗尽！
⚠️ 第49天，村民1516缺水！
⚠️ 第49天，村民1517食物耗尽！
⚠️ 第49天，村民1517缺水！
⚠️ 第49天，村民1518食物耗尽！
⚠️ 第49天，村民1518缺水！
⚠️ 第49天，村民1519食物耗尽！
⚠️ 第49天，村民1519缺水！
⚠️ 第49天，村民1520食物耗尽！
⚠️ 第49天，村民1520缺水！
⚠️ 第49天，村民1521食物耗尽！
⚠️ 第49天，村民1521缺水！
⚠️ 第49天，村民1522食物耗尽！
⚠️ 第49天，村民1522缺水！
⚠️ 第49天，村民1523食物耗尽！
⚠️ 第49天，村民1523缺水！
⚠️ 第49天，村民1524食物耗尽！
⚠️ 第49天，村民1524缺水！
⚠️ 第49天，村民1525食物耗尽！
⚠️ 第49天，村民1525缺水！
⚠️ 第49天，村民1526食物耗尽！
⚠️ 第49天，村民1526缺水！
⚠️ 第49天，村民1527食物耗尽！
⚠️ 第49天，村民1527缺水！
⚠️ 第49天，村民1528食物耗尽！
⚠️ 第49天，村民1528缺水！
⚠️ 第49天，村民1529食物耗尽！
⚠️ 第49天，村民1529缺水！
⚠️ 第49天，村民1530食物耗尽！
⚠️ 第49天，村民1530缺水！
⚠️ 第49天，村民1531食物耗尽！
⚠️ 第49天，村民1531缺水！
⚠️ 第49天，村民1532食物耗尽！
⚠️ 第49天，村民1532缺水！
⚠️ 第49天，村民1533食物耗尽！
⚠️ 第49天，村民1533缺水！
⚠️ 第49天，村民1534食物耗尽！
⚠️ 第49天，村民1534缺水！
⚠️ 第49天，村民1535食物耗尽！
⚠️ 第49天，村民1535缺水！
⚠️ 第49天，村民1536食物耗尽！
⚠️ 第49天，村民1536缺水！
⚠️ 第49天，村民1537食物耗尽！
⚠️ 第49天，村民1537缺水！
⚠️ 第49天，村民1538食物耗尽！
⚠️ 第49天，村民1538缺水！
⚠️ 第49天，村民1539食物耗尽！
⚠️ 第49天，村民1539缺水！
⚠️ 第49天，村民1540食物耗尽！
⚠️ 第49天，村民1540缺水！
⚠️ 第49天，村民1541食物耗尽！
⚠️ 第49天，村民1541缺水！
⚠️ 第49天，村民1542食物耗尽！
⚠️ 第49天，村民1542缺水！
⚠️ 第49天，村民1543食物耗尽！
⚠️ 第49天，村民1543缺水！
⚠️ 第49天，村民1544食物耗尽！
⚠️ 第49天，村民1544缺水！
⚠️ 第49天，村民1545食物耗尽！
⚠️ 第49天，村民1545缺水！
⚠️ 第49天，村民1546食物耗尽！
⚠️ 第49天，村民1546缺水！
⚠️ 第49天，村民1547食物耗尽！
⚠️ 第49天，村民1547缺水！
⚠️ 第49天，村民1548食物耗尽！
⚠️ 第49天，村民1548缺水！
⚠️ 第49天，村民1549食物耗尽！
⚠️ 第49天，村民1549缺水！
⚠️ 第49天，村民1550食物耗尽！
⚠️ 第49天，村民1550缺水！
⚠️ 第49天，村民1551食物耗尽！
⚠️ 第49天，村民1551缺水！
⚠️ 第49天，村民1552食物耗尽！
⚠️ 第49天，村民1552缺水！
⚠️ 第49天，村民1553食物耗尽！
⚠️ 第49天，村民1553缺水！
⚠️ 第49天，村民1554食物耗尽！
⚠️ 第49天，村民1554缺水！
⚠️ 第49天，村民1555食物耗尽！
⚠️ 第49天，村民1555缺水！
⚠️ 第49天，村民1556食物耗尽！
⚠️ 第49天，村民1556缺水！
⚠️ 第49天，村民1557食物耗尽！
⚠️ 第49天，村民1557缺水！
⚠️ 第49天，村民1558食物耗尽！
⚠️ 第49天，村民1558缺水！
⚠️ 第49天，村民1559食物耗尽！
⚠️ 第49天，村民1559缺水！
⚠️ 第49天，村民1560食物耗尽！
⚠️ 第49天，村民1560缺水！
⚠️ 第49天，村民1561食物耗尽！
⚠️ 第49天，村民1561缺水！
⚠️ 第49天，村民1562食物耗尽！
⚠️ 第49天，村民1562缺水！
⚠️ 第49天，村民1563食物耗尽！
⚠️ 第49天，村民1563缺水！
⚠️ 第49天，村民1564食物耗尽！
⚠️ 第49天，村民1564缺水！
⚠️ 第49天，村民1565食物耗尽！
⚠️ 第49天，村民1565缺水！
⚠️ 第49天，村民1566食物耗尽！
⚠️ 第49天，村民1566缺水！
⚠️ 第49天，村民1567食物耗尽！
⚠️ 第49天，村民1567缺水！
⚠️ 第49天，村民1568食物耗尽！
⚠️ 第49天，村民1568缺水！
⚠️ 第49天，村民1569食物耗尽！
⚠️ 第49天，村民1569缺水！
⚠️ 第49天，村民1570食物耗尽！
⚠️ 第49天，村民1570缺水！
⚠️ 第49天，村民1571食物耗尽！
⚠️ 第49天，村民1571缺水！
⚠️ 第49天，村民1572食物耗尽！
⚠️ 第49天，村民1572缺水！
⚠️ 第49天，村民1573食物耗尽！
⚠️ 第49天，村民1573缺水！
⚠️ 第49天，村民1574食物耗尽！
⚠️ 第49天，村民1574缺水！
⚠️ 第49天，村民1575食物耗尽！
⚠️ 第49天，村民1575缺水！
⚠️ 第49天，村民1576食物耗尽！
⚠️ 第49天，村民1576缺水！
⚠️ 第49天，村民1577食物耗尽！
⚠️ 第49天，村民1577缺水！
⚠️ 第49天，村民1578食物耗尽！
⚠️ 第49天，村民1578缺水！
⚠️ 第49天，村民1579食物耗尽！
⚠️ 第49天，村民1579缺水！
⚠️ 第49天，村民1580食物耗尽！
⚠️ 第49天，村民1580缺水！
⚠️ 第49天，村民1581食物耗尽！
⚠️ 第49天，村民1581缺水！
⚠️ 第49天，村民1582食物耗尽！
⚠️ 第49天，村民1582缺水！
⚠️ 第49天，村民1583食物耗尽！
⚠️ 第49天，村民1583缺水！
⚠️ 第49天，村民1584食物耗尽！
⚠️ 第49天，村民1584缺水！
⚠️ 第49天，村民1585食物耗尽！
⚠️ 第49天，村民1585缺水！
⚠️ 第49天，村民1586食物耗尽！
⚠️ 第49天，村民1586缺水！
⚠️ 第49天，村民1587食物耗尽！
⚠️ 第49天，村民1587缺水！
⚠️ 第49天，村民1588食物耗尽！
⚠️ 第49天，村民1588缺水！
⚠️ 第49天，村民1589食物耗尽！
⚠️ 第49天，村民1589缺水！
⚠️ 第49天，村民1590食物耗尽！
⚠️ 第49天，村民1590缺水！
⚠️ 第49天，村民1591食物耗尽！
⚠️ 第49天，村民1591缺水！
⚠️ 第49天，村民1592食物耗尽！
⚠️ 第49天，村民1592缺水！
⚠️ 第49天，村民1593食物耗尽！
⚠️ 第49天，村民1593缺水！
⚠️ 第49天，村民1594食物耗尽！
⚠️ 第49天，村民1594缺水！
⚠️ 第49天，村民1595食物耗尽！
⚠️ 第49天，村民1595缺水！
⚠️ 第49天，村民1596食物耗尽！
⚠️ 第49天，村民1596缺水！
⚠️ 第49天，村民1597食物耗尽！
⚠️ 第49天，村民1597缺水！
⚠️ 第49天，村民1598食物耗尽！
⚠️ 第49天，村民1598缺水！
⚠️ 第49天，村民1599食物耗尽！
⚠️ 第49天，村民1599缺水！
⚠️ 第49天，村民1600食物耗尽！
⚠️ 第49天，村民1600缺水！
⚠️ 第49天，村民1601食物耗尽！
⚠️ 第49天，村民1601缺水！
⚠️ 第49天，村民1602食物耗尽！
⚠️ 第49天，村民1602缺水！
⚠️ 第49天，村民1603食物耗尽！
⚠️ 第49天，村民1603缺水！
⚠️ 第49天，村民1604食物耗尽！
⚠️ 第49天，村民1604缺水！
⚠️ 第49天，村民1605食物耗尽！
⚠️ 第49天，村民1605缺水！
⚠️ 第49天，村民1606食物耗尽！
⚠️ 第49天，村民1606缺水！
⚠️ 第49天，村民1607食物耗尽！
⚠️ 第49天，村民1607缺水！
⚠️ 第49天，村民1608食物耗尽！
⚠️ 第49天，村民1608缺水！
⚠️ 第49天，村民1609食物耗尽！
⚠️ 第49天，村民1609缺水！
⚠️ 第49天，村民1610食物耗尽！
⚠️ 第49天，村民1610缺水！
⚠️ 第49天，村民1611食物耗尽！
⚠️ 第49天，村民1611缺水！
⚠️ 第49天，村民1612食物耗尽！
⚠️ 第49天，村民1612缺水！
⚠️ 第49天，村民1613食物耗尽！
⚠️ 第49天，村民1613缺水！
⚠️ 第49天，村民1614食物耗尽！
⚠️ 第49天，村民1614缺水！
⚠️ 第49天，村民1615食物耗尽！
⚠️ 第49天，村民1615缺水！
⚠️ 第49天，村民1616食物耗尽！
⚠️ 第49天，村民1616缺水！
⚠️ 第49天，村民1617食物耗尽！
⚠️ 第49天，村民1617缺水！
⚠️ 第49天，村民1618食物耗尽！
⚠️ 第49天，村民1618缺水！
⚠️ 第49天，村民1619食物耗尽！
⚠️ 第49天，村民1619缺水！
⚠️ 第49天，村民1620食物耗尽！
⚠️ 第49天，村民1620缺水！
⚠️ 第49天，村民1621食物耗尽！
⚠️ 第49天，村民1621缺水！
⚠️ 第49天，村民1622食物耗尽！
⚠️ 第49天，村民1622缺水！
⚠️ 第49天，村民1623食物耗尽！
⚠️ 第49天，村民1623缺水！
⚠️ 第49天，村民1624食物耗尽！
⚠️ 第49天，村民1624缺水！
⚠️ 第49天，村民1625食物耗尽！
⚠️ 第49天，村民1625缺水！
⚠️ 第49天，村民1626食物耗尽！
⚠️ 第49天，村民1626缺水！
⚠️ 第49天，村民1627食物耗尽！
⚠️ 第49天，村民1627缺水！
⚠️ 第49天，村民1628食物耗尽！
⚠️ 第49天，村民1628缺水！
⚠️ 第49天，村民1629食物耗尽！
⚠️ 第49天，村民1629缺水！
⚠️ 第49天，村民1630食物耗尽！
⚠️ 第49天，村民1630缺水！
⚠️ 第49天，村民1631食物耗尽！
⚠️ 第49天，村民1631缺水！
⚠️ 第49天，村民1632食物耗尽！
⚠️ 第49天，村民1632缺水！
⚠️ 第49天，村民1633食物耗尽！
⚠️ 第49天，村民1633缺水！
⚠️ 第49天，村民1634食物耗尽！
⚠️ 第49天，村民1634缺水！
⚠️ 第49天，村民1635食物耗尽！
⚠️ 第49天，村民1635缺水！
⚠️ 第49天，村民1636食物耗尽！
⚠️ 第49天，村民1636缺水！
⚠️ 第49天，村民1637食物耗尽！
⚠️ 第49天，村民1637缺水！
⚠️ 第49天，村民1638食物耗尽！
⚠️ 第49天，村民1638缺水！
⚠️ 第49天，村民1639食物耗尽！
⚠️ 第49天，村民1639缺水！
⚠️ 第49天，村民1640食物耗尽！
⚠️ 第49天，村民1640缺水！
⚠️ 第49天，村民1641食物耗尽！
⚠️ 第49天，村民1641缺水！
⚠️ 第49天，村民1642食物耗尽！
⚠️ 第49天，村民1642缺水！
⚠️ 第49天，村民1643食物耗尽！
⚠️ 第49天，村民1643缺水！
⚠️ 第49天，村民1644食物耗尽！
⚠️ 第49天，村民1644缺水！
⚠️ 第49天，村民1645食物耗尽！
⚠️ 第49天，村民1645缺水！
⚠️ 第49天，村民1646食物耗尽！
⚠️ 第49天，村民1646缺水！
⚠️ 第49天，村民1647食物耗尽！
⚠️ 第49天，村民1647缺水！
⚠️ 第49天，村民1648食物耗尽！
⚠️ 第49天，村民1648缺水！
⚠️ 第49天，村民1649食物耗尽！
⚠️ 第49天，村民1649缺水！
⚠️ 第49天，村民1650食物耗尽！
⚠️ 第49天，村民1650缺水！
⚠️ 第49天，村民1651食物耗尽！
⚠️ 第49天，村民1651缺水！
⚠️ 第49天，村民1652食物耗尽！
⚠️ 第49天，村民1652缺水！
⚠️ 第49天，村民1653食物耗尽！
⚠️ 第49天，村民1653缺水！
⚠️ 第49天，村民1654食物耗尽！
⚠️ 第49天，村民1654缺水！
⚠️ 第49天，村民1655食物耗尽！
⚠️ 第49天，村民1655缺水！
⚠️ 第49天，村民1656食物耗尽！
⚠️ 第49天，村民1656缺水！
⚠️ 第49天，村民1657食物耗尽！
⚠️ 第49天，村民1657缺水！
⚠️ 第49天，村民1658食物耗尽！
⚠️ 第49天，村民1658缺水！
⚠️ 第49天，村民1659食物耗尽！
⚠️ 第49天，村民1659缺水！
⚠️ 第49天，村民1660食物耗尽！
⚠️ 第49天，村民1660缺水！
⚠️ 第49天，村民1661食物耗尽！
⚠️ 第49天，村民1661缺水！
⚠️ 第49天，村民1662食物耗尽！
⚠️ 第49天，村民1662缺水！
⚠️ 第49天，村民1663食物耗尽！
⚠️ 第49天，村民1663缺水！
⚠️ 第49天，村民1664食物耗尽！
⚠️ 第49天，村民1664缺水！
⚠️ 第49天，村民1665食物耗尽！
⚠️ 第49天，村民1665缺水！
⚠️ 第49天，村民1666食物耗尽！
⚠️ 第49天，村民1666缺水！
⚠️ 第49天，村民1667食物耗尽！
⚠️ 第49天，村民1667缺水！
⚠️ 第49天，村民1668食物耗尽！
⚠️ 第49天，村民1668缺水！
⚠️ 第49天，村民1669食物耗尽！
⚠️ 第49天，村民1669缺水！
⚠️ 第49天，村民1670食物耗尽！
⚠️ 第49天，村民1670缺水！
⚠️ 第49天，村民1671食物耗尽！
⚠️ 第49天，村民1671缺水！
⚠️ 第49天，村民1672食物耗尽！
⚠️ 第49天，村民1672缺水！
⚠️ 第49天，村民1673食物耗尽！
⚠️ 第49天，村民1673缺水！
⚠️ 第49天，村民1674食物耗尽！
⚠️ 第49天，村民1674缺水！
⚠️ 第49天，村民1675食物耗尽！
⚠️ 第49天，村民1675缺水！
⚠️ 第49天，村民1676食物耗尽！
⚠️ 第49天，村民1676缺水！
⚠️ 第49天，村民1677食物耗尽！
⚠️ 第49天，村民1677缺水！
⚠️ 第49天，村民1678食物耗尽！
⚠️ 第49天，村民1678缺水！
⚠️ 第49天，村民1679食物耗尽！
⚠️ 第49天，村民1679缺水！
⚠️ 第49天，村民1680食物耗尽！
⚠️ 第49天，村民1680缺水！
⚠️ 第49天，村民1681食物耗尽！
⚠️ 第49天，村民1681缺水！
⚠️ 第49天，村民1682食物耗尽！
⚠️ 第49天，村民1682缺水！
⚠️ 第49天，村民1683食物耗尽！
⚠️ 第49天，村民1683缺水！
⚠️ 第49天，村民1684食物耗尽！
⚠️ 第49天，村民1684缺水！
⚠️ 第49天，村民1685食物耗尽！
⚠️ 第49天，村民1685缺水！
⚠️ 第49天，村民1686食物耗尽！
⚠️ 第49天，村民1686缺水！
⚠️ 第49天，村民1687食物耗尽！
⚠️ 第49天，村民1687缺水！
⚠️ 第49天，村民1688食物耗尽！
⚠️ 第49天，村民1688缺水！
⚠️ 第49天，村民1689食物耗尽！
⚠️ 第49天，村民1689缺水！
⚠️ 第49天，村民1690食物耗尽！
⚠️ 第49天，村民1690缺水！
⚠️ 第49天，村民1691食物耗尽！
⚠️ 第49天，村民1691缺水！
⚠️ 第49天，村民1692食物耗尽！
⚠️ 第49天，村民1692缺水！
⚠️ 第49天，村民1693食物耗尽！
⚠️ 第49天，村民1693缺水！
⚠️ 第49天，村民1694食物耗尽！
⚠️ 第49天，村民1694缺水！
⚠️ 第49天，村民1695食物耗尽！
⚠️ 第49天，村民1695缺水！
⚠️ 第49天，村民1696食物耗尽！
⚠️ 第49天，村民1696缺水！
⚠️ 第49天，村民1697食物耗尽！
⚠️ 第49天，村民1697缺水！
⚠️ 第49天，村民1698食物耗尽！
⚠️ 第49天，村民1698缺水！
⚠️ 第49天，村民1699食物耗尽！
⚠️ 第49天，村民1699缺水！
⚠️ 第49天，村民1700食物耗尽！
⚠️ 第49天，村民1700缺水！
⚠️ 第49天，村民1701食物耗尽！
⚠️ 第49天，村民1701缺水！
⚠️ 第49天，村民1702食物耗尽！
⚠️ 第49天，村民1702缺水！
⚠️ 第49天，村民1703食物耗尽！
⚠️ 第49天，村民1703缺水！
⚠️ 第49天，村民1704食物耗尽！
⚠️ 第49天，村民1704缺水！
⚠️ 第49天，村民1705食物耗尽！
⚠️ 第49天，村民1705缺水！
⚠️ 第49天，村民1706食物耗尽！
⚠️ 第49天，村民1706缺水！
⚠️ 第49天，村民1707食物耗尽！
⚠️ 第49天，村民1707缺水！
⚠️ 第49天，村民1708食物耗尽！
⚠️ 第49天，村民1708缺水！
⚠️ 第49天，村民1709食物耗尽！
⚠️ 第49天，村民1709缺水！
⚠️ 第49天，村民1710食物耗尽！
⚠️ 第49天，村民1710缺水！
⚠️ 第49天，村民1711食物耗尽！
⚠️ 第49天，村民1711缺水！
⚠️ 第49天，村民1712食物耗尽！
⚠️ 第49天，村民1712缺水！
⚠️ 第49天，村民1713食物耗尽！
⚠️ 第49天，村民1713缺水！
⚠️ 第49天，村民1714食物耗尽！
⚠️ 第49天，村民1714缺水！
⚠️ 第49天，村民1715食物耗尽！
⚠️ 第49天，村民1715缺水！
⚠️ 第49天，村民1716食物耗尽！
⚠️ 第49天，村民1716缺水！
⚠️ 第49天，村民1717食物耗尽！
⚠️ 第49天，村民1717缺水！
⚠️ 第49天，村民1718食物耗尽！
⚠️ 第49天，村民1718缺水！
⚠️ 第49天，村民1719食物耗尽！
⚠️ 第49天，村民1719缺水！
⚠️ 第49天，村民1720食物耗尽！
⚠️ 第49天，村民1720缺水！
⚠️ 第49天，村民1721食物耗尽！
⚠️ 第49天，村民1721缺水！
⚠️ 第49天，村民1722食物耗尽！
⚠️ 第49天，村民1722缺水！
⚠️ 第49天，村民1723食物耗尽！
⚠️ 第49天，村民1723缺水！
⚠️ 第49天，村民1724食物耗尽！
⚠️ 第49天，村民1724缺水！
⚠️ 第49天，村民1725食物耗尽！
⚠️ 第49天，村民1725缺水！
⚠️ 第49天，村民1726食物耗尽！
⚠️ 第49天，村民1726缺水！
⚠️ 第49天，村民1727食物耗尽！
⚠️ 第49天，村民1727缺水！
⚠️ 第49天，村民1728食物耗尽！
⚠️ 第49天，村民1728缺水！
⚠️ 第49天，村民1729食物耗尽！
⚠️ 第49天，村民1729缺水！
⚠️ 第49天，村民1730食物耗尽！
⚠️ 第49天，村民1730缺水！
⚠️ 第49天，村民1731食物耗尽！
⚠️ 第49天，村民1731缺水！
⚠️ 第49天，村民1732食物耗尽！
⚠️ 第49天，村民1732缺水！
⚠️ 第49天，村民1733食物耗尽！
⚠️ 第49天，村民1733缺水！
⚠️ 第49天，村民1734食物耗尽！
⚠️ 第49天，村民1734缺水！
⚠️ 第49天，村民1735食物耗尽！
⚠️ 第49天，村民1735缺水！
⚠️ 第49天，村民1736食物耗尽！
⚠️ 第49天，村民1736缺水！
⚠️ 第49天，村民1737食物耗尽！
⚠️ 第49天，村民1737缺水！
⚠️ 第49天，村民1738食物耗尽！
⚠️ 第49天，村民1738缺水！
⚠️ 第49天，村民1739食物耗尽！
⚠️ 第49天，村民1739缺水！
⚠️ 第49天，村民1740食物耗尽！
⚠️ 第49天，村民1740缺水！
⚠️ 第49天，村民1741食物耗尽！
⚠️ 第49天，村民1741缺水！
⚠️ 第49天，村民1742食物耗尽！
⚠️ 第49天，村民1742缺水！
⚠️ 第49天，村民1743食物耗尽！
⚠️ 第49天，村民1743缺水！
⚠️ 第49天，村民1744食物耗尽！
⚠️ 第49天，村民1744缺水！
⚠️ 第49天，村民1745食物耗尽！
⚠️ 第49天，村民1745缺水！
⚠️ 第49天，村民1746食物耗尽！
⚠️ 第49天，村民1746缺水！
⚠️ 第49天，村民1747食物耗尽！
⚠️ 第49天，村民1747缺水！
⚠️ 第49天，村民1748食物耗尽！
⚠️ 第49天，村民1748缺水！
⚠️ 第49天，村民1749食物耗尽！
⚠️ 第49天，村民1749缺水！
⚠️ 第49天，村民1750食物耗尽！
⚠️ 第49天，村民1750缺水！
⚠️ 第49天，村民1751食物耗尽！
⚠️ 第49天，村民1751缺水！
⚠️ 第49天，村民1752食物耗尽！
⚠️ 第49天，村民1752缺水！
⚠️ 第49天，村民1753食物耗尽！
⚠️ 第49天，村民1753缺水！
⚠️ 第49天，村民1754食物耗尽！
⚠️ 第49天，村民1754缺水！
⚠️ 第49天，村民1755食物耗尽！
⚠️ 第49天，村民1755缺水！
⚠️ 第49天，村民1756食物耗尽！
⚠️ 第49天，村民1756缺水！
⚠️ 第49天，村民1757食物耗尽！
⚠️ 第49天，村民1757缺水！
⚠️ 第49天，村民1758食物耗尽！
⚠️ 第49天，村民1758缺水！
⚠️ 第49天，村民1759食物耗尽！
⚠️ 第49天，村民1759缺水！
⚠️ 第49天，村民1760食物耗尽！
⚠️ 第49天，村民1760缺水！
⚠️ 第49天，村民1761食物耗尽！
⚠️ 第49天，村民1761缺水！
⚠️ 第49天，村民1762食物耗尽！
⚠️ 第49天，村民1762缺水！
⚠️ 第49天，村民1763食物耗尽！
⚠️ 第49天，村民1763缺水！
⚠️ 第49天，村民1764食物耗尽！
⚠️ 第49天，村民1764缺水！
⚠️ 第49天，村民1765食物耗尽！
⚠️ 第49天，村民1765缺水！
⚠️ 第49天，村民1766食物耗尽！
⚠️ 第49天，村民1766缺水！
⚠️ 第49天，村民1767食物耗尽！
⚠️ 第49天，村民1767缺水！
⚠️ 第49天，村民1768食物耗尽！
⚠️ 第49天，村民1768缺水！
⚠️ 第49天，村民1769食物耗尽！
⚠️ 第49天，村民1769缺水！
⚠️ 第49天，村民1770食物耗尽！
⚠️ 第49天，村民1770缺水！
⚠️ 第49天，村民1771食物耗尽！
⚠️ 第49天，村民1771缺水！
⚠️ 第49天，村民1772食物耗尽！
⚠️ 第49天，村民1772缺水！
⚠️ 第49天，村民1773食物耗尽！
⚠️ 第49天，村民1773缺水！
⚠️ 第49天，村民1774食物耗尽！
⚠️ 第49天，村民1774缺水！
⚠️ 第49天，村民1775食物耗尽！
⚠️ 第49天，村民1775缺水！
⚠️ 第49天，村民1776食物耗尽！
⚠️ 第49天，村民1776缺水！
⚠️ 第49天，村民1777食物耗尽！
⚠️ 第49天，村民1777缺水！
⚠️ 第49天，村民1778食物耗尽！
⚠️ 第49天，村民1778缺水！
⚠️ 第49天，村民1779食物耗尽！
⚠️ 第49天，村民1779缺水！
⚠️ 第49天，村民1780食物耗尽！
⚠️ 第49天，村民1780缺水！
⚠️ 第49天，村民1781食物耗尽！
⚠️ 第49天，村民1781缺水！
⚠️ 第49天，村民1782食物耗尽！
⚠️ 第49天，村民1782缺水！
⚠️ 第49天，村民1783食物耗尽！
⚠️ 第49天，村民1783缺水！
⚠️ 第49天，村民1784食物耗尽！
⚠️ 第49天，村民1784缺水！
⚠️ 第49天，村民1785食物耗尽！
⚠️ 第49天，村民1785缺水！
⚠️ 第49天，村民1786食物耗尽！
⚠️ 第49天，村民1786缺水！
⚠️ 第49天，村民1787食物耗尽！
⚠️ 第49天，村民1787缺水！
⚠️ 第49天，村民1788食物耗尽！
⚠️ 第49天，村民1788缺水！
⚠️ 第49天，村民1789食物耗尽！
⚠️ 第49天，村民1789缺水！
⚠️ 第49天，村民1790食物耗尽！
⚠️ 第49天，村民1790缺水！
⚠️ 第49天，村民1791食物耗尽！
⚠️ 第49天，村民1791缺水！
⚠️ 第49天，村民1792食物耗尽！
⚠️ 第49天，村民1792缺水！
⚠️ 第49天，村民1793食物耗尽！
⚠️ 第49天，村民1793缺水！
⚠️ 第49天，村民1794食物耗尽！
⚠️ 第49天，村民1794缺水！
⚠️ 第49天，村民1795食物耗尽！
⚠️ 第49天，村民1795缺水！
⚠️ 第49天，村民1796食物耗尽！
⚠️ 第49天，村民1796缺水！
⚠️ 第49天，村民1797食物耗尽！
⚠️ 第49天，村民1797缺水！
⚠️ 第49天，村民1798食物耗尽！
⚠️ 第49天，村民1798缺水！
⚠️ 第49天，村民1799食物耗尽！
⚠️ 第49天，村民1799缺水！
⚠️ 第49天，村民1800食物耗尽！
⚠️ 第49天，村民1800缺水！
⚠️ 第49天，村民1801食物耗尽！
⚠️ 第49天，村民1801缺水！
⚠️ 第49天，村民1802食物耗尽！
⚠️ 第49天，村民1802缺水！
⚠️ 第49天，村民1803食物耗尽！
⚠️ 第49天，村民1803缺水！
⚠️ 第49天，村民1804食物耗尽！
⚠️ 第49天，村民1804缺水！
⚠️ 第49天，村民1805食物耗尽！
⚠️ 第49天，村民1805缺水！
⚠️ 第49天，村民1806食物耗尽！
⚠️ 第49天，村民1806缺水！
⚠️ 第49天，村民1807食物耗尽！
⚠️ 第49天，村民1807缺水！
⚠️ 第49天，村民1808食物耗尽！
⚠️ 第49天，村民1808缺水！
⚠️ 第49天，村民1809食物耗尽！
⚠️ 第49天，村民1809缺水！
⚠️ 第49天，村民1810食物耗尽！
⚠️ 第49天，村民1810缺水！
⚠️ 第49天，村民1811食物耗尽！
⚠️ 第49天，村民1811缺水！
⚠️ 第49天，村民1812食物耗尽！
⚠️ 第49天，村民1812缺水！
⚠️ 第49天，村民1813食物耗尽！
⚠️ 第49天，村民1813缺水！
⚠️ 第49天，村民1814食物耗尽！
⚠️ 第49天，村民1814缺水！
⚠️ 第49天，村民1815食物耗尽！
⚠️ 第49天，村民1815缺水！
⚠️ 第49天，村民1816食物耗尽！
⚠️ 第49天，村民1816缺水！
⚠️ 第49天，村民1817食物耗尽！
⚠️ 第49天，村民1817缺水！
⚠️ 第49天，村民1818食物耗尽！
⚠️ 第49天，村民1818缺水！
⚠️ 第49天，村民1819食物耗尽！
⚠️ 第49天，村民1819缺水！
⚠️ 第49天，村民1820食物耗尽！
⚠️ 第49天，村民1820缺水！
⚠️ 第49天，村民1821食物耗尽！
⚠️ 第49天，村民1821缺水！
⚠️ 第49天，村民1822食物耗尽！
⚠️ 第49天，村民1822缺水！
⚠️ 第49天，村民1823食物耗尽！
⚠️ 第49天，村民1823缺水！
⚠️ 第49天，村民1824食物耗尽！
⚠️ 第49天，村民1824缺水！
⚠️ 第49天，村民1825食物耗尽！
⚠️ 第49天，村民1825缺水！
⚠️ 第49天，村民1826食物耗尽！
⚠️ 第49天，村民1826缺水！
⚠️ 第49天，村民1827食物耗尽！
⚠️ 第49天，村民1827缺水！
⚠️ 第49天，村民1828食物耗尽！
⚠️ 第49天，村民1828缺水！
⚠️ 第49天，村民1829食物耗尽！
⚠️ 第49天，村民1829缺水！
⚠️ 第49天，村民1830食物耗尽！
⚠️ 第49天，村民1830缺水！
⚠️ 第49天，村民1831食物耗尽！
⚠️ 第49天，村民1831缺水！
⚠️ 第49天，村民1832食物耗尽！
⚠️ 第49天，村民1832缺水！
⚠️ 第49天，村民1833食物耗尽！
⚠️ 第49天，村民1833缺水！
⚠️ 第49天，村民1834食物耗尽！
⚠️ 第49天，村民1834缺水！
⚠️ 第49天，村民1835食物耗尽！
⚠️ 第49天，村民1835缺水！
⚠️ 第49天，村民1836食物耗尽！
⚠️ 第49天，村民1836缺水！
⚠️ 第49天，村民1837食物耗尽！
⚠️ 第49天，村民1837缺水！
⚠️ 第49天，村民1838食物耗尽！
⚠️ 第49天，村民1838缺水！
⚠️ 第49天，村民1839食物耗尽！
⚠️ 第49天，村民1839缺水！
⚠️ 第49天，村民1840食物耗尽！
⚠️ 第49天，村民1840缺水！
⚠️ 第49天，村民1841食物耗尽！
⚠️ 第49天，村民1841缺水！
⚠️ 第49天，村民1842食物耗尽！
⚠️ 第49天，村民1842缺水！
⚠️ 第49天，村民1843食物耗尽！
⚠️ 第49天，村民1843缺水！
⚠️ 第49天，村民1844食物耗尽！
⚠️ 第49天，村民1844缺水！
⚠️ 第49天，村民1845食物耗尽！
⚠️ 第49天，村民1845缺水！
⚠️ 第49天，村民1846食物耗尽！
⚠️ 第49天，村民1846缺水！
⚠️ 第49天，村民1847食物耗尽！
⚠️ 第49天，村民1847缺水！
⚠️ 第49天，村民1848食物耗尽！
⚠️ 第49天，村民1848缺水！
⚠️ 第49天，村民1849食物耗尽！
⚠️ 第49天，村民1849缺水！
⚠️ 第49天，村民1850食物耗尽！
⚠️ 第49天，村民1850缺水！
⚠️ 第49天，村民1851食物耗尽！
⚠️ 第49天，村民1851缺水！
⚠️ 第49天，村民1852食物耗尽！
⚠️ 第49天，村民1852缺水！
⚠️ 第49天，村民1853食物耗尽！
⚠️ 第49天，村民1853缺水！
⚠️ 第49天，村民1854食物耗尽！
⚠️ 第49天，村民1854缺水！
⚠️ 第49天，村民1855食物耗尽！
⚠️ 第49天，村民1855缺水！
⚠️ 第49天，村民1856食物耗尽！
⚠️ 第49天，村民1856缺水！
⚠️ 第49天，村民1857食物耗尽！
⚠️ 第49天，村民1857缺水！
⚠️ 第49天，村民1858食物耗尽！
⚠️ 第49天，村民1858缺水！
⚠️ 第49天，村民1859食物耗尽！
⚠️ 第49天，村民1859缺水！
⚠️ 第49天，村民1860食物耗尽！
⚠️ 第49天，村民1860缺水！
⚠️ 第49天，村民1861食物耗尽！
⚠️ 第49天，村民1861缺水！
⚠️ 第49天，村民1862食物耗尽！
⚠️ 第49天，村民1862缺水！
⚠️ 第49天，村民1863食物耗尽！
⚠️ 第49天，村民1863缺水！
⚠️ 第49天，村民1864食物耗尽！
⚠️ 第49天，村民1864缺水！
⚠️ 第49天，村民1865食物耗尽！
⚠️ 第49天，村民1865缺水！
⚠️ 第49天，村民1866食物耗尽！
⚠️ 第49天，村民1866缺水！
⚠️ 第49天，村民1867食物耗尽！
⚠️ 第49天，村民1867缺水！
⚠️ 第49天，村民1868食物耗尽！
⚠️ 第49天，村民1868缺水！
⚠️ 第49天，村民1869食物耗尽！
⚠️ 第49天，村民1869缺水！
⚠️ 第49天，村民1870食物耗尽！
⚠️ 第49天，村民1870缺水！
⚠️ 第49天，村民1871食物耗尽！
⚠️ 第49天，村民1871缺水！
⚠️ 第49天，村民1872食物耗尽！
⚠️ 第49天，村民1872缺水！
⚠️ 第49天，村民1873食物耗尽！
⚠️ 第49天，村民1873缺水！
⚠️ 第49天，村民1874食物耗尽！
⚠️ 第49天，村民1874缺水！
⚠️ 第49天，村民1875食物耗尽！
⚠️ 第49天，村民1875缺水！
⚠️ 第49天，村民1876食物耗尽！
⚠️ 第49天，村民1876缺水！
⚠️ 第49天，村民1877食物耗尽！
⚠️ 第49天，村民1877缺水！
⚠️ 第49天，村民1878食物耗尽！
⚠️ 第49天，村民1878缺水！
⚠️ 第49天，村民1879食物耗尽！
⚠️ 第49天，村民1879缺水！
⚠️ 第49天，村民1880食物耗尽！
⚠️ 第49天，村民1880缺水！
⚠️ 第49天，村民1881食物耗尽！
⚠️ 第49天，村民1881缺水！
⚠️ 第49天，村民1882食物耗尽！
⚠️ 第49天，村民1882缺水！
⚠️ 第49天，村民1883食物耗尽！
⚠️ 第49天，村民1883缺水！
⚠️ 第49天，村民1884食物耗尽！
⚠️ 第49天，村民1884缺水！
⚠️ 第49天，村民1885食物耗尽！
⚠️ 第49天，村民1885缺水！
⚠️ 第49天，村民1886食物耗尽！
⚠️ 第49天，村民1886缺水！
⚠️ 第49天，村民1887食物耗尽！
⚠️ 第49天，村民1887缺水！
⚠️ 第49天，村民1888食物耗尽！
⚠️ 第49天，村民1888缺水！
⚠️ 第49天，村民1889食物耗尽！
⚠️ 第49天，村民1889缺水！
⚠️ 第49天，村民1890食物耗尽！
⚠️ 第49天，村民1890缺水！
⚠️ 第49天，村民1891食物耗尽！
⚠️ 第49天，村民1891缺水！
⚠️ 第49天，村民1892食物耗尽！
⚠️ 第49天，村民1892缺水！
⚠️ 第49天，村民1893食物耗尽！
⚠️ 第49天，村民1893缺水！
⚠️ 第49天，村民1894食物耗尽！
⚠️ 第49天，村民1894缺水！
⚠️ 第49天，村民1895食物耗尽！
⚠️ 第49天，村民1895缺水！
⚠️ 第49天，村民1896食物耗尽！
⚠️ 第49天，村民1896缺水！
⚠️ 第49天，村民1897食物耗尽！
⚠️ 第49天，村民1897缺水！
⚠️ 第49天，村民1898食物耗尽！
⚠️ 第49天，村民1898缺水！
⚠️ 第49天，村民1899食物耗尽！
⚠️ 第49天，村民1899缺水！
⚠️ 第49天，村民1900食物耗尽！
⚠️ 第49天，村民1900缺水！
⚠️ 第49天，村民1901食物耗尽！
⚠️ 第49天，村民1901缺水！
⚠️ 第49天，村民1902食物耗尽！
⚠️ 第49天，村民1902缺水！
⚠️ 第49天，村民1903食物耗尽！
⚠️ 第49天，村民1903缺水！
⚠️ 第49天，村民1904食物耗尽！
⚠️ 第49天，村民1904缺水！
⚠️ 第49天，村民1905食物耗尽！
⚠️ 第49天，村民1905缺水！
⚠️ 第49天，村民1906食物耗尽！
⚠️ 第49天，村民1906缺水！
⚠️ 第49天，村民1907食物耗尽！
⚠️ 第49天，村民1907缺水！
⚠️ 第49天，村民1908食物耗尽！
⚠️ 第49天，村民1908缺水！
⚠️ 第49天，村民1909食物耗尽！
⚠️ 第49天，村民1909缺水！
⚠️ 第49天，村民1910食物耗尽！
⚠️ 第49天，村民1910缺水！
⚠️ 第49天，村民1911食物耗尽！
⚠️ 第49天，村民1911缺水！
⚠️ 第49天，村民1912食物耗尽！
⚠️ 第49天，村民1912缺水！
⚠️ 第49天，村民1913食物耗尽！
⚠️ 第49天，村民1913缺水！
⚠️ 第49天，村民1914食物耗尽！
⚠️ 第49天，村民1914缺水！
⚠️ 第49天，村民1915食物耗尽！
⚠️ 第49天，村民1915缺水！
⚠️ 第49天，村民1916食物耗尽！
⚠️ 第49天，村民1916缺水！
⚠️ 第49天，村民1917食物耗尽！
⚠️ 第49天，村民1917缺水！
⚠️ 第49天，村民1918食物耗尽！
⚠️ 第49天，村民1918缺水！
⚠️ 第49天，村民1919食物耗尽！
⚠️ 第49天，村民1919缺水！
⚠️ 第49天，村民1920食物耗尽！
⚠️ 第49天，村民1920缺水！
⚠️ 第49天，村民1921食物耗尽！
⚠️ 第49天，村民1921缺水！
⚠️ 第49天，村民1922食物耗尽！
⚠️ 第49天，村民1922缺水！
⚠️ 第49天，村民1923食物耗尽！
⚠️ 第49天，村民1923缺水！
⚠️ 第49天，村民1924食物耗尽！
⚠️ 第49天，村民1924缺水！
⚠️ 第49天，村民1925食物耗尽！
⚠️ 第49天，村民1925缺水！
⚠️ 第49天，村民1926食物耗尽！
⚠️ 第49天，村民1926缺水！
⚠️ 第49天，村民1927食物耗尽！
⚠️ 第49天，村民1927缺水！
⚠️ 第49天，村民1928食物耗尽！
⚠️ 第49天，村民1928缺水！
⚠️ 第49天，村民1929食物耗尽！
⚠️ 第49天，村民1929缺水！
⚠️ 第49天，村民1930食物耗尽！
⚠️ 第49天，村民1930缺水！
⚠️ 第49天，村民1931食物耗尽！
⚠️ 第49天，村民1931缺水！
⚠️ 第49天，村民1932食物耗尽！
⚠️ 第49天，村民1932缺水！
⚠️ 第49天，村民1933食物耗尽！
⚠️ 第49天，村民1933缺水！
⚠️ 第49天，村民1934食物耗尽！
⚠️ 第49天，村民1934缺水！
⚠️ 第49天，村民1935食物耗尽！
⚠️ 第49天，村民1935缺水！
⚠️ 第49天，村民1936食物耗尽！
⚠️ 第49天，村民1936缺水！
⚠️ 第49天，村民1937食物耗尽！
⚠️ 第49天，村民1937缺水！
⚠️ 第49天，村民1938食物耗尽！
⚠️ 第49天，村民1938缺水！
⚠️ 第49天，村民1939食物耗尽！
⚠️ 第49天，村民1939缺水！
⚠️ 第49天，村民1940食物耗尽！
⚠️ 第49天，村民1940缺水！
⚠️ 第49天，村民1941食物耗尽！
⚠️ 第49天，村民1941缺水！
⚠️ 第49天，村民1942食物耗尽！
⚠️ 第49天，村民1942缺水！
⚠️ 第49天，村民1943食物耗尽！
⚠️ 第49天，村民1943缺水！
⚠️ 第49天，村民1944食物耗尽！
⚠️ 第49天，村民1944缺水！
⚠️ 第49天，村民1945食物耗尽！
⚠️ 第49天，村民1945缺水！
⚠️ 第49天，村民1946食物耗尽！
⚠️ 第49天，村民1946缺水！
⚠️ 第49天，村民1947食物耗尽！
⚠️ 第49天，村民1947缺水！
⚠️ 第49天，村民1948食物耗尽！
⚠️ 第49天，村民1948缺水！
⚠️ 第49天，村民1949食物耗尽！
⚠️ 第49天，村民1949缺水！
⚠️ 第49天，村民1950食物耗尽！
⚠️ 第49天，村民1950缺水！
⚠️ 第49天，村民1951食物耗尽！
⚠️ 第49天，村民1951缺水！
⚠️ 第49天，村民1952食物耗尽！
⚠️ 第49天，村民1952缺水！
⚠️ 第49天，村民1953食物耗尽！
⚠️ 第49天，村民1953缺水！
⚠️ 第49天，村民1954食物耗尽！
⚠️ 第49天，村民1954缺水！
⚠️ 第49天，村民1955食物耗尽！
⚠️ 第49天，村民1955缺水！
⚠️ 第49天，村民1956食物耗尽！
⚠️ 第49天，村民1956缺水！
⚠️ 第49天，村民1957食物耗尽！
⚠️ 第49天，村民1957缺水！
⚠️ 第49天，村民1958食物耗尽！
⚠️ 第49天，村民1958缺水！
⚠️ 第49天，村民1959食物耗尽！
⚠️ 第49天，村民1959缺水！
⚠️ 第49天，村民1960食物耗尽！
⚠️ 第49天，村民1960缺水！
⚠️ 第49天，村民1961食物耗尽！
⚠️ 第49天，村民1961缺水！
⚠️ 第49天，村民1962食物耗尽！
⚠️ 第49天，村民1962缺水！
⚠️ 第49天，村民1963食物耗尽！
⚠️ 第49天，村民1963缺水！
⚠️ 第49天，村民1964食物耗尽！
⚠️ 第49天，村民1964缺水！
⚠️ 第49天，村民1965食物耗尽！
⚠️ 第49天，村民1965缺水！
⚠️ 第49天，村民1966食物耗尽！
⚠️ 第49天，村民1966缺水！
⚠️ 第49天，村民1967食物耗尽！
⚠️ 第49天，村民1967缺水！
⚠️ 第49天，村民1968食物耗尽！
⚠️ 第49天，村民1968缺水！
⚠️ 第49天，村民1969食物耗尽！
⚠️ 第49天，村民1969缺水！
⚠️ 第49天，村民1970食物耗尽！
⚠️ 第49天，村民1970缺水！
⚠️ 第49天，村民1971食物耗尽！
⚠️ 第49天，村民1971缺水！
⚠️ 第49天，村民1972食物耗尽！
⚠️ 第49天，村民1972缺水！
⚠️ 第49天，村民1973食物耗尽！
⚠️ 第49天，村民1973缺水！
⚠️ 第49天，村民1974食物耗尽！
⚠️ 第49天，村民1974缺水！
⚠️ 第49天，村民1975食物耗尽！
⚠️ 第49天，村民1975缺水！
⚠️ 第49天，村民1976食物耗尽！
⚠️ 第49天，村民1976缺水！
⚠️ 第49天，村民1977食物耗尽！
⚠️ 第49天，村民1977缺水！
⚠️ 第49天，村民1978食物耗尽！
⚠️ 第49天，村民1978缺水！
⚠️ 第49天，村民1979食物耗尽！
⚠️ 第49天，村民1979缺水！
⚠️ 第49天，村民1980食物耗尽！
⚠️ 第49天，村民1980缺水！
⚠️ 第49天，村民1981食物耗尽！
⚠️ 第49天，村民1981缺水！
⚠️ 第49天，村民1982食物耗尽！
⚠️ 第49天，村民1982缺水！
⚠️ 第49天，村民1983食物耗尽！
⚠️ 第49天，村民1983缺水！
⚠️ 第49天，村民1984食物耗尽！
⚠️ 第49天，村民1984缺水！
⚠️ 第49天，村民1985食物耗尽！
⚠️ 第49天，村民1985缺水！
⚠️ 第49天，村民1986食物耗尽！
⚠️ 第49天，村民1986缺水！
⚠️ 第49天，村民1987食物耗尽！
⚠️ 第49天，村民1987缺水！
⚠️ 第49天，村民1988食物耗尽！
⚠️ 第49天，村民1988缺水！
⚠️ 第49天，村民1989食物耗尽！
⚠️ 第49天，村民1989缺水！
⚠️ 第49天，村民1990食物耗尽！
⚠️ 第49天，村民1990缺水！
⚠️ 第49天，村民1991食物耗尽！
⚠️ 第49天，村民1991缺水！
⚠️ 第49天，村民1992食物耗尽！
⚠️ 第49天，村民1992缺水！
⚠️ 第49天，村民1993食物耗尽！
⚠️ 第49天，村民1993缺水！
⚠️ 第49天，村民1994食物耗尽！
⚠️ 第49天，村民1994缺水！
⚠️ 第49天，村民1995食物耗尽！
⚠️ 第49天，村民1995缺水！
⚠️ 第49天，村民1996食物耗尽！
⚠️ 第49天，村民1996缺水！
⚠️ 第49天，村民1997食物耗尽！
⚠️ 第49天，村民1997缺水！
⚠️ 第49天，村民1998食物耗尽！
⚠️ 第49天，村民1998缺水！
⚠️ 第49天，村民1999食物耗尽！
⚠️ 第49天，村民1999缺水！
⚠️ 第49天，村民2000食物耗尽！
⚠️ 第49天，村民2000缺水！
📊 第50天结束：当前村庄共有 2000 人存活。
⚠️ 第50天，村民1食物耗尽！
⚠️ 第50天，村民1缺水！
⚠️ 第50天，村民2食物耗尽！
⚠️ 第50天，村民2缺水！
⚠️ 第50天，村民3食物耗尽！
⚠️ 第50天，村民3缺水！
⚠️ 第50天，村民4食物耗尽！
⚠️ 第50天，村民4缺水！
⚠️ 第50天，村民5食物耗尽！
⚠️ 第50天，村民5缺水！
⚠️ 第50天，村民6食物耗尽！
⚠️ 第50天，村民6缺水！
⚠️ 第50天，村民7食物耗尽！
⚠️ 第50天，村民7缺水！
⚠️ 第50天，村民8食物耗尽！
⚠️ 第50天，村民8缺水！
⚠️ 第50天，村民9食物耗尽！
⚠️ 第50天，村民9缺水！
⚠️ 第50天，村民10食物耗尽！
⚠️ 第50天，村民10缺水！
⚠️ 第50天，村民11食物耗尽！
⚠️ 第50天，村民11缺水！
⚠️ 第50天，村民12食物耗尽！
⚠️ 第50天，村民12缺水！
⚠️ 第50天，村民13食物耗尽！
⚠️ 第50天，村民13缺水！
⚠️ 第50天，村民14食物耗尽！
⚠️ 第50天，村民14缺水！
⚠️ 第50天，村民15食物耗尽！
⚠️ 第50天，村民15缺水！
⚠️ 第50天，村民16食物耗尽！
⚠️ 第50天，村民16缺水！
⚠️ 第50天，村民17食物耗尽！
⚠️ 第50天，村民17缺水！
⚠️ 第50天，村民18食物耗尽！
⚠️ 第50天，村民18缺水！
⚠️ 第50天，村民19食物耗尽！
⚠️ 第50天，村民19缺水！
⚠️ 第50天，村民20食物耗尽！
⚠️ 第50天，村民20缺水！
⚠️ 第50天，村民21食物耗尽！
⚠️ 第50天，村民21缺水！
⚠️ 第50天，村民22食物耗尽！
⚠️ 第50天，村民22缺水！
⚠️ 第50天，村民23食物耗尽！
⚠️ 第50天，村民23缺水！
⚠️ 第50天，村民24食物耗尽！
⚠️ 第50天，村民24缺水！
⚠️ 第50天，村民25食物耗尽！
⚠️ 第50天，村民25缺水！
⚠️ 第50天，村民26食物耗尽！
⚠️ 第50天，村民26缺水！
⚠️ 第50天，村民27食物耗尽！
⚠️ 第50天，村民27缺水！
⚠️ 第50天，村民28食物耗尽！
⚠️ 第50天，村民28缺水！
⚠️ 第50天，村民29食物耗尽！
⚠️ 第50天，村民29缺水！
⚠️ 第50天，村民30食物耗尽！
⚠️ 第50天，村民30缺水！
⚠️ 第50天，村民31食物耗尽！
⚠️ 第50天，村民31缺水！
⚠️ 第50天，村民32食物耗尽！
⚠️ 第50天，村民32缺水！
⚠️ 第50天，村民33食物耗尽！
⚠️ 第50天，村民33缺水！
⚠️ 第50天，村民34食物耗尽！
⚠️ 第50天，村民34缺水！
⚠️ 第50天，村民35食物耗尽！
⚠️ 第50天，村民35缺水！
⚠️ 第50天，村民36食物耗尽！
⚠️ 第50天，村民36缺水！
⚠️ 第50天，村民37食物耗尽！
⚠️ 第50天，村民37缺水！
⚠️ 第50天，村民38食物耗尽！
⚠️ 第50天，村民38缺水！
⚠️ 第50天，村民39食物耗尽！
⚠️ 第50天，村民39缺水！
⚠️ 第50天，村民40食物耗尽！
⚠️ 第50天，村民40缺水！
⚠️ 第50天，村民41食物耗尽！
⚠️ 第50天，村民41缺水！
⚠️ 第50天，村民42食物耗尽！
⚠️ 第50天，村民42缺水！
⚠️ 第50天，村民43食物耗尽！
⚠️ 第50天，村民43缺水！
⚠️ 第50天，村民44食物耗尽！
⚠️ 第50天，村民44缺水！
⚠️ 第50天，村民45食物耗尽！
⚠️ 第50天，村民45缺水！
⚠️ 第50天，村民46食物耗尽！
⚠️ 第50天，村民46缺水！
⚠️ 第50天，村民47食物耗尽！
⚠️ 第50天，村民47缺水！
⚠️ 第50天，村民48食物耗尽！
⚠️ 第50天，村民48缺水！
⚠️ 第50天，村民49食物耗尽！
⚠️ 第50天，村民49缺水！
⚠️ 第50天，村民50食物耗尽！
⚠️ 第50天，村民50缺水！
⚠️ 第50天，村民51食物耗尽！
⚠️ 第50天，村民51缺水！
⚠️ 第50天，村民52食物耗尽！
⚠️ 第50天，村民52缺水！
⚠️ 第50天，村民53食物耗尽！
⚠️ 第50天，村民53缺水！
⚠️ 第50天，村民54食物耗尽！
⚠️ 第50天，村民54缺水！
⚠️ 第50天，村民55食物耗尽！
⚠️ 第50天，村民55缺水！
⚠️ 第50天，村民56食物耗尽！
⚠️ 第50天，村民56缺水！
⚠️ 第50天，村民57食物耗尽！
⚠️ 第50天，村民57缺水！
⚠️ 第50天，村民58食物耗尽！
⚠️ 第50天，村民58缺水！
⚠️ 第50天，村民59食物耗尽！
⚠️ 第50天，村民59缺水！
⚠️ 第50天，村民60食物耗尽！
⚠️ 第50天，村民60缺水！
⚠️ 第50天，村民61食物耗尽！
⚠️ 第50天，村民61缺水！
⚠️ 第50天，村民62食物耗尽！
⚠️ 第50天，村民62缺水！
⚠️ 第50天，村民63食物耗尽！
⚠️ 第50天，村民63缺水！
⚠️ 第50天，村民64食物耗尽！
⚠️ 第50天，村民64缺水！
⚠️ 第50天，村民65食物耗尽！
⚠️ 第50天，村民65缺水！
⚠️ 第50天，村民66食物耗尽！
⚠️ 第50天，村民66缺水！
⚠️ 第50天，村民67食物耗尽！
⚠️ 第50天，村民67缺水！
⚠️ 第50天，村民68食物耗尽！
⚠️ 第50天，村民68缺水！
⚠️ 第50天，村民69食物耗尽！
⚠️ 第50天，村民69缺水！
⚠️ 第50天，村民70食物耗尽！
⚠️ 第50天，村民70缺水！
⚠️ 第50天，村民71食物耗尽！
⚠️ 第50天，村民71缺水！
⚠️ 第50天，村民72食物耗尽！
⚠️ 第50天，村民72缺水！
⚠️ 第50天，村民73食物耗尽！
⚠️ 第50天，村民73缺水！
⚠️ 第50天，村民74食物耗尽！
⚠️ 第50天，村民74缺水！
⚠️ 第50天，村民75食物耗尽！
⚠️ 第50天，村民75缺水！
⚠️ 第50天，村民76食物耗尽！
⚠️ 第50天，村民76缺水！
⚠️ 第50天，村民77食物耗尽！
⚠️ 第50天，村民77缺水！
⚠️ 第50天，村民78食物耗尽！
⚠️ 第50天，村民78缺水！
⚠️ 第50天，村民79食物耗尽！
⚠️ 第50天，村民79缺水！
⚠️ 第50天，村民80食物耗尽！
⚠️ 第50天，村民80缺水！
⚠️ 第50天，村民81食物耗尽！
⚠️ 第50天，村民81缺水！
⚠️ 第50天，村民82食物耗尽！
⚠️ 第50天，村民82缺水！
⚠️ 第50天，村民83食物耗尽！
⚠️ 第50天，村民83缺水！
⚠️ 第50天，村民84食物耗尽！
⚠️ 第50天，村民84缺水！
⚠️ 第50天，村民85食物耗尽！
⚠️ 第50天，村民85缺水！
⚠️ 第50天，村民86食物耗尽！
⚠️ 第50天，村民86缺水！
⚠️ 第50天，村民87食物耗尽！
⚠️ 第50天，村民87缺水！
⚠️ 第50天，村民88食物耗尽！
⚠️ 第50天，村民88缺水！
⚠️ 第50天，村民89食物耗尽！
⚠️ 第50天，村民89缺水！
⚠️ 第50天，村民90食物耗尽！
⚠️ 第50天，村民90缺水！
⚠️ 第50天，村民91食物耗尽！
⚠️ 第50天，村民91缺水！
⚠️ 第50天，村民92食物耗尽！
⚠️ 第50天，村民92缺水！
⚠️ 第50天，村民93食物耗尽！
⚠️ 第50天，村民93缺水！
⚠️ 第50天，村民94食物耗尽！
⚠️ 第50天，村民94缺水！
⚠️ 第50天，村民95食物耗尽！
⚠️ 第50天，村民95缺水！
⚠️ 第50天，村民96食物耗尽！
⚠️ 第50天，村民96缺水！
⚠️ 第50天，村民97食物耗尽！
⚠️ 第50天，村民97缺水！
⚠️ 第50天，村民98食物耗尽！
⚠️ 第50天，村民98缺水！
⚠️ 第50天，村民99食物耗尽！
⚠️ 第50天，村民99缺水！
⚠️ 第50天，村民100食物耗尽！
⚠️ 第50天，村民100缺水！
⚠️ 第50天，村民101食物耗尽！
⚠️ 第50天，村民101缺水！
⚠️ 第50天，村民102食物耗尽！
⚠️ 第50天，村民102缺水！
⚠️ 第50天，村民103食物耗尽！
⚠️ 第50天，村民103缺水！
⚠️ 第50天，村民104食物耗尽！
⚠️ 第50天，村民104缺水！
⚠️ 第50天，村民105食物耗尽！
⚠️ 第50天，村民105缺水！
⚠️ 第50天，村民106食物耗尽！
⚠️ 第50天，村民106缺水！
⚠️ 第50天，村民107食物耗尽！
⚠️ 第50天，村民107缺水！
⚠️ 第50天，村民108食物耗尽！
⚠️ 第50天，村民108缺水！
⚠️ 第50天，村民109食物耗尽！
⚠️ 第50天，村民109缺水！
⚠️ 第50天，村民110食物耗尽！
⚠️ 第50天，村民110缺水！
⚠️ 第50天，村民111食物耗尽！
⚠️ 第50天，村民111缺水！
⚠️ 第50天，村民112食物耗尽！
⚠️ 第50天，村民112缺水！
⚠️ 第50天，村民113食物耗尽！
⚠️ 第50天，村民113缺水！
⚠️ 第50天，村民114食物耗尽！
⚠️ 第50天，村民114缺水！
⚠️ 第50天，村民115食物耗尽！
⚠️ 第50天，村民115缺水！
⚠️ 第50天，村民116食物耗尽！
⚠️ 第50天，村民116缺水！
⚠️ 第50天，村民117食物耗尽！
⚠️ 第50天，村民117缺水！
⚠️ 第50天，村民118食物耗尽！
⚠️ 第50天，村民118缺水！
⚠️ 第50天，村民119食物耗尽！
⚠️ 第50天，村民119缺水！
⚠️ 第50天，村民120食物耗尽！
⚠️ 第50天，村民120缺水！
⚠️ 第50天，村民121食物耗尽！
⚠️ 第50天，村民121缺水！
⚠️ 第50天，村民122食物耗尽！
⚠️ 第50天，村民122缺水！
⚠️ 第50天，村民123食物耗尽！
⚠️ 第50天，村民123缺水！
⚠️ 第50天，村民124食物耗尽！
⚠️ 第50天，村民124缺水！
⚠️ 第50天，村民125食物耗尽！
⚠️ 第50天，村民125缺水！
⚠️ 第50天，村民126食物耗尽！
⚠️ 第50天，村民126缺水！
⚠️ 第50天，村民127食物耗尽！
⚠️ 第50天，村民127缺水！
⚠️ 第50天，村民128食物耗尽！
⚠️ 第50天，村民128缺水！
⚠️ 第50天，村民129食物耗尽！
⚠️ 第50天，村民129缺水！
⚠️ 第50天，村民130食物耗尽！
⚠️ 第50天，村民130缺水！
⚠️ 第50天，村民131食物耗尽！
⚠️ 第50天，村民131缺水！
⚠️ 第50天，村民132食物耗尽！
⚠️ 第50天，村民132缺水！
⚠️ 第50天，村民133食物耗尽！
⚠️ 第50天，村民133缺水！
⚠️ 第50天，村民134食物耗尽！
⚠️ 第50天，村民134缺水！
⚠️ 第50天，村民135食物耗尽！
⚠️ 第50天，村民135缺水！
⚠️ 第50天，村民136食物耗尽！
⚠️ 第50天，村民136缺水！
⚠️ 第50天，村民137食物耗尽！
⚠️ 第50天，村民137缺水！
⚠️ 第50天，村民138食物耗尽！
⚠️ 第50天，村民138缺水！
⚠️ 第50天，村民139食物耗尽！
⚠️ 第50天，村民139缺水！
⚠️ 第50天，村民140食物耗尽！
⚠️ 第50天，村民140缺水！
⚠️ 第50天，村民141食物耗尽！
⚠️ 第50天，村民141缺水！
⚠️ 第50天，村民142食物耗尽！
⚠️ 第50天，村民142缺水！
⚠️ 第50天，村民143食物耗尽！
⚠️ 第50天，村民143缺水！
⚠️ 第50天，村民144食物耗尽！
⚠️ 第50天，村民144缺水！
⚠️ 第50天，村民145食物耗尽！
⚠️ 第50天，村民145缺水！
⚠️ 第50天，村民146食物耗尽！
⚠️ 第50天，村民146缺水！
⚠️ 第50天，村民147食物耗尽！
⚠️ 第50天，村民147缺水！
⚠️ 第50天，村民148食物耗尽！
⚠️ 第50天，村民148缺水！
⚠️ 第50天，村民149食物耗尽！
⚠️ 第50天，村民149缺水！
⚠️ 第50天，村民150食物耗尽！
⚠️ 第50天，村民150缺水！
⚠️ 第50天，村民151食物耗尽！
⚠️ 第50天，村民151缺水！
⚠️ 第50天，村民152食物耗尽！
⚠️ 第50天，村民152缺水！
⚠️ 第50天，村民153食物耗尽！
⚠️ 第50天，村民153缺水！
⚠️ 第50天，村民154食物耗尽！
⚠️ 第50天，村民154缺水！
⚠️ 第50天，村民155食物耗尽！
⚠️ 第50天，村民155缺水！
⚠️ 第50天，村民156食物耗尽！
⚠️ 第50天，村民156缺水！
⚠️ 第50天，村民157食物耗尽！
⚠️ 第50天，村民157缺水！
⚠️ 第50天，村民158食物耗尽！
⚠️ 第50天，村民158缺水！
⚠️ 第50天，村民159食物耗尽！
⚠️ 第50天，村民159缺水！
⚠️ 第50天，村民160食物耗尽！
⚠️ 第50天，村民160缺水！
⚠️ 第50天，村民161食物耗尽！
⚠️ 第50天，村民161缺水！
⚠️ 第50天，村民162食物耗尽！
⚠️ 第50天，村民162缺水！
⚠️ 第50天，村民163食物耗尽！
⚠️ 第50天，村民163缺水！
⚠️ 第50天，村民164食物耗尽！
⚠️ 第50天，村民164缺水！
⚠️ 第50天，村民165食物耗尽！
⚠️ 第50天，村民165缺水！
⚠️ 第50天，村民166食物耗尽！
⚠️ 第50天，村民166缺水！
⚠️ 第50天，村民167食物耗尽！
⚠️ 第50天，村民167缺水！
⚠️ 第50天，村民168食物耗尽！
⚠️ 第50天，村民168缺水！
⚠️ 第50天，村民169食物耗尽！
⚠️ 第50天，村民169缺水！
⚠️ 第50天，村民170食物耗尽！
⚠️ 第50天，村民170缺水！
⚠️ 第50天，村民171食物耗尽！
⚠️ 第50天，村民171缺水！
⚠️ 第50天，村民172食物耗尽！
⚠️ 第50天，村民172缺水！
⚠️ 第50天，村民173食物耗尽！
⚠️ 第50天，村民173缺水！
⚠️ 第50天，村民174食物耗尽！
⚠️ 第50天，村民174缺水！
⚠️ 第50天，村民175食物耗尽！
⚠️ 第50天，村民175缺水！
⚠️ 第50天，村民176食物耗尽！
⚠️ 第50天，村民176缺水！
⚠️ 第50天，村民177食物耗尽！
⚠️ 第50天，村民177缺水！
⚠️ 第50天，村民178食物耗尽！
⚠️ 第50天，村民178缺水！
⚠️ 第50天，村民179食物耗尽！
⚠️ 第50天，村民179缺水！
⚠️ 第50天，村民180食物耗尽！
⚠️ 第50天，村民180缺水！
⚠️ 第50天，村民181食物耗尽！
⚠️ 第50天，村民181缺水！
⚠️ 第50天，村民182食物耗尽！
⚠️ 第50天，村民182缺水！
⚠️ 第50天，村民183食物耗尽！
⚠️ 第50天，村民183缺水！
⚠️ 第50天，村民184食物耗尽！
⚠️ 第50天，村民184缺水！
⚠️ 第50天，村民185食物耗尽！
⚠️ 第50天，村民185缺水！
⚠️ 第50天，村民186食物耗尽！
⚠️ 第50天，村民186缺水！
⚠️ 第50天，村民187食物耗尽！
⚠️ 第50天，村民187缺水！
⚠️ 第50天，村民188食物耗尽！
⚠️ 第50天，村民188缺水！
⚠️ 第50天，村民189食物耗尽！
⚠️ 第50天，村民189缺水！
⚠️ 第50天，村民190食物耗尽！
⚠️ 第50天，村民190缺水！
⚠️ 第50天，村民191食物耗尽！
⚠️ 第50天，村民191缺水！
⚠️ 第50天，村民192食物耗尽！
⚠️ 第50天，村民192缺水！
⚠️ 第50天，村民193食物耗尽！
⚠️ 第50天，村民193缺水！
⚠️ 第50天，村民194食物耗尽！
⚠️ 第50天，村民194缺水！
⚠️ 第50天，村民195食物耗尽！
⚠️ 第50天，村民195缺水！
⚠️ 第50天，村民196食物耗尽！
⚠️ 第50天，村民196缺水！
⚠️ 第50天，村民197食物耗尽！
⚠️ 第50天，村民197缺水！
⚠️ 第50天，村民198食物耗尽！
⚠️ 第50天，村民198缺水！
⚠️ 第50天，村民199食物耗尽！
⚠️ 第50天，村民199缺水！
⚠️ 第50天，村民200食物耗尽！
⚠️ 第50天，村民200缺水！
⚠️ 第50天，村民201食物耗尽！
⚠️ 第50天，村民201缺水！
⚠️ 第50天，村民202食物耗尽！
⚠️ 第50天，村民202缺水！
⚠️ 第50天，村民203食物耗尽！
⚠️ 第50天，村民203缺水！
⚠️ 第50天，村民204食物耗尽！
⚠️ 第50天，村民204缺水！
⚠️ 第50天，村民205食物耗尽！
⚠️ 第50天，村民205缺水！
⚠️ 第50天，村民206食物耗尽！
⚠️ 第50天，村民206缺水！
⚠️ 第50天，村民207食物耗尽！
⚠️ 第50天，村民207缺水！
⚠️ 第50天，村民208食物耗尽！
⚠️ 第50天，村民208缺水！
⚠️ 第50天，村民209食物耗尽！
⚠️ 第50天，村民209缺水！
⚠️ 第50天，村民210食物耗尽！
⚠️ 第50天，村民210缺水！
⚠️ 第50天，村民211食物耗尽！
⚠️ 第50天，村民211缺水！
⚠️ 第50天，村民212食物耗尽！
⚠️ 第50天，村民212缺水！
⚠️ 第50天，村民213食物耗尽！
⚠️ 第50天，村民213缺水！
⚠️ 第50天，村民214食物耗尽！
⚠️ 第50天，村民214缺水！
⚠️ 第50天，村民215食物耗尽！
⚠️ 第50天，村民215缺水！
⚠️ 第50天，村民216食物耗尽！
⚠️ 第50天，村民216缺水！
⚠️ 第50天，村民217食物耗尽！
⚠️ 第50天，村民217缺水！
⚠️ 第50天，村民218食物耗尽！
⚠️ 第50天，村民218缺水！
⚠️ 第50天，村民219食物耗尽！
⚠️ 第50天，村民219缺水！
⚠️ 第50天，村民220食物耗尽！
⚠️ 第50天，村民220缺水！
⚠️ 第50天，村民221食物耗尽！
⚠️ 第50天，村民221缺水！
⚠️ 第50天，村民222食物耗尽！
⚠️ 第50天，村民222缺水！
⚠️ 第50天，村民223食物耗尽！
⚠️ 第50天，村民223缺水！
⚠️ 第50天，村民224食物耗尽！
⚠️ 第50天，村民224缺水！
⚠️ 第50天，村民225食物耗尽！
⚠️ 第50天，村民225缺水！
⚠️ 第50天，村民226食物耗尽！
⚠️ 第50天，村民226缺水！
⚠️ 第50天，村民227食物耗尽！
⚠️ 第50天，村民227缺水！
⚠️ 第50天，村民228食物耗尽！
⚠️ 第50天，村民228缺水！
⚠️ 第50天，村民229食物耗尽！
⚠️ 第50天，村民229缺水！
⚠️ 第50天，村民230食物耗尽！
⚠️ 第50天，村民230缺水！
⚠️ 第50天，村民231食物耗尽！
⚠️ 第50天，村民231缺水！
⚠️ 第50天，村民232食物耗尽！
⚠️ 第50天，村民232缺水！
⚠️ 第50天，村民233食物耗尽！
⚠️ 第50天，村民233缺水！
⚠️ 第50天，村民234食物耗尽！
⚠️ 第50天，村民234缺水！
⚠️ 第50天，村民235食物耗尽！
⚠️ 第50天，村民235缺水！
⚠️ 第50天，村民236食物耗尽！
⚠️ 第50天，村民236缺水！
⚠️ 第50天，村民237食物耗尽！
⚠️ 第50天，村民237缺水！
⚠️ 第50天，村民238食物耗尽！
⚠️ 第50天，村民238缺水！
⚠️ 第50天，村民239食物耗尽！
⚠️ 第50天，村民239缺水！
⚠️ 第50天，村民240食物耗尽！
⚠️ 第50天，村民240缺水！
⚠️ 第50天，村民241食物耗尽！
⚠️ 第50天，村民241缺水！
⚠️ 第50天，村民242食物耗尽！
⚠️ 第50天，村民242缺水！
⚠️ 第50天，村民243食物耗尽！
⚠️ 第50天，村民243缺水！
⚠️ 第50天，村民244食物耗尽！
⚠️ 第50天，村民244缺水！
⚠️ 第50天，村民245食物耗尽！
⚠️ 第50天，村民245缺水！
⚠️ 第50天，村民246食物耗尽！
⚠️ 第50天，村民246缺水！
⚠️ 第50天，村民247食物耗尽！
⚠️ 第50天，村民247缺水！
⚠️ 第50天，村民248食物耗尽！
⚠️ 第50天，村民248缺水！
⚠️ 第50天，村民249食物耗尽！
⚠️ 第50天，村民249缺水！
⚠️ 第50天，村民250食物耗尽！
⚠️ 第50天，村民250缺水！
⚠️ 第50天，村民251食物耗尽！
⚠️ 第50天，村民251缺水！
⚠️ 第50天，村民252食物耗尽！
⚠️ 第50天，村民252缺水！
⚠️ 第50天，村民253食物耗尽！
⚠️ 第50天，村民253缺水！
⚠️ 第50天，村民254食物耗尽！
⚠️ 第50天，村民254缺水！
⚠️ 第50天，村民255食物耗尽！
⚠️ 第50天，村民255缺水！
⚠️ 第50天，村民256食物耗尽！
⚠️ 第50天，村民256缺水！
⚠️ 第50天，村民257食物耗尽！
⚠️ 第50天，村民257缺水！
⚠️ 第50天，村民258食物耗尽！
⚠️ 第50天，村民258缺水！
⚠️ 第50天，村民259食物耗尽！
⚠️ 第50天，村民259缺水！
⚠️ 第50天，村民260食物耗尽！
⚠️ 第50天，村民260缺水！
⚠️ 第50天，村民261食物耗尽！
⚠️ 第50天，村民261缺水！
⚠️ 第50天，村民262食物耗尽！
⚠️ 第50天，村民262缺水！
⚠️ 第50天，村民263食物耗尽！
⚠️ 第50天，村民263缺水！
⚠️ 第50天，村民264食物耗尽！
⚠️ 第50天，村民264缺水！
⚠️ 第50天，村民265食物耗尽！
⚠️ 第50天，村民265缺水！
⚠️ 第50天，村民266食物耗尽！
⚠️ 第50天，村民266缺水！
⚠️ 第50天，村民267食物耗尽！
⚠️ 第50天，村民267缺水！
⚠️ 第50天，村民268食物耗尽！
⚠️ 第50天，村民268缺水！
⚠️ 第50天，村民269食物耗尽！
⚠️ 第50天，村民269缺水！
⚠️ 第50天，村民270食物耗尽！
⚠️ 第50天，村民270缺水！
⚠️ 第50天，村民271食物耗尽！
⚠️ 第50天，村民271缺水！
⚠️ 第50天，村民272食物耗尽！
⚠️ 第50天，村民272缺水！
⚠️ 第50天，村民273食物耗尽！
⚠️ 第50天，村民273缺水！
⚠️ 第50天，村民274食物耗尽！
⚠️ 第50天，村民274缺水！
⚠️ 第50天，村民275食物耗尽！
⚠️ 第50天，村民275缺水！
⚠️ 第50天，村民276食物耗尽！
⚠️ 第50天，村民276缺水！
⚠️ 第50天，村民277食物耗尽！
⚠️ 第50天，村民277缺水！
⚠️ 第50天，村民278食物耗尽！
⚠️ 第50天，村民278缺水！
⚠️ 第50天，村民279食物耗尽！
⚠️ 第50天，村民279缺水！
⚠️ 第50天，村民280食物耗尽！
⚠️ 第50天，村民280缺水！
⚠️ 第50天，村民281食物耗尽！
⚠️ 第50天，村民281缺水！
⚠️ 第50天，村民282食物耗尽！
⚠️ 第50天，村民282缺水！
⚠️ 第50天，村民283食物耗尽！
⚠️ 第50天，村民283缺水！
⚠️ 第50天，村民284食物耗尽！
⚠️ 第50天，村民284缺水！
⚠️ 第50天，村民285食物耗尽！
⚠️ 第50天，村民285缺水！
⚠️ 第50天，村民286食物耗尽！
⚠️ 第50天，村民286缺水！
⚠️ 第50天，村民287食物耗尽！
⚠️ 第50天，村民287缺水！
⚠️ 第50天，村民288食物耗尽！
⚠️ 第50天，村民288缺水！
⚠️ 第50天，村民289食物耗尽！
⚠️ 第50天，村民289缺水！
⚠️ 第50天，村民290食物耗尽！
⚠️ 第50天，村民290缺水！
⚠️ 第50天，村民291食物耗尽！
⚠️ 第50天，村民291缺水！
⚠️ 第50天，村民292食物耗尽！
⚠️ 第50天，村民292缺水！
⚠️ 第50天，村民293食物耗尽！
⚠️ 第50天，村民293缺水！
⚠️ 第50天，村民294食物耗尽！
⚠️ 第50天，村民294缺水！
⚠️ 第50天，村民295食物耗尽！
⚠️ 第50天，村民295缺水！
⚠️ 第50天，村民296食物耗尽！
⚠️ 第50天，村民296缺水！
⚠️ 第50天，村民297食物耗尽！
⚠️ 第50天，村民297缺水！
⚠️ 第50天，村民298食物耗尽！
⚠️ 第50天，村民298缺水！
⚠️ 第50天，村民299食物耗尽！
⚠️ 第50天，村民299缺水！
⚠️ 第50天，村民300食物耗尽！
⚠️ 第50天，村民300缺水！
⚠️ 第50天，村民301食物耗尽！
⚠️ 第50天，村民301缺水！
⚠️ 第50天，村民302食物耗尽！
⚠️ 第50天，村民302缺水！
⚠️ 第50天，村民303食物耗尽！
⚠️ 第50天，村民303缺水！
⚠️ 第50天，村民304食物耗尽！
⚠️ 第50天，村民304缺水！
⚠️ 第50天，村民305食物耗尽！
⚠️ 第50天，村民305缺水！
⚠️ 第50天，村民306食物耗尽！
⚠️ 第50天，村民306缺水！
⚠️ 第50天，村民307食物耗尽！
⚠️ 第50天，村民307缺水！
⚠️ 第50天，村民308食物耗尽！
⚠️ 第50天，村民308缺水！
⚠️ 第50天，村民309食物耗尽！
⚠️ 第50天，村民309缺水！
⚠️ 第50天，村民310食物耗尽！
⚠️ 第50天，村民310缺水！
⚠️ 第50天，村民311食物耗尽！
⚠️ 第50天，村民311缺水！
⚠️ 第50天，村民312食物耗尽！
⚠️ 第50天，村民312缺水！
⚠️ 第50天，村民313食物耗尽！
⚠️ 第50天，村民313缺水！
⚠️ 第50天，村民314食物耗尽！
⚠️ 第50天，村民314缺水！
⚠️ 第50天，村民315食物耗尽！
⚠️ 第50天，村民315缺水！
⚠️ 第50天，村民316食物耗尽！
⚠️ 第50天，村民316缺水！
⚠️ 第50天，村民317食物耗尽！
⚠️ 第50天，村民317缺水！
⚠️ 第50天，村民318食物耗尽！
⚠️ 第50天，村民318缺水！
⚠️ 第50天，村民319食物耗尽！
⚠️ 第50天，村民319缺水！
⚠️ 第50天，村民320食物耗尽！
⚠️ 第50天，村民320缺水！
⚠️ 第50天，村民321食物耗尽！
⚠️ 第50天，村民321缺水！
⚠️ 第50天，村民322食物耗尽！
⚠️ 第50天，村民322缺水！
⚠️ 第50天，村民323食物耗尽！
⚠️ 第50天，村民323缺水！
⚠️ 第50天，村民324食物耗尽！
⚠️ 第50天，村民324缺水！
⚠️ 第50天，村民325食物耗尽！
⚠️ 第50天，村民325缺水！
⚠️ 第50天，村民326食物耗尽！
⚠️ 第50天，村民326缺水！
⚠️ 第50天，村民327食物耗尽！
⚠️ 第50天，村民327缺水！
⚠️ 第50天，村民328食物耗尽！
⚠️ 第50天，村民328缺水！
⚠️ 第50天，村民329食物耗尽！
⚠️ 第50天，村民329缺水！
⚠️ 第50天，村民330食物耗尽！
⚠️ 第50天，村民330缺水！
⚠️ 第50天，村民331食物耗尽！
⚠️ 第50天，村民331缺水！
⚠️ 第50天，村民332食物耗尽！
⚠️ 第50天，村民332缺水！
⚠️ 第50天，村民333食物耗尽！
⚠️ 第50天，村民333缺水！
⚠️ 第50天，村民334食物耗尽！
⚠️ 第50天，村民334缺水！
⚠️ 第50天，村民335食物耗尽！
⚠️ 第50天，村民335缺水！
⚠️ 第50天，村民336食物耗尽！
⚠️ 第50天，村民336缺水！
⚠️ 第50天，村民337食物耗尽！
⚠️ 第50天，村民337缺水！
⚠️ 第50天，村民338食物耗尽！
⚠️ 第50天，村民338缺水！
⚠️ 第50天，村民339食物耗尽！
⚠️ 第50天，村民339缺水！
⚠️ 第50天，村民340食物耗尽！
⚠️ 第50天，村民340缺水！
⚠️ 第50天，村民341食物耗尽！
⚠️ 第50天，村民341缺水！
⚠️ 第50天，村民342食物耗尽！
⚠️ 第50天，村民342缺水！
⚠️ 第50天，村民343食物耗尽！
⚠️ 第50天，村民343缺水！
⚠️ 第50天，村民344食物耗尽！
⚠️ 第50天，村民344缺水！
⚠️ 第50天，村民345食物耗尽！
⚠️ 第50天，村民345缺水！
⚠️ 第50天，村民346食物耗尽！
⚠️ 第50天，村民346缺水！
⚠️ 第50天，村民347食物耗尽！
⚠️ 第50天，村民347缺水！
⚠️ 第50天，村民348食物耗尽！
⚠️ 第50天，村民348缺水！
⚠️ 第50天，村民349食物耗尽！
⚠️ 第50天，村民349缺水！
⚠️ 第50天，村民350食物耗尽！
⚠️ 第50天，村民350缺水！
⚠️ 第50天，村民351食物耗尽！
⚠️ 第50天，村民351缺水！
⚠️ 第50天，村民352食物耗尽！
⚠️ 第50天，村民352缺水！
⚠️ 第50天，村民353食物耗尽！
⚠️ 第50天，村民353缺水！
⚠️ 第50天，村民354食物耗尽！
⚠️ 第50天，村民354缺水！
⚠️ 第50天，村民355食物耗尽！
⚠️ 第50天，村民355缺水！
⚠️ 第50天，村民356食物耗尽！
⚠️ 第50天，村民356缺水！
⚠️ 第50天，村民357食物耗尽！
⚠️ 第50天，村民357缺水！
⚠️ 第50天，村民358食物耗尽！
⚠️ 第50天，村民358缺水！
⚠️ 第50天，村民359食物耗尽！
⚠️ 第50天，村民359缺水！
⚠️ 第50天，村民360食物耗尽！
⚠️ 第50天，村民360缺水！
⚠️ 第50天，村民361食物耗尽！
⚠️ 第50天，村民361缺水！
⚠️ 第50天，村民362食物耗尽！
⚠️ 第50天，村民362缺水！
⚠️ 第50天，村民363食物耗尽！
⚠️ 第50天，村民363缺水！
⚠️ 第50天，村民364食物耗尽！
⚠️ 第50天，村民364缺水！
⚠️ 第50天，村民365食物耗尽！
⚠️ 第50天，村民365缺水！
⚠️ 第50天，村民366食物耗尽！
⚠️ 第50天，村民366缺水！
⚠️ 第50天，村民367食物耗尽！
⚠️ 第50天，村民367缺水！
⚠️ 第50天，村民368食物耗尽！
⚠️ 第50天，村民368缺水！
⚠️ 第50天，村民369食物耗尽！
⚠️ 第50天，村民369缺水！
⚠️ 第50天，村民370食物耗尽！
⚠️ 第50天，村民370缺水！
⚠️ 第50天，村民371食物耗尽！
⚠️ 第50天，村民371缺水！
⚠️ 第50天，村民372食物耗尽！
⚠️ 第50天，村民372缺水！
⚠️ 第50天，村民373食物耗尽！
⚠️ 第50天，村民373缺水！
⚠️ 第50天，村民374食物耗尽！
⚠️ 第50天，村民374缺水！
⚠️ 第50天，村民375食物耗尽！
⚠️ 第50天，村民375缺水！
⚠️ 第50天，村民376食物耗尽！
⚠️ 第50天，村民376缺水！
⚠️ 第50天，村民377食物耗尽！
⚠️ 第50天，村民377缺水！
⚠️ 第50天，村民378食物耗尽！
⚠️ 第50天，村民378缺水！
⚠️ 第50天，村民379食物耗尽！
⚠️ 第50天，村民379缺水！
⚠️ 第50天，村民380食物耗尽！
⚠️ 第50天，村民380缺水！
⚠️ 第50天，村民381食物耗尽！
⚠️ 第50天，村民381缺水！
⚠️ 第50天，村民382食物耗尽！
⚠️ 第50天，村民382缺水！
⚠️ 第50天，村民383食物耗尽！
⚠️ 第50天，村民383缺水！
⚠️ 第50天，村民384食物耗尽！
⚠️ 第50天，村民384缺水！
⚠️ 第50天，村民385食物耗尽！
⚠️ 第50天，村民385缺水！
⚠️ 第50天，村民386食物耗尽！
⚠️ 第50天，村民386缺水！
⚠️ 第50天，村民387食物耗尽！
⚠️ 第50天，村民387缺水！
⚠️ 第50天，村民388食物耗尽！
⚠️ 第50天，村民388缺水！
⚠️ 第50天，村民389食物耗尽！
⚠️ 第50天，村民389缺水！
⚠️ 第50天，村民390食物耗尽！
⚠️ 第50天，村民390缺水！
⚠️ 第50天，村民391食物耗尽！
⚠️ 第50天，村民391缺水！
⚠️ 第50天，村民392食物耗尽！
⚠️ 第50天，村民392缺水！
⚠️ 第50天，村民393食物耗尽！
⚠️ 第50天，村民393缺水！
⚠️ 第50天，村民394食物耗尽！
⚠️ 第50天，村民394缺水！
⚠️ 第50天，村民395食物耗尽！
⚠️ 第50天，村民395缺水！
⚠️ 第50天，村民396食物耗尽！
⚠️ 第50天，村民396缺水！
⚠️ 第50天，村民397食物耗尽！
⚠️ 第50天，村民397缺水！
⚠️ 第50天，村民398食物耗尽！
⚠️ 第50天，村民398缺水！
⚠️ 第50天，村民399食物耗尽！
⚠️ 第50天，村民399缺水！
⚠️ 第50天，村民400食物耗尽！
⚠️ 第50天，村民400缺水！
⚠️ 第50天，村民401食物耗尽！
⚠️ 第50天，村民401缺水！
⚠️ 第50天，村民402食物耗尽！
⚠️ 第50天，村民402缺水！
⚠️ 第50天，村民403食物耗尽！
⚠️ 第50天，村民403缺水！
⚠️ 第50天，村民404食物耗尽！
⚠️ 第50天，村民404缺水！
⚠️ 第50天，村民405食物耗尽！
⚠️ 第50天，村民405缺水！
⚠️ 第50天，村民406食物耗尽！
⚠️ 第50天，村民406缺水！
⚠️ 第50天，村民407食物耗尽！
⚠️ 第50天，村民407缺水！
⚠️ 第50天，村民408食物耗尽！
⚠️ 第50天，村民408缺水！
⚠️ 第50天，村民409食物耗尽！
⚠️ 第50天，村民409缺水！
⚠️ 第50天，村民410食物耗尽！
⚠️ 第50天，村民410缺水！
⚠️ 第50天，村民411食物耗尽！
⚠️ 第50天，村民411缺水！
⚠️ 第50天，村民412食物耗尽！
⚠️ 第50天，村民412缺水！
⚠️ 第50天，村民413食物耗尽！
⚠️ 第50天，村民413缺水！
⚠️ 第50天，村民414食物耗尽！
⚠️ 第50天，村民414缺水！
⚠️ 第50天，村民415食物耗尽！
⚠️ 第50天，村民415缺水！
⚠️ 第50天，村民416食物耗尽！
⚠️ 第50天，村民416缺水！
⚠️ 第50天，村民417食物耗尽！
⚠️ 第50天，村民417缺水！
⚠️ 第50天，村民418食物耗尽！
⚠️ 第50天，村民418缺水！
⚠️ 第50天，村民419食物耗尽！
⚠️ 第50天，村民419缺水！
⚠️ 第50天，村民420食物耗尽！
⚠️ 第50天，村民420缺水！
⚠️ 第50天，村民421食物耗尽！
⚠️ 第50天，村民421缺水！
⚠️ 第50天，村民422食物耗尽！
⚠️ 第50天，村民422缺水！
⚠️ 第50天，村民423食物耗尽！
⚠️ 第50天，村民423缺水！
⚠️ 第50天，村民424食物耗尽！
⚠️ 第50天，村民424缺水！
⚠️ 第50天，村民425食物耗尽！
⚠️ 第50天，村民425缺水！
⚠️ 第50天，村民426食物耗尽！
⚠️ 第50天，村民426缺水！
⚠️ 第50天，村民427食物耗尽！
⚠️ 第50天，村民427缺水！
⚠️ 第50天，村民428食物耗尽！
⚠️ 第50天，村民428缺水！
⚠️ 第50天，村民429食物耗尽！
⚠️ 第50天，村民429缺水！
⚠️ 第50天，村民430食物耗尽！
⚠️ 第50天，村民430缺水！
⚠️ 第50天，村民431食物耗尽！
⚠️ 第50天，村民431缺水！
⚠️ 第50天，村民432食物耗尽！
⚠️ 第50天，村民432缺水！
⚠️ 第50天，村民433食物耗尽！
⚠️ 第50天，村民433缺水！
⚠️ 第50天，村民434食物耗尽！
⚠️ 第50天，村民434缺水！
⚠️ 第50天，村民435食物耗尽！
⚠️ 第50天，村民435缺水！
⚠️ 第50天，村民436食物耗尽！
⚠️ 第50天，村民436缺水！
⚠️ 第50天，村民437食物耗尽！
⚠️ 第50天，村民437缺水！
⚠️ 第50天，村民438食物耗尽！
⚠️ 第50天，村民438缺水！
⚠️ 第50天，村民439食物耗尽！
⚠️ 第50天，村民439缺水！
⚠️ 第50天，村民440食物耗尽！
⚠️ 第50天，村民440缺水！
⚠️ 第50天，村民441食物耗尽！
⚠️ 第50天，村民441缺水！
⚠️ 第50天，村民442食物耗尽！
⚠️ 第50天，村民442缺水！
⚠️ 第50天，村民443食物耗尽！
⚠️ 第50天，村民443缺水！
⚠️ 第50天，村民444食物耗尽！
⚠️ 第50天，村民444缺水！
⚠️ 第50天，村民445食物耗尽！
⚠️ 第50天，村民445缺水！
⚠️ 第50天，村民446食物耗尽！
⚠️ 第50天，村民446缺水！
⚠️ 第50天，村民447食物耗尽！
⚠️ 第50天，村民447缺水！
⚠️ 第50天，村民448食物耗尽！
⚠️ 第50天，村民448缺水！
⚠️ 第50天，村民449食物耗尽！
⚠️ 第50天，村民449缺水！
⚠️ 第50天，村民450食物耗尽！
⚠️ 第50天，村民450缺水！
⚠️ 第50天，村民451食物耗尽！
⚠️ 第50天，村民451缺水！
⚠️ 第50天，村民452食物耗尽！
⚠️ 第50天，村民452缺水！
⚠️ 第50天，村民453食物耗尽！
⚠️ 第50天，村民453缺水！
⚠️ 第50天，村民454食物耗尽！
⚠️ 第50天，村民454缺水！
⚠️ 第50天，村民455食物耗尽！
⚠️ 第50天，村民455缺水！
⚠️ 第50天，村民456食物耗尽！
⚠️ 第50天，村民456缺水！
⚠️ 第50天，村民457食物耗尽！
⚠️ 第50天，村民457缺水！
⚠️ 第50天，村民458食物耗尽！
⚠️ 第50天，村民458缺水！
⚠️ 第50天，村民459食物耗尽！
⚠️ 第50天，村民459缺水！
⚠️ 第50天，村民460食物耗尽！
⚠️ 第50天，村民460缺水！
⚠️ 第50天，村民461食物耗尽！
⚠️ 第50天，村民461缺水！
⚠️ 第50天，村民462食物耗尽！
⚠️ 第50天，村民462缺水！
⚠️ 第50天，村民463食物耗尽！
⚠️ 第50天，村民463缺水！
⚠️ 第50天，村民464食物耗尽！
⚠️ 第50天，村民464缺水！
⚠️ 第50天，村民465食物耗尽！
⚠️ 第50天，村民465缺水！
⚠️ 第50天，村民466食物耗尽！
⚠️ 第50天，村民466缺水！
⚠️ 第50天，村民467食物耗尽！
⚠️ 第50天，村民467缺水！
⚠️ 第50天，村民468食物耗尽！
⚠️ 第50天，村民468缺水！
⚠️ 第50天，村民469食物耗尽！
⚠️ 第50天，村民469缺水！
⚠️ 第50天，村民470食物耗尽！
⚠️ 第50天，村民470缺水！
⚠️ 第50天，村民471食物耗尽！
⚠️ 第50天，村民471缺水！
⚠️ 第50天，村民472食物耗尽！
⚠️ 第50天，村民472缺水！
⚠️ 第50天，村民473食物耗尽！
⚠️ 第50天，村民473缺水！
⚠️ 第50天，村民474食物耗尽！
⚠️ 第50天，村民474缺水！
⚠️ 第50天，村民475食物耗尽！
⚠️ 第50天，村民475缺水！
⚠️ 第50天，村民476食物耗尽！
⚠️ 第50天，村民476缺水！
⚠️ 第50天，村民477食物耗尽！
⚠️ 第50天，村民477缺水！
⚠️ 第50天，村民478食物耗尽！
⚠️ 第50天，村民478缺水！
⚠️ 第50天，村民479食物耗尽！
⚠️ 第50天，村民479缺水！
⚠️ 第50天，村民480食物耗尽！
⚠️ 第50天，村民480缺水！
⚠️ 第50天，村民481食物耗尽！
⚠️ 第50天，村民481缺水！
⚠️ 第50天，村民482食物耗尽！
⚠️ 第50天，村民482缺水！
⚠️ 第50天，村民483食物耗尽！
⚠️ 第50天，村民483缺水！
⚠️ 第50天，村民484食物耗尽！
⚠️ 第50天，村民484缺水！
⚠️ 第50天，村民485食物耗尽！
⚠️ 第50天，村民485缺水！
⚠️ 第50天，村民486食物耗尽！
⚠️ 第50天，村民486缺水！
⚠️ 第50天，村民487食物耗尽！
⚠️ 第50天，村民487缺水！
⚠️ 第50天，村民488食物耗尽！
⚠️ 第50天，村民488缺水！
⚠️ 第50天，村民489食物耗尽！
⚠️ 第50天，村民489缺水！
⚠️ 第50天，村民490食物耗尽！
⚠️ 第50天，村民490缺水！
⚠️ 第50天，村民491食物耗尽！
⚠️ 第50天，村民491缺水！
⚠️ 第50天，村民492食物耗尽！
⚠️ 第50天，村民492缺水！
⚠️ 第50天，村民493食物耗尽！
⚠️ 第50天，村民493缺水！
⚠️ 第50天，村民494食物耗尽！
⚠️ 第50天，村民494缺水！
⚠️ 第50天，村民495食物耗尽！
⚠️ 第50天，村民495缺水！
⚠️ 第50天，村民496食物耗尽！
⚠️ 第50天，村民496缺水！
⚠️ 第50天，村民497食物耗尽！
⚠️ 第50天，村民497缺水！
⚠️ 第50天，村民498食物耗尽！
⚠️ 第50天，村民498缺水！
⚠️ 第50天，村民499食物耗尽！
⚠️ 第50天，村民499缺水！
⚠️ 第50天，村民500食物耗尽！
⚠️ 第50天，村民500缺水！
⚠️ 第50天，村民501食物耗尽！
⚠️ 第50天，村民501缺水！
⚠️ 第50天，村民502食物耗尽！
⚠️ 第50天，村民502缺水！
⚠️ 第50天，村民503食物耗尽！
⚠️ 第50天，村民503缺水！
⚠️ 第50天，村民504食物耗尽！
⚠️ 第50天，村民504缺水！
⚠️ 第50天，村民505食物耗尽！
⚠️ 第50天，村民505缺水！
⚠️ 第50天，村民506食物耗尽！
⚠️ 第50天，村民506缺水！
⚠️ 第50天，村民507食物耗尽！
⚠️ 第50天，村民507缺水！
⚠️ 第50天，村民508食物耗尽！
⚠️ 第50天，村民508缺水！
⚠️ 第50天，村民509食物耗尽！
⚠️ 第50天，村民509缺水！
⚠️ 第50天，村民510食物耗尽！
⚠️ 第50天，村民510缺水！
⚠️ 第50天，村民511食物耗尽！
⚠️ 第50天，村民511缺水！
⚠️ 第50天，村民512食物耗尽！
⚠️ 第50天，村民512缺水！
⚠️ 第50天，村民513食物耗尽！
⚠️ 第50天，村民513缺水！
⚠️ 第50天，村民514食物耗尽！
⚠️ 第50天，村民514缺水！
⚠️ 第50天，村民515食物耗尽！
⚠️ 第50天，村民515缺水！
⚠️ 第50天，村民516食物耗尽！
⚠️ 第50天，村民516缺水！
⚠️ 第50天，村民517食物耗尽！
⚠️ 第50天，村民517缺水！
⚠️ 第50天，村民518食物耗尽！
⚠️ 第50天，村民518缺水！
⚠️ 第50天，村民519食物耗尽！
⚠️ 第50天，村民519缺水！
⚠️ 第50天，村民520食物耗尽！
⚠️ 第50天，村民520缺水！
⚠️ 第50天，村民521食物耗尽！
⚠️ 第50天，村民521缺水！
⚠️ 第50天，村民522食物耗尽！
⚠️ 第50天，村民522缺水！
⚠️ 第50天，村民523食物耗尽！
⚠️ 第50天，村民523缺水！
⚠️ 第50天，村民524食物耗尽！
⚠️ 第50天，村民524缺水！
⚠️ 第50天，村民525食物耗尽！
⚠️ 第50天，村民525缺水！
⚠️ 第50天，村民526食物耗尽！
⚠️ 第50天，村民526缺水！
⚠️ 第50天，村民527食物耗尽！
⚠️ 第50天，村民527缺水！
⚠️ 第50天，村民528食物耗尽！
⚠️ 第50天，村民528缺水！
⚠️ 第50天，村民529食物耗尽！
⚠️ 第50天，村民529缺水！
⚠️ 第50天，村民530食物耗尽！
⚠️ 第50天，村民530缺水！
⚠️ 第50天，村民531食物耗尽！
⚠️ 第50天，村民531缺水！
⚠️ 第50天，村民532食物耗尽！
⚠️ 第50天，村民532缺水！
⚠️ 第50天，村民533食物耗尽！
⚠️ 第50天，村民533缺水！
⚠️ 第50天，村民534食物耗尽！
⚠️ 第50天，村民534缺水！
⚠️ 第50天，村民535食物耗尽！
⚠️ 第50天，村民535缺水！
⚠️ 第50天，村民536食物耗尽！
⚠️ 第50天，村民536缺水！
⚠️ 第50天，村民537食物耗尽！
⚠️ 第50天，村民537缺水！
⚠️ 第50天，村民538食物耗尽！
⚠️ 第50天，村民538缺水！
⚠️ 第50天，村民539食物耗尽！
⚠️ 第50天，村民539缺水！
⚠️ 第50天，村民540食物耗尽！
⚠️ 第50天，村民540缺水！
⚠️ 第50天，村民541食物耗尽！
⚠️ 第50天，村民541缺水！
⚠️ 第50天，村民542食物耗尽！
⚠️ 第50天，村民542缺水！
⚠️ 第50天，村民543食物耗尽！
⚠️ 第50天，村民543缺水！
⚠️ 第50天，村民544食物耗尽！
⚠️ 第50天，村民544缺水！
⚠️ 第50天，村民545食物耗尽！
⚠️ 第50天，村民545缺水！
⚠️ 第50天，村民546食物耗尽！
⚠️ 第50天，村民546缺水！
⚠️ 第50天，村民547食物耗尽！
⚠️ 第50天，村民547缺水！
⚠️ 第50天，村民548食物耗尽！
⚠️ 第50天，村民548缺水！
⚠️ 第50天，村民549食物耗尽！
⚠️ 第50天，村民549缺水！
⚠️ 第50天，村民550食物耗尽！
⚠️ 第50天，村民550缺水！
⚠️ 第50天，村民551食物耗尽！
⚠️ 第50天，村民551缺水！
⚠️ 第50天，村民552食物耗尽！
⚠️ 第50天，村民552缺水！
⚠️ 第50天，村民553食物耗尽！
⚠️ 第50天，村民553缺水！
⚠️ 第50天，村民554食物耗尽！
⚠️ 第50天，村民554缺水！
⚠️ 第50天，村民555食物耗尽！
⚠️ 第50天，村民555缺水！
⚠️ 第50天，村民556食物耗尽！
⚠️ 第50天，村民556缺水！
⚠️ 第50天，村民557食物耗尽！
⚠️ 第50天，村民557缺水！
⚠️ 第50天，村民558食物耗尽！
⚠️ 第50天，村民558缺水！
⚠️ 第50天，村民559食物耗尽！
⚠️ 第50天，村民559缺水！
⚠️ 第50天，村民560食物耗尽！
⚠️ 第50天，村民560缺水！
⚠️ 第50天，村民561食物耗尽！
⚠️ 第50天，村民561缺水！
⚠️ 第50天，村民562食物耗尽！
⚠️ 第50天，村民562缺水！
⚠️ 第50天，村民563食物耗尽！
⚠️ 第50天，村民563缺水！
⚠️ 第50天，村民564食物耗尽！
⚠️ 第50天，村民564缺水！
⚠️ 第50天，村民565食物耗尽！
⚠️ 第50天，村民565缺水！
⚠️ 第50天，村民566食物耗尽！
⚠️ 第50天，村民566缺水！
⚠️ 第50天，村民567食物耗尽！
⚠️ 第50天，村民567缺水！
⚠️ 第50天，村民568食物耗尽！
⚠️ 第50天，村民568缺水！
⚠️ 第50天，村民569食物耗尽！
⚠️ 第50天，村民569缺水！
⚠️ 第50天，村民570食物耗尽！
⚠️ 第50天，村民570缺水！
⚠️ 第50天，村民571食物耗尽！
⚠️ 第50天，村民571缺水！
⚠️ 第50天，村民572食物耗尽！
⚠️ 第50天，村民572缺水！
⚠️ 第50天，村民573食物耗尽！
⚠️ 第50天，村民573缺水！
⚠️ 第50天，村民574食物耗尽！
⚠️ 第50天，村民574缺水！
⚠️ 第50天，村民575食物耗尽！
⚠️ 第50天，村民575缺水！
⚠️ 第50天，村民576食物耗尽！
⚠️ 第50天，村民576缺水！
⚠️ 第50天，村民577食物耗尽！
⚠️ 第50天，村民577缺水！
⚠️ 第50天，村民578食物耗尽！
⚠️ 第50天，村民578缺水！
⚠️ 第50天，村民579食物耗尽！
⚠️ 第50天，村民579缺水！
⚠️ 第50天，村民580食物耗尽！
⚠️ 第50天，村民580缺水！
⚠️ 第50天，村民581食物耗尽！
⚠️ 第50天，村民581缺水！
⚠️ 第50天，村民582食物耗尽！
⚠️ 第50天，村民582缺水！
⚠️ 第50天，村民583食物耗尽！
⚠️ 第50天，村民583缺水！
⚠️ 第50天，村民584食物耗尽！
⚠️ 第50天，村民584缺水！
⚠️ 第50天，村民585食物耗尽！
⚠️ 第50天，村民585缺水！
⚠️ 第50天，村民586食物耗尽！
⚠️ 第50天，村民586缺水！
⚠️ 第50天，村民587食物耗尽！
⚠️ 第50天，村民587缺水！
⚠️ 第50天，村民588食物耗尽！
⚠️ 第50天，村民588缺水！
⚠️ 第50天，村民589食物耗尽！
⚠️ 第50天，村民589缺水！
⚠️ 第50天，村民590食物耗尽！
⚠️ 第50天，村民590缺水！
⚠️ 第50天，村民591食物耗尽！
⚠️ 第50天，村民591缺水！
⚠️ 第50天，村民592食物耗尽！
⚠️ 第50天，村民592缺水！
⚠️ 第50天，村民593食物耗尽！
⚠️ 第50天，村民593缺水！
⚠️ 第50天，村民594食物耗尽！
⚠️ 第50天，村民594缺水！
⚠️ 第50天，村民595食物耗尽！
⚠️ 第50天，村民595缺水！
⚠️ 第50天，村民596食物耗尽！
⚠️ 第50天，村民596缺水！
⚠️ 第50天，村民597食物耗尽！
⚠️ 第50天，村民597缺水！
⚠️ 第50天，村民598食物耗尽！
⚠️ 第50天，村民598缺水！
⚠️ 第50天，村民599食物耗尽！
⚠️ 第50天，村民599缺水！
⚠️ 第50天，村民600食物耗尽！
⚠️ 第50天，村民600缺水！
⚠️ 第50天，村民601食物耗尽！
⚠️ 第50天，村民601缺水！
⚠️ 第50天，村民602食物耗尽！
⚠️ 第50天，村民602缺水！
⚠️ 第50天，村民603食物耗尽！
⚠️ 第50天，村民603缺水！
⚠️ 第50天，村民604食物耗尽！
⚠️ 第50天，村民604缺水！
⚠️ 第50天，村民605食物耗尽！
⚠️ 第50天，村民605缺水！
⚠️ 第50天，村民606食物耗尽！
⚠️ 第50天，村民606缺水！
⚠️ 第50天，村民607食物耗尽！
⚠️ 第50天，村民607缺水！
⚠️ 第50天，村民608食物耗尽！
⚠️ 第50天，村民608缺水！
⚠️ 第50天，村民609食物耗尽！
⚠️ 第50天，村民609缺水！
⚠️ 第50天，村民610食物耗尽！
⚠️ 第50天，村民610缺水！
⚠️ 第50天，村民611食物耗尽！
⚠️ 第50天，村民611缺水！
⚠️ 第50天，村民612食物耗尽！
⚠️ 第50天，村民612缺水！
⚠️ 第50天，村民613食物耗尽！
⚠️ 第50天，村民613缺水！
⚠️ 第50天，村民614食物耗尽！
⚠️ 第50天，村民614缺水！
⚠️ 第50天，村民615食物耗尽！
⚠️ 第50天，村民615缺水！
⚠️ 第50天，村民616食物耗尽！
⚠️ 第50天，村民616缺水！
⚠️ 第50天，村民617食物耗尽！
⚠️ 第50天，村民617缺水！
⚠️ 第50天，村民618食物耗尽！
⚠️ 第50天，村民618缺水！
⚠️ 第50天，村民619食物耗尽！
⚠️ 第50天，村民619缺水！
⚠️ 第50天，村民620食物耗尽！
⚠️ 第50天，村民620缺水！
⚠️ 第50天，村民621食物耗尽！
⚠️ 第50天，村民621缺水！
⚠️ 第50天，村民622食物耗尽！
⚠️ 第50天，村民622缺水！
⚠️ 第50天，村民623食物耗尽！
⚠️ 第50天，村民623缺水！
⚠️ 第50天，村民624食物耗尽！
⚠️ 第50天，村民624缺水！
⚠️ 第50天，村民625食物耗尽！
⚠️ 第50天，村民625缺水！
⚠️ 第50天，村民626食物耗尽！
⚠️ 第50天，村民626缺水！
⚠️ 第50天，村民627食物耗尽！
⚠️ 第50天，村民627缺水！
⚠️ 第50天，村民628食物耗尽！
⚠️ 第50天，村民628缺水！
⚠️ 第50天，村民629食物耗尽！
⚠️ 第50天，村民629缺水！
⚠️ 第50天，村民630食物耗尽！
⚠️ 第50天，村民630缺水！
⚠️ 第50天，村民631食物耗尽！
⚠️ 第50天，村民631缺水！
⚠️ 第50天，村民632食物耗尽！
⚠️ 第50天，村民632缺水！
⚠️ 第50天，村民633食物耗尽！
⚠️ 第50天，村民633缺水！
⚠️ 第50天，村民634食物耗尽！
⚠️ 第50天，村民634缺水！
⚠️ 第50天，村民635食物耗尽！
⚠️ 第50天，村民635缺水！
⚠️ 第50天，村民636食物耗尽！
⚠️ 第50天，村民636缺水！
⚠️ 第50天，村民637食物耗尽！
⚠️ 第50天，村民637缺水！
⚠️ 第50天，村民638食物耗尽！
⚠️ 第50天，村民638缺水！
⚠️ 第50天，村民639食物耗尽！
⚠️ 第50天，村民639缺水！
⚠️ 第50天，村民640食物耗尽！
⚠️ 第50天，村民640缺水！
⚠️ 第50天，村民641食物耗尽！
⚠️ 第50天，村民641缺水！
⚠️ 第50天，村民642食物耗尽！
⚠️ 第50天，村民642缺水！
⚠️ 第50天，村民643食物耗尽！
⚠️ 第50天，村民643缺水！
⚠️ 第50天，村民644食物耗尽！
⚠️ 第50天，村民644缺水！
⚠️ 第50天，村民645食物耗尽！
⚠️ 第50天，村民645缺水！
⚠️ 第50天，村民646食物耗尽！
⚠️ 第50天，村民646缺水！
⚠️ 第50天，村民647食物耗尽！
⚠️ 第50天，村民647缺水！
⚠️ 第50天，村民648食物耗尽！
⚠️ 第50天，村民648缺水！
⚠️ 第50天，村民649食物耗尽！
⚠️ 第50天，村民649缺水！
⚠️ 第50天，村民650食物耗尽！
⚠️ 第50天，村民650缺水！
⚠️ 第50天，村民651食物耗尽！
⚠️ 第50天，村民651缺水！
⚠️ 第50天，村民652食物耗尽！
⚠️ 第50天，村民652缺水！
⚠️ 第50天，村民653食物耗尽！
⚠️ 第50天，村民653缺水！
⚠️ 第50天，村民654食物耗尽！
⚠️ 第50天，村民654缺水！
⚠️ 第50天，村民655食物耗尽！
⚠️ 第50天，村民655缺水！
⚠️ 第50天，村民656食物耗尽！
⚠️ 第50天，村民656缺水！
⚠️ 第50天，村民657食物耗尽！
⚠️ 第50天，村民657缺水！
⚠️ 第50天，村民658食物耗尽！
⚠️ 第50天，村民658缺水！
⚠️ 第50天，村民659食物耗尽！
⚠️ 第50天，村民659缺水！
⚠️ 第50天，村民660食物耗尽！
⚠️ 第50天，村民660缺水！
⚠️ 第50天，村民661食物耗尽！
⚠️ 第50天，村民661缺水！
⚠️ 第50天，村民662食物耗尽！
⚠️ 第50天，村民662缺水！
⚠️ 第50天，村民663食物耗尽！
⚠️ 第50天，村民663缺水！
⚠️ 第50天，村民664食物耗尽！
⚠️ 第50天，村民664缺水！
⚠️ 第50天，村民665食物耗尽！
⚠️ 第50天，村民665缺水！
⚠️ 第50天，村民666食物耗尽！
⚠️ 第50天，村民666缺水！
⚠️ 第50天，村民667食物耗尽！
⚠️ 第50天，村民667缺水！
⚠️ 第50天，村民668食物耗尽！
⚠️ 第50天，村民668缺水！
⚠️ 第50天，村民669食物耗尽！
⚠️ 第50天，村民669缺水！
⚠️ 第50天，村民670食物耗尽！
⚠️ 第50天，村民670缺水！
⚠️ 第50天，村民671食物耗尽！
⚠️ 第50天，村民671缺水！
⚠️ 第50天，村民672食物耗尽！
⚠️ 第50天，村民672缺水！
⚠️ 第50天，村民673食物耗尽！
⚠️ 第50天，村民673缺水！
⚠️ 第50天，村民674食物耗尽！
⚠️ 第50天，村民674缺水！
⚠️ 第50天，村民675食物耗尽！
⚠️ 第50天，村民675缺水！
⚠️ 第50天，村民676食物耗尽！
⚠️ 第50天，村民676缺水！
⚠️ 第50天，村民677食物耗尽！
⚠️ 第50天，村民677缺水！
⚠️ 第50天，村民678食物耗尽！
⚠️ 第50天，村民678缺水！
⚠️ 第50天，村民679食物耗尽！
⚠️ 第50天，村民679缺水！
⚠️ 第50天，村民680食物耗尽！
⚠️ 第50天，村民680缺水！
⚠️ 第50天，村民681食物耗尽！
⚠️ 第50天，村民681缺水！
⚠️ 第50天，村民682食物耗尽！
⚠️ 第50天，村民682缺水！
⚠️ 第50天，村民683食物耗尽！
⚠️ 第50天，村民683缺水！
⚠️ 第50天，村民684食物耗尽！
⚠️ 第50天，村民684缺水！
⚠️ 第50天，村民685食物耗尽！
⚠️ 第50天，村民685缺水！
⚠️ 第50天，村民686食物耗尽！
⚠️ 第50天，村民686缺水！
⚠️ 第50天，村民687食物耗尽！
⚠️ 第50天，村民687缺水！
⚠️ 第50天，村民688食物耗尽！
⚠️ 第50天，村民688缺水！
⚠️ 第50天，村民689食物耗尽！
⚠️ 第50天，村民689缺水！
⚠️ 第50天，村民690食物耗尽！
⚠️ 第50天，村民690缺水！
⚠️ 第50天，村民691食物耗尽！
⚠️ 第50天，村民691缺水！
⚠️ 第50天，村民692食物耗尽！
⚠️ 第50天，村民692缺水！
⚠️ 第50天，村民693食物耗尽！
⚠️ 第50天，村民693缺水！
⚠️ 第50天，村民694食物耗尽！
⚠️ 第50天，村民694缺水！
⚠️ 第50天，村民695食物耗尽！
⚠️ 第50天，村民695缺水！
⚠️ 第50天，村民696食物耗尽！
⚠️ 第50天，村民696缺水！
⚠️ 第50天，村民697食物耗尽！
⚠️ 第50天，村民697缺水！
⚠️ 第50天，村民698食物耗尽！
⚠️ 第50天，村民698缺水！
⚠️ 第50天，村民699食物耗尽！
⚠️ 第50天，村民699缺水！
⚠️ 第50天，村民700食物耗尽！
⚠️ 第50天，村民700缺水！
⚠️ 第50天，村民701食物耗尽！
⚠️ 第50天，村民701缺水！
⚠️ 第50天，村民702食物耗尽！
⚠️ 第50天，村民702缺水！
⚠️ 第50天，村民703食物耗尽！
⚠️ 第50天，村民703缺水！
⚠️ 第50天，村民704食物耗尽！
⚠️ 第50天，村民704缺水！
⚠️ 第50天，村民705食物耗尽！
⚠️ 第50天，村民705缺水！
⚠️ 第50天，村民706食物耗尽！
⚠️ 第50天，村民706缺水！
⚠️ 第50天，村民707食物耗尽！
⚠️ 第50天，村民707缺水！
⚠️ 第50天，村民708食物耗尽！
⚠️ 第50天，村民708缺水！
⚠️ 第50天，村民709食物耗尽！
⚠️ 第50天，村民709缺水！
⚠️ 第50天，村民710食物耗尽！
⚠️ 第50天，村民710缺水！
⚠️ 第50天，村民711食物耗尽！
⚠️ 第50天，村民711缺水！
⚠️ 第50天，村民712食物耗尽！
⚠️ 第50天，村民712缺水！
⚠️ 第50天，村民713食物耗尽！
⚠️ 第50天，村民713缺水！
⚠️ 第50天，村民714食物耗尽！
⚠️ 第50天，村民714缺水！
⚠️ 第50天，村民715食物耗尽！
⚠️ 第50天，村民715缺水！
⚠️ 第50天，村民716食物耗尽！
⚠️ 第50天，村民716缺水！
⚠️ 第50天，村民717食物耗尽！
⚠️ 第50天，村民717缺水！
⚠️ 第50天，村民718食物耗尽！
⚠️ 第50天，村民718缺水！
⚠️ 第50天，村民719食物耗尽！
⚠️ 第50天，村民719缺水！
⚠️ 第50天，村民720食物耗尽！
⚠️ 第50天，村民720缺水！
⚠️ 第50天，村民721食物耗尽！
⚠️ 第50天，村民721缺水！
⚠️ 第50天，村民722食物耗尽！
⚠️ 第50天，村民722缺水！
⚠️ 第50天，村民723食物耗尽！
⚠️ 第50天，村民723缺水！
⚠️ 第50天，村民724食物耗尽！
⚠️ 第50天，村民724缺水！
⚠️ 第50天，村民725食物耗尽！
⚠️ 第50天，村民725缺水！
⚠️ 第50天，村民726食物耗尽！
⚠️ 第50天，村民726缺水！
⚠️ 第50天，村民727食物耗尽！
⚠️ 第50天，村民727缺水！
⚠️ 第50天，村民728食物耗尽！
⚠️ 第50天，村民728缺水！
⚠️ 第50天，村民729食物耗尽！
⚠️ 第50天，村民729缺水！
⚠️ 第50天，村民730食物耗尽！
⚠️ 第50天，村民730缺水！
⚠️ 第50天，村民731食物耗尽！
⚠️ 第50天，村民731缺水！
⚠️ 第50天，村民732食物耗尽！
⚠️ 第50天，村民732缺水！
⚠️ 第50天，村民733食物耗尽！
⚠️ 第50天，村民733缺水！
⚠️ 第50天，村民734食物耗尽！
⚠️ 第50天，村民734缺水！
⚠️ 第50天，村民735食物耗尽！
⚠️ 第50天，村民735缺水！
⚠️ 第50天，村民736食物耗尽！
⚠️ 第50天，村民736缺水！
⚠️ 第50天，村民737食物耗尽！
⚠️ 第50天，村民737缺水！
⚠️ 第50天，村民738食物耗尽！
⚠️ 第50天，村民738缺水！
⚠️ 第50天，村民739食物耗尽！
⚠️ 第50天，村民739缺水！
⚠️ 第50天，村民740食物耗尽！
⚠️ 第50天，村民740缺水！
⚠️ 第50天，村民741食物耗尽！
⚠️ 第50天，村民741缺水！
⚠️ 第50天，村民742食物耗尽！
⚠️ 第50天，村民742缺水！
⚠️ 第50天，村民743食物耗尽！
⚠️ 第50天，村民743缺水！
⚠️ 第50天，村民744食物耗尽！
⚠️ 第50天，村民744缺水！
⚠️ 第50天，村民745食物耗尽！
⚠️ 第50天，村民745缺水！
⚠️ 第50天，村民746食物耗尽！
⚠️ 第50天，村民746缺水！
⚠️ 第50天，村民747食物耗尽！
⚠️ 第50天，村民747缺水！
⚠️ 第50天，村民748食物耗尽！
⚠️ 第50天，村民748缺水！
⚠️ 第50天，村民749食物耗尽！
⚠️ 第50天，村民749缺水！
⚠️ 第50天，村民750食物耗尽！
⚠️ 第50天，村民750缺水！
⚠️ 第50天，村民751食物耗尽！
⚠️ 第50天，村民751缺水！
⚠️ 第50天，村民752食物耗尽！
⚠️ 第50天，村民752缺水！
⚠️ 第50天，村民753食物耗尽！
⚠️ 第50天，村民753缺水！
⚠️ 第50天，村民754食物耗尽！
⚠️ 第50天，村民754缺水！
⚠️ 第50天，村民755食物耗尽！
⚠️ 第50天，村民755缺水！
⚠️ 第50天，村民756食物耗尽！
⚠️ 第50天，村民756缺水！
⚠️ 第50天，村民757食物耗尽！
⚠️ 第50天，村民757缺水！
⚠️ 第50天，村民758食物耗尽！
⚠️ 第50天，村民758缺水！
⚠️ 第50天，村民759食物耗尽！
⚠️ 第50天，村民759缺水！
⚠️ 第50天，村民760食物耗尽！
⚠️ 第50天，村民760缺水！
⚠️ 第50天，村民761食物耗尽！
⚠️ 第50天，村民761缺水！
⚠️ 第50天，村民762食物耗尽！
⚠️ 第50天，村民762缺水！
⚠️ 第50天，村民763食物耗尽！
⚠️ 第50天，村民763缺水！
⚠️ 第50天，村民764食物耗尽！
⚠️ 第50天，村民764缺水！
⚠️ 第50天，村民765食物耗尽！
⚠️ 第50天，村民765缺水！
⚠️ 第50天，村民766食物耗尽！
⚠️ 第50天，村民766缺水！
⚠️ 第50天，村民767食物耗尽！
⚠️ 第50天，村民767缺水！
⚠️ 第50天，村民768食物耗尽！
⚠️ 第50天，村民768缺水！
⚠️ 第50天，村民769食物耗尽！
⚠️ 第50天，村民769缺水！
⚠️ 第50天，村民770食物耗尽！
⚠️ 第50天，村民770缺水！
⚠️ 第50天，村民771食物耗尽！
⚠️ 第50天，村民771缺水！
⚠️ 第50天，村民772食物耗尽！
⚠️ 第50天，村民772缺水！
⚠️ 第50天，村民773食物耗尽！
⚠️ 第50天，村民773缺水！
⚠️ 第50天，村民774食物耗尽！
⚠️ 第50天，村民774缺水！
⚠️ 第50天，村民775食物耗尽！
⚠️ 第50天，村民775缺水！
⚠️ 第50天，村民776食物耗尽！
⚠️ 第50天，村民776缺水！
⚠️ 第50天，村民777食物耗尽！
⚠️ 第50天，村民777缺水！
⚠️ 第50天，村民778食物耗尽！
⚠️ 第50天，村民778缺水！
⚠️ 第50天，村民779食物耗尽！
⚠️ 第50天，村民779缺水！
⚠️ 第50天，村民780食物耗尽！
⚠️ 第50天，村民780缺水！
⚠️ 第50天，村民781食物耗尽！
⚠️ 第50天，村民781缺水！
⚠️ 第50天，村民782食物耗尽！
⚠️ 第50天，村民782缺水！
⚠️ 第50天，村民783食物耗尽！
⚠️ 第50天，村民783缺水！
⚠️ 第50天，村民784食物耗尽！
⚠️ 第50天，村民784缺水！
⚠️ 第50天，村民785食物耗尽！
⚠️ 第50天，村民785缺水！
⚠️ 第50天，村民786食物耗尽！
⚠️ 第50天，村民786缺水！
⚠️ 第50天，村民787食物耗尽！
⚠️ 第50天，村民787缺水！
⚠️ 第50天，村民788食物耗尽！
⚠️ 第50天，村民788缺水！
⚠️ 第50天，村民789食物耗尽！
⚠️ 第50天，村民789缺水！
⚠️ 第50天，村民790食物耗尽！
⚠️ 第50天，村民790缺水！
⚠️ 第50天，村民791食物耗尽！
⚠️ 第50天，村民791缺水！
⚠️ 第50天，村民792食物耗尽！
⚠️ 第50天，村民792缺水！
⚠️ 第50天，村民793食物耗尽！
⚠️ 第50天，村民793缺水！
⚠️ 第50天，村民794食物耗尽！
⚠️ 第50天，村民794缺水！
⚠️ 第50天，村民795食物耗尽！
⚠️ 第50天，村民795缺水！
⚠️ 第50天，村民796食物耗尽！
⚠️ 第50天，村民796缺水！
⚠️ 第50天，村民797食物耗尽！
⚠️ 第50天，村民797缺水！
⚠️ 第50天，村民798食物耗尽！
⚠️ 第50天，村民798缺水！
⚠️ 第50天，村民799食物耗尽！
⚠️ 第50天，村民799缺水！
⚠️ 第50天，村民800食物耗尽！
⚠️ 第50天，村民800缺水！
⚠️ 第50天，村民801食物耗尽！
⚠️ 第50天，村民801缺水！
⚠️ 第50天，村民802食物耗尽！
⚠️ 第50天，村民802缺水！
⚠️ 第50天，村民803食物耗尽！
⚠️ 第50天，村民803缺水！
⚠️ 第50天，村民804食物耗尽！
⚠️ 第50天，村民804缺水！
⚠️ 第50天，村民805食物耗尽！
⚠️ 第50天，村民805缺水！
⚠️ 第50天，村民806食物耗尽！
⚠️ 第50天，村民806缺水！
⚠️ 第50天，村民807食物耗尽！
⚠️ 第50天，村民807缺水！
⚠️ 第50天，村民808食物耗尽！
⚠️ 第50天，村民808缺水！
⚠️ 第50天，村民809食物耗尽！
⚠️ 第50天，村民809缺水！
⚠️ 第50天，村民810食物耗尽！
⚠️ 第50天，村民810缺水！
⚠️ 第50天，村民811食物耗尽！
⚠️ 第50天，村民811缺水！
⚠️ 第50天，村民812食物耗尽！
⚠️ 第50天，村民812缺水！
⚠️ 第50天，村民813食物耗尽！
⚠️ 第50天，村民813缺水！
⚠️ 第50天，村民814食物耗尽！
⚠️ 第50天，村民814缺水！
⚠️ 第50天，村民815食物耗尽！
⚠️ 第50天，村民815缺水！
⚠️ 第50天，村民816食物耗尽！
⚠️ 第50天，村民816缺水！
⚠️ 第50天，村民817食物耗尽！
⚠️ 第50天，村民817缺水！
⚠️ 第50天，村民818食物耗尽！
⚠️ 第50天，村民818缺水！
⚠️ 第50天，村民819食物耗尽！
⚠️ 第50天，村民819缺水！
⚠️ 第50天，村民820食物耗尽！
⚠️ 第50天，村民820缺水！
⚠️ 第50天，村民821食物耗尽！
⚠️ 第50天，村民821缺水！
⚠️ 第50天，村民822食物耗尽！
⚠️ 第50天，村民822缺水！
⚠️ 第50天，村民823食物耗尽！
⚠️ 第50天，村民823缺水！
⚠️ 第50天，村民824食物耗尽！
⚠️ 第50天，村民824缺水！
⚠️ 第50天，村民825食物耗尽！
⚠️ 第50天，村民825缺水！
⚠️ 第50天，村民826食物耗尽！
⚠️ 第50天，村民826缺水！
⚠️ 第50天，村民827食物耗尽！
⚠️ 第50天，村民827缺水！
⚠️ 第50天，村民828食物耗尽！
⚠️ 第50天，村民828缺水！
⚠️ 第50天，村民829食物耗尽！
⚠️ 第50天，村民829缺水！
⚠️ 第50天，村民830食物耗尽！
⚠️ 第50天，村民830缺水！
⚠️ 第50天，村民831食物耗尽！
⚠️ 第50天，村民831缺水！
⚠️ 第50天，村民832食物耗尽！
⚠️ 第50天，村民832缺水！
⚠️ 第50天，村民833食物耗尽！
⚠️ 第50天，村民833缺水！
⚠️ 第50天，村民834食物耗尽！
⚠️ 第50天，村民834缺水！
⚠️ 第50天，村民835食物耗尽！
⚠️ 第50天，村民835缺水！
⚠️ 第50天，村民836食物耗尽！
⚠️ 第50天，村民836缺水！
⚠️ 第50天，村民837食物耗尽！
⚠️ 第50天，村民837缺水！
⚠️ 第50天，村民838食物耗尽！
⚠️ 第50天，村民838缺水！
⚠️ 第50天，村民839食物耗尽！
⚠️ 第50天，村民839缺水！
⚠️ 第50天，村民840食物耗尽！
⚠️ 第50天，村民840缺水！
⚠️ 第50天，村民841食物耗尽！
⚠️ 第50天，村民841缺水！
⚠️ 第50天，村民842食物耗尽！
⚠️ 第50天，村民842缺水！
⚠️ 第50天，村民843食物耗尽！
⚠️ 第50天，村民843缺水！
⚠️ 第50天，村民844食物耗尽！
⚠️ 第50天，村民844缺水！
⚠️ 第50天，村民845食物耗尽！
⚠️ 第50天，村民845缺水！
⚠️ 第50天，村民846食物耗尽！
⚠️ 第50天，村民846缺水！
⚠️ 第50天，村民847食物耗尽！
⚠️ 第50天，村民847缺水！
⚠️ 第50天，村民848食物耗尽！
⚠️ 第50天，村民848缺水！
⚠️ 第50天，村民849食物耗尽！
⚠️ 第50天，村民849缺水！
⚠️ 第50天，村民850食物耗尽！
⚠️ 第50天，村民850缺水！
⚠️ 第50天，村民851食物耗尽！
⚠️ 第50天，村民851缺水！
⚠️ 第50天，村民852食物耗尽！
⚠️ 第50天，村民852缺水！
⚠️ 第50天，村民853食物耗尽！
⚠️ 第50天，村民853缺水！
⚠️ 第50天，村民854食物耗尽！
⚠️ 第50天，村民854缺水！
⚠️ 第50天，村民855食物耗尽！
⚠️ 第50天，村民855缺水！
⚠️ 第50天，村民856食物耗尽！
⚠️ 第50天，村民856缺水！
⚠️ 第50天，村民857食物耗尽！
⚠️ 第50天，村民857缺水！
⚠️ 第50天，村民858食物耗尽！
⚠️ 第50天，村民858缺水！
⚠️ 第50天，村民859食物耗尽！
⚠️ 第50天，村民859缺水！
⚠️ 第50天，村民860食物耗尽！
⚠️ 第50天，村民860缺水！
⚠️ 第50天，村民861食物耗尽！
⚠️ 第50天，村民861缺水！
⚠️ 第50天，村民862食物耗尽！
⚠️ 第50天，村民862缺水！
⚠️ 第50天，村民863食物耗尽！
⚠️ 第50天，村民863缺水！
⚠️ 第50天，村民864食物耗尽！
⚠️ 第50天，村民864缺水！
⚠️ 第50天，村民865食物耗尽！
⚠️ 第50天，村民865缺水！
⚠️ 第50天，村民866食物耗尽！
⚠️ 第50天，村民866缺水！
⚠️ 第50天，村民867食物耗尽！
⚠️ 第50天，村民867缺水！
⚠️ 第50天，村民868食物耗尽！
⚠️ 第50天，村民868缺水！
⚠️ 第50天，村民869食物耗尽！
⚠️ 第50天，村民869缺水！
⚠️ 第50天，村民870食物耗尽！
⚠️ 第50天，村民870缺水！
⚠️ 第50天，村民871食物耗尽！
⚠️ 第50天，村民871缺水！
⚠️ 第50天，村民872食物耗尽！
⚠️ 第50天，村民872缺水！
⚠️ 第50天，村民873食物耗尽！
⚠️ 第50天，村民873缺水！
⚠️ 第50天，村民874食物耗尽！
⚠️ 第50天，村民874缺水！
⚠️ 第50天，村民875食物耗尽！
⚠️ 第50天，村民875缺水！
⚠️ 第50天，村民876食物耗尽！
⚠️ 第50天，村民876缺水！
⚠️ 第50天，村民877食物耗尽！
⚠️ 第50天，村民877缺水！
⚠️ 第50天，村民878食物耗尽！
⚠️ 第50天，村民878缺水！
⚠️ 第50天，村民879食物耗尽！
⚠️ 第50天，村民879缺水！
⚠️ 第50天，村民880食物耗尽！
⚠️ 第50天，村民880缺水！
⚠️ 第50天，村民881食物耗尽！
⚠️ 第50天，村民881缺水！
⚠️ 第50天，村民882食物耗尽！
⚠️ 第50天，村民882缺水！
⚠️ 第50天，村民883食物耗尽！
⚠️ 第50天，村民883缺水！
⚠️ 第50天，村民884食物耗尽！
⚠️ 第50天，村民884缺水！
⚠️ 第50天，村民885食物耗尽！
⚠️ 第50天，村民885缺水！
⚠️ 第50天，村民886食物耗尽！
⚠️ 第50天，村民886缺水！
⚠️ 第50天，村民887食物耗尽！
⚠️ 第50天，村民887缺水！
⚠️ 第50天，村民888食物耗尽！
⚠️ 第50天，村民888缺水！
⚠️ 第50天，村民889食物耗尽！
⚠️ 第50天，村民889缺水！
⚠️ 第50天，村民890食物耗尽！
⚠️ 第50天，村民890缺水！
⚠️ 第50天，村民891食物耗尽！
⚠️ 第50天，村民891缺水！
⚠️ 第50天，村民892食物耗尽！
⚠️ 第50天，村民892缺水！
⚠️ 第50天，村民893食物耗尽！
⚠️ 第50天，村民893缺水！
⚠️ 第50天，村民894食物耗尽！
⚠️ 第50天，村民894缺水！
⚠️ 第50天，村民895食物耗尽！
⚠️ 第50天，村民895缺水！
⚠️ 第50天，村民896食物耗尽！
⚠️ 第50天，村民896缺水！
⚠️ 第50天，村民897食物耗尽！
⚠️ 第50天，村民897缺水！
⚠️ 第50天，村民898食物耗尽！
⚠️ 第50天，村民898缺水！
⚠️ 第50天，村民899食物耗尽！
⚠️ 第50天，村民899缺水！
⚠️ 第50天，村民900食物耗尽！
⚠️ 第50天，村民900缺水！
⚠️ 第50天，村民901食物耗尽！
⚠️ 第50天，村民901缺水！
⚠️ 第50天，村民902食物耗尽！
⚠️ 第50天，村民902缺水！
⚠️ 第50天，村民903食物耗尽！
⚠️ 第50天，村民903缺水！
⚠️ 第50天，村民904食物耗尽！
⚠️ 第50天，村民904缺水！
⚠️ 第50天，村民905食物耗尽！
⚠️ 第50天，村民905缺水！
⚠️ 第50天，村民906食物耗尽！
⚠️ 第50天，村民906缺水！
⚠️ 第50天，村民907食物耗尽！
⚠️ 第50天，村民907缺水！
⚠️ 第50天，村民908食物耗尽！
⚠️ 第50天，村民908缺水！
⚠️ 第50天，村民909食物耗尽！
⚠️ 第50天，村民909缺水！
⚠️ 第50天，村民910食物耗尽！
⚠️ 第50天，村民910缺水！
⚠️ 第50天，村民911食物耗尽！
⚠️ 第50天，村民911缺水！
⚠️ 第50天，村民912食物耗尽！
⚠️ 第50天，村民912缺水！
⚠️ 第50天，村民913食物耗尽！
⚠️ 第50天，村民913缺水！
⚠️ 第50天，村民914食物耗尽！
⚠️ 第50天，村民914缺水！
⚠️ 第50天，村民915食物耗尽！
⚠️ 第50天，村民915缺水！
⚠️ 第50天，村民916食物耗尽！
⚠️ 第50天，村民916缺水！
⚠️ 第50天，村民917食物耗尽！
⚠️ 第50天，村民917缺水！
⚠️ 第50天，村民918食物耗尽！
⚠️ 第50天，村民918缺水！
⚠️ 第50天，村民919食物耗尽！
⚠️ 第50天，村民919缺水！
⚠️ 第50天，村民920食物耗尽！
⚠️ 第50天，村民920缺水！
⚠️ 第50天，村民921食物耗尽！
⚠️ 第50天，村民921缺水！
⚠️ 第50天，村民922食物耗尽！
⚠️ 第50天，村民922缺水！
⚠️ 第50天，村民923食物耗尽！
⚠️ 第50天，村民923缺水！
⚠️ 第50天，村民924食物耗尽！
⚠️ 第50天，村民924缺水！
⚠️ 第50天，村民925食物耗尽！
⚠️ 第50天，村民925缺水！
⚠️ 第50天，村民926食物耗尽！
⚠️ 第50天，村民926缺水！
⚠️ 第50天，村民927食物耗尽！
⚠️ 第50天，村民927缺水！
⚠️ 第50天，村民928食物耗尽！
⚠️ 第50天，村民928缺水！
⚠️ 第50天，村民929食物耗尽！
⚠️ 第50天，村民929缺水！
⚠️ 第50天，村民930食物耗尽！
⚠️ 第50天，村民930缺水！
⚠️ 第50天，村民931食物耗尽！
⚠️ 第50天，村民931缺水！
⚠️ 第50天，村民932食物耗尽！
⚠️ 第50天，村民932缺水！
⚠️ 第50天，村民933食物耗尽！
⚠️ 第50天，村民933缺水！
⚠️ 第50天，村民934食物耗尽！
⚠️ 第50天，村民934缺水！
⚠️ 第50天，村民935食物耗尽！
⚠️ 第50天，村民935缺水！
⚠️ 第50天，村民936食物耗尽！
⚠️ 第50天，村民936缺水！
⚠️ 第50天，村民937食物耗尽！
⚠️ 第50天，村民937缺水！
⚠️ 第50天，村民938食物耗尽！
⚠️ 第50天，村民938缺水！
⚠️ 第50天，村民939食物耗尽！
⚠️ 第50天，村民939缺水！
⚠️ 第50天，村民940食物耗尽！
⚠️ 第50天，村民940缺水！
⚠️ 第50天，村民941食物耗尽！
⚠️ 第50天，村民941缺水！
⚠️ 第50天，村民942食物耗尽！
⚠️ 第50天，村民942缺水！
⚠️ 第50天，村民943食物耗尽！
⚠️ 第50天，村民943缺水！
⚠️ 第50天，村民944食物耗尽！
⚠️ 第50天，村民944缺水！
⚠️ 第50天，村民945食物耗尽！
⚠️ 第50天，村民945缺水！
⚠️ 第50天，村民946食物耗尽！
⚠️ 第50天，村民946缺水！
⚠️ 第50天，村民947食物耗尽！
⚠️ 第50天，村民947缺水！
⚠️ 第50天，村民948食物耗尽！
⚠️ 第50天，村民948缺水！
⚠️ 第50天，村民949食物耗尽！
⚠️ 第50天，村民949缺水！
⚠️ 第50天，村民950食物耗尽！
⚠️ 第50天，村民950缺水！
⚠️ 第50天，村民951食物耗尽！
⚠️ 第50天，村民951缺水！
⚠️ 第50天，村民952食物耗尽！
⚠️ 第50天，村民952缺水！
⚠️ 第50天，村民953食物耗尽！
⚠️ 第50天，村民953缺水！
⚠️ 第50天，村民954食物耗尽！
⚠️ 第50天，村民954缺水！
⚠️ 第50天，村民955食物耗尽！
⚠️ 第50天，村民955缺水！
⚠️ 第50天，村民956食物耗尽！
⚠️ 第50天，村民956缺水！
⚠️ 第50天，村民957食物耗尽！
⚠️ 第50天，村民957缺水！
⚠️ 第50天，村民958食物耗尽！
⚠️ 第50天，村民958缺水！
⚠️ 第50天，村民959食物耗尽！
⚠️ 第50天，村民959缺水！
⚠️ 第50天，村民960食物耗尽！
⚠️ 第50天，村民960缺水！
⚠️ 第50天，村民961食物耗尽！
⚠️ 第50天，村民961缺水！
⚠️ 第50天，村民962食物耗尽！
⚠️ 第50天，村民962缺水！
⚠️ 第50天，村民963食物耗尽！
⚠️ 第50天，村民963缺水！
⚠️ 第50天，村民964食物耗尽！
⚠️ 第50天，村民964缺水！
⚠️ 第50天，村民965食物耗尽！
⚠️ 第50天，村民965缺水！
⚠️ 第50天，村民966食物耗尽！
⚠️ 第50天，村民966缺水！
⚠️ 第50天，村民967食物耗尽！
⚠️ 第50天，村民967缺水！
⚠️ 第50天，村民968食物耗尽！
⚠️ 第50天，村民968缺水！
⚠️ 第50天，村民969食物耗尽！
⚠️ 第50天，村民969缺水！
⚠️ 第50天，村民970食物耗尽！
⚠️ 第50天，村民970缺水！
⚠️ 第50天，村民971食物耗尽！
⚠️ 第50天，村民971缺水！
⚠️ 第50天，村民972食物耗尽！
⚠️ 第50天，村民972缺水！
⚠️ 第50天，村民973食物耗尽！
⚠️ 第50天，村民973缺水！
⚠️ 第50天，村民974食物耗尽！
⚠️ 第50天，村民974缺水！
⚠️ 第50天，村民975食物耗尽！
⚠️ 第50天，村民975缺水！
⚠️ 第50天，村民976食物耗尽！
⚠️ 第50天，村民976缺水！
⚠️ 第50天，村民977食物耗尽！
⚠️ 第50天，村民977缺水！
⚠️ 第50天，村民978食物耗尽！
⚠️ 第50天，村民978缺水！
⚠️ 第50天，村民979食物耗尽！
⚠️ 第50天，村民979缺水！
⚠️ 第50天，村民980食物耗尽！
⚠️ 第50天，村民980缺水！
⚠️ 第50天，村民981食物耗尽！
⚠️ 第50天，村民981缺水！
⚠️ 第50天，村民982食物耗尽！
⚠️ 第50天，村民982缺水！
⚠️ 第50天，村民983食物耗尽！
⚠️ 第50天，村民983缺水！
⚠️ 第50天，村民984食物耗尽！
⚠️ 第50天，村民984缺水！
⚠️ 第50天，村民985食物耗尽！
⚠️ 第50天，村民985缺水！
⚠️ 第50天，村民986食物耗尽！
⚠️ 第50天，村民986缺水！
⚠️ 第50天，村民987食物耗尽！
⚠️ 第50天，村民987缺水！
⚠️ 第50天，村民988食物耗尽！
⚠️ 第50天，村民988缺水！
⚠️ 第50天，村民989食物耗尽！
⚠️ 第50天，村民989缺水！
⚠️ 第50天，村民990食物耗尽！
⚠️ 第50天，村民990缺水！
⚠️ 第50天，村民991食物耗尽！
⚠️ 第50天，村民991缺水！
⚠️ 第50天，村民992食物耗尽！
⚠️ 第50天，村民992缺水！
⚠️ 第50天，村民993食物耗尽！
⚠️ 第50天，村民993缺水！
⚠️ 第50天，村民994食物耗尽！
⚠️ 第50天，村民994缺水！
⚠️ 第50天，村民995食物耗尽！
⚠️ 第50天，村民995缺水！
⚠️ 第50天，村民996食物耗尽！
⚠️ 第50天，村民996缺水！
⚠️ 第50天，村民997食物耗尽！
⚠️ 第50天，村民997缺水！
⚠️ 第50天，村民998食物耗尽！
⚠️ 第50天，村民998缺水！
⚠️ 第50天，村民999食物耗尽！
⚠️ 第50天，村民999缺水！
⚠️ 第50天，村民1000食物耗尽！
⚠️ 第50天，村民1000缺水！
⚠️ 第50天，村民1001食物耗尽！
⚠️ 第50天，村民1001缺水！
⚠️ 第50天，村民1002食物耗尽！
⚠️ 第50天，村民1002缺水！
⚠️ 第50天，村民1003食物耗尽！
⚠️ 第50天，村民1003缺水！
⚠️ 第50天，村民1004食物耗尽！
⚠️ 第50天，村民1004缺水！
⚠️ 第50天，村民1005食物耗尽！
⚠️ 第50天，村民1005缺水！
⚠️ 第50天，村民1006食物耗尽！
⚠️ 第50天，村民1006缺水！
⚠️ 第50天，村民1007食物耗尽！
⚠️ 第50天，村民1007缺水！
⚠️ 第50天，村民1008食物耗尽！
⚠️ 第50天，村民1008缺水！
⚠️ 第50天，村民1009食物耗尽！
⚠️ 第50天，村民1009缺水！
⚠️ 第50天，村民1010食物耗尽！
⚠️ 第50天，村民1010缺水！
⚠️ 第50天，村民1011食物耗尽！
⚠️ 第50天，村民1011缺水！
⚠️ 第50天，村民1012食物耗尽！
⚠️ 第50天，村民1012缺水！
⚠️ 第50天，村民1013食物耗尽！
⚠️ 第50天，村民1013缺水！
⚠️ 第50天，村民1014食物耗尽！
⚠️ 第50天，村民1014缺水！
⚠️ 第50天，村民1015食物耗尽！
⚠️ 第50天，村民1015缺水！
⚠️ 第50天，村民1016食物耗尽！
⚠️ 第50天，村民1016缺水！
⚠️ 第50天，村民1017食物耗尽！
⚠️ 第50天，村民1017缺水！
⚠️ 第50天，村民1018食物耗尽！
⚠️ 第50天，村民1018缺水！
⚠️ 第50天，村民1019食物耗尽！
⚠️ 第50天，村民1019缺水！
⚠️ 第50天，村民1020食物耗尽！
⚠️ 第50天，村民1020缺水！
⚠️ 第50天，村民1021食物耗尽！
⚠️ 第50天，村民1021缺水！
⚠️ 第50天，村民1022食物耗尽！
⚠️ 第50天，村民1022缺水！
⚠️ 第50天，村民1023食物耗尽！
⚠️ 第50天，村民1023缺水！
⚠️ 第50天，村民1024食物耗尽！
⚠️ 第50天，村民1024缺水！
⚠️ 第50天，村民1025食物耗尽！
⚠️ 第50天，村民1025缺水！
⚠️ 第50天，村民1026食物耗尽！
⚠️ 第50天，村民1026缺水！
⚠️ 第50天，村民1027食物耗尽！
⚠️ 第50天，村民1027缺水！
⚠️ 第50天，村民1028食物耗尽！
⚠️ 第50天，村民1028缺水！
⚠️ 第50天，村民1029食物耗尽！
⚠️ 第50天，村民1029缺水！
⚠️ 第50天，村民1030食物耗尽！
⚠️ 第50天，村民1030缺水！
⚠️ 第50天，村民1031食物耗尽！
⚠️ 第50天，村民1031缺水！
⚠️ 第50天，村民1032食物耗尽！
⚠️ 第50天，村民1032缺水！
⚠️ 第50天，村民1033食物耗尽！
⚠️ 第50天，村民1033缺水！
⚠️ 第50天，村民1034食物耗尽！
⚠️ 第50天，村民1034缺水！
⚠️ 第50天，村民1035食物耗尽！
⚠️ 第50天，村民1035缺水！
⚠️ 第50天，村民1036食物耗尽！
⚠️ 第50天，村民1036缺水！
⚠️ 第50天，村民1037食物耗尽！
⚠️ 第50天，村民1037缺水！
⚠️ 第50天，村民1038食物耗尽！
⚠️ 第50天，村民1038缺水！
⚠️ 第50天，村民1039食物耗尽！
⚠️ 第50天，村民1039缺水！
⚠️ 第50天，村民1040食物耗尽！
⚠️ 第50天，村民1040缺水！
⚠️ 第50天，村民1041食物耗尽！
⚠️ 第50天，村民1041缺水！
⚠️ 第50天，村民1042食物耗尽！
⚠️ 第50天，村民1042缺水！
⚠️ 第50天，村民1043食物耗尽！
⚠️ 第50天，村民1043缺水！
⚠️ 第50天，村民1044食物耗尽！
⚠️ 第50天，村民1044缺水！
⚠️ 第50天，村民1045食物耗尽！
⚠️ 第50天，村民1045缺水！
⚠️ 第50天，村民1046食物耗尽！
⚠️ 第50天，村民1046缺水！
⚠️ 第50天，村民1047食物耗尽！
⚠️ 第50天，村民1047缺水！
⚠️ 第50天，村民1048食物耗尽！
⚠️ 第50天，村民1048缺水！
⚠️ 第50天，村民1049食物耗尽！
⚠️ 第50天，村民1049缺水！
⚠️ 第50天，村民1050食物耗尽！
⚠️ 第50天，村民1050缺水！
⚠️ 第50天，村民1051食物耗尽！
⚠️ 第50天，村民1051缺水！
⚠️ 第50天，村民1052食物耗尽！
⚠️ 第50天，村民1052缺水！
⚠️ 第50天，村民1053食物耗尽！
⚠️ 第50天，村民1053缺水！
⚠️ 第50天，村民1054食物耗尽！
⚠️ 第50天，村民1054缺水！
⚠️ 第50天，村民1055食物耗尽！
⚠️ 第50天，村民1055缺水！
⚠️ 第50天，村民1056食物耗尽！
⚠️ 第50天，村民1056缺水！
⚠️ 第50天，村民1057食物耗尽！
⚠️ 第50天，村民1057缺水！
⚠️ 第50天，村民1058食物耗尽！
⚠️ 第50天，村民1058缺水！
⚠️ 第50天，村民1059食物耗尽！
⚠️ 第50天，村民1059缺水！
⚠️ 第50天，村民1060食物耗尽！
⚠️ 第50天，村民1060缺水！
⚠️ 第50天，村民1061食物耗尽！
⚠️ 第50天，村民1061缺水！
⚠️ 第50天，村民1062食物耗尽！
⚠️ 第50天，村民1062缺水！
⚠️ 第50天，村民1063食物耗尽！
⚠️ 第50天，村民1063缺水！
⚠️ 第50天，村民1064食物耗尽！
⚠️ 第50天，村民1064缺水！
⚠️ 第50天，村民1065食物耗尽！
⚠️ 第50天，村民1065缺水！
⚠️ 第50天，村民1066食物耗尽！
⚠️ 第50天，村民1066缺水！
⚠️ 第50天，村民1067食物耗尽！
⚠️ 第50天，村民1067缺水！
⚠️ 第50天，村民1068食物耗尽！
⚠️ 第50天，村民1068缺水！
⚠️ 第50天，村民1069食物耗尽！
⚠️ 第50天，村民1069缺水！
⚠️ 第50天，村民1070食物耗尽！
⚠️ 第50天，村民1070缺水！
⚠️ 第50天，村民1071食物耗尽！
⚠️ 第50天，村民1071缺水！
⚠️ 第50天，村民1072食物耗尽！
⚠️ 第50天，村民1072缺水！
⚠️ 第50天，村民1073食物耗尽！
⚠️ 第50天，村民1073缺水！
⚠️ 第50天，村民1074食物耗尽！
⚠️ 第50天，村民1074缺水！
⚠️ 第50天，村民1075食物耗尽！
⚠️ 第50天，村民1075缺水！
⚠️ 第50天，村民1076食物耗尽！
⚠️ 第50天，村民1076缺水！
⚠️ 第50天，村民1077食物耗尽！
⚠️ 第50天，村民1077缺水！
⚠️ 第50天，村民1078食物耗尽！
⚠️ 第50天，村民1078缺水！
⚠️ 第50天，村民1079食物耗尽！
⚠️ 第50天，村民1079缺水！
⚠️ 第50天，村民1080食物耗尽！
⚠️ 第50天，村民1080缺水！
⚠️ 第50天，村民1081食物耗尽！
⚠️ 第50天，村民1081缺水！
⚠️ 第50天，村民1082食物耗尽！
⚠️ 第50天，村民1082缺水！
⚠️ 第50天，村民1083食物耗尽！
⚠️ 第50天，村民1083缺水！
⚠️ 第50天，村民1084食物耗尽！
⚠️ 第50天，村民1084缺水！
⚠️ 第50天，村民1085食物耗尽！
⚠️ 第50天，村民1085缺水！
⚠️ 第50天，村民1086食物耗尽！
⚠️ 第50天，村民1086缺水！
⚠️ 第50天，村民1087食物耗尽！
⚠️ 第50天，村民1087缺水！
⚠️ 第50天，村民1088食物耗尽！
⚠️ 第50天，村民1088缺水！
⚠️ 第50天，村民1089食物耗尽！
⚠️ 第50天，村民1089缺水！
⚠️ 第50天，村民1090食物耗尽！
⚠️ 第50天，村民1090缺水！
⚠️ 第50天，村民1091食物耗尽！
⚠️ 第50天，村民1091缺水！
⚠️ 第50天，村民1092食物耗尽！
⚠️ 第50天，村民1092缺水！
⚠️ 第50天，村民1093食物耗尽！
⚠️ 第50天，村民1093缺水！
⚠️ 第50天，村民1094食物耗尽！
⚠️ 第50天，村民1094缺水！
⚠️ 第50天，村民1095食物耗尽！
⚠️ 第50天，村民1095缺水！
⚠️ 第50天，村民1096食物耗尽！
⚠️ 第50天，村民1096缺水！
⚠️ 第50天，村民1097食物耗尽！
⚠️ 第50天，村民1097缺水！
⚠️ 第50天，村民1098食物耗尽！
⚠️ 第50天，村民1098缺水！
⚠️ 第50天，村民1099食物耗尽！
⚠️ 第50天，村民1099缺水！
⚠️ 第50天，村民1100食物耗尽！
⚠️ 第50天，村民1100缺水！
⚠️ 第50天，村民1101食物耗尽！
⚠️ 第50天，村民1101缺水！
⚠️ 第50天，村民1102食物耗尽！
⚠️ 第50天，村民1102缺水！
⚠️ 第50天，村民1103食物耗尽！
⚠️ 第50天，村民1103缺水！
⚠️ 第50天，村民1104食物耗尽！
⚠️ 第50天，村民1104缺水！
⚠️ 第50天，村民1105食物耗尽！
⚠️ 第50天，村民1105缺水！
⚠️ 第50天，村民1106食物耗尽！
⚠️ 第50天，村民1106缺水！
⚠️ 第50天，村民1107食物耗尽！
⚠️ 第50天，村民1107缺水！
⚠️ 第50天，村民1108食物耗尽！
⚠️ 第50天，村民1108缺水！
⚠️ 第50天，村民1109食物耗尽！
⚠️ 第50天，村民1109缺水！
⚠️ 第50天，村民1110食物耗尽！
⚠️ 第50天，村民1110缺水！
⚠️ 第50天，村民1111食物耗尽！
⚠️ 第50天，村民1111缺水！
⚠️ 第50天，村民1112食物耗尽！
⚠️ 第50天，村民1112缺水！
⚠️ 第50天，村民1113食物耗尽！
⚠️ 第50天，村民1113缺水！
⚠️ 第50天，村民1114食物耗尽！
⚠️ 第50天，村民1114缺水！
⚠️ 第50天，村民1115食物耗尽！
⚠️ 第50天，村民1115缺水！
⚠️ 第50天，村民1116食物耗尽！
⚠️ 第50天，村民1116缺水！
⚠️ 第50天，村民1117食物耗尽！
⚠️ 第50天，村民1117缺水！
⚠️ 第50天，村民1118食物耗尽！
⚠️ 第50天，村民1118缺水！
⚠️ 第50天，村民1119食物耗尽！
⚠️ 第50天，村民1119缺水！
⚠️ 第50天，村民1120食物耗尽！
⚠️ 第50天，村民1120缺水！
⚠️ 第50天，村民1121食物耗尽！
⚠️ 第50天，村民1121缺水！
⚠️ 第50天，村民1122食物耗尽！
⚠️ 第50天，村民1122缺水！
⚠️ 第50天，村民1123食物耗尽！
⚠️ 第50天，村民1123缺水！
⚠️ 第50天，村民1124食物耗尽！
⚠️ 第50天，村民1124缺水！
⚠️ 第50天，村民1125食物耗尽！
⚠️ 第50天，村民1125缺水！
⚠️ 第50天，村民1126食物耗尽！
⚠️ 第50天，村民1126缺水！
⚠️ 第50天，村民1127食物耗尽！
⚠️ 第50天，村民1127缺水！
⚠️ 第50天，村民1128食物耗尽！
⚠️ 第50天，村民1128缺水！
⚠️ 第50天，村民1129食物耗尽！
⚠️ 第50天，村民1129缺水！
⚠️ 第50天，村民1130食物耗尽！
⚠️ 第50天，村民1130缺水！
⚠️ 第50天，村民1131食物耗尽！
⚠️ 第50天，村民1131缺水！
⚠️ 第50天，村民1132食物耗尽！
⚠️ 第50天，村民1132缺水！
⚠️ 第50天，村民1133食物耗尽！
⚠️ 第50天，村民1133缺水！
⚠️ 第50天，村民1134食物耗尽！
⚠️ 第50天，村民1134缺水！
⚠️ 第50天，村民1135食物耗尽！
⚠️ 第50天，村民1135缺水！
⚠️ 第50天，村民1136食物耗尽！
⚠️ 第50天，村民1136缺水！
⚠️ 第50天，村民1137食物耗尽！
⚠️ 第50天，村民1137缺水！
⚠️ 第50天，村民1138食物耗尽！
⚠️ 第50天，村民1138缺水！
⚠️ 第50天，村民1139食物耗尽！
⚠️ 第50天，村民1139缺水！
⚠️ 第50天，村民1140食物耗尽！
⚠️ 第50天，村民1140缺水！
⚠️ 第50天，村民1141食物耗尽！
⚠️ 第50天，村民1141缺水！
⚠️ 第50天，村民1142食物耗尽！
⚠️ 第50天，村民1142缺水！
⚠️ 第50天，村民1143食物耗尽！
⚠️ 第50天，村民1143缺水！
⚠️ 第50天，村民1144食物耗尽！
⚠️ 第50天，村民1144缺水！
⚠️ 第50天，村民1145食物耗尽！
⚠️ 第50天，村民1145缺水！
⚠️ 第50天，村民1146食物耗尽！
⚠️ 第50天，村民1146缺水！
⚠️ 第50天，村民1147食物耗尽！
⚠️ 第50天，村民1147缺水！
⚠️ 第50天，村民1148食物耗尽！
⚠️ 第50天，村民1148缺水！
⚠️ 第50天，村民1149食物耗尽！
⚠️ 第50天，村民1149缺水！
⚠️ 第50天，村民1150食物耗尽！
⚠️ 第50天，村民1150缺水！
⚠️ 第50天，村民1151食物耗尽！
⚠️ 第50天，村民1151缺水！
⚠️ 第50天，村民1152食物耗尽！
⚠️ 第50天，村民1152缺水！
⚠️ 第50天，村民1153食物耗尽！
⚠️ 第50天，村民1153缺水！
⚠️ 第50天，村民1154食物耗尽！
⚠️ 第50天，村民1154缺水！
⚠️ 第50天，村民1155食物耗尽！
⚠️ 第50天，村民1155缺水！
⚠️ 第50天，村民1156食物耗尽！
⚠️ 第50天，村民1156缺水！
⚠️ 第50天，村民1157食物耗尽！
⚠️ 第50天，村民1157缺水！
⚠️ 第50天，村民1158食物耗尽！
⚠️ 第50天，村民1158缺水！
⚠️ 第50天，村民1159食物耗尽！
⚠️ 第50天，村民1159缺水！
⚠️ 第50天，村民1160食物耗尽！
⚠️ 第50天，村民1160缺水！
⚠️ 第50天，村民1161食物耗尽！
⚠️ 第50天，村民1161缺水！
⚠️ 第50天，村民1162食物耗尽！
⚠️ 第50天，村民1162缺水！
⚠️ 第50天，村民1163食物耗尽！
⚠️ 第50天，村民1163缺水！
⚠️ 第50天，村民1164食物耗尽！
⚠️ 第50天，村民1164缺水！
⚠️ 第50天，村民1165食物耗尽！
⚠️ 第50天，村民1165缺水！
⚠️ 第50天，村民1166食物耗尽！
⚠️ 第50天，村民1166缺水！
⚠️ 第50天，村民1167食物耗尽！
⚠️ 第50天，村民1167缺水！
⚠️ 第50天，村民1168食物耗尽！
⚠️ 第50天，村民1168缺水！
⚠️ 第50天，村民1169食物耗尽！
⚠️ 第50天，村民1169缺水！
⚠️ 第50天，村民1170食物耗尽！
⚠️ 第50天，村民1170缺水！
⚠️ 第50天，村民1171食物耗尽！
⚠️ 第50天，村民1171缺水！
⚠️ 第50天，村民1172食物耗尽！
⚠️ 第50天，村民1172缺水！
⚠️ 第50天，村民1173食物耗尽！
⚠️ 第50天，村民1173缺水！
⚠️ 第50天，村民1174食物耗尽！
⚠️ 第50天，村民1174缺水！
⚠️ 第50天，村民1175食物耗尽！
⚠️ 第50天，村民1175缺水！
⚠️ 第50天，村民1176食物耗尽！
⚠️ 第50天，村民1176缺水！
⚠️ 第50天，村民1177食物耗尽！
⚠️ 第50天，村民1177缺水！
⚠️ 第50天，村民1178食物耗尽！
⚠️ 第50天，村民1178缺水！
⚠️ 第50天，村民1179食物耗尽！
⚠️ 第50天，村民1179缺水！
⚠️ 第50天，村民1180食物耗尽！
⚠️ 第50天，村民1180缺水！
⚠️ 第50天，村民1181食物耗尽！
⚠️ 第50天，村民1181缺水！
⚠️ 第50天，村民1182食物耗尽！
⚠️ 第50天，村民1182缺水！
⚠️ 第50天，村民1183食物耗尽！
⚠️ 第50天，村民1183缺水！
⚠️ 第50天，村民1184食物耗尽！
⚠️ 第50天，村民1184缺水！
⚠️ 第50天，村民1185食物耗尽！
⚠️ 第50天，村民1185缺水！
⚠️ 第50天，村民1186食物耗尽！
⚠️ 第50天，村民1186缺水！
⚠️ 第50天，村民1187食物耗尽！
⚠️ 第50天，村民1187缺水！
⚠️ 第50天，村民1188食物耗尽！
⚠️ 第50天，村民1188缺水！
⚠️ 第50天，村民1189食物耗尽！
⚠️ 第50天，村民1189缺水！
⚠️ 第50天，村民1190食物耗尽！
⚠️ 第50天，村民1190缺水！
⚠️ 第50天，村民1191食物耗尽！
⚠️ 第50天，村民1191缺水！
⚠️ 第50天，村民1192食物耗尽！
⚠️ 第50天，村民1192缺水！
⚠️ 第50天，村民1193食物耗尽！
⚠️ 第50天，村民1193缺水！
⚠️ 第50天，村民1194食物耗尽！
⚠️ 第50天，村民1194缺水！
⚠️ 第50天，村民1195食物耗尽！
⚠️ 第50天，村民1195缺水！
⚠️ 第50天，村民1196食物耗尽！
⚠️ 第50天，村民1196缺水！
⚠️ 第50天，村民1197食物耗尽！
⚠️ 第50天，村民1197缺水！
⚠️ 第50天，村民1198食物耗尽！
⚠️ 第50天，村民1198缺水！
⚠️ 第50天，村民1199食物耗尽！
⚠️ 第50天，村民1199缺水！
⚠️ 第50天，村民1200食物耗尽！
⚠️ 第50天，村民1200缺水！
⚠️ 第50天，村民1201食物耗尽！
⚠️ 第50天，村民1201缺水！
⚠️ 第50天，村民1202食物耗尽！
⚠️ 第50天，村民1202缺水！
⚠️ 第50天，村民1203食物耗尽！
⚠️ 第50天，村民1203缺水！
⚠️ 第50天，村民1204食物耗尽！
⚠️ 第50天，村民1204缺水！
⚠️ 第50天，村民1205食物耗尽！
⚠️ 第50天，村民1205缺水！
⚠️ 第50天，村民1206食物耗尽！
⚠️ 第50天，村民1206缺水！
⚠️ 第50天，村民1207食物耗尽！
⚠️ 第50天，村民1207缺水！
⚠️ 第50天，村民1208食物耗尽！
⚠️ 第50天，村民1208缺水！
⚠️ 第50天，村民1209食物耗尽！
⚠️ 第50天，村民1209缺水！
⚠️ 第50天，村民1210食物耗尽！
⚠️ 第50天，村民1210缺水！
⚠️ 第50天，村民1211食物耗尽！
⚠️ 第50天，村民1211缺水！
⚠️ 第50天，村民1212食物耗尽！
⚠️ 第50天，村民1212缺水！
⚠️ 第50天，村民1213食物耗尽！
⚠️ 第50天，村民1213缺水！
⚠️ 第50天，村民1214食物耗尽！
⚠️ 第50天，村民1214缺水！
⚠️ 第50天，村民1215食物耗尽！
⚠️ 第50天，村民1215缺水！
⚠️ 第50天，村民1216食物耗尽！
⚠️ 第50天，村民1216缺水！
⚠️ 第50天，村民1217食物耗尽！
⚠️ 第50天，村民1217缺水！
⚠️ 第50天，村民1218食物耗尽！
⚠️ 第50天，村民1218缺水！
⚠️ 第50天，村民1219食物耗尽！
⚠️ 第50天，村民1219缺水！
⚠️ 第50天，村民1220食物耗尽！
⚠️ 第50天，村民1220缺水！
⚠️ 第50天，村民1221食物耗尽！
⚠️ 第50天，村民1221缺水！
⚠️ 第50天，村民1222食物耗尽！
⚠️ 第50天，村民1222缺水！
⚠️ 第50天，村民1223食物耗尽！
⚠️ 第50天，村民1223缺水！
⚠️ 第50天，村民1224食物耗尽！
⚠️ 第50天，村民1224缺水！
⚠️ 第50天，村民1225食物耗尽！
⚠️ 第50天，村民1225缺水！
⚠️ 第50天，村民1226食物耗尽！
⚠️ 第50天，村民1226缺水！
⚠️ 第50天，村民1227食物耗尽！
⚠️ 第50天，村民1227缺水！
⚠️ 第50天，村民1228食物耗尽！
⚠️ 第50天，村民1228缺水！
⚠️ 第50天，村民1229食物耗尽！
⚠️ 第50天，村民1229缺水！
⚠️ 第50天，村民1230食物耗尽！
⚠️ 第50天，村民1230缺水！
⚠️ 第50天，村民1231食物耗尽！
⚠️ 第50天，村民1231缺水！
⚠️ 第50天，村民1232食物耗尽！
⚠️ 第50天，村民1232缺水！
⚠️ 第50天，村民1233食物耗尽！
⚠️ 第50天，村民1233缺水！
⚠️ 第50天，村民1234食物耗尽！
⚠️ 第50天，村民1234缺水！
⚠️ 第50天，村民1235食物耗尽！
⚠️ 第50天，村民1235缺水！
⚠️ 第50天，村民1236食物耗尽！
⚠️ 第50天，村民1236缺水！
⚠️ 第50天，村民1237食物耗尽！
⚠️ 第50天，村民1237缺水！
⚠️ 第50天，村民1238食物耗尽！
⚠️ 第50天，村民1238缺水！
⚠️ 第50天，村民1239食物耗尽！
⚠️ 第50天，村民1239缺水！
⚠️ 第50天，村民1240食物耗尽！
⚠️ 第50天，村民1240缺水！
⚠️ 第50天，村民1241食物耗尽！
⚠️ 第50天，村民1241缺水！
⚠️ 第50天，村民1242食物耗尽！
⚠️ 第50天，村民1242缺水！
⚠️ 第50天，村民1243食物耗尽！
⚠️ 第50天，村民1243缺水！
⚠️ 第50天，村民1244食物耗尽！
⚠️ 第50天，村民1244缺水！
⚠️ 第50天，村民1245食物耗尽！
⚠️ 第50天，村民1245缺水！
⚠️ 第50天，村民1246食物耗尽！
⚠️ 第50天，村民1246缺水！
⚠️ 第50天，村民1247食物耗尽！
⚠️ 第50天，村民1247缺水！
⚠️ 第50天，村民1248食物耗尽！
⚠️ 第50天，村民1248缺水！
⚠️ 第50天，村民1249食物耗尽！
⚠️ 第50天，村民1249缺水！
⚠️ 第50天，村民1250食物耗尽！
⚠️ 第50天，村民1250缺水！
⚠️ 第50天，村民1251食物耗尽！
⚠️ 第50天，村民1251缺水！
⚠️ 第50天，村民1252食物耗尽！
⚠️ 第50天，村民1252缺水！
⚠️ 第50天，村民1253食物耗尽！
⚠️ 第50天，村民1253缺水！
⚠️ 第50天，村民1254食物耗尽！
⚠️ 第50天，村民1254缺水！
⚠️ 第50天，村民1255食物耗尽！
⚠️ 第50天，村民1255缺水！
⚠️ 第50天，村民1256食物耗尽！
⚠️ 第50天，村民1256缺水！
⚠️ 第50天，村民1257食物耗尽！
⚠️ 第50天，村民1257缺水！
⚠️ 第50天，村民1258食物耗尽！
⚠️ 第50天，村民1258缺水！
⚠️ 第50天，村民1259食物耗尽！
⚠️ 第50天，村民1259缺水！
⚠️ 第50天，村民1260食物耗尽！
⚠️ 第50天，村民1260缺水！
⚠️ 第50天，村民1261食物耗尽！
⚠️ 第50天，村民1261缺水！
⚠️ 第50天，村民1262食物耗尽！
⚠️ 第50天，村民1262缺水！
⚠️ 第50天，村民1263食物耗尽！
⚠️ 第50天，村民1263缺水！
⚠️ 第50天，村民1264食物耗尽！
⚠️ 第50天，村民1264缺水！
⚠️ 第50天，村民1265食物耗尽！
⚠️ 第50天，村民1265缺水！
⚠️ 第50天，村民1266食物耗尽！
⚠️ 第50天，村民1266缺水！
⚠️ 第50天，村民1267食物耗尽！
⚠️ 第50天，村民1267缺水！
⚠️ 第50天，村民1268食物耗尽！
⚠️ 第50天，村民1268缺水！
⚠️ 第50天，村民1269食物耗尽！
⚠️ 第50天，村民1269缺水！
⚠️ 第50天，村民1270食物耗尽！
⚠️ 第50天，村民1270缺水！
⚠️ 第50天，村民1271食物耗尽！
⚠️ 第50天，村民1271缺水！
⚠️ 第50天，村民1272食物耗尽！
⚠️ 第50天，村民1272缺水！
⚠️ 第50天，村民1273食物耗尽！
⚠️ 第50天，村民1273缺水！
⚠️ 第50天，村民1274食物耗尽！
⚠️ 第50天，村民1274缺水！
⚠️ 第50天，村民1275食物耗尽！
⚠️ 第50天，村民1275缺水！
⚠️ 第50天，村民1276食物耗尽！
⚠️ 第50天，村民1276缺水！
⚠️ 第50天，村民1277食物耗尽！
⚠️ 第50天，村民1277缺水！
⚠️ 第50天，村民1278食物耗尽！
⚠️ 第50天，村民1278缺水！
⚠️ 第50天，村民1279食物耗尽！
⚠️ 第50天，村民1279缺水！
⚠️ 第50天，村民1280食物耗尽！
⚠️ 第50天，村民1280缺水！
⚠️ 第50天，村民1281食物耗尽！
⚠️ 第50天，村民1281缺水！
⚠️ 第50天，村民1282食物耗尽！
⚠️ 第50天，村民1282缺水！
⚠️ 第50天，村民1283食物耗尽！
⚠️ 第50天，村民1283缺水！
⚠️ 第50天，村民1284食物耗尽！
⚠️ 第50天，村民1284缺水！
⚠️ 第50天，村民1285食物耗尽！
⚠️ 第50天，村民1285缺水！
⚠️ 第50天，村民1286食物耗尽！
⚠️ 第50天，村民1286缺水！
⚠️ 第50天，村民1287食物耗尽！
⚠️ 第50天，村民1287缺水！
⚠️ 第50天，村民1288食物耗尽！
⚠️ 第50天，村民1288缺水！
⚠️ 第50天，村民1289食物耗尽！
⚠️ 第50天，村民1289缺水！
⚠️ 第50天，村民1290食物耗尽！
⚠️ 第50天，村民1290缺水！
⚠️ 第50天，村民1291食物耗尽！
⚠️ 第50天，村民1291缺水！
⚠️ 第50天，村民1292食物耗尽！
⚠️ 第50天，村民1292缺水！
⚠️ 第50天，村民1293食物耗尽！
⚠️ 第50天，村民1293缺水！
⚠️ 第50天，村民1294食物耗尽！
⚠️ 第50天，村民1294缺水！
⚠️ 第50天，村民1295食物耗尽！
⚠️ 第50天，村民1295缺水！
⚠️ 第50天，村民1296食物耗尽！
⚠️ 第50天，村民1296缺水！
⚠️ 第50天，村民1297食物耗尽！
⚠️ 第50天，村民1297缺水！
⚠️ 第50天，村民1298食物耗尽！
⚠️ 第50天，村民1298缺水！
⚠️ 第50天，村民1299食物耗尽！
⚠️ 第50天，村民1299缺水！
⚠️ 第50天，村民1300食物耗尽！
⚠️ 第50天，村民1300缺水！
⚠️ 第50天，村民1301食物耗尽！
⚠️ 第50天，村民1301缺水！
⚠️ 第50天，村民1302食物耗尽！
⚠️ 第50天，村民1302缺水！
⚠️ 第50天，村民1303食物耗尽！
⚠️ 第50天，村民1303缺水！
⚠️ 第50天，村民1304食物耗尽！
⚠️ 第50天，村民1304缺水！
⚠️ 第50天，村民1305食物耗尽！
⚠️ 第50天，村民1305缺水！
⚠️ 第50天，村民1306食物耗尽！
⚠️ 第50天，村民1306缺水！
⚠️ 第50天，村民1307食物耗尽！
⚠️ 第50天，村民1307缺水！
⚠️ 第50天，村民1308食物耗尽！
⚠️ 第50天，村民1308缺水！
⚠️ 第50天，村民1309食物耗尽！
⚠️ 第50天，村民1309缺水！
⚠️ 第50天，村民1310食物耗尽！
⚠️ 第50天，村民1310缺水！
⚠️ 第50天，村民1311食物耗尽！
⚠️ 第50天，村民1311缺水！
⚠️ 第50天，村民1312食物耗尽！
⚠️ 第50天，村民1312缺水！
⚠️ 第50天，村民1313食物耗尽！
⚠️ 第50天，村民1313缺水！
⚠️ 第50天，村民1314食物耗尽！
⚠️ 第50天，村民1314缺水！
⚠️ 第50天，村民1315食物耗尽！
⚠️ 第50天，村民1315缺水！
⚠️ 第50天，村民1316食物耗尽！
⚠️ 第50天，村民1316缺水！
⚠️ 第50天，村民1317食物耗尽！
⚠️ 第50天，村民1317缺水！
⚠️ 第50天，村民1318食物耗尽！
⚠️ 第50天，村民1318缺水！
⚠️ 第50天，村民1319食物耗尽！
⚠️ 第50天，村民1319缺水！
⚠️ 第50天，村民1320食物耗尽！
⚠️ 第50天，村民1320缺水！
⚠️ 第50天，村民1321食物耗尽！
⚠️ 第50天，村民1321缺水！
⚠️ 第50天，村民1322食物耗尽！
⚠️ 第50天，村民1322缺水！
⚠️ 第50天，村民1323食物耗尽！
⚠️ 第50天，村民1323缺水！
⚠️ 第50天，村民1324食物耗尽！
⚠️ 第50天，村民1324缺水！
⚠️ 第50天，村民1325食物耗尽！
⚠️ 第50天，村民1325缺水！
⚠️ 第50天，村民1326食物耗尽！
⚠️ 第50天，村民1326缺水！
⚠️ 第50天，村民1327食物耗尽！
⚠️ 第50天，村民1327缺水！
⚠️ 第50天，村民1328食物耗尽！
⚠️ 第50天，村民1328缺水！
⚠️ 第50天，村民1329食物耗尽！
⚠️ 第50天，村民1329缺水！
⚠️ 第50天，村民1330食物耗尽！
⚠️ 第50天，村民1330缺水！
⚠️ 第50天，村民1331食物耗尽！
⚠️ 第50天，村民1331缺水！
⚠️ 第50天，村民1332食物耗尽！
⚠️ 第50天，村民1332缺水！
⚠️ 第50天，村民1333食物耗尽！
⚠️ 第50天，村民1333缺水！
⚠️ 第50天，村民1334食物耗尽！
⚠️ 第50天，村民1334缺水！
⚠️ 第50天，村民1335食物耗尽！
⚠️ 第50天，村民1335缺水！
⚠️ 第50天，村民1336食物耗尽！
⚠️ 第50天，村民1336缺水！
⚠️ 第50天，村民1337食物耗尽！
⚠️ 第50天，村民1337缺水！
⚠️ 第50天，村民1338食物耗尽！
⚠️ 第50天，村民1338缺水！
⚠️ 第50天，村民1339食物耗尽！
⚠️ 第50天，村民1339缺水！
⚠️ 第50天，村民1340食物耗尽！
⚠️ 第50天，村民1340缺水！
⚠️ 第50天，村民1341食物耗尽！
⚠️ 第50天，村民1341缺水！
⚠️ 第50天，村民1342食物耗尽！
⚠️ 第50天，村民1342缺水！
⚠️ 第50天，村民1343食物耗尽！
⚠️ 第50天，村民1343缺水！
⚠️ 第50天，村民1344食物耗尽！
⚠️ 第50天，村民1344缺水！
⚠️ 第50天，村民1345食物耗尽！
⚠️ 第50天，村民1345缺水！
⚠️ 第50天，村民1346食物耗尽！
⚠️ 第50天，村民1346缺水！
⚠️ 第50天，村民1347食物耗尽！
⚠️ 第50天，村民1347缺水！
⚠️ 第50天，村民1348食物耗尽！
⚠️ 第50天，村民1348缺水！
⚠️ 第50天，村民1349食物耗尽！
⚠️ 第50天，村民1349缺水！
⚠️ 第50天，村民1350食物耗尽！
⚠️ 第50天，村民1350缺水！
⚠️ 第50天，村民1351食物耗尽！
⚠️ 第50天，村民1351缺水！
⚠️ 第50天，村民1352食物耗尽！
⚠️ 第50天，村民1352缺水！
⚠️ 第50天，村民1353食物耗尽！
⚠️ 第50天，村民1353缺水！
⚠️ 第50天，村民1354食物耗尽！
⚠️ 第50天，村民1354缺水！
⚠️ 第50天，村民1355食物耗尽！
⚠️ 第50天，村民1355缺水！
⚠️ 第50天，村民1356食物耗尽！
⚠️ 第50天，村民1356缺水！
⚠️ 第50天，村民1357食物耗尽！
⚠️ 第50天，村民1357缺水！
⚠️ 第50天，村民1358食物耗尽！
⚠️ 第50天，村民1358缺水！
⚠️ 第50天，村民1359食物耗尽！
⚠️ 第50天，村民1359缺水！
⚠️ 第50天，村民1360食物耗尽！
⚠️ 第50天，村民1360缺水！
⚠️ 第50天，村民1361食物耗尽！
⚠️ 第50天，村民1361缺水！
⚠️ 第50天，村民1362食物耗尽！
⚠️ 第50天，村民1362缺水！
⚠️ 第50天，村民1363食物耗尽！
⚠️ 第50天，村民1363缺水！
⚠️ 第50天，村民1364食物耗尽！
⚠️ 第50天，村民1364缺水！
⚠️ 第50天，村民1365食物耗尽！
⚠️ 第50天，村民1365缺水！
⚠️ 第50天，村民1366食物耗尽！
⚠️ 第50天，村民1366缺水！
⚠️ 第50天，村民1367食物耗尽！
⚠️ 第50天，村民1367缺水！
⚠️ 第50天，村民1368食物耗尽！
⚠️ 第50天，村民1368缺水！
⚠️ 第50天，村民1369食物耗尽！
⚠️ 第50天，村民1369缺水！
⚠️ 第50天，村民1370食物耗尽！
⚠️ 第50天，村民1370缺水！
⚠️ 第50天，村民1371食物耗尽！
⚠️ 第50天，村民1371缺水！
⚠️ 第50天，村民1372食物耗尽！
⚠️ 第50天，村民1372缺水！
⚠️ 第50天，村民1373食物耗尽！
⚠️ 第50天，村民1373缺水！
⚠️ 第50天，村民1374食物耗尽！
⚠️ 第50天，村民1374缺水！
⚠️ 第50天，村民1375食物耗尽！
⚠️ 第50天，村民1375缺水！
⚠️ 第50天，村民1376食物耗尽！
⚠️ 第50天，村民1376缺水！
⚠️ 第50天，村民1377食物耗尽！
⚠️ 第50天，村民1377缺水！
⚠️ 第50天，村民1378食物耗尽！
⚠️ 第50天，村民1378缺水！
⚠️ 第50天，村民1379食物耗尽！
⚠️ 第50天，村民1379缺水！
⚠️ 第50天，村民1380食物耗尽！
⚠️ 第50天，村民1380缺水！
⚠️ 第50天，村民1381食物耗尽！
⚠️ 第50天，村民1381缺水！
⚠️ 第50天，村民1382食物耗尽！
⚠️ 第50天，村民1382缺水！
⚠️ 第50天，村民1383食物耗尽！
⚠️ 第50天，村民1383缺水！
⚠️ 第50天，村民1384食物耗尽！
⚠️ 第50天，村民1384缺水！
⚠️ 第50天，村民1385食物耗尽！
⚠️ 第50天，村民1385缺水！
⚠️ 第50天，村民1386食物耗尽！
⚠️ 第50天，村民1386缺水！
⚠️ 第50天，村民1387食物耗尽！
⚠️ 第50天，村民1387缺水！
⚠️ 第50天，村民1388食物耗尽！
⚠️ 第50天，村民1388缺水！
⚠️ 第50天，村民1389食物耗尽！
⚠️ 第50天，村民1389缺水！
⚠️ 第50天，村民1390食物耗尽！
⚠️ 第50天，村民1390缺水！
⚠️ 第50天，村民1391食物耗尽！
⚠️ 第50天，村民1391缺水！
⚠️ 第50天，村民1392食物耗尽！
⚠️ 第50天，村民1392缺水！
⚠️ 第50天，村民1393食物耗尽！
⚠️ 第50天，村民1393缺水！
⚠️ 第50天，村民1394食物耗尽！
⚠️ 第50天，村民1394缺水！
⚠️ 第50天，村民1395食物耗尽！
⚠️ 第50天，村民1395缺水！
⚠️ 第50天，村民1396食物耗尽！
⚠️ 第50天，村民1396缺水！
⚠️ 第50天，村民1397食物耗尽！
⚠️ 第50天，村民1397缺水！
⚠️ 第50天，村民1398食物耗尽！
⚠️ 第50天，村民1398缺水！
⚠️ 第50天，村民1399食物耗尽！
⚠️ 第50天，村民1399缺水！
⚠️ 第50天，村民1400食物耗尽！
⚠️ 第50天，村民1400缺水！
⚠️ 第50天，村民1401食物耗尽！
⚠️ 第50天，村民1401缺水！
⚠️ 第50天，村民1402食物耗尽！
⚠️ 第50天，村民1402缺水！
⚠️ 第50天，村民1403食物耗尽！
⚠️ 第50天，村民1403缺水！
⚠️ 第50天，村民1404食物耗尽！
⚠️ 第50天，村民1404缺水！
⚠️ 第50天，村民1405食物耗尽！
⚠️ 第50天，村民1405缺水！
⚠️ 第50天，村民1406食物耗尽！
⚠️ 第50天，村民1406缺水！
⚠️ 第50天，村民1407食物耗尽！
⚠️ 第50天，村民1407缺水！
⚠️ 第50天，村民1408食物耗尽！
⚠️ 第50天，村民1408缺水！
⚠️ 第50天，村民1409食物耗尽！
⚠️ 第50天，村民1409缺水！
⚠️ 第50天，村民1410食物耗尽！
⚠️ 第50天，村民1410缺水！
⚠️ 第50天，村民1411食物耗尽！
⚠️ 第50天，村民1411缺水！
⚠️ 第50天，村民1412食物耗尽！
⚠️ 第50天，村民1412缺水！
⚠️ 第50天，村民1413食物耗尽！
⚠️ 第50天，村民1413缺水！
⚠️ 第50天，村民1414食物耗尽！
⚠️ 第50天，村民1414缺水！
⚠️ 第50天，村民1415食物耗尽！
⚠️ 第50天，村民1415缺水！
⚠️ 第50天，村民1416食物耗尽！
⚠️ 第50天，村民1416缺水！
⚠️ 第50天，村民1417食物耗尽！
⚠️ 第50天，村民1417缺水！
⚠️ 第50天，村民1418食物耗尽！
⚠️ 第50天，村民1418缺水！
⚠️ 第50天，村民1419食物耗尽！
⚠️ 第50天，村民1419缺水！
⚠️ 第50天，村民1420食物耗尽！
⚠️ 第50天，村民1420缺水！
⚠️ 第50天，村民1421食物耗尽！
⚠️ 第50天，村民1421缺水！
⚠️ 第50天，村民1422食物耗尽！
⚠️ 第50天，村民1422缺水！
⚠️ 第50天，村民1423食物耗尽！
⚠️ 第50天，村民1423缺水！
⚠️ 第50天，村民1424食物耗尽！
⚠️ 第50天，村民1424缺水！
⚠️ 第50天，村民1425食物耗尽！
⚠️ 第50天，村民1425缺水！
⚠️ 第50天，村民1426食物耗尽！
⚠️ 第50天，村民1426缺水！
⚠️ 第50天，村民1427食物耗尽！
⚠️ 第50天，村民1427缺水！
⚠️ 第50天，村民1428食物耗尽！
⚠️ 第50天，村民1428缺水！
⚠️ 第50天，村民1429食物耗尽！
⚠️ 第50天，村民1429缺水！
⚠️ 第50天，村民1430食物耗尽！
⚠️ 第50天，村民1430缺水！
⚠️ 第50天，村民1431食物耗尽！
⚠️ 第50天，村民1431缺水！
⚠️ 第50天，村民1432食物耗尽！
⚠️ 第50天，村民1432缺水！
⚠️ 第50天，村民1433食物耗尽！
⚠️ 第50天，村民1433缺水！
⚠️ 第50天，村民1434食物耗尽！
⚠️ 第50天，村民1434缺水！
⚠️ 第50天，村民1435食物耗尽！
⚠️ 第50天，村民1435缺水！
⚠️ 第50天，村民1436食物耗尽！
⚠️ 第50天，村民1436缺水！
⚠️ 第50天，村民1437食物耗尽！
⚠️ 第50天，村民1437缺水！
⚠️ 第50天，村民1438食物耗尽！
⚠️ 第50天，村民1438缺水！
⚠️ 第50天，村民1439食物耗尽！
⚠️ 第50天，村民1439缺水！
⚠️ 第50天，村民1440食物耗尽！
⚠️ 第50天，村民1440缺水！
⚠️ 第50天，村民1441食物耗尽！
⚠️ 第50天，村民1441缺水！
⚠️ 第50天，村民1442食物耗尽！
⚠️ 第50天，村民1442缺水！
⚠️ 第50天，村民1443食物耗尽！
⚠️ 第50天，村民1443缺水！
⚠️ 第50天，村民1444食物耗尽！
⚠️ 第50天，村民1444缺水！
⚠️ 第50天，村民1445食物耗尽！
⚠️ 第50天，村民1445缺水！
⚠️ 第50天，村民1446食物耗尽！
⚠️ 第50天，村民1446缺水！
⚠️ 第50天，村民1447食物耗尽！
⚠️ 第50天，村民1447缺水！
⚠️ 第50天，村民1448食物耗尽！
⚠️ 第50天，村民1448缺水！
⚠️ 第50天，村民1449食物耗尽！
⚠️ 第50天，村民1449缺水！
⚠️ 第50天，村民1450食物耗尽！
⚠️ 第50天，村民1450缺水！
⚠️ 第50天，村民1451食物耗尽！
⚠️ 第50天，村民1451缺水！
⚠️ 第50天，村民1452食物耗尽！
⚠️ 第50天，村民1452缺水！
⚠️ 第50天，村民1453食物耗尽！
⚠️ 第50天，村民1453缺水！
⚠️ 第50天，村民1454食物耗尽！
⚠️ 第50天，村民1454缺水！
⚠️ 第50天，村民1455食物耗尽！
⚠️ 第50天，村民1455缺水！
⚠️ 第50天，村民1456食物耗尽！
⚠️ 第50天，村民1456缺水！
⚠️ 第50天，村民1457食物耗尽！
⚠️ 第50天，村民1457缺水！
⚠️ 第50天，村民1458食物耗尽！
⚠️ 第50天，村民1458缺水！
⚠️ 第50天，村民1459食物耗尽！
⚠️ 第50天，村民1459缺水！
⚠️ 第50天，村民1460食物耗尽！
⚠️ 第50天，村民1460缺水！
⚠️ 第50天，村民1461食物耗尽！
⚠️ 第50天，村民1461缺水！
⚠️ 第50天，村民1462食物耗尽！
⚠️ 第50天，村民1462缺水！
⚠️ 第50天，村民1463食物耗尽！
⚠️ 第50天，村民1463缺水！
⚠️ 第50天，村民1464食物耗尽！
⚠️ 第50天，村民1464缺水！
⚠️ 第50天，村民1465食物耗尽！
⚠️ 第50天，村民1465缺水！
⚠️ 第50天，村民1466食物耗尽！
⚠️ 第50天，村民1466缺水！
⚠️ 第50天，村民1467食物耗尽！
⚠️ 第50天，村民1467缺水！
⚠️ 第50天，村民1468食物耗尽！
⚠️ 第50天，村民1468缺水！
⚠️ 第50天，村民1469食物耗尽！
⚠️ 第50天，村民1469缺水！
⚠️ 第50天，村民1470食物耗尽！
⚠️ 第50天，村民1470缺水！
⚠️ 第50天，村民1471食物耗尽！
⚠️ 第50天，村民1471缺水！
⚠️ 第50天，村民1472食物耗尽！
⚠️ 第50天，村民1472缺水！
⚠️ 第50天，村民1473食物耗尽！
⚠️ 第50天，村民1473缺水！
⚠️ 第50天，村民1474食物耗尽！
⚠️ 第50天，村民1474缺水！
⚠️ 第50天，村民1475食物耗尽！
⚠️ 第50天，村民1475缺水！
⚠️ 第50天，村民1476食物耗尽！
⚠️ 第50天，村民1476缺水！
⚠️ 第50天，村民1477食物耗尽！
⚠️ 第50天，村民1477缺水！
⚠️ 第50天，村民1478食物耗尽！
⚠️ 第50天，村民1478缺水！
⚠️ 第50天，村民1479食物耗尽！
⚠️ 第50天，村民1479缺水！
⚠️ 第50天，村民1480食物耗尽！
⚠️ 第50天，村民1480缺水！
⚠️ 第50天，村民1481食物耗尽！
⚠️ 第50天，村民1481缺水！
⚠️ 第50天，村民1482食物耗尽！
⚠️ 第50天，村民1482缺水！
⚠️ 第50天，村民1483食物耗尽！
⚠️ 第50天，村民1483缺水！
⚠️ 第50天，村民1484食物耗尽！
⚠️ 第50天，村民1484缺水！
⚠️ 第50天，村民1485食物耗尽！
⚠️ 第50天，村民1485缺水！
⚠️ 第50天，村民1486食物耗尽！
⚠️ 第50天，村民1486缺水！
⚠️ 第50天，村民1487食物耗尽！
⚠️ 第50天，村民1487缺水！
⚠️ 第50天，村民1488食物耗尽！
⚠️ 第50天，村民1488缺水！
⚠️ 第50天，村民1489食物耗尽！
⚠️ 第50天，村民1489缺水！
⚠️ 第50天，村民1490食物耗尽！
⚠️ 第50天，村民1490缺水！
⚠️ 第50天，村民1491食物耗尽！
⚠️ 第50天，村民1491缺水！
⚠️ 第50天，村民1492食物耗尽！
⚠️ 第50天，村民1492缺水！
⚠️ 第50天，村民1493食物耗尽！
⚠️ 第50天，村民1493缺水！
⚠️ 第50天，村民1494食物耗尽！
⚠️ 第50天，村民1494缺水！
⚠️ 第50天，村民1495食物耗尽！
⚠️ 第50天，村民1495缺水！
⚠️ 第50天，村民1496食物耗尽！
⚠️ 第50天，村民1496缺水！
⚠️ 第50天，村民1497食物耗尽！
⚠️ 第50天，村民1497缺水！
⚠️ 第50天，村民1498食物耗尽！
⚠️ 第50天，村民1498缺水！
⚠️ 第50天，村民1499食物耗尽！
⚠️ 第50天，村民1499缺水！
⚠️ 第50天，村民1500食物耗尽！
⚠️ 第50天，村民1500缺水！
⚠️ 第50天，村民1501食物耗尽！
⚠️ 第50天，村民1501缺水！
⚠️ 第50天，村民1502食物耗尽！
⚠️ 第50天，村民1502缺水！
⚠️ 第50天，村民1503食物耗尽！
⚠️ 第50天，村民1503缺水！
⚠️ 第50天，村民1504食物耗尽！
⚠️ 第50天，村民1504缺水！
⚠️ 第50天，村民1505食物耗尽！
⚠️ 第50天，村民1505缺水！
⚠️ 第50天，村民1506食物耗尽！
⚠️ 第50天，村民1506缺水！
⚠️ 第50天，村民1507食物耗尽！
⚠️ 第50天，村民1507缺水！
⚠️ 第50天，村民1508食物耗尽！
⚠️ 第50天，村民1508缺水！
⚠️ 第50天，村民1509食物耗尽！
⚠️ 第50天，村民1509缺水！
⚠️ 第50天，村民1510食物耗尽！
⚠️ 第50天，村民1510缺水！
⚠️ 第50天，村民1511食物耗尽！
⚠️ 第50天，村民1511缺水！
⚠️ 第50天，村民1512食物耗尽！
⚠️ 第50天，村民1512缺水！
⚠️ 第50天，村民1513食物耗尽！
⚠️ 第50天，村民1513缺水！
⚠️ 第50天，村民1514食物耗尽！
⚠️ 第50天，村民1514缺水！
⚠️ 第50天，村民1515食物耗尽！
⚠️ 第50天，村民1515缺水！
⚠️ 第50天，村民1516食物耗尽！
⚠️ 第50天，村民1516缺水！
⚠️ 第50天，村民1517食物耗尽！
⚠️ 第50天，村民1517缺水！
⚠️ 第50天，村民1518食物耗尽！
⚠️ 第50天，村民1518缺水！
⚠️ 第50天，村民1519食物耗尽！
⚠️ 第50天，村民1519缺水！
⚠️ 第50天，村民1520食物耗尽！
⚠️ 第50天，村民1520缺水！
⚠️ 第50天，村民1521食物耗尽！
⚠️ 第50天，村民1521缺水！
⚠️ 第50天，村民1522食物耗尽！
⚠️ 第50天，村民1522缺水！
⚠️ 第50天，村民1523食物耗尽！
⚠️ 第50天，村民1523缺水！
⚠️ 第50天，村民1524食物耗尽！
⚠️ 第50天，村民1524缺水！
⚠️ 第50天，村民1525食物耗尽！
⚠️ 第50天，村民1525缺水！
⚠️ 第50天，村民1526食物耗尽！
⚠️ 第50天，村民1526缺水！
⚠️ 第50天，村民1527食物耗尽！
⚠️ 第50天，村民1527缺水！
⚠️ 第50天，村民1528食物耗尽！
⚠️ 第50天，村民1528缺水！
⚠️ 第50天，村民1529食物耗尽！
⚠️ 第50天，村民1529缺水！
⚠️ 第50天，村民1530食物耗尽！
⚠️ 第50天，村民1530缺水！
⚠️ 第50天，村民1531食物耗尽！
⚠️ 第50天，村民1531缺水！
⚠️ 第50天，村民1532食物耗尽！
⚠️ 第50天，村民1532缺水！
⚠️ 第50天，村民1533食物耗尽！
⚠️ 第50天，村民1533缺水！
⚠️ 第50天，村民1534食物耗尽！
⚠️ 第50天，村民1534缺水！
⚠️ 第50天，村民1535食物耗尽！
⚠️ 第50天，村民1535缺水！
⚠️ 第50天，村民1536食物耗尽！
⚠️ 第50天，村民1536缺水！
⚠️ 第50天，村民1537食物耗尽！
⚠️ 第50天，村民1537缺水！
⚠️ 第50天，村民1538食物耗尽！
⚠️ 第50天，村民1538缺水！
⚠️ 第50天，村民1539食物耗尽！
⚠️ 第50天，村民1539缺水！
⚠️ 第50天，村民1540食物耗尽！
⚠️ 第50天，村民1540缺水！
⚠️ 第50天，村民1541食物耗尽！
⚠️ 第50天，村民1541缺水！
⚠️ 第50天，村民1542食物耗尽！
⚠️ 第50天，村民1542缺水！
⚠️ 第50天，村民1543食物耗尽！
⚠️ 第50天，村民1543缺水！
⚠️ 第50天，村民1544食物耗尽！
⚠️ 第50天，村民1544缺水！
⚠️ 第50天，村民1545食物耗尽！
⚠️ 第50天，村民1545缺水！
⚠️ 第50天，村民1546食物耗尽！
⚠️ 第50天，村民1546缺水！
⚠️ 第50天，村民1547食物耗尽！
⚠️ 第50天，村民1547缺水！
⚠️ 第50天，村民1548食物耗尽！
⚠️ 第50天，村民1548缺水！
⚠️ 第50天，村民1549食物耗尽！
⚠️ 第50天，村民1549缺水！
⚠️ 第50天，村民1550食物耗尽！
⚠️ 第50天，村民1550缺水！
⚠️ 第50天，村民1551食物耗尽！
⚠️ 第50天，村民1551缺水！
⚠️ 第50天，村民1552食物耗尽！
⚠️ 第50天，村民1552缺水！
⚠️ 第50天，村民1553食物耗尽！
⚠️ 第50天，村民1553缺水！
⚠️ 第50天，村民1554食物耗尽！
⚠️ 第50天，村民1554缺水！
⚠️ 第50天，村民1555食物耗尽！
⚠️ 第50天，村民1555缺水！
⚠️ 第50天，村民1556食物耗尽！
⚠️ 第50天，村民1556缺水！
⚠️ 第50天，村民1557食物耗尽！
⚠️ 第50天，村民1557缺水！
⚠️ 第50天，村民1558食物耗尽！
⚠️ 第50天，村民1558缺水！
⚠️ 第50天，村民1559食物耗尽！
⚠️ 第50天，村民1559缺水！
⚠️ 第50天，村民1560食物耗尽！
⚠️ 第50天，村民1560缺水！
⚠️ 第50天，村民1561食物耗尽！
⚠️ 第50天，村民1561缺水！
⚠️ 第50天，村民1562食物耗尽！
⚠️ 第50天，村民1562缺水！
⚠️ 第50天，村民1563食物耗尽！
⚠️ 第50天，村民1563缺水！
⚠️ 第50天，村民1564食物耗尽！
⚠️ 第50天，村民1564缺水！
⚠️ 第50天，村民1565食物耗尽！
⚠️ 第50天，村民1565缺水！
⚠️ 第50天，村民1566食物耗尽！
⚠️ 第50天，村民1566缺水！
⚠️ 第50天，村民1567食物耗尽！
⚠️ 第50天，村民1567缺水！
⚠️ 第50天，村民1568食物耗尽！
⚠️ 第50天，村民1568缺水！
⚠️ 第50天，村民1569食物耗尽！
⚠️ 第50天，村民1569缺水！
⚠️ 第50天，村民1570食物耗尽！
⚠️ 第50天，村民1570缺水！
⚠️ 第50天，村民1571食物耗尽！
⚠️ 第50天，村民1571缺水！
⚠️ 第50天，村民1572食物耗尽！
⚠️ 第50天，村民1572缺水！
⚠️ 第50天，村民1573食物耗尽！
⚠️ 第50天，村民1573缺水！
⚠️ 第50天，村民1574食物耗尽！
⚠️ 第50天，村民1574缺水！
⚠️ 第50天，村民1575食物耗尽！
⚠️ 第50天，村民1575缺水！
⚠️ 第50天，村民1576食物耗尽！
⚠️ 第50天，村民1576缺水！
⚠️ 第50天，村民1577食物耗尽！
⚠️ 第50天，村民1577缺水！
⚠️ 第50天，村民1578食物耗尽！
⚠️ 第50天，村民1578缺水！
⚠️ 第50天，村民1579食物耗尽！
⚠️ 第50天，村民1579缺水！
⚠️ 第50天，村民1580食物耗尽！
⚠️ 第50天，村民1580缺水！
⚠️ 第50天，村民1581食物耗尽！
⚠️ 第50天，村民1581缺水！
⚠️ 第50天，村民1582食物耗尽！
⚠️ 第50天，村民1582缺水！
⚠️ 第50天，村民1583食物耗尽！
⚠️ 第50天，村民1583缺水！
⚠️ 第50天，村民1584食物耗尽！
⚠️ 第50天，村民1584缺水！
⚠️ 第50天，村民1585食物耗尽！
⚠️ 第50天，村民1585缺水！
⚠️ 第50天，村民1586食物耗尽！
⚠️ 第50天，村民1586缺水！
⚠️ 第50天，村民1587食物耗尽！
⚠️ 第50天，村民1587缺水！
⚠️ 第50天，村民1588食物耗尽！
⚠️ 第50天，村民1588缺水！
⚠️ 第50天，村民1589食物耗尽！
⚠️ 第50天，村民1589缺水！
⚠️ 第50天，村民1590食物耗尽！
⚠️ 第50天，村民1590缺水！
⚠️ 第50天，村民1591食物耗尽！
⚠️ 第50天，村民1591缺水！
⚠️ 第50天，村民1592食物耗尽！
⚠️ 第50天，村民1592缺水！
⚠️ 第50天，村民1593食物耗尽！
⚠️ 第50天，村民1593缺水！
⚠️ 第50天，村民1594食物耗尽！
⚠️ 第50天，村民1594缺水！
⚠️ 第50天，村民1595食物耗尽！
⚠️ 第50天，村民1595缺水！
⚠️ 第50天，村民1596食物耗尽！
⚠️ 第50天，村民1596缺水！
⚠️ 第50天，村民1597食物耗尽！
⚠️ 第50天，村民1597缺水！
⚠️ 第50天，村民1598食物耗尽！
⚠️ 第50天，村民1598缺水！
⚠️ 第50天，村民1599食物耗尽！
⚠️ 第50天，村民1599缺水！
⚠️ 第50天，村民1600食物耗尽！
⚠️ 第50天，村民1600缺水！
⚠️ 第50天，村民1601食物耗尽！
⚠️ 第50天，村民1601缺水！
⚠️ 第50天，村民1602食物耗尽！
⚠️ 第50天，村民1602缺水！
⚠️ 第50天，村民1603食物耗尽！
⚠️ 第50天，村民1603缺水！
⚠️ 第50天，村民1604食物耗尽！
⚠️ 第50天，村民1604缺水！
⚠️ 第50天，村民1605食物耗尽！
⚠️ 第50天，村民1605缺水！
⚠️ 第50天，村民1606食物耗尽！
⚠️ 第50天，村民1606缺水！
⚠️ 第50天，村民1607食物耗尽！
⚠️ 第50天，村民1607缺水！
⚠️ 第50天，村民1608食物耗尽！
⚠️ 第50天，村民1608缺水！
⚠️ 第50天，村民1609食物耗尽！
⚠️ 第50天，村民1609缺水！
⚠️ 第50天，村民1610食物耗尽！
⚠️ 第50天，村民1610缺水！
⚠️ 第50天，村民1611食物耗尽！
⚠️ 第50天，村民1611缺水！
⚠️ 第50天，村民1612食物耗尽！
⚠️ 第50天，村民1612缺水！
⚠️ 第50天，村民1613食物耗尽！
⚠️ 第50天，村民1613缺水！
⚠️ 第50天，村民1614食物耗尽！
⚠️ 第50天，村民1614缺水！
⚠️ 第50天，村民1615食物耗尽！
⚠️ 第50天，村民1615缺水！
⚠️ 第50天，村民1616食物耗尽！
⚠️ 第50天，村民1616缺水！
⚠️ 第50天，村民1617食物耗尽！
⚠️ 第50天，村民1617缺水！
⚠️ 第50天，村民1618食物耗尽！
⚠️ 第50天，村民1618缺水！
⚠️ 第50天，村民1619食物耗尽！
⚠️ 第50天，村民1619缺水！
⚠️ 第50天，村民1620食物耗尽！
⚠️ 第50天，村民1620缺水！
⚠️ 第50天，村民1621食物耗尽！
⚠️ 第50天，村民1621缺水！
⚠️ 第50天，村民1622食物耗尽！
⚠️ 第50天，村民1622缺水！
⚠️ 第50天，村民1623食物耗尽！
⚠️ 第50天，村民1623缺水！
⚠️ 第50天，村民1624食物耗尽！
⚠️ 第50天，村民1624缺水！
⚠️ 第50天，村民1625食物耗尽！
⚠️ 第50天，村民1625缺水！
⚠️ 第50天，村民1626食物耗尽！
⚠️ 第50天，村民1626缺水！
⚠️ 第50天，村民1627食物耗尽！
⚠️ 第50天，村民1627缺水！
⚠️ 第50天，村民1628食物耗尽！
⚠️ 第50天，村民1628缺水！
⚠️ 第50天，村民1629食物耗尽！
⚠️ 第50天，村民1629缺水！
⚠️ 第50天，村民1630食物耗尽！
⚠️ 第50天，村民1630缺水！
⚠️ 第50天，村民1631食物耗尽！
⚠️ 第50天，村民1631缺水！
⚠️ 第50天，村民1632食物耗尽！
⚠️ 第50天，村民1632缺水！
⚠️ 第50天，村民1633食物耗尽！
⚠️ 第50天，村民1633缺水！
⚠️ 第50天，村民1634食物耗尽！
⚠️ 第50天，村民1634缺水！
⚠️ 第50天，村民1635食物耗尽！
⚠️ 第50天，村民1635缺水！
⚠️ 第50天，村民1636食物耗尽！
⚠️ 第50天，村民1636缺水！
⚠️ 第50天，村民1637食物耗尽！
⚠️ 第50天，村民1637缺水！
⚠️ 第50天，村民1638食物耗尽！
⚠️ 第50天，村民1638缺水！
⚠️ 第50天，村民1639食物耗尽！
⚠️ 第50天，村民1639缺水！
⚠️ 第50天，村民1640食物耗尽！
⚠️ 第50天，村民1640缺水！
⚠️ 第50天，村民1641食物耗尽！
⚠️ 第50天，村民1641缺水！
⚠️ 第50天，村民1642食物耗尽！
⚠️ 第50天，村民1642缺水！
⚠️ 第50天，村民1643食物耗尽！
⚠️ 第50天，村民1643缺水！
⚠️ 第50天，村民1644食物耗尽！
⚠️ 第50天，村民1644缺水！
⚠️ 第50天，村民1645食物耗尽！
⚠️ 第50天，村民1645缺水！
⚠️ 第50天，村民1646食物耗尽！
⚠️ 第50天，村民1646缺水！
⚠️ 第50天，村民1647食物耗尽！
⚠️ 第50天，村民1647缺水！
⚠️ 第50天，村民1648食物耗尽！
⚠️ 第50天，村民1648缺水！
⚠️ 第50天，村民1649食物耗尽！
⚠️ 第50天，村民1649缺水！
⚠️ 第50天，村民1650食物耗尽！
⚠️ 第50天，村民1650缺水！
⚠️ 第50天，村民1651食物耗尽！
⚠️ 第50天，村民1651缺水！
⚠️ 第50天，村民1652食物耗尽！
⚠️ 第50天，村民1652缺水！
⚠️ 第50天，村民1653食物耗尽！
⚠️ 第50天，村民1653缺水！
⚠️ 第50天，村民1654食物耗尽！
⚠️ 第50天，村民1654缺水！
⚠️ 第50天，村民1655食物耗尽！
⚠️ 第50天，村民1655缺水！
⚠️ 第50天，村民1656食物耗尽！
⚠️ 第50天，村民1656缺水！
⚠️ 第50天，村民1657食物耗尽！
⚠️ 第50天，村民1657缺水！
⚠️ 第50天，村民1658食物耗尽！
⚠️ 第50天，村民1658缺水！
⚠️ 第50天，村民1659食物耗尽！
⚠️ 第50天，村民1659缺水！
⚠️ 第50天，村民1660食物耗尽！
⚠️ 第50天，村民1660缺水！
⚠️ 第50天，村民1661食物耗尽！
⚠️ 第50天，村民1661缺水！
⚠️ 第50天，村民1662食物耗尽！
⚠️ 第50天，村民1662缺水！
⚠️ 第50天，村民1663食物耗尽！
⚠️ 第50天，村民1663缺水！
⚠️ 第50天，村民1664食物耗尽！
⚠️ 第50天，村民1664缺水！
⚠️ 第50天，村民1665食物耗尽！
⚠️ 第50天，村民1665缺水！
⚠️ 第50天，村民1666食物耗尽！
⚠️ 第50天，村民1666缺水！
⚠️ 第50天，村民1667食物耗尽！
⚠️ 第50天，村民1667缺水！
⚠️ 第50天，村民1668食物耗尽！
⚠️ 第50天，村民1668缺水！
⚠️ 第50天，村民1669食物耗尽！
⚠️ 第50天，村民1669缺水！
⚠️ 第50天，村民1670食物耗尽！
⚠️ 第50天，村民1670缺水！
⚠️ 第50天，村民1671食物耗尽！
⚠️ 第50天，村民1671缺水！
⚠️ 第50天，村民1672食物耗尽！
⚠️ 第50天，村民1672缺水！
⚠️ 第50天，村民1673食物耗尽！
⚠️ 第50天，村民1673缺水！
⚠️ 第50天，村民1674食物耗尽！
⚠️ 第50天，村民1674缺水！
⚠️ 第50天，村民1675食物耗尽！
⚠️ 第50天，村民1675缺水！
⚠️ 第50天，村民1676食物耗尽！
⚠️ 第50天，村民1676缺水！
⚠️ 第50天，村民1677食物耗尽！
⚠️ 第50天，村民1677缺水！
⚠️ 第50天，村民1678食物耗尽！
⚠️ 第50天，村民1678缺水！
⚠️ 第50天，村民1679食物耗尽！
⚠️ 第50天，村民1679缺水！
⚠️ 第50天，村民1680食物耗尽！
⚠️ 第50天，村民1680缺水！
⚠️ 第50天，村民1681食物耗尽！
⚠️ 第50天，村民1681缺水！
⚠️ 第50天，村民1682食物耗尽！
⚠️ 第50天，村民1682缺水！
⚠️ 第50天，村民1683食物耗尽！
⚠️ 第50天，村民1683缺水！
⚠️ 第50天，村民1684食物耗尽！
⚠️ 第50天，村民1684缺水！
⚠️ 第50天，村民1685食物耗尽！
⚠️ 第50天，村民1685缺水！
⚠️ 第50天，村民1686食物耗尽！
⚠️ 第50天，村民1686缺水！
⚠️ 第50天，村民1687食物耗尽！
⚠️ 第50天，村民1687缺水！
⚠️ 第50天，村民1688食物耗尽！
⚠️ 第50天，村民1688缺水！
⚠️ 第50天，村民1689食物耗尽！
⚠️ 第50天，村民1689缺水！
⚠️ 第50天，村民1690食物耗尽！
⚠️ 第50天，村民1690缺水！
⚠️ 第50天，村民1691食物耗尽！
⚠️ 第50天，村民1691缺水！
⚠️ 第50天，村民1692食物耗尽！
⚠️ 第50天，村民1692缺水！
⚠️ 第50天，村民1693食物耗尽！
⚠️ 第50天，村民1693缺水！
⚠️ 第50天，村民1694食物耗尽！
⚠️ 第50天，村民1694缺水！
⚠️ 第50天，村民1695食物耗尽！
⚠️ 第50天，村民1695缺水！
⚠️ 第50天，村民1696食物耗尽！
⚠️ 第50天，村民1696缺水！
⚠️ 第50天，村民1697食物耗尽！
⚠️ 第50天，村民1697缺水！
⚠️ 第50天，村民1698食物耗尽！
⚠️ 第50天，村民1698缺水！
⚠️ 第50天，村民1699食物耗尽！
⚠️ 第50天，村民1699缺水！
⚠️ 第50天，村民1700食物耗尽！
⚠️ 第50天，村民1700缺水！
⚠️ 第50天，村民1701食物耗尽！
⚠️ 第50天，村民1701缺水！
⚠️ 第50天，村民1702食物耗尽！
⚠️ 第50天，村民1702缺水！
⚠️ 第50天，村民1703食物耗尽！
⚠️ 第50天，村民1703缺水！
⚠️ 第50天，村民1704食物耗尽！
⚠️ 第50天，村民1704缺水！
⚠️ 第50天，村民1705食物耗尽！
⚠️ 第50天，村民1705缺水！
⚠️ 第50天，村民1706食物耗尽！
⚠️ 第50天，村民1706缺水！
⚠️ 第50天，村民1707食物耗尽！
⚠️ 第50天，村民1707缺水！
⚠️ 第50天，村民1708食物耗尽！
⚠️ 第50天，村民1708缺水！
⚠️ 第50天，村民1709食物耗尽！
⚠️ 第50天，村民1709缺水！
⚠️ 第50天，村民1710食物耗尽！
⚠️ 第50天，村民1710缺水！
⚠️ 第50天，村民1711食物耗尽！
⚠️ 第50天，村民1711缺水！
⚠️ 第50天，村民1712食物耗尽！
⚠️ 第50天，村民1712缺水！
⚠️ 第50天，村民1713食物耗尽！
⚠️ 第50天，村民1713缺水！
⚠️ 第50天，村民1714食物耗尽！
⚠️ 第50天，村民1714缺水！
⚠️ 第50天，村民1715食物耗尽！
⚠️ 第50天，村民1715缺水！
⚠️ 第50天，村民1716食物耗尽！
⚠️ 第50天，村民1716缺水！
⚠️ 第50天，村民1717食物耗尽！
⚠️ 第50天，村民1717缺水！
⚠️ 第50天，村民1718食物耗尽！
⚠️ 第50天，村民1718缺水！
⚠️ 第50天，村民1719食物耗尽！
⚠️ 第50天，村民1719缺水！
⚠️ 第50天，村民1720食物耗尽！
⚠️ 第50天，村民1720缺水！
⚠️ 第50天，村民1721食物耗尽！
⚠️ 第50天，村民1721缺水！
⚠️ 第50天，村民1722食物耗尽！
⚠️ 第50天，村民1722缺水！
⚠️ 第50天，村民1723食物耗尽！
⚠️ 第50天，村民1723缺水！
⚠️ 第50天，村民1724食物耗尽！
⚠️ 第50天，村民1724缺水！
⚠️ 第50天，村民1725食物耗尽！
⚠️ 第50天，村民1725缺水！
⚠️ 第50天，村民1726食物耗尽！
⚠️ 第50天，村民1726缺水！
⚠️ 第50天，村民1727食物耗尽！
⚠️ 第50天，村民1727缺水！
⚠️ 第50天，村民1728食物耗尽！
⚠️ 第50天，村民1728缺水！
⚠️ 第50天，村民1729食物耗尽！
⚠️ 第50天，村民1729缺水！
⚠️ 第50天，村民1730食物耗尽！
⚠️ 第50天，村民1730缺水！
⚠️ 第50天，村民1731食物耗尽！
⚠️ 第50天，村民1731缺水！
⚠️ 第50天，村民1732食物耗尽！
⚠️ 第50天，村民1732缺水！
⚠️ 第50天，村民1733食物耗尽！
⚠️ 第50天，村民1733缺水！
⚠️ 第50天，村民1734食物耗尽！
⚠️ 第50天，村民1734缺水！
⚠️ 第50天，村民1735食物耗尽！
⚠️ 第50天，村民1735缺水！
⚠️ 第50天，村民1736食物耗尽！
⚠️ 第50天，村民1736缺水！
⚠️ 第50天，村民1737食物耗尽！
⚠️ 第50天，村民1737缺水！
⚠️ 第50天，村民1738食物耗尽！
⚠️ 第50天，村民1738缺水！
⚠️ 第50天，村民1739食物耗尽！
⚠️ 第50天，村民1739缺水！
⚠️ 第50天，村民1740食物耗尽！
⚠️ 第50天，村民1740缺水！
⚠️ 第50天，村民1741食物耗尽！
⚠️ 第50天，村民1741缺水！
⚠️ 第50天，村民1742食物耗尽！
⚠️ 第50天，村民1742缺水！
⚠️ 第50天，村民1743食物耗尽！
⚠️ 第50天，村民1743缺水！
⚠️ 第50天，村民1744食物耗尽！
⚠️ 第50天，村民1744缺水！
⚠️ 第50天，村民1745食物耗尽！
⚠️ 第50天，村民1745缺水！
⚠️ 第50天，村民1746食物耗尽！
⚠️ 第50天，村民1746缺水！
⚠️ 第50天，村民1747食物耗尽！
⚠️ 第50天，村民1747缺水！
⚠️ 第50天，村民1748食物耗尽！
⚠️ 第50天，村民1748缺水！
⚠️ 第50天，村民1749食物耗尽！
⚠️ 第50天，村民1749缺水！
⚠️ 第50天，村民1750食物耗尽！
⚠️ 第50天，村民1750缺水！
⚠️ 第50天，村民1751食物耗尽！
⚠️ 第50天，村民1751缺水！
⚠️ 第50天，村民1752食物耗尽！
⚠️ 第50天，村民1752缺水！
⚠️ 第50天，村民1753食物耗尽！
⚠️ 第50天，村民1753缺水！
⚠️ 第50天，村民1754食物耗尽！
⚠️ 第50天，村民1754缺水！
⚠️ 第50天，村民1755食物耗尽！
⚠️ 第50天，村民1755缺水！
⚠️ 第50天，村民1756食物耗尽！
⚠️ 第50天，村民1756缺水！
⚠️ 第50天，村民1757食物耗尽！
⚠️ 第50天，村民1757缺水！
⚠️ 第50天，村民1758食物耗尽！
⚠️ 第50天，村民1758缺水！
⚠️ 第50天，村民1759食物耗尽！
⚠️ 第50天，村民1759缺水！
⚠️ 第50天，村民1760食物耗尽！
⚠️ 第50天，村民1760缺水！
⚠️ 第50天，村民1761食物耗尽！
⚠️ 第50天，村民1761缺水！
⚠️ 第50天，村民1762食物耗尽！
⚠️ 第50天，村民1762缺水！
⚠️ 第50天，村民1763食物耗尽！
⚠️ 第50天，村民1763缺水！
⚠️ 第50天，村民1764食物耗尽！
⚠️ 第50天，村民1764缺水！
⚠️ 第50天，村民1765食物耗尽！
⚠️ 第50天，村民1765缺水！
⚠️ 第50天，村民1766食物耗尽！
⚠️ 第50天，村民1766缺水！
⚠️ 第50天，村民1767食物耗尽！
⚠️ 第50天，村民1767缺水！
⚠️ 第50天，村民1768食物耗尽！
⚠️ 第50天，村民1768缺水！
⚠️ 第50天，村民1769食物耗尽！
⚠️ 第50天，村民1769缺水！
⚠️ 第50天，村民1770食物耗尽！
⚠️ 第50天，村民1770缺水！
⚠️ 第50天，村民1771食物耗尽！
⚠️ 第50天，村民1771缺水！
⚠️ 第50天，村民1772食物耗尽！
⚠️ 第50天，村民1772缺水！
⚠️ 第50天，村民1773食物耗尽！
⚠️ 第50天，村民1773缺水！
⚠️ 第50天，村民1774食物耗尽！
⚠️ 第50天，村民1774缺水！
⚠️ 第50天，村民1775食物耗尽！
⚠️ 第50天，村民1775缺水！
⚠️ 第50天，村民1776食物耗尽！
⚠️ 第50天，村民1776缺水！
⚠️ 第50天，村民1777食物耗尽！
⚠️ 第50天，村民1777缺水！
⚠️ 第50天，村民1778食物耗尽！
⚠️ 第50天，村民1778缺水！
⚠️ 第50天，村民1779食物耗尽！
⚠️ 第50天，村民1779缺水！
⚠️ 第50天，村民1780食物耗尽！
⚠️ 第50天，村民1780缺水！
⚠️ 第50天，村民1781食物耗尽！
⚠️ 第50天，村民1781缺水！
⚠️ 第50天，村民1782食物耗尽！
⚠️ 第50天，村民1782缺水！
⚠️ 第50天，村民1783食物耗尽！
⚠️ 第50天，村民1783缺水！
⚠️ 第50天，村民1784食物耗尽！
⚠️ 第50天，村民1784缺水！
⚠️ 第50天，村民1785食物耗尽！
⚠️ 第50天，村民1785缺水！
⚠️ 第50天，村民1786食物耗尽！
⚠️ 第50天，村民1786缺水！
⚠️ 第50天，村民1787食物耗尽！
⚠️ 第50天，村民1787缺水！
⚠️ 第50天，村民1788食物耗尽！
⚠️ 第50天，村民1788缺水！
⚠️ 第50天，村民1789食物耗尽！
⚠️ 第50天，村民1789缺水！
⚠️ 第50天，村民1790食物耗尽！
⚠️ 第50天，村民1790缺水！
⚠️ 第50天，村民1791食物耗尽！
⚠️ 第50天，村民1791缺水！
⚠️ 第50天，村民1792食物耗尽！
⚠️ 第50天，村民1792缺水！
⚠️ 第50天，村民1793食物耗尽！
⚠️ 第50天，村民1793缺水！
⚠️ 第50天，村民1794食物耗尽！
⚠️ 第50天，村民1794缺水！
⚠️ 第50天，村民1795食物耗尽！
⚠️ 第50天，村民1795缺水！
⚠️ 第50天，村民1796食物耗尽！
⚠️ 第50天，村民1796缺水！
⚠️ 第50天，村民1797食物耗尽！
⚠️ 第50天，村民1797缺水！
⚠️ 第50天，村民1798食物耗尽！
⚠️ 第50天，村民1798缺水！
⚠️ 第50天，村民1799食物耗尽！
⚠️ 第50天，村民1799缺水！
⚠️ 第50天，村民1800食物耗尽！
⚠️ 第50天，村民1800缺水！
⚠️ 第50天，村民1801食物耗尽！
⚠️ 第50天，村民1801缺水！
⚠️ 第50天，村民1802食物耗尽！
⚠️ 第50天，村民1802缺水！
⚠️ 第50天，村民1803食物耗尽！
⚠️ 第50天，村民1803缺水！
⚠️ 第50天，村民1804食物耗尽！
⚠️ 第50天，村民1804缺水！
⚠️ 第50天，村民1805食物耗尽！
⚠️ 第50天，村民1805缺水！
⚠️ 第50天，村民1806食物耗尽！
⚠️ 第50天，村民1806缺水！
⚠️ 第50天，村民1807食物耗尽！
⚠️ 第50天，村民1807缺水！
⚠️ 第50天，村民1808食物耗尽！
⚠️ 第50天，村民1808缺水！
⚠️ 第50天，村民1809食物耗尽！
⚠️ 第50天，村民1809缺水！
⚠️ 第50天，村民1810食物耗尽！
⚠️ 第50天，村民1810缺水！
⚠️ 第50天，村民1811食物耗尽！
⚠️ 第50天，村民1811缺水！
⚠️ 第50天，村民1812食物耗尽！
⚠️ 第50天，村民1812缺水！
⚠️ 第50天，村民1813食物耗尽！
⚠️ 第50天，村民1813缺水！
⚠️ 第50天，村民1814食物耗尽！
⚠️ 第50天，村民1814缺水！
⚠️ 第50天，村民1815食物耗尽！
⚠️ 第50天，村民1815缺水！
⚠️ 第50天，村民1816食物耗尽！
⚠️ 第50天，村民1816缺水！
⚠️ 第50天，村民1817食物耗尽！
⚠️ 第50天，村民1817缺水！
⚠️ 第50天，村民1818食物耗尽！
⚠️ 第50天，村民1818缺水！
⚠️ 第50天，村民1819食物耗尽！
⚠️ 第50天，村民1819缺水！
⚠️ 第50天，村民1820食物耗尽！
⚠️ 第50天，村民1820缺水！
⚠️ 第50天，村民1821食物耗尽！
⚠️ 第50天，村民1821缺水！
⚠️ 第50天，村民1822食物耗尽！
⚠️ 第50天，村民1822缺水！
⚠️ 第50天，村民1823食物耗尽！
⚠️ 第50天，村民1823缺水！
⚠️ 第50天，村民1824食物耗尽！
⚠️ 第50天，村民1824缺水！
⚠️ 第50天，村民1825食物耗尽！
⚠️ 第50天，村民1825缺水！
⚠️ 第50天，村民1826食物耗尽！
⚠️ 第50天，村民1826缺水！
⚠️ 第50天，村民1827食物耗尽！
⚠️ 第50天，村民1827缺水！
⚠️ 第50天，村民1828食物耗尽！
⚠️ 第50天，村民1828缺水！
⚠️ 第50天，村民1829食物耗尽！
⚠️ 第50天，村民1829缺水！
⚠️ 第50天，村民1830食物耗尽！
⚠️ 第50天，村民1830缺水！
⚠️ 第50天，村民1831食物耗尽！
⚠️ 第50天，村民1831缺水！
⚠️ 第50天，村民1832食物耗尽！
⚠️ 第50天，村民1832缺水！
⚠️ 第50天，村民1833食物耗尽！
⚠️ 第50天，村民1833缺水！
⚠️ 第50天，村民1834食物耗尽！
⚠️ 第50天，村民1834缺水！
⚠️ 第50天，村民1835食物耗尽！
⚠️ 第50天，村民1835缺水！
⚠️ 第50天，村民1836食物耗尽！
⚠️ 第50天，村民1836缺水！
⚠️ 第50天，村民1837食物耗尽！
⚠️ 第50天，村民1837缺水！
⚠️ 第50天，村民1838食物耗尽！
⚠️ 第50天，村民1838缺水！
⚠️ 第50天，村民1839食物耗尽！
⚠️ 第50天，村民1839缺水！
⚠️ 第50天，村民1840食物耗尽！
⚠️ 第50天，村民1840缺水！
⚠️ 第50天，村民1841食物耗尽！
⚠️ 第50天，村民1841缺水！
⚠️ 第50天，村民1842食物耗尽！
⚠️ 第50天，村民1842缺水！
⚠️ 第50天，村民1843食物耗尽！
⚠️ 第50天，村民1843缺水！
⚠️ 第50天，村民1844食物耗尽！
⚠️ 第50天，村民1844缺水！
⚠️ 第50天，村民1845食物耗尽！
⚠️ 第50天，村民1845缺水！
⚠️ 第50天，村民1846食物耗尽！
⚠️ 第50天，村民1846缺水！
⚠️ 第50天，村民1847食物耗尽！
⚠️ 第50天，村民1847缺水！
⚠️ 第50天，村民1848食物耗尽！
⚠️ 第50天，村民1848缺水！
⚠️ 第50天，村民1849食物耗尽！
⚠️ 第50天，村民1849缺水！
⚠️ 第50天，村民1850食物耗尽！
⚠️ 第50天，村民1850缺水！
⚠️ 第50天，村民1851食物耗尽！
⚠️ 第50天，村民1851缺水！
⚠️ 第50天，村民1852食物耗尽！
⚠️ 第50天，村民1852缺水！
⚠️ 第50天，村民1853食物耗尽！
⚠️ 第50天，村民1853缺水！
⚠️ 第50天，村民1854食物耗尽！
⚠️ 第50天，村民1854缺水！
⚠️ 第50天，村民1855食物耗尽！
⚠️ 第50天，村民1855缺水！
⚠️ 第50天，村民1856食物耗尽！
⚠️ 第50天，村民1856缺水！
⚠️ 第50天，村民1857食物耗尽！
⚠️ 第50天，村民1857缺水！
⚠️ 第50天，村民1858食物耗尽！
⚠️ 第50天，村民1858缺水！
⚠️ 第50天，村民1859食物耗尽！
⚠️ 第50天，村民1859缺水！
⚠️ 第50天，村民1860食物耗尽！
⚠️ 第50天，村民1860缺水！
⚠️ 第50天，村民1861食物耗尽！
⚠️ 第50天，村民1861缺水！
⚠️ 第50天，村民1862食物耗尽！
⚠️ 第50天，村民1862缺水！
⚠️ 第50天，村民1863食物耗尽！
⚠️ 第50天，村民1863缺水！
⚠️ 第50天，村民1864食物耗尽！
⚠️ 第50天，村民1864缺水！
⚠️ 第50天，村民1865食物耗尽！
⚠️ 第50天，村民1865缺水！
⚠️ 第50天，村民1866食物耗尽！
⚠️ 第50天，村民1866缺水！
⚠️ 第50天，村民1867食物耗尽！
⚠️ 第50天，村民1867缺水！
⚠️ 第50天，村民1868食物耗尽！
⚠️ 第50天，村民1868缺水！
⚠️ 第50天，村民1869食物耗尽！
⚠️ 第50天，村民1869缺水！
⚠️ 第50天，村民1870食物耗尽！
⚠️ 第50天，村民1870缺水！
⚠️ 第50天，村民1871食物耗尽！
⚠️ 第50天，村民1871缺水！
⚠️ 第50天，村民1872食物耗尽！
⚠️ 第50天，村民1872缺水！
⚠️ 第50天，村民1873食物耗尽！
⚠️ 第50天，村民1873缺水！
⚠️ 第50天，村民1874食物耗尽！
⚠️ 第50天，村民1874缺水！
⚠️ 第50天，村民1875食物耗尽！
⚠️ 第50天，村民1875缺水！
⚠️ 第50天，村民1876食物耗尽！
⚠️ 第50天，村民1876缺水！
⚠️ 第50天，村民1877食物耗尽！
⚠️ 第50天，村民1877缺水！
⚠️ 第50天，村民1878食物耗尽！
⚠️ 第50天，村民1878缺水！
⚠️ 第50天，村民1879食物耗尽！
⚠️ 第50天，村民1879缺水！
⚠️ 第50天，村民1880食物耗尽！
⚠️ 第50天，村民1880缺水！
⚠️ 第50天，村民1881食物耗尽！
⚠️ 第50天，村民1881缺水！
⚠️ 第50天，村民1882食物耗尽！
⚠️ 第50天，村民1882缺水！
⚠️ 第50天，村民1883食物耗尽！
⚠️ 第50天，村民1883缺水！
⚠️ 第50天，村民1884食物耗尽！
⚠️ 第50天，村民1884缺水！
⚠️ 第50天，村民1885食物耗尽！
⚠️ 第50天，村民1885缺水！
⚠️ 第50天，村民1886食物耗尽！
⚠️ 第50天，村民1886缺水！
⚠️ 第50天，村民1887食物耗尽！
⚠️ 第50天，村民1887缺水！
⚠️ 第50天，村民1888食物耗尽！
⚠️ 第50天，村民1888缺水！
⚠️ 第50天，村民1889食物耗尽！
⚠️ 第50天，村民1889缺水！
⚠️ 第50天，村民1890食物耗尽！
⚠️ 第50天，村民1890缺水！
⚠️ 第50天，村民1891食物耗尽！
⚠️ 第50天，村民1891缺水！
⚠️ 第50天，村民1892食物耗尽！
⚠️ 第50天，村民1892缺水！
⚠️ 第50天，村民1893食物耗尽！
⚠️ 第50天，村民1893缺水！
⚠️ 第50天，村民1894食物耗尽！
⚠️ 第50天，村民1894缺水！
⚠️ 第50天，村民1895食物耗尽！
⚠️ 第50天，村民1895缺水！
⚠️ 第50天，村民1896食物耗尽！
⚠️ 第50天，村民1896缺水！
⚠️ 第50天，村民1897食物耗尽！
⚠️ 第50天，村民1897缺水！
⚠️ 第50天，村民1898食物耗尽！
⚠️ 第50天，村民1898缺水！
⚠️ 第50天，村民1899食物耗尽！
⚠️ 第50天，村民1899缺水！
⚠️ 第50天，村民1900食物耗尽！
⚠️ 第50天，村民1900缺水！
⚠️ 第50天，村民1901食物耗尽！
⚠️ 第50天，村民1901缺水！
⚠️ 第50天，村民1902食物耗尽！
⚠️ 第50天，村民1902缺水！
⚠️ 第50天，村民1903食物耗尽！
⚠️ 第50天，村民1903缺水！
⚠️ 第50天，村民1904食物耗尽！
⚠️ 第50天，村民1904缺水！
⚠️ 第50天，村民1905食物耗尽！
⚠️ 第50天，村民1905缺水！
⚠️ 第50天，村民1906食物耗尽！
⚠️ 第50天，村民1906缺水！
⚠️ 第50天，村民1907食物耗尽！
⚠️ 第50天，村民1907缺水！
⚠️ 第50天，村民1908食物耗尽！
⚠️ 第50天，村民1908缺水！
⚠️ 第50天，村民1909食物耗尽！
⚠️ 第50天，村民1909缺水！
⚠️ 第50天，村民1910食物耗尽！
⚠️ 第50天，村民1910缺水！
⚠️ 第50天，村民1911食物耗尽！
⚠️ 第50天，村民1911缺水！
⚠️ 第50天，村民1912食物耗尽！
⚠️ 第50天，村民1912缺水！
⚠️ 第50天，村民1913食物耗尽！
⚠️ 第50天，村民1913缺水！
⚠️ 第50天，村民1914食物耗尽！
⚠️ 第50天，村民1914缺水！
⚠️ 第50天，村民1915食物耗尽！
⚠️ 第50天，村民1915缺水！
⚠️ 第50天，村民1916食物耗尽！
⚠️ 第50天，村民1916缺水！
⚠️ 第50天，村民1917食物耗尽！
⚠️ 第50天，村民1917缺水！
⚠️ 第50天，村民1918食物耗尽！
⚠️ 第50天，村民1918缺水！
⚠️ 第50天，村民1919食物耗尽！
⚠️ 第50天，村民1919缺水！
⚠️ 第50天，村民1920食物耗尽！
⚠️ 第50天，村民1920缺水！
⚠️ 第50天，村民1921食物耗尽！
⚠️ 第50天，村民1921缺水！
⚠️ 第50天，村民1922食物耗尽！
⚠️ 第50天，村民1922缺水！
⚠️ 第50天，村民1923食物耗尽！
⚠️ 第50天，村民1923缺水！
⚠️ 第50天，村民1924食物耗尽！
⚠️ 第50天，村民1924缺水！
⚠️ 第50天，村民1925食物耗尽！
⚠️ 第50天，村民1925缺水！
⚠️ 第50天，村民1926食物耗尽！
⚠️ 第50天，村民1926缺水！
⚠️ 第50天，村民1927食物耗尽！
⚠️ 第50天，村民1927缺水！
⚠️ 第50天，村民1928食物耗尽！
⚠️ 第50天，村民1928缺水！
⚠️ 第50天，村民1929食物耗尽！
⚠️ 第50天，村民1929缺水！
⚠️ 第50天，村民1930食物耗尽！
⚠️ 第50天，村民1930缺水！
⚠️ 第50天，村民1931食物耗尽！
⚠️ 第50天，村民1931缺水！
⚠️ 第50天，村民1932食物耗尽！
⚠️ 第50天，村民1932缺水！
⚠️ 第50天，村民1933食物耗尽！
⚠️ 第50天，村民1933缺水！
⚠️ 第50天，村民1934食物耗尽！
⚠️ 第50天，村民1934缺水！
⚠️ 第50天，村民1935食物耗尽！
⚠️ 第50天，村民1935缺水！
⚠️ 第50天，村民1936食物耗尽！
⚠️ 第50天，村民1936缺水！
⚠️ 第50天，村民1937食物耗尽！
⚠️ 第50天，村民1937缺水！
⚠️ 第50天，村民1938食物耗尽！
⚠️ 第50天，村民1938缺水！
⚠️ 第50天，村民1939食物耗尽！
⚠️ 第50天，村民1939缺水！
⚠️ 第50天，村民1940食物耗尽！
⚠️ 第50天，村民1940缺水！
⚠️ 第50天，村民1941食物耗尽！
⚠️ 第50天，村民1941缺水！
⚠️ 第50天，村民1942食物耗尽！
⚠️ 第50天，村民1942缺水！
⚠️ 第50天，村民1943食物耗尽！
⚠️ 第50天，村民1943缺水！
⚠️ 第50天，村民1944食物耗尽！
⚠️ 第50天，村民1944缺水！
⚠️ 第50天，村民1945食物耗尽！
⚠️ 第50天，村民1945缺水！
⚠️ 第50天，村民1946食物耗尽！
⚠️ 第50天，村民1946缺水！
⚠️ 第50天，村民1947食物耗尽！
⚠️ 第50天，村民1947缺水！
⚠️ 第50天，村民1948食物耗尽！
⚠️ 第50天，村民1948缺水！
⚠️ 第50天，村民1949食物耗尽！
⚠️ 第50天，村民1949缺水！
⚠️ 第50天，村民1950食物耗尽！
⚠️ 第50天，村民1950缺水！
⚠️ 第50天，村民1951食物耗尽！
⚠️ 第50天，村民1951缺水！
⚠️ 第50天，村民1952食物耗尽！
⚠️ 第50天，村民1952缺水！
⚠️ 第50天，村民1953食物耗尽！
⚠️ 第50天，村民1953缺水！
⚠️ 第50天，村民1954食物耗尽！
⚠️ 第50天，村民1954缺水！
⚠️ 第50天，村民1955食物耗尽！
⚠️ 第50天，村民1955缺水！
⚠️ 第50天，村民1956食物耗尽！
⚠️ 第50天，村民1956缺水！
⚠️ 第50天，村民1957食物耗尽！
⚠️ 第50天，村民1957缺水！
⚠️ 第50天，村民1958食物耗尽！
⚠️ 第50天，村民1958缺水！
⚠️ 第50天，村民1959食物耗尽！
⚠️ 第50天，村民1959缺水！
⚠️ 第50天，村民1960食物耗尽！
⚠️ 第50天，村民1960缺水！
⚠️ 第50天，村民1961食物耗尽！
⚠️ 第50天，村民1961缺水！
⚠️ 第50天，村民1962食物耗尽！
⚠️ 第50天，村民1962缺水！
⚠️ 第50天，村民1963食物耗尽！
⚠️ 第50天，村民1963缺水！
⚠️ 第50天，村民1964食物耗尽！
⚠️ 第50天，村民1964缺水！
⚠️ 第50天，村民1965食物耗尽！
⚠️ 第50天，村民1965缺水！
⚠️ 第50天，村民1966食物耗尽！
⚠️ 第50天，村民1966缺水！
⚠️ 第50天，村民1967食物耗尽！
⚠️ 第50天，村民1967缺水！
⚠️ 第50天，村民1968食物耗尽！
⚠️ 第50天，村民1968缺水！
⚠️ 第50天，村民1969食物耗尽！
⚠️ 第50天，村民1969缺水！
⚠️ 第50天，村民1970食物耗尽！
⚠️ 第50天，村民1970缺水！
⚠️ 第50天，村民1971食物耗尽！
⚠️ 第50天，村民1971缺水！
⚠️ 第50天，村民1972食物耗尽！
⚠️ 第50天，村民1972缺水！
⚠️ 第50天，村民1973食物耗尽！
⚠️ 第50天，村民1973缺水！
⚠️ 第50天，村民1974食物耗尽！
⚠️ 第50天，村民1974缺水！
⚠️ 第50天，村民1975食物耗尽！
⚠️ 第50天，村民1975缺水！
⚠️ 第50天，村民1976食物耗尽！
⚠️ 第50天，村民1976缺水！
⚠️ 第50天，村民1977食物耗尽！
⚠️ 第50天，村民1977缺水！
⚠️ 第50天，村民1978食物耗尽！
⚠️ 第50天，村民1978缺水！
⚠️ 第50天，村民1979食物耗尽！
⚠️ 第50天，村民1979缺水！
⚠️ 第50天，村民1980食物耗尽！
⚠️ 第50天，村民1980缺水！
⚠️ 第50天，村民1981食物耗尽！
⚠️ 第50天，村民1981缺水！
⚠️ 第50天，村民1982食物耗尽！
⚠️ 第50天，村民1982缺水！
⚠️ 第50天，村民1983食物耗尽！
⚠️ 第50天，村民1983缺水！
⚠️ 第50天，村民1984食物耗尽！
⚠️ 第50天，村民1984缺水！
⚠️ 第50天，村民1985食物耗尽！
⚠️ 第50天，村民1985缺水！
⚠️ 第50天，村民1986食物耗尽！
⚠️ 第50天，村民1986缺水！
⚠️ 第50天，村民1987食物耗尽！
⚠️ 第50天，村民1987缺水！
⚠️ 第50天，村民1988食物耗尽！
⚠️ 第50天，村民1988缺水！
⚠️ 第50天，村民1989食物耗尽！
⚠️ 第50天，村民1989缺水！
⚠️ 第50天，村民1990食物耗尽！
⚠️ 第50天，村民1990缺水！
⚠️ 第50天，村民1991食物耗尽！
⚠️ 第50天，村民1991缺水！
⚠️ 第50天，村民1992食物耗尽！
⚠️ 第50天，村民1992缺水！
⚠️ 第50天，村民1993食物耗尽！
⚠️ 第50天，村民1993缺水！
⚠️ 第50天，村民1994食物耗尽！
⚠️ 第50天，村民1994缺水！
⚠️ 第50天，村民1995食物耗尽！
⚠️ 第50天，村民1995缺水！
⚠️ 第50天，村民1996食物耗尽！
⚠️ 第50天，村民1996缺水！
⚠️ 第50天，村民1997食物耗尽！
⚠️ 第50天，村民1997缺水！
⚠️ 第50天，村民1998食物耗尽！
⚠️ 第50天，村民1998缺水！
⚠️ 第50天，村民1999食物耗尽！
⚠️ 第50天，村民1999缺水！
⚠️ 第50天，村民2000食物耗尽！
⚠️ 第50天，村民2000缺水！
📊 第51天结束：当前村庄共有 2000 人存活。
⚠️ 第51天，村民1食物耗尽！
⚠️ 第51天，村民1缺水！
⚠️ 第51天，村民2食物耗尽！
⚠️ 第51天，村民2缺水！
⚠️ 第51天，村民3食物耗尽！
⚠️ 第51天，村民3缺水！
⚠️ 第51天，村民4食物耗尽！
⚠️ 第51天，村民4缺水！
⚠️ 第51天，村民5食物耗尽！
⚠️ 第51天，村民5缺水！
⚠️ 第51天，村民6食物耗尽！
⚠️ 第51天，村民6缺水！
⚠️ 第51天，村民7食物耗尽！
⚠️ 第51天，村民7缺水！
⚠️ 第51天，村民8食物耗尽！
⚠️ 第51天，村民8缺水！
⚠️ 第51天，村民9食物耗尽！
⚠️ 第51天，村民9缺水！
⚠️ 第51天，村民10食物耗尽！
⚠️ 第51天，村民10缺水！
⚠️ 第51天，村民11食物耗尽！
⚠️ 第51天，村民11缺水！
⚠️ 第51天，村民12食物耗尽！
⚠️ 第51天，村民12缺水！
⚠️ 第51天，村民13食物耗尽！
⚠️ 第51天，村民13缺水！
⚠️ 第51天，村民14食物耗尽！
⚠️ 第51天，村民14缺水！
⚠️ 第51天，村民15食物耗尽！
⚠️ 第51天，村民15缺水！
⚠️ 第51天，村民16食物耗尽！
⚠️ 第51天，村民16缺水！
⚠️ 第51天，村民17食物耗尽！
⚠️ 第51天，村民17缺水！
⚠️ 第51天，村民18食物耗尽！
⚠️ 第51天，村民18缺水！
⚠️ 第51天，村民19食物耗尽！
⚠️ 第51天，村民19缺水！
⚠️ 第51天，村民20食物耗尽！
⚠️ 第51天，村民20缺水！
⚠️ 第51天，村民21食物耗尽！
⚠️ 第51天，村民21缺水！
⚠️ 第51天，村民22食物耗尽！
⚠️ 第51天，村民22缺水！
⚠️ 第51天，村民23食物耗尽！
⚠️ 第51天，村民23缺水！
⚠️ 第51天，村民24食物耗尽！
⚠️ 第51天，村民24缺水！
⚠️ 第51天，村民25食物耗尽！
⚠️ 第51天，村民25缺水！
⚠️ 第51天，村民26食物耗尽！
⚠️ 第51天，村民26缺水！
⚠️ 第51天，村民27食物耗尽！
⚠️ 第51天，村民27缺水！
⚠️ 第51天，村民28食物耗尽！
⚠️ 第51天，村民28缺水！
⚠️ 第51天，村民29食物耗尽！
⚠️ 第51天，村民29缺水！
⚠️ 第51天，村民30食物耗尽！
⚠️ 第51天，村民30缺水！
⚠️ 第51天，村民31食物耗尽！
⚠️ 第51天，村民31缺水！
⚠️ 第51天，村民32食物耗尽！
⚠️ 第51天，村民32缺水！
⚠️ 第51天，村民33食物耗尽！
⚠️ 第51天，村民33缺水！
⚠️ 第51天，村民34食物耗尽！
⚠️ 第51天，村民34缺水！
⚠️ 第51天，村民35食物耗尽！
⚠️ 第51天，村民35缺水！
⚠️ 第51天，村民36食物耗尽！
⚠️ 第51天，村民36缺水！
⚠️ 第51天，村民37食物耗尽！
⚠️ 第51天，村民37缺水！
⚠️ 第51天，村民38食物耗尽！
⚠️ 第51天，村民38缺水！
⚠️ 第51天，村民39食物耗尽！
⚠️ 第51天，村民39缺水！
⚠️ 第51天，村民40食物耗尽！
⚠️ 第51天，村民40缺水！
⚠️ 第51天，村民41食物耗尽！
⚠️ 第51天，村民41缺水！
⚠️ 第51天，村民42食物耗尽！
⚠️ 第51天，村民42缺水！
⚠️ 第51天，村民43食物耗尽！
⚠️ 第51天，村民43缺水！
⚠️ 第51天，村民44食物耗尽！
⚠️ 第51天，村民44缺水！
⚠️ 第51天，村民45食物耗尽！
⚠️ 第51天，村民45缺水！
⚠️ 第51天，村民46食物耗尽！
⚠️ 第51天，村民46缺水！
⚠️ 第51天，村民47食物耗尽！
⚠️ 第51天，村民47缺水！
⚠️ 第51天，村民48食物耗尽！
⚠️ 第51天，村民48缺水！
⚠️ 第51天，村民49食物耗尽！
⚠️ 第51天，村民49缺水！
⚠️ 第51天，村民50食物耗尽！
⚠️ 第51天，村民50缺水！
⚠️ 第51天，村民51食物耗尽！
⚠️ 第51天，村民51缺水！
⚠️ 第51天，村民52食物耗尽！
⚠️ 第51天，村民52缺水！
⚠️ 第51天，村民53食物耗尽！
⚠️ 第51天，村民53缺水！
⚠️ 第51天，村民54食物耗尽！
⚠️ 第51天，村民54缺水！
⚠️ 第51天，村民55食物耗尽！
⚠️ 第51天，村民55缺水！
⚠️ 第51天，村民56食物耗尽！
⚠️ 第51天，村民56缺水！
⚠️ 第51天，村民57食物耗尽！
⚠️ 第51天，村民57缺水！
⚠️ 第51天，村民58食物耗尽！
⚠️ 第51天，村民58缺水！
⚠️ 第51天，村民59食物耗尽！
⚠️ 第51天，村民59缺水！
⚠️ 第51天，村民60食物耗尽！
⚠️ 第51天，村民60缺水！
⚠️ 第51天，村民61食物耗尽！
⚠️ 第51天，村民61缺水！
⚠️ 第51天，村民62食物耗尽！
⚠️ 第51天，村民62缺水！
⚠️ 第51天，村民63食物耗尽！
⚠️ 第51天，村民63缺水！
⚠️ 第51天，村民64食物耗尽！
⚠️ 第51天，村民64缺水！
⚠️ 第51天，村民65食物耗尽！
⚠️ 第51天，村民65缺水！
⚠️ 第51天，村民66食物耗尽！
⚠️ 第51天，村民66缺水！
⚠️ 第51天，村民67食物耗尽！
⚠️ 第51天，村民67缺水！
⚠️ 第51天，村民68食物耗尽！
⚠️ 第51天，村民68缺水！
⚠️ 第51天，村民69食物耗尽！
⚠️ 第51天，村民69缺水！
⚠️ 第51天，村民70食物耗尽！
⚠️ 第51天，村民70缺水！
⚠️ 第51天，村民71食物耗尽！
⚠️ 第51天，村民71缺水！
⚠️ 第51天，村民72食物耗尽！
⚠️ 第51天，村民72缺水！
⚠️ 第51天，村民73食物耗尽！
⚠️ 第51天，村民73缺水！
⚠️ 第51天，村民74食物耗尽！
⚠️ 第51天，村民74缺水！
⚠️ 第51天，村民75食物耗尽！
⚠️ 第51天，村民75缺水！
⚠️ 第51天，村民76食物耗尽！
⚠️ 第51天，村民76缺水！
⚠️ 第51天，村民77食物耗尽！
⚠️ 第51天，村民77缺水！
⚠️ 第51天，村民78食物耗尽！
⚠️ 第51天，村民78缺水！
⚠️ 第51天，村民79食物耗尽！
⚠️ 第51天，村民79缺水！
⚠️ 第51天，村民80食物耗尽！
⚠️ 第51天，村民80缺水！
⚠️ 第51天，村民81食物耗尽！
⚠️ 第51天，村民81缺水！
⚠️ 第51天，村民82食物耗尽！
⚠️ 第51天，村民82缺水！
⚠️ 第51天，村民83食物耗尽！
⚠️ 第51天，村民83缺水！
⚠️ 第51天，村民84食物耗尽！
⚠️ 第51天，村民84缺水！
⚠️ 第51天，村民85食物耗尽！
⚠️ 第51天，村民85缺水！
⚠️ 第51天，村民86食物耗尽！
⚠️ 第51天，村民86缺水！
⚠️ 第51天，村民87食物耗尽！
⚠️ 第51天，村民87缺水！
⚠️ 第51天，村民88食物耗尽！
⚠️ 第51天，村民88缺水！
⚠️ 第51天，村民89食物耗尽！
⚠️ 第51天，村民89缺水！
⚠️ 第51天，村民90食物耗尽！
⚠️ 第51天，村民90缺水！
⚠️ 第51天，村民91食物耗尽！
⚠️ 第51天，村民91缺水！
⚠️ 第51天，村民92食物耗尽！
⚠️ 第51天，村民92缺水！
⚠️ 第51天，村民93食物耗尽！
⚠️ 第51天，村民93缺水！
⚠️ 第51天，村民94食物耗尽！
⚠️ 第51天，村民94缺水！
⚠️ 第51天，村民95食物耗尽！
⚠️ 第51天，村民95缺水！
⚠️ 第51天，村民96食物耗尽！
⚠️ 第51天，村民96缺水！
⚠️ 第51天，村民97食物耗尽！
⚠️ 第51天，村民97缺水！
⚠️ 第51天，村民98食物耗尽！
⚠️ 第51天，村民98缺水！
⚠️ 第51天，村民99食物耗尽！
⚠️ 第51天，村民99缺水！
⚠️ 第51天，村民100食物耗尽！
⚠️ 第51天，村民100缺水！
⚠️ 第51天，村民101食物耗尽！
⚠️ 第51天，村民101缺水！
⚠️ 第51天，村民102食物耗尽！
⚠️ 第51天，村民102缺水！
⚠️ 第51天，村民103食物耗尽！
⚠️ 第51天，村民103缺水！
⚠️ 第51天，村民104食物耗尽！
⚠️ 第51天，村民104缺水！
⚠️ 第51天，村民105食物耗尽！
⚠️ 第51天，村民105缺水！
⚠️ 第51天，村民106食物耗尽！
⚠️ 第51天，村民106缺水！
⚠️ 第51天，村民107食物耗尽！
⚠️ 第51天，村民107缺水！
⚠️ 第51天，村民108食物耗尽！
⚠️ 第51天，村民108缺水！
⚠️ 第51天，村民109食物耗尽！
⚠️ 第51天，村民109缺水！
⚠️ 第51天，村民110食物耗尽！
⚠️ 第51天，村民110缺水！
⚠️ 第51天，村民111食物耗尽！
⚠️ 第51天，村民111缺水！
⚠️ 第51天，村民112食物耗尽！
⚠️ 第51天，村民112缺水！
⚠️ 第51天，村民113食物耗尽！
⚠️ 第51天，村民113缺水！
⚠️ 第51天，村民114食物耗尽！
⚠️ 第51天，村民114缺水！
⚠️ 第51天，村民115食物耗尽！
⚠️ 第51天，村民115缺水！
⚠️ 第51天，村民116食物耗尽！
⚠️ 第51天，村民116缺水！
⚠️ 第51天，村民117食物耗尽！
⚠️ 第51天，村民117缺水！
⚠️ 第51天，村民118食物耗尽！
⚠️ 第51天，村民118缺水！
⚠️ 第51天，村民119食物耗尽！
⚠️ 第51天，村民119缺水！
⚠️ 第51天，村民120食物耗尽！
⚠️ 第51天，村民120缺水！
⚠️ 第51天，村民121食物耗尽！
⚠️ 第51天，村民121缺水！
⚠️ 第51天，村民122食物耗尽！
⚠️ 第51天，村民122缺水！
⚠️ 第51天，村民123食物耗尽！
⚠️ 第51天，村民123缺水！
⚠️ 第51天，村民124食物耗尽！
⚠️ 第51天，村民124缺水！
⚠️ 第51天，村民125食物耗尽！
⚠️ 第51天，村民125缺水！
⚠️ 第51天，村民126食物耗尽！
⚠️ 第51天，村民126缺水！
⚠️ 第51天，村民127食物耗尽！
⚠️ 第51天，村民127缺水！
⚠️ 第51天，村民128食物耗尽！
⚠️ 第51天，村民128缺水！
⚠️ 第51天，村民129食物耗尽！
⚠️ 第51天，村民129缺水！
⚠️ 第51天，村民130食物耗尽！
⚠️ 第51天，村民130缺水！
⚠️ 第51天，村民131食物耗尽！
⚠️ 第51天，村民131缺水！
⚠️ 第51天，村民132食物耗尽！
⚠️ 第51天，村民132缺水！
⚠️ 第51天，村民133食物耗尽！
⚠️ 第51天，村民133缺水！
⚠️ 第51天，村民134食物耗尽！
⚠️ 第51天，村民134缺水！
⚠️ 第51天，村民135食物耗尽！
⚠️ 第51天，村民135缺水！
⚠️ 第51天，村民136食物耗尽！
⚠️ 第51天，村民136缺水！
⚠️ 第51天，村民137食物耗尽！
⚠️ 第51天，村民137缺水！
⚠️ 第51天，村民138食物耗尽！
⚠️ 第51天，村民138缺水！
⚠️ 第51天，村民139食物耗尽！
⚠️ 第51天，村民139缺水！
⚠️ 第51天，村民140食物耗尽！
⚠️ 第51天，村民140缺水！
⚠️ 第51天，村民141食物耗尽！
⚠️ 第51天，村民141缺水！
⚠️ 第51天，村民142食物耗尽！
⚠️ 第51天，村民142缺水！
⚠️ 第51天，村民143食物耗尽！
⚠️ 第51天，村民143缺水！
⚠️ 第51天，村民144食物耗尽！
⚠️ 第51天，村民144缺水！
⚠️ 第51天，村民145食物耗尽！
⚠️ 第51天，村民145缺水！
⚠️ 第51天，村民146食物耗尽！
⚠️ 第51天，村民146缺水！
⚠️ 第51天，村民147食物耗尽！
⚠️ 第51天，村民147缺水！
⚠️ 第51天，村民148食物耗尽！
⚠️ 第51天，村民148缺水！
⚠️ 第51天，村民149食物耗尽！
⚠️ 第51天，村民149缺水！
⚠️ 第51天，村民150食物耗尽！
⚠️ 第51天，村民150缺水！
⚠️ 第51天，村民151食物耗尽！
⚠️ 第51天，村民151缺水！
⚠️ 第51天，村民152食物耗尽！
⚠️ 第51天，村民152缺水！
⚠️ 第51天，村民153食物耗尽！
⚠️ 第51天，村民153缺水！
⚠️ 第51天，村民154食物耗尽！
⚠️ 第51天，村民154缺水！
⚠️ 第51天，村民155食物耗尽！
⚠️ 第51天，村民155缺水！
⚠️ 第51天，村民156食物耗尽！
⚠️ 第51天，村民156缺水！
⚠️ 第51天，村民157食物耗尽！
⚠️ 第51天，村民157缺水！
⚠️ 第51天，村民158食物耗尽！
⚠️ 第51天，村民158缺水！
⚠️ 第51天，村民159食物耗尽！
⚠️ 第51天，村民159缺水！
⚠️ 第51天，村民160食物耗尽！
⚠️ 第51天，村民160缺水！
⚠️ 第51天，村民161食物耗尽！
⚠️ 第51天，村民161缺水！
⚠️ 第51天，村民162食物耗尽！
⚠️ 第51天，村民162缺水！
⚠️ 第51天，村民163食物耗尽！
⚠️ 第51天，村民163缺水！
⚠️ 第51天，村民164食物耗尽！
⚠️ 第51天，村民164缺水！
⚠️ 第51天，村民165食物耗尽！
⚠️ 第51天，村民165缺水！
⚠️ 第51天，村民166食物耗尽！
⚠️ 第51天，村民166缺水！
⚠️ 第51天，村民167食物耗尽！
⚠️ 第51天，村民167缺水！
⚠️ 第51天，村民168食物耗尽！
⚠️ 第51天，村民168缺水！
⚠️ 第51天，村民169食物耗尽！
⚠️ 第51天，村民169缺水！
⚠️ 第51天，村民170食物耗尽！
⚠️ 第51天，村民170缺水！
⚠️ 第51天，村民171食物耗尽！
⚠️ 第51天，村民171缺水！
⚠️ 第51天，村民172食物耗尽！
⚠️ 第51天，村民172缺水！
⚠️ 第51天，村民173食物耗尽！
⚠️ 第51天，村民173缺水！
⚠️ 第51天，村民174食物耗尽！
⚠️ 第51天，村民174缺水！
⚠️ 第51天，村民175食物耗尽！
⚠️ 第51天，村民175缺水！
⚠️ 第51天，村民176食物耗尽！
⚠️ 第51天，村民176缺水！
⚠️ 第51天，村民177食物耗尽！
⚠️ 第51天，村民177缺水！
⚠️ 第51天，村民178食物耗尽！
⚠️ 第51天，村民178缺水！
⚠️ 第51天，村民179食物耗尽！
⚠️ 第51天，村民179缺水！
⚠️ 第51天，村民180食物耗尽！
⚠️ 第51天，村民180缺水！
⚠️ 第51天，村民181食物耗尽！
⚠️ 第51天，村民181缺水！
⚠️ 第51天，村民182食物耗尽！
⚠️ 第51天，村民182缺水！
⚠️ 第51天，村民183食物耗尽！
⚠️ 第51天，村民183缺水！
⚠️ 第51天，村民184食物耗尽！
⚠️ 第51天，村民184缺水！
⚠️ 第51天，村民185食物耗尽！
⚠️ 第51天，村民185缺水！
⚠️ 第51天，村民186食物耗尽！
⚠️ 第51天，村民186缺水！
⚠️ 第51天，村民187食物耗尽！
⚠️ 第51天，村民187缺水！
⚠️ 第51天，村民188食物耗尽！
⚠️ 第51天，村民188缺水！
⚠️ 第51天，村民189食物耗尽！
⚠️ 第51天，村民189缺水！
⚠️ 第51天，村民190食物耗尽！
⚠️ 第51天，村民190缺水！
⚠️ 第51天，村民191食物耗尽！
⚠️ 第51天，村民191缺水！
⚠️ 第51天，村民192食物耗尽！
⚠️ 第51天，村民192缺水！
⚠️ 第51天，村民193食物耗尽！
⚠️ 第51天，村民193缺水！
⚠️ 第51天，村民194食物耗尽！
⚠️ 第51天，村民194缺水！
⚠️ 第51天，村民195食物耗尽！
⚠️ 第51天，村民195缺水！
⚠️ 第51天，村民196食物耗尽！
⚠️ 第51天，村民196缺水！
⚠️ 第51天，村民197食物耗尽！
⚠️ 第51天，村民197缺水！
⚠️ 第51天，村民198食物耗尽！
⚠️ 第51天，村民198缺水！
⚠️ 第51天，村民199食物耗尽！
⚠️ 第51天，村民199缺水！
⚠️ 第51天，村民200食物耗尽！
⚠️ 第51天，村民200缺水！
⚠️ 第51天，村民201食物耗尽！
⚠️ 第51天，村民201缺水！
⚠️ 第51天，村民202食物耗尽！
⚠️ 第51天，村民202缺水！
⚠️ 第51天，村民203食物耗尽！
⚠️ 第51天，村民203缺水！
⚠️ 第51天，村民204食物耗尽！
⚠️ 第51天，村民204缺水！
⚠️ 第51天，村民205食物耗尽！
⚠️ 第51天，村民205缺水！
⚠️ 第51天，村民206食物耗尽！
⚠️ 第51天，村民206缺水！
⚠️ 第51天，村民207食物耗尽！
⚠️ 第51天，村民207缺水！
⚠️ 第51天，村民208食物耗尽！
⚠️ 第51天，村民208缺水！
⚠️ 第51天，村民209食物耗尽！
⚠️ 第51天，村民209缺水！
⚠️ 第51天，村民210食物耗尽！
⚠️ 第51天，村民210缺水！
⚠️ 第51天，村民211食物耗尽！
⚠️ 第51天，村民211缺水！
⚠️ 第51天，村民212食物耗尽！
⚠️ 第51天，村民212缺水！
⚠️ 第51天，村民213食物耗尽！
⚠️ 第51天，村民213缺水！
⚠️ 第51天，村民214食物耗尽！
⚠️ 第51天，村民214缺水！
⚠️ 第51天，村民215食物耗尽！
⚠️ 第51天，村民215缺水！
⚠️ 第51天，村民216食物耗尽！
⚠️ 第51天，村民216缺水！
⚠️ 第51天，村民217食物耗尽！
⚠️ 第51天，村民217缺水！
⚠️ 第51天，村民218食物耗尽！
⚠️ 第51天，村民218缺水！
⚠️ 第51天，村民219食物耗尽！
⚠️ 第51天，村民219缺水！
⚠️ 第51天，村民220食物耗尽！
⚠️ 第51天，村民220缺水！
⚠️ 第51天，村民221食物耗尽！
⚠️ 第51天，村民221缺水！
⚠️ 第51天，村民222食物耗尽！
⚠️ 第51天，村民222缺水！
⚠️ 第51天，村民223食物耗尽！
⚠️ 第51天，村民223缺水！
⚠️ 第51天，村民224食物耗尽！
⚠️ 第51天，村民224缺水！
⚠️ 第51天，村民225食物耗尽！
⚠️ 第51天，村民225缺水！
⚠️ 第51天，村民226食物耗尽！
⚠️ 第51天，村民226缺水！
⚠️ 第51天，村民227食物耗尽！
⚠️ 第51天，村民227缺水！
⚠️ 第51天，村民228食物耗尽！
⚠️ 第51天，村民228缺水！
⚠️ 第51天，村民229食物耗尽！
⚠️ 第51天，村民229缺水！
⚠️ 第51天，村民230食物耗尽！
⚠️ 第51天，村民230缺水！
⚠️ 第51天，村民231食物耗尽！
⚠️ 第51天，村民231缺水！
⚠️ 第51天，村民232食物耗尽！
⚠️ 第51天，村民232缺水！
⚠️ 第51天，村民233食物耗尽！
⚠️ 第51天，村民233缺水！
⚠️ 第51天，村民234食物耗尽！
⚠️ 第51天，村民234缺水！
⚠️ 第51天，村民235食物耗尽！
⚠️ 第51天，村民235缺水！
⚠️ 第51天，村民236食物耗尽！
⚠️ 第51天，村民236缺水！
⚠️ 第51天，村民237食物耗尽！
⚠️ 第51天，村民237缺水！
⚠️ 第51天，村民238食物耗尽！
⚠️ 第51天，村民238缺水！
⚠️ 第51天，村民239食物耗尽！
⚠️ 第51天，村民239缺水！
⚠️ 第51天，村民240食物耗尽！
⚠️ 第51天，村民240缺水！
⚠️ 第51天，村民241食物耗尽！
⚠️ 第51天，村民241缺水！
⚠️ 第51天，村民242食物耗尽！
⚠️ 第51天，村民242缺水！
⚠️ 第51天，村民243食物耗尽！
⚠️ 第51天，村民243缺水！
⚠️ 第51天，村民244食物耗尽！
⚠️ 第51天，村民244缺水！
⚠️ 第51天，村民245食物耗尽！
⚠️ 第51天，村民245缺水！
⚠️ 第51天，村民246食物耗尽！
⚠️ 第51天，村民246缺水！
⚠️ 第51天，村民247食物耗尽！
⚠️ 第51天，村民247缺水！
⚠️ 第51天，村民248食物耗尽！
⚠️ 第51天，村民248缺水！
⚠️ 第51天，村民249食物耗尽！
⚠️ 第51天，村民249缺水！
⚠️ 第51天，村民250食物耗尽！
⚠️ 第51天，村民250缺水！
⚠️ 第51天，村民251食物耗尽！
⚠️ 第51天，村民251缺水！
⚠️ 第51天，村民252食物耗尽！
⚠️ 第51天，村民252缺水！
⚠️ 第51天，村民253食物耗尽！
⚠️ 第51天，村民253缺水！
⚠️ 第51天，村民254食物耗尽！
⚠️ 第51天，村民254缺水！
⚠️ 第51天，村民255食物耗尽！
⚠️ 第51天，村民255缺水！
⚠️ 第51天，村民256食物耗尽！
⚠️ 第51天，村民256缺水！
⚠️ 第51天，村民257食物耗尽！
⚠️ 第51天，村民257缺水！
⚠️ 第51天，村民258食物耗尽！
⚠️ 第51天，村民258缺水！
⚠️ 第51天，村民259食物耗尽！
⚠️ 第51天，村民259缺水！
⚠️ 第51天，村民260食物耗尽！
⚠️ 第51天，村民260缺水！
⚠️ 第51天，村民261食物耗尽！
⚠️ 第51天，村民261缺水！
⚠️ 第51天，村民262食物耗尽！
⚠️ 第51天，村民262缺水！
⚠️ 第51天，村民263食物耗尽！
⚠️ 第51天，村民263缺水！
⚠️ 第51天，村民264食物耗尽！
⚠️ 第51天，村民264缺水！
⚠️ 第51天，村民265食物耗尽！
⚠️ 第51天，村民265缺水！
⚠️ 第51天，村民266食物耗尽！
⚠️ 第51天，村民266缺水！
⚠️ 第51天，村民267食物耗尽！
⚠️ 第51天，村民267缺水！
⚠️ 第51天，村民268食物耗尽！
⚠️ 第51天，村民268缺水！
⚠️ 第51天，村民269食物耗尽！
⚠️ 第51天，村民269缺水！
⚠️ 第51天，村民270食物耗尽！
⚠️ 第51天，村民270缺水！
⚠️ 第51天，村民271食物耗尽！
⚠️ 第51天，村民271缺水！
⚠️ 第51天，村民272食物耗尽！
⚠️ 第51天，村民272缺水！
⚠️ 第51天，村民273食物耗尽！
⚠️ 第51天，村民273缺水！
⚠️ 第51天，村民274食物耗尽！
⚠️ 第51天，村民274缺水！
⚠️ 第51天，村民275食物耗尽！
⚠️ 第51天，村民275缺水！
⚠️ 第51天，村民276食物耗尽！
⚠️ 第51天，村民276缺水！
⚠️ 第51天，村民277食物耗尽！
⚠️ 第51天，村民277缺水！
⚠️ 第51天，村民278食物耗尽！
⚠️ 第51天，村民278缺水！
⚠️ 第51天，村民279食物耗尽！
⚠️ 第51天，村民279缺水！
⚠️ 第51天，村民280食物耗尽！
⚠️ 第51天，村民280缺水！
⚠️ 第51天，村民281食物耗尽！
⚠️ 第51天，村民281缺水！
⚠️ 第51天，村民282食物耗尽！
⚠️ 第51天，村民282缺水！
⚠️ 第51天，村民283食物耗尽！
⚠️ 第51天，村民283缺水！
⚠️ 第51天，村民284食物耗尽！
⚠️ 第51天，村民284缺水！
⚠️ 第51天，村民285食物耗尽！
⚠️ 第51天，村民285缺水！
⚠️ 第51天，村民286食物耗尽！
⚠️ 第51天，村民286缺水！
⚠️ 第51天，村民287食物耗尽！
⚠️ 第51天，村民287缺水！
⚠️ 第51天，村民288食物耗尽！
⚠️ 第51天，村民288缺水！
⚠️ 第51天，村民289食物耗尽！
⚠️ 第51天，村民289缺水！
⚠️ 第51天，村民290食物耗尽！
⚠️ 第51天，村民290缺水！
⚠️ 第51天，村民291食物耗尽！
⚠️ 第51天，村民291缺水！
⚠️ 第51天，村民292食物耗尽！
⚠️ 第51天，村民292缺水！
⚠️ 第51天，村民293食物耗尽！
⚠️ 第51天，村民293缺水！
⚠️ 第51天，村民294食物耗尽！
⚠️ 第51天，村民294缺水！
⚠️ 第51天，村民295食物耗尽！
⚠️ 第51天，村民295缺水！
⚠️ 第51天，村民296食物耗尽！
⚠️ 第51天，村民296缺水！
⚠️ 第51天，村民297食物耗尽！
⚠️ 第51天，村民297缺水！
⚠️ 第51天，村民298食物耗尽！
⚠️ 第51天，村民298缺水！
⚠️ 第51天，村民299食物耗尽！
⚠️ 第51天，村民299缺水！
⚠️ 第51天，村民300食物耗尽！
⚠️ 第51天，村民300缺水！
⚠️ 第51天，村民301食物耗尽！
⚠️ 第51天，村民301缺水！
⚠️ 第51天，村民302食物耗尽！
⚠️ 第51天，村民302缺水！
⚠️ 第51天，村民303食物耗尽！
⚠️ 第51天，村民303缺水！
⚠️ 第51天，村民304食物耗尽！
⚠️ 第51天，村民304缺水！
⚠️ 第51天，村民305食物耗尽！
⚠️ 第51天，村民305缺水！
⚠️ 第51天，村民306食物耗尽！
⚠️ 第51天，村民306缺水！
⚠️ 第51天，村民307食物耗尽！
⚠️ 第51天，村民307缺水！
⚠️ 第51天，村民308食物耗尽！
⚠️ 第51天，村民308缺水！
⚠️ 第51天，村民309食物耗尽！
⚠️ 第51天，村民309缺水！
⚠️ 第51天，村民310食物耗尽！
⚠️ 第51天，村民310缺水！
⚠️ 第51天，村民311食物耗尽！
⚠️ 第51天，村民311缺水！
⚠️ 第51天，村民312食物耗尽！
⚠️ 第51天，村民312缺水！
⚠️ 第51天，村民313食物耗尽！
⚠️ 第51天，村民313缺水！
⚠️ 第51天，村民314食物耗尽！
⚠️ 第51天，村民314缺水！
⚠️ 第51天，村民315食物耗尽！
⚠️ 第51天，村民315缺水！
⚠️ 第51天，村民316食物耗尽！
⚠️ 第51天，村民316缺水！
⚠️ 第51天，村民317食物耗尽！
⚠️ 第51天，村民317缺水！
⚠️ 第51天，村民318食物耗尽！
⚠️ 第51天，村民318缺水！
⚠️ 第51天，村民319食物耗尽！
⚠️ 第51天，村民319缺水！
⚠️ 第51天，村民320食物耗尽！
⚠️ 第51天，村民320缺水！
⚠️ 第51天，村民321食物耗尽！
⚠️ 第51天，村民321缺水！
⚠️ 第51天，村民322食物耗尽！
⚠️ 第51天，村民322缺水！
⚠️ 第51天，村民323食物耗尽！
⚠️ 第51天，村民323缺水！
⚠️ 第51天，村民324食物耗尽！
⚠️ 第51天，村民324缺水！
⚠️ 第51天，村民325食物耗尽！
⚠️ 第51天，村民325缺水！
⚠️ 第51天，村民326食物耗尽！
⚠️ 第51天，村民326缺水！
⚠️ 第51天，村民327食物耗尽！
⚠️ 第51天，村民327缺水！
⚠️ 第51天，村民328食物耗尽！
⚠️ 第51天，村民328缺水！
⚠️ 第51天，村民329食物耗尽！
⚠️ 第51天，村民329缺水！
⚠️ 第51天，村民330食物耗尽！
⚠️ 第51天，村民330缺水！
⚠️ 第51天，村民331食物耗尽！
⚠️ 第51天，村民331缺水！
⚠️ 第51天，村民332食物耗尽！
⚠️ 第51天，村民332缺水！
⚠️ 第51天，村民333食物耗尽！
⚠️ 第51天，村民333缺水！
⚠️ 第51天，村民334食物耗尽！
⚠️ 第51天，村民334缺水！
⚠️ 第51天，村民335食物耗尽！
⚠️ 第51天，村民335缺水！
⚠️ 第51天，村民336食物耗尽！
⚠️ 第51天，村民336缺水！
⚠️ 第51天，村民337食物耗尽！
⚠️ 第51天，村民337缺水！
⚠️ 第51天，村民338食物耗尽！
⚠️ 第51天，村民338缺水！
⚠️ 第51天，村民339食物耗尽！
⚠️ 第51天，村民339缺水！
⚠️ 第51天，村民340食物耗尽！
⚠️ 第51天，村民340缺水！
⚠️ 第51天，村民341食物耗尽！
⚠️ 第51天，村民341缺水！
⚠️ 第51天，村民342食物耗尽！
⚠️ 第51天，村民342缺水！
⚠️ 第51天，村民343食物耗尽！
⚠️ 第51天，村民343缺水！
⚠️ 第51天，村民344食物耗尽！
⚠️ 第51天，村民344缺水！
⚠️ 第51天，村民345食物耗尽！
⚠️ 第51天，村民345缺水！
⚠️ 第51天，村民346食物耗尽！
⚠️ 第51天，村民346缺水！
⚠️ 第51天，村民347食物耗尽！
⚠️ 第51天，村民347缺水！
⚠️ 第51天，村民348食物耗尽！
⚠️ 第51天，村民348缺水！
⚠️ 第51天，村民349食物耗尽！
⚠️ 第51天，村民349缺水！
⚠️ 第51天，村民350食物耗尽！
⚠️ 第51天，村民350缺水！
⚠️ 第51天，村民351食物耗尽！
⚠️ 第51天，村民351缺水！
⚠️ 第51天，村民352食物耗尽！
⚠️ 第51天，村民352缺水！
⚠️ 第51天，村民353食物耗尽！
⚠️ 第51天，村民353缺水！
⚠️ 第51天，村民354食物耗尽！
⚠️ 第51天，村民354缺水！
⚠️ 第51天，村民355食物耗尽！
⚠️ 第51天，村民355缺水！
⚠️ 第51天，村民356食物耗尽！
⚠️ 第51天，村民356缺水！
⚠️ 第51天，村民357食物耗尽！
⚠️ 第51天，村民357缺水！
⚠️ 第51天，村民358食物耗尽！
⚠️ 第51天，村民358缺水！
⚠️ 第51天，村民359食物耗尽！
⚠️ 第51天，村民359缺水！
⚠️ 第51天，村民360食物耗尽！
⚠️ 第51天，村民360缺水！
⚠️ 第51天，村民361食物耗尽！
⚠️ 第51天，村民361缺水！
⚠️ 第51天，村民362食物耗尽！
⚠️ 第51天，村民362缺水！
⚠️ 第51天，村民363食物耗尽！
⚠️ 第51天，村民363缺水！
⚠️ 第51天，村民364食物耗尽！
⚠️ 第51天，村民364缺水！
⚠️ 第51天，村民365食物耗尽！
⚠️ 第51天，村民365缺水！
⚠️ 第51天，村民366食物耗尽！
⚠️ 第51天，村民366缺水！
⚠️ 第51天，村民367食物耗尽！
⚠️ 第51天，村民367缺水！
⚠️ 第51天，村民368食物耗尽！
⚠️ 第51天，村民368缺水！
⚠️ 第51天，村民369食物耗尽！
⚠️ 第51天，村民369缺水！
⚠️ 第51天，村民370食物耗尽！
⚠️ 第51天，村民370缺水！
⚠️ 第51天，村民371食物耗尽！
⚠️ 第51天，村民371缺水！
⚠️ 第51天，村民372食物耗尽！
⚠️ 第51天，村民372缺水！
⚠️ 第51天，村民373食物耗尽！
⚠️ 第51天，村民373缺水！
⚠️ 第51天，村民374食物耗尽！
⚠️ 第51天，村民374缺水！
⚠️ 第51天，村民375食物耗尽！
⚠️ 第51天，村民375缺水！
⚠️ 第51天，村民376食物耗尽！
⚠️ 第51天，村民376缺水！
⚠️ 第51天，村民377食物耗尽！
⚠️ 第51天，村民377缺水！
⚠️ 第51天，村民378食物耗尽！
⚠️ 第51天，村民378缺水！
⚠️ 第51天，村民379食物耗尽！
⚠️ 第51天，村民379缺水！
⚠️ 第51天，村民380食物耗尽！
⚠️ 第51天，村民380缺水！
⚠️ 第51天，村民381食物耗尽！
⚠️ 第51天，村民381缺水！
⚠️ 第51天，村民382食物耗尽！
⚠️ 第51天，村民382缺水！
⚠️ 第51天，村民383食物耗尽！
⚠️ 第51天，村民383缺水！
⚠️ 第51天，村民384食物耗尽！
⚠️ 第51天，村民384缺水！
⚠️ 第51天，村民385食物耗尽！
⚠️ 第51天，村民385缺水！
⚠️ 第51天，村民386食物耗尽！
⚠️ 第51天，村民386缺水！
⚠️ 第51天，村民387食物耗尽！
⚠️ 第51天，村民387缺水！
⚠️ 第51天，村民388食物耗尽！
⚠️ 第51天，村民388缺水！
⚠️ 第51天，村民389食物耗尽！
⚠️ 第51天，村民389缺水！
⚠️ 第51天，村民390食物耗尽！
⚠️ 第51天，村民390缺水！
⚠️ 第51天，村民391食物耗尽！
⚠️ 第51天，村民391缺水！
⚠️ 第51天，村民392食物耗尽！
⚠️ 第51天，村民392缺水！
⚠️ 第51天，村民393食物耗尽！
⚠️ 第51天，村民393缺水！
⚠️ 第51天，村民394食物耗尽！
⚠️ 第51天，村民394缺水！
⚠️ 第51天，村民395食物耗尽！
⚠️ 第51天，村民395缺水！
⚠️ 第51天，村民396食物耗尽！
⚠️ 第51天，村民396缺水！
⚠️ 第51天，村民397食物耗尽！
⚠️ 第51天，村民397缺水！
⚠️ 第51天，村民398食物耗尽！
⚠️ 第51天，村民398缺水！
⚠️ 第51天，村民399食物耗尽！
⚠️ 第51天，村民399缺水！
⚠️ 第51天，村民400食物耗尽！
⚠️ 第51天，村民400缺水！
⚠️ 第51天，村民401食物耗尽！
⚠️ 第51天，村民401缺水！
⚠️ 第51天，村民402食物耗尽！
⚠️ 第51天，村民402缺水！
⚠️ 第51天，村民403食物耗尽！
⚠️ 第51天，村民403缺水！
⚠️ 第51天，村民404食物耗尽！
⚠️ 第51天，村民404缺水！
⚠️ 第51天，村民405食物耗尽！
⚠️ 第51天，村民405缺水！
⚠️ 第51天，村民406食物耗尽！
⚠️ 第51天，村民406缺水！
⚠️ 第51天，村民407食物耗尽！
⚠️ 第51天，村民407缺水！
⚠️ 第51天，村民408食物耗尽！
⚠️ 第51天，村民408缺水！
⚠️ 第51天，村民409食物耗尽！
⚠️ 第51天，村民409缺水！
⚠️ 第51天，村民410食物耗尽！
⚠️ 第51天，村民410缺水！
⚠️ 第51天，村民411食物耗尽！
⚠️ 第51天，村民411缺水！
⚠️ 第51天，村民412食物耗尽！
⚠️ 第51天，村民412缺水！
⚠️ 第51天，村民413食物耗尽！
⚠️ 第51天，村民413缺水！
⚠️ 第51天，村民414食物耗尽！
⚠️ 第51天，村民414缺水！
⚠️ 第51天，村民415食物耗尽！
⚠️ 第51天，村民415缺水！
⚠️ 第51天，村民416食物耗尽！
⚠️ 第51天，村民416缺水！
⚠️ 第51天，村民417食物耗尽！
⚠️ 第51天，村民417缺水！
⚠️ 第51天，村民418食物耗尽！
⚠️ 第51天，村民418缺水！
⚠️ 第51天，村民419食物耗尽！
⚠️ 第51天，村民419缺水！
⚠️ 第51天，村民420食物耗尽！
⚠️ 第51天，村民420缺水！
⚠️ 第51天，村民421食物耗尽！
⚠️ 第51天，村民421缺水！
⚠️ 第51天，村民422食物耗尽！
⚠️ 第51天，村民422缺水！
⚠️ 第51天，村民423食物耗尽！
⚠️ 第51天，村民423缺水！
⚠️ 第51天，村民424食物耗尽！
⚠️ 第51天，村民424缺水！
⚠️ 第51天，村民425食物耗尽！
⚠️ 第51天，村民425缺水！
⚠️ 第51天，村民426食物耗尽！
⚠️ 第51天，村民426缺水！
⚠️ 第51天，村民427食物耗尽！
⚠️ 第51天，村民427缺水！
⚠️ 第51天，村民428食物耗尽！
⚠️ 第51天，村民428缺水！
⚠️ 第51天，村民429食物耗尽！
⚠️ 第51天，村民429缺水！
⚠️ 第51天，村民430食物耗尽！
⚠️ 第51天，村民430缺水！
⚠️ 第51天，村民431食物耗尽！
⚠️ 第51天，村民431缺水！
⚠️ 第51天，村民432食物耗尽！
⚠️ 第51天，村民432缺水！
⚠️ 第51天，村民433食物耗尽！
⚠️ 第51天，村民433缺水！
⚠️ 第51天，村民434食物耗尽！
⚠️ 第51天，村民434缺水！
⚠️ 第51天，村民435食物耗尽！
⚠️ 第51天，村民435缺水！
⚠️ 第51天，村民436食物耗尽！
⚠️ 第51天，村民436缺水！
⚠️ 第51天，村民437食物耗尽！
⚠️ 第51天，村民437缺水！
⚠️ 第51天，村民438食物耗尽！
⚠️ 第51天，村民438缺水！
⚠️ 第51天，村民439食物耗尽！
⚠️ 第51天，村民439缺水！
⚠️ 第51天，村民440食物耗尽！
⚠️ 第51天，村民440缺水！
⚠️ 第51天，村民441食物耗尽！
⚠️ 第51天，村民441缺水！
⚠️ 第51天，村民442食物耗尽！
⚠️ 第51天，村民442缺水！
⚠️ 第51天，村民443食物耗尽！
⚠️ 第51天，村民443缺水！
⚠️ 第51天，村民444食物耗尽！
⚠️ 第51天，村民444缺水！
⚠️ 第51天，村民445食物耗尽！
⚠️ 第51天，村民445缺水！
⚠️ 第51天，村民446食物耗尽！
⚠️ 第51天，村民446缺水！
⚠️ 第51天，村民447食物耗尽！
⚠️ 第51天，村民447缺水！
⚠️ 第51天，村民448食物耗尽！
⚠️ 第51天，村民448缺水！
⚠️ 第51天，村民449食物耗尽！
⚠️ 第51天，村民449缺水！
⚠️ 第51天，村民450食物耗尽！
⚠️ 第51天，村民450缺水！
⚠️ 第51天，村民451食物耗尽！
⚠️ 第51天，村民451缺水！
⚠️ 第51天，村民452食物耗尽！
⚠️ 第51天，村民452缺水！
⚠️ 第51天，村民453食物耗尽！
⚠️ 第51天，村民453缺水！
⚠️ 第51天，村民454食物耗尽！
⚠️ 第51天，村民454缺水！
⚠️ 第51天，村民455食物耗尽！
⚠️ 第51天，村民455缺水！
⚠️ 第51天，村民456食物耗尽！
⚠️ 第51天，村民456缺水！
⚠️ 第51天，村民457食物耗尽！
⚠️ 第51天，村民457缺水！
⚠️ 第51天，村民458食物耗尽！
⚠️ 第51天，村民458缺水！
⚠️ 第51天，村民459食物耗尽！
⚠️ 第51天，村民459缺水！
⚠️ 第51天，村民460食物耗尽！
⚠️ 第51天，村民460缺水！
⚠️ 第51天，村民461食物耗尽！
⚠️ 第51天，村民461缺水！
⚠️ 第51天，村民462食物耗尽！
⚠️ 第51天，村民462缺水！
⚠️ 第51天，村民463食物耗尽！
⚠️ 第51天，村民463缺水！
⚠️ 第51天，村民464食物耗尽！
⚠️ 第51天，村民464缺水！
⚠️ 第51天，村民465食物耗尽！
⚠️ 第51天，村民465缺水！
⚠️ 第51天，村民466食物耗尽！
⚠️ 第51天，村民466缺水！
⚠️ 第51天，村民467食物耗尽！
⚠️ 第51天，村民467缺水！
⚠️ 第51天，村民468食物耗尽！
⚠️ 第51天，村民468缺水！
⚠️ 第51天，村民469食物耗尽！
⚠️ 第51天，村民469缺水！
⚠️ 第51天，村民470食物耗尽！
⚠️ 第51天，村民470缺水！
⚠️ 第51天，村民471食物耗尽！
⚠️ 第51天，村民471缺水！
⚠️ 第51天，村民472食物耗尽！
⚠️ 第51天，村民472缺水！
⚠️ 第51天，村民473食物耗尽！
⚠️ 第51天，村民473缺水！
⚠️ 第51天，村民474食物耗尽！
⚠️ 第51天，村民474缺水！
⚠️ 第51天，村民475食物耗尽！
⚠️ 第51天，村民475缺水！
⚠️ 第51天，村民476食物耗尽！
⚠️ 第51天，村民476缺水！
⚠️ 第51天，村民477食物耗尽！
⚠️ 第51天，村民477缺水！
⚠️ 第51天，村民478食物耗尽！
⚠️ 第51天，村民478缺水！
⚠️ 第51天，村民479食物耗尽！
⚠️ 第51天，村民479缺水！
⚠️ 第51天，村民480食物耗尽！
⚠️ 第51天，村民480缺水！
⚠️ 第51天，村民481食物耗尽！
⚠️ 第51天，村民481缺水！
⚠️ 第51天，村民482食物耗尽！
⚠️ 第51天，村民482缺水！
⚠️ 第51天，村民483食物耗尽！
⚠️ 第51天，村民483缺水！
⚠️ 第51天，村民484食物耗尽！
⚠️ 第51天，村民484缺水！
⚠️ 第51天，村民485食物耗尽！
⚠️ 第51天，村民485缺水！
⚠️ 第51天，村民486食物耗尽！
⚠️ 第51天，村民486缺水！
⚠️ 第51天，村民487食物耗尽！
⚠️ 第51天，村民487缺水！
⚠️ 第51天，村民488食物耗尽！
⚠️ 第51天，村民488缺水！
⚠️ 第51天，村民489食物耗尽！
⚠️ 第51天，村民489缺水！
⚠️ 第51天，村民490食物耗尽！
⚠️ 第51天，村民490缺水！
⚠️ 第51天，村民491食物耗尽！
⚠️ 第51天，村民491缺水！
⚠️ 第51天，村民492食物耗尽！
⚠️ 第51天，村民492缺水！
⚠️ 第51天，村民493食物耗尽！
⚠️ 第51天，村民493缺水！
⚠️ 第51天，村民494食物耗尽！
⚠️ 第51天，村民494缺水！
⚠️ 第51天，村民495食物耗尽！
⚠️ 第51天，村民495缺水！
⚠️ 第51天，村民496食物耗尽！
⚠️ 第51天，村民496缺水！
⚠️ 第51天，村民497食物耗尽！
⚠️ 第51天，村民497缺水！
⚠️ 第51天，村民498食物耗尽！
⚠️ 第51天，村民498缺水！
⚠️ 第51天，村民499食物耗尽！
⚠️ 第51天，村民499缺水！
⚠️ 第51天，村民500食物耗尽！
⚠️ 第51天，村民500缺水！
⚠️ 第51天，村民501食物耗尽！
⚠️ 第51天，村民501缺水！
⚠️ 第51天，村民502食物耗尽！
⚠️ 第51天，村民502缺水！
⚠️ 第51天，村民503食物耗尽！
⚠️ 第51天，村民503缺水！
⚠️ 第51天，村民504食物耗尽！
⚠️ 第51天，村民504缺水！
⚠️ 第51天，村民505食物耗尽！
⚠️ 第51天，村民505缺水！
⚠️ 第51天，村民506食物耗尽！
⚠️ 第51天，村民506缺水！
⚠️ 第51天，村民507食物耗尽！
⚠️ 第51天，村民507缺水！
⚠️ 第51天，村民508食物耗尽！
⚠️ 第51天，村民508缺水！
⚠️ 第51天，村民509食物耗尽！
⚠️ 第51天，村民509缺水！
⚠️ 第51天，村民510食物耗尽！
⚠️ 第51天，村民510缺水！
⚠️ 第51天，村民511食物耗尽！
⚠️ 第51天，村民511缺水！
⚠️ 第51天，村民512食物耗尽！
⚠️ 第51天，村民512缺水！
⚠️ 第51天，村民513食物耗尽！
⚠️ 第51天，村民513缺水！
⚠️ 第51天，村民514食物耗尽！
⚠️ 第51天，村民514缺水！
⚠️ 第51天，村民515食物耗尽！
⚠️ 第51天，村民515缺水！
⚠️ 第51天，村民516食物耗尽！
⚠️ 第51天，村民516缺水！
⚠️ 第51天，村民517食物耗尽！
⚠️ 第51天，村民517缺水！
⚠️ 第51天，村民518食物耗尽！
⚠️ 第51天，村民518缺水！
⚠️ 第51天，村民519食物耗尽！
⚠️ 第51天，村民519缺水！
⚠️ 第51天，村民520食物耗尽！
⚠️ 第51天，村民520缺水！
⚠️ 第51天，村民521食物耗尽！
⚠️ 第51天，村民521缺水！
⚠️ 第51天，村民522食物耗尽！
⚠️ 第51天，村民522缺水！
⚠️ 第51天，村民523食物耗尽！
⚠️ 第51天，村民523缺水！
⚠️ 第51天，村民524食物耗尽！
⚠️ 第51天，村民524缺水！
⚠️ 第51天，村民525食物耗尽！
⚠️ 第51天，村民525缺水！
⚠️ 第51天，村民526食物耗尽！
⚠️ 第51天，村民526缺水！
⚠️ 第51天，村民527食物耗尽！
⚠️ 第51天，村民527缺水！
⚠️ 第51天，村民528食物耗尽！
⚠️ 第51天，村民528缺水！
⚠️ 第51天，村民529食物耗尽！
⚠️ 第51天，村民529缺水！
⚠️ 第51天，村民530食物耗尽！
⚠️ 第51天，村民530缺水！
⚠️ 第51天，村民531食物耗尽！
⚠️ 第51天，村民531缺水！
⚠️ 第51天，村民532食物耗尽！
⚠️ 第51天，村民532缺水！
⚠️ 第51天，村民533食物耗尽！
⚠️ 第51天，村民533缺水！
⚠️ 第51天，村民534食物耗尽！
⚠️ 第51天，村民534缺水！
⚠️ 第51天，村民535食物耗尽！
⚠️ 第51天，村民535缺水！
⚠️ 第51天，村民536食物耗尽！
⚠️ 第51天，村民536缺水！
⚠️ 第51天，村民537食物耗尽！
⚠️ 第51天，村民537缺水！
⚠️ 第51天，村民538食物耗尽！
⚠️ 第51天，村民538缺水！
⚠️ 第51天，村民539食物耗尽！
⚠️ 第51天，村民539缺水！
⚠️ 第51天，村民540食物耗尽！
⚠️ 第51天，村民540缺水！
⚠️ 第51天，村民541食物耗尽！
⚠️ 第51天，村民541缺水！
⚠️ 第51天，村民542食物耗尽！
⚠️ 第51天，村民542缺水！
⚠️ 第51天，村民543食物耗尽！
⚠️ 第51天，村民543缺水！
⚠️ 第51天，村民544食物耗尽！
⚠️ 第51天，村民544缺水！
⚠️ 第51天，村民545食物耗尽！
⚠️ 第51天，村民545缺水！
⚠️ 第51天，村民546食物耗尽！
⚠️ 第51天，村民546缺水！
⚠️ 第51天，村民547食物耗尽！
⚠️ 第51天，村民547缺水！
⚠️ 第51天，村民548食物耗尽！
⚠️ 第51天，村民548缺水！
⚠️ 第51天，村民549食物耗尽！
⚠️ 第51天，村民549缺水！
⚠️ 第51天，村民550食物耗尽！
⚠️ 第51天，村民550缺水！
⚠️ 第51天，村民551食物耗尽！
⚠️ 第51天，村民551缺水！
⚠️ 第51天，村民552食物耗尽！
⚠️ 第51天，村民552缺水！
⚠️ 第51天，村民553食物耗尽！
⚠️ 第51天，村民553缺水！
⚠️ 第51天，村民554食物耗尽！
⚠️ 第51天，村民554缺水！
⚠️ 第51天，村民555食物耗尽！
⚠️ 第51天，村民555缺水！
⚠️ 第51天，村民556食物耗尽！
⚠️ 第51天，村民556缺水！
⚠️ 第51天，村民557食物耗尽！
⚠️ 第51天，村民557缺水！
⚠️ 第51天，村民558食物耗尽！
⚠️ 第51天，村民558缺水！
⚠️ 第51天，村民559食物耗尽！
⚠️ 第51天，村民559缺水！
⚠️ 第51天，村民560食物耗尽！
⚠️ 第51天，村民560缺水！
⚠️ 第51天，村民561食物耗尽！
⚠️ 第51天，村民561缺水！
⚠️ 第51天，村民562食物耗尽！
⚠️ 第51天，村民562缺水！
⚠️ 第51天，村民563食物耗尽！
⚠️ 第51天，村民563缺水！
⚠️ 第51天，村民564食物耗尽！
⚠️ 第51天，村民564缺水！
⚠️ 第51天，村民565食物耗尽！
⚠️ 第51天，村民565缺水！
⚠️ 第51天，村民566食物耗尽！
⚠️ 第51天，村民566缺水！
⚠️ 第51天，村民567食物耗尽！
⚠️ 第51天，村民567缺水！
⚠️ 第51天，村民568食物耗尽！
⚠️ 第51天，村民568缺水！
⚠️ 第51天，村民569食物耗尽！
⚠️ 第51天，村民569缺水！
⚠️ 第51天，村民570食物耗尽！
⚠️ 第51天，村民570缺水！
⚠️ 第51天，村民571食物耗尽！
⚠️ 第51天，村民571缺水！
⚠️ 第51天，村民572食物耗尽！
⚠️ 第51天，村民572缺水！
⚠️ 第51天，村民573食物耗尽！
⚠️ 第51天，村民573缺水！
⚠️ 第51天，村民574食物耗尽！
⚠️ 第51天，村民574缺水！
⚠️ 第51天，村民575食物耗尽！
⚠️ 第51天，村民575缺水！
⚠️ 第51天，村民576食物耗尽！
⚠️ 第51天，村民576缺水！
⚠️ 第51天，村民577食物耗尽！
⚠️ 第51天，村民577缺水！
⚠️ 第51天，村民578食物耗尽！
⚠️ 第51天，村民578缺水！
⚠️ 第51天，村民579食物耗尽！
⚠️ 第51天，村民579缺水！
⚠️ 第51天，村民580食物耗尽！
⚠️ 第51天，村民580缺水！
⚠️ 第51天，村民581食物耗尽！
⚠️ 第51天，村民581缺水！
⚠️ 第51天，村民582食物耗尽！
⚠️ 第51天，村民582缺水！
⚠️ 第51天，村民583食物耗尽！
⚠️ 第51天，村民583缺水！
⚠️ 第51天，村民584食物耗尽！
⚠️ 第51天，村民584缺水！
⚠️ 第51天，村民585食物耗尽！
⚠️ 第51天，村民585缺水！
⚠️ 第51天，村民586食物耗尽！
⚠️ 第51天，村民586缺水！
⚠️ 第51天，村民587食物耗尽！
⚠️ 第51天，村民587缺水！
⚠️ 第51天，村民588食物耗尽！
⚠️ 第51天，村民588缺水！
⚠️ 第51天，村民589食物耗尽！
⚠️ 第51天，村民589缺水！
⚠️ 第51天，村民590食物耗尽！
⚠️ 第51天，村民590缺水！
⚠️ 第51天，村民591食物耗尽！
⚠️ 第51天，村民591缺水！
⚠️ 第51天，村民592食物耗尽！
⚠️ 第51天，村民592缺水！
⚠️ 第51天，村民593食物耗尽！
⚠️ 第51天，村民593缺水！
⚠️ 第51天，村民594食物耗尽！
⚠️ 第51天，村民594缺水！
⚠️ 第51天，村民595食物耗尽！
⚠️ 第51天，村民595缺水！
⚠️ 第51天，村民596食物耗尽！
⚠️ 第51天，村民596缺水！
⚠️ 第51天，村民597食物耗尽！
⚠️ 第51天，村民597缺水！
⚠️ 第51天，村民598食物耗尽！
⚠️ 第51天，村民598缺水！
⚠️ 第51天，村民599食物耗尽！
⚠️ 第51天，村民599缺水！
⚠️ 第51天，村民600食物耗尽！
⚠️ 第51天，村民600缺水！
⚠️ 第51天，村民601食物耗尽！
⚠️ 第51天，村民601缺水！
⚠️ 第51天，村民602食物耗尽！
⚠️ 第51天，村民602缺水！
⚠️ 第51天，村民603食物耗尽！
⚠️ 第51天，村民603缺水！
⚠️ 第51天，村民604食物耗尽！
⚠️ 第51天，村民604缺水！
⚠️ 第51天，村民605食物耗尽！
⚠️ 第51天，村民605缺水！
⚠️ 第51天，村民606食物耗尽！
⚠️ 第51天，村民606缺水！
⚠️ 第51天，村民607食物耗尽！
⚠️ 第51天，村民607缺水！
⚠️ 第51天，村民608食物耗尽！
⚠️ 第51天，村民608缺水！
⚠️ 第51天，村民609食物耗尽！
⚠️ 第51天，村民609缺水！
⚠️ 第51天，村民610食物耗尽！
⚠️ 第51天，村民610缺水！
⚠️ 第51天，村民611食物耗尽！
⚠️ 第51天，村民611缺水！
⚠️ 第51天，村民612食物耗尽！
⚠️ 第51天，村民612缺水！
⚠️ 第51天，村民613食物耗尽！
⚠️ 第51天，村民613缺水！
⚠️ 第51天，村民614食物耗尽！
⚠️ 第51天，村民614缺水！
⚠️ 第51天，村民615食物耗尽！
⚠️ 第51天，村民615缺水！
⚠️ 第51天，村民616食物耗尽！
⚠️ 第51天，村民616缺水！
⚠️ 第51天，村民617食物耗尽！
⚠️ 第51天，村民617缺水！
⚠️ 第51天，村民618食物耗尽！
⚠️ 第51天，村民618缺水！
⚠️ 第51天，村民619食物耗尽！
⚠️ 第51天，村民619缺水！
⚠️ 第51天，村民620食物耗尽！
⚠️ 第51天，村民620缺水！
⚠️ 第51天，村民621食物耗尽！
⚠️ 第51天，村民621缺水！
⚠️ 第51天，村民622食物耗尽！
⚠️ 第51天，村民622缺水！
⚠️ 第51天，村民623食物耗尽！
⚠️ 第51天，村民623缺水！
⚠️ 第51天，村民624食物耗尽！
⚠️ 第51天，村民624缺水！
⚠️ 第51天，村民625食物耗尽！
⚠️ 第51天，村民625缺水！
⚠️ 第51天，村民626食物耗尽！
⚠️ 第51天，村民626缺水！
⚠️ 第51天，村民627食物耗尽！
⚠️ 第51天，村民627缺水！
⚠️ 第51天，村民628食物耗尽！
⚠️ 第51天，村民628缺水！
⚠️ 第51天，村民629食物耗尽！
⚠️ 第51天，村民629缺水！
⚠️ 第51天，村民630食物耗尽！
⚠️ 第51天，村民630缺水！
⚠️ 第51天，村民631食物耗尽！
⚠️ 第51天，村民631缺水！
⚠️ 第51天，村民632食物耗尽！
⚠️ 第51天，村民632缺水！
⚠️ 第51天，村民633食物耗尽！
⚠️ 第51天，村民633缺水！
⚠️ 第51天，村民634食物耗尽！
⚠️ 第51天，村民634缺水！
⚠️ 第51天，村民635食物耗尽！
⚠️ 第51天，村民635缺水！
⚠️ 第51天，村民636食物耗尽！
⚠️ 第51天，村民636缺水！
⚠️ 第51天，村民637食物耗尽！
⚠️ 第51天，村民637缺水！
⚠️ 第51天，村民638食物耗尽！
⚠️ 第51天，村民638缺水！
⚠️ 第51天，村民639食物耗尽！
⚠️ 第51天，村民639缺水！
⚠️ 第51天，村民640食物耗尽！
⚠️ 第51天，村民640缺水！
⚠️ 第51天，村民641食物耗尽！
⚠️ 第51天，村民641缺水！
⚠️ 第51天，村民642食物耗尽！
⚠️ 第51天，村民642缺水！
⚠️ 第51天，村民643食物耗尽！
⚠️ 第51天，村民643缺水！
⚠️ 第51天，村民644食物耗尽！
⚠️ 第51天，村民644缺水！
⚠️ 第51天，村民645食物耗尽！
⚠️ 第51天，村民645缺水！
⚠️ 第51天，村民646食物耗尽！
⚠️ 第51天，村民646缺水！
⚠️ 第51天，村民647食物耗尽！
⚠️ 第51天，村民647缺水！
⚠️ 第51天，村民648食物耗尽！
⚠️ 第51天，村民648缺水！
⚠️ 第51天，村民649食物耗尽！
⚠️ 第51天，村民649缺水！
⚠️ 第51天，村民650食物耗尽！
⚠️ 第51天，村民650缺水！
⚠️ 第51天，村民651食物耗尽！
⚠️ 第51天，村民651缺水！
⚠️ 第51天，村民652食物耗尽！
⚠️ 第51天，村民652缺水！
⚠️ 第51天，村民653食物耗尽！
⚠️ 第51天，村民653缺水！
⚠️ 第51天，村民654食物耗尽！
⚠️ 第51天，村民654缺水！
⚠️ 第51天，村民655食物耗尽！
⚠️ 第51天，村民655缺水！
⚠️ 第51天，村民656食物耗尽！
⚠️ 第51天，村民656缺水！
⚠️ 第51天，村民657食物耗尽！
⚠️ 第51天，村民657缺水！
⚠️ 第51天，村民658食物耗尽！
⚠️ 第51天，村民658缺水！
⚠️ 第51天，村民659食物耗尽！
⚠️ 第51天，村民659缺水！
⚠️ 第51天，村民660食物耗尽！
⚠️ 第51天，村民660缺水！
⚠️ 第51天，村民661食物耗尽！
⚠️ 第51天，村民661缺水！
⚠️ 第51天，村民662食物耗尽！
⚠️ 第51天，村民662缺水！
⚠️ 第51天，村民663食物耗尽！
⚠️ 第51天，村民663缺水！
⚠️ 第51天，村民664食物耗尽！
⚠️ 第51天，村民664缺水！
⚠️ 第51天，村民665食物耗尽！
⚠️ 第51天，村民665缺水！
⚠️ 第51天，村民666食物耗尽！
⚠️ 第51天，村民666缺水！
⚠️ 第51天，村民667食物耗尽！
⚠️ 第51天，村民667缺水！
⚠️ 第51天，村民668食物耗尽！
⚠️ 第51天，村民668缺水！
⚠️ 第51天，村民669食物耗尽！
⚠️ 第51天，村民669缺水！
⚠️ 第51天，村民670食物耗尽！
⚠️ 第51天，村民670缺水！
⚠️ 第51天，村民671食物耗尽！
⚠️ 第51天，村民671缺水！
⚠️ 第51天，村民672食物耗尽！
⚠️ 第51天，村民672缺水！
⚠️ 第51天，村民673食物耗尽！
⚠️ 第51天，村民673缺水！
⚠️ 第51天，村民674食物耗尽！
⚠️ 第51天，村民674缺水！
⚠️ 第51天，村民675食物耗尽！
⚠️ 第51天，村民675缺水！
⚠️ 第51天，村民676食物耗尽！
⚠️ 第51天，村民676缺水！
⚠️ 第51天，村民677食物耗尽！
⚠️ 第51天，村民677缺水！
⚠️ 第51天，村民678食物耗尽！
⚠️ 第51天，村民678缺水！
⚠️ 第51天，村民679食物耗尽！
⚠️ 第51天，村民679缺水！
⚠️ 第51天，村民680食物耗尽！
⚠️ 第51天，村民680缺水！
⚠️ 第51天，村民681食物耗尽！
⚠️ 第51天，村民681缺水！
⚠️ 第51天，村民682食物耗尽！
⚠️ 第51天，村民682缺水！
⚠️ 第51天，村民683食物耗尽！
⚠️ 第51天，村民683缺水！
⚠️ 第51天，村民684食物耗尽！
⚠️ 第51天，村民684缺水！
⚠️ 第51天，村民685食物耗尽！
⚠️ 第51天，村民685缺水！
⚠️ 第51天，村民686食物耗尽！
⚠️ 第51天，村民686缺水！
⚠️ 第51天，村民687食物耗尽！
⚠️ 第51天，村民687缺水！
⚠️ 第51天，村民688食物耗尽！
⚠️ 第51天，村民688缺水！
⚠️ 第51天，村民689食物耗尽！
⚠️ 第51天，村民689缺水！
⚠️ 第51天，村民690食物耗尽！
⚠️ 第51天，村民690缺水！
⚠️ 第51天，村民691食物耗尽！
⚠️ 第51天，村民691缺水！
⚠️ 第51天，村民692食物耗尽！
⚠️ 第51天，村民692缺水！
⚠️ 第51天，村民693食物耗尽！
⚠️ 第51天，村民693缺水！
⚠️ 第51天，村民694食物耗尽！
⚠️ 第51天，村民694缺水！
⚠️ 第51天，村民695食物耗尽！
⚠️ 第51天，村民695缺水！
⚠️ 第51天，村民696食物耗尽！
⚠️ 第51天，村民696缺水！
⚠️ 第51天，村民697食物耗尽！
⚠️ 第51天，村民697缺水！
⚠️ 第51天，村民698食物耗尽！
⚠️ 第51天，村民698缺水！
⚠️ 第51天，村民699食物耗尽！
⚠️ 第51天，村民699缺水！
⚠️ 第51天，村民700食物耗尽！
⚠️ 第51天，村民700缺水！
⚠️ 第51天，村民701食物耗尽！
⚠️ 第51天，村民701缺水！
⚠️ 第51天，村民702食物耗尽！
⚠️ 第51天，村民702缺水！
⚠️ 第51天，村民703食物耗尽！
⚠️ 第51天，村民703缺水！
⚠️ 第51天，村民704食物耗尽！
⚠️ 第51天，村民704缺水！
⚠️ 第51天，村民705食物耗尽！
⚠️ 第51天，村民705缺水！
⚠️ 第51天，村民706食物耗尽！
⚠️ 第51天，村民706缺水！
⚠️ 第51天，村民707食物耗尽！
⚠️ 第51天，村民707缺水！
⚠️ 第51天，村民708食物耗尽！
⚠️ 第51天，村民708缺水！
⚠️ 第51天，村民709食物耗尽！
⚠️ 第51天，村民709缺水！
⚠️ 第51天，村民710食物耗尽！
⚠️ 第51天，村民710缺水！
⚠️ 第51天，村民711食物耗尽！
⚠️ 第51天，村民711缺水！
⚠️ 第51天，村民712食物耗尽！
⚠️ 第51天，村民712缺水！
⚠️ 第51天，村民713食物耗尽！
⚠️ 第51天，村民713缺水！
⚠️ 第51天，村民714食物耗尽！
⚠️ 第51天，村民714缺水！
⚠️ 第51天，村民715食物耗尽！
⚠️ 第51天，村民715缺水！
⚠️ 第51天，村民716食物耗尽！
⚠️ 第51天，村民716缺水！
⚠️ 第51天，村民717食物耗尽！
⚠️ 第51天，村民717缺水！
⚠️ 第51天，村民718食物耗尽！
⚠️ 第51天，村民718缺水！
⚠️ 第51天，村民719食物耗尽！
⚠️ 第51天，村民719缺水！
⚠️ 第51天，村民720食物耗尽！
⚠️ 第51天，村民720缺水！
⚠️ 第51天，村民721食物耗尽！
⚠️ 第51天，村民721缺水！
⚠️ 第51天，村民722食物耗尽！
⚠️ 第51天，村民722缺水！
⚠️ 第51天，村民723食物耗尽！
⚠️ 第51天，村民723缺水！
⚠️ 第51天，村民724食物耗尽！
⚠️ 第51天，村民724缺水！
⚠️ 第51天，村民725食物耗尽！
⚠️ 第51天，村民725缺水！
⚠️ 第51天，村民726食物耗尽！
⚠️ 第51天，村民726缺水！
⚠️ 第51天，村民727食物耗尽！
⚠️ 第51天，村民727缺水！
⚠️ 第51天，村民728食物耗尽！
⚠️ 第51天，村民728缺水！
⚠️ 第51天，村民729食物耗尽！
⚠️ 第51天，村民729缺水！
⚠️ 第51天，村民730食物耗尽！
⚠️ 第51天，村民730缺水！
⚠️ 第51天，村民731食物耗尽！
⚠️ 第51天，村民731缺水！
⚠️ 第51天，村民732食物耗尽！
⚠️ 第51天，村民732缺水！
⚠️ 第51天，村民733食物耗尽！
⚠️ 第51天，村民733缺水！
⚠️ 第51天，村民734食物耗尽！
⚠️ 第51天，村民734缺水！
⚠️ 第51天，村民735食物耗尽！
⚠️ 第51天，村民735缺水！
⚠️ 第51天，村民736食物耗尽！
⚠️ 第51天，村民736缺水！
⚠️ 第51天，村民737食物耗尽！
⚠️ 第51天，村民737缺水！
⚠️ 第51天，村民738食物耗尽！
⚠️ 第51天，村民738缺水！
⚠️ 第51天，村民739食物耗尽！
⚠️ 第51天，村民739缺水！
⚠️ 第51天，村民740食物耗尽！
⚠️ 第51天，村民740缺水！
⚠️ 第51天，村民741食物耗尽！
⚠️ 第51天，村民741缺水！
⚠️ 第51天，村民742食物耗尽！
⚠️ 第51天，村民742缺水！
⚠️ 第51天，村民743食物耗尽！
⚠️ 第51天，村民743缺水！
⚠️ 第51天，村民744食物耗尽！
⚠️ 第51天，村民744缺水！
⚠️ 第51天，村民745食物耗尽！
⚠️ 第51天，村民745缺水！
⚠️ 第51天，村民746食物耗尽！
⚠️ 第51天，村民746缺水！
⚠️ 第51天，村民747食物耗尽！
⚠️ 第51天，村民747缺水！
⚠️ 第51天，村民748食物耗尽！
⚠️ 第51天，村民748缺水！
⚠️ 第51天，村民749食物耗尽！
⚠️ 第51天，村民749缺水！
⚠️ 第51天，村民750食物耗尽！
⚠️ 第51天，村民750缺水！
⚠️ 第51天，村民751食物耗尽！
⚠️ 第51天，村民751缺水！
⚠️ 第51天，村民752食物耗尽！
⚠️ 第51天，村民752缺水！
⚠️ 第51天，村民753食物耗尽！
⚠️ 第51天，村民753缺水！
⚠️ 第51天，村民754食物耗尽！
⚠️ 第51天，村民754缺水！
⚠️ 第51天，村民755食物耗尽！
⚠️ 第51天，村民755缺水！
⚠️ 第51天，村民756食物耗尽！
⚠️ 第51天，村民756缺水！
⚠️ 第51天，村民757食物耗尽！
⚠️ 第51天，村民757缺水！
⚠️ 第51天，村民758食物耗尽！
⚠️ 第51天，村民758缺水！
⚠️ 第51天，村民759食物耗尽！
⚠️ 第51天，村民759缺水！
⚠️ 第51天，村民760食物耗尽！
⚠️ 第51天，村民760缺水！
⚠️ 第51天，村民761食物耗尽！
⚠️ 第51天，村民761缺水！
⚠️ 第51天，村民762食物耗尽！
⚠️ 第51天，村民762缺水！
⚠️ 第51天，村民763食物耗尽！
⚠️ 第51天，村民763缺水！
⚠️ 第51天，村民764食物耗尽！
⚠️ 第51天，村民764缺水！
⚠️ 第51天，村民765食物耗尽！
⚠️ 第51天，村民765缺水！
⚠️ 第51天，村民766食物耗尽！
⚠️ 第51天，村民766缺水！
⚠️ 第51天，村民767食物耗尽！
⚠️ 第51天，村民767缺水！
⚠️ 第51天，村民768食物耗尽！
⚠️ 第51天，村民768缺水！
⚠️ 第51天，村民769食物耗尽！
⚠️ 第51天，村民769缺水！
⚠️ 第51天，村民770食物耗尽！
⚠️ 第51天，村民770缺水！
⚠️ 第51天，村民771食物耗尽！
⚠️ 第51天，村民771缺水！
⚠️ 第51天，村民772食物耗尽！
⚠️ 第51天，村民772缺水！
⚠️ 第51天，村民773食物耗尽！
⚠️ 第51天，村民773缺水！
⚠️ 第51天，村民774食物耗尽！
⚠️ 第51天，村民774缺水！
⚠️ 第51天，村民775食物耗尽！
⚠️ 第51天，村民775缺水！
⚠️ 第51天，村民776食物耗尽！
⚠️ 第51天，村民776缺水！
⚠️ 第51天，村民777食物耗尽！
⚠️ 第51天，村民777缺水！
⚠️ 第51天，村民778食物耗尽！
⚠️ 第51天，村民778缺水！
⚠️ 第51天，村民779食物耗尽！
⚠️ 第51天，村民779缺水！
⚠️ 第51天，村民780食物耗尽！
⚠️ 第51天，村民780缺水！
⚠️ 第51天，村民781食物耗尽！
⚠️ 第51天，村民781缺水！
⚠️ 第51天，村民782食物耗尽！
⚠️ 第51天，村民782缺水！
⚠️ 第51天，村民783食物耗尽！
⚠️ 第51天，村民783缺水！
⚠️ 第51天，村民784食物耗尽！
⚠️ 第51天，村民784缺水！
⚠️ 第51天，村民785食物耗尽！
⚠️ 第51天，村民785缺水！
⚠️ 第51天，村民786食物耗尽！
⚠️ 第51天，村民786缺水！
⚠️ 第51天，村民787食物耗尽！
⚠️ 第51天，村民787缺水！
⚠️ 第51天，村民788食物耗尽！
⚠️ 第51天，村民788缺水！
⚠️ 第51天，村民789食物耗尽！
⚠️ 第51天，村民789缺水！
⚠️ 第51天，村民790食物耗尽！
⚠️ 第51天，村民790缺水！
⚠️ 第51天，村民791食物耗尽！
⚠️ 第51天，村民791缺水！
⚠️ 第51天，村民792食物耗尽！
⚠️ 第51天，村民792缺水！
⚠️ 第51天，村民793食物耗尽！
⚠️ 第51天，村民793缺水！
⚠️ 第51天，村民794食物耗尽！
⚠️ 第51天，村民794缺水！
⚠️ 第51天，村民795食物耗尽！
⚠️ 第51天，村民795缺水！
⚠️ 第51天，村民796食物耗尽！
⚠️ 第51天，村民796缺水！
⚠️ 第51天，村民797食物耗尽！
⚠️ 第51天，村民797缺水！
⚠️ 第51天，村民798食物耗尽！
⚠️ 第51天，村民798缺水！
⚠️ 第51天，村民799食物耗尽！
⚠️ 第51天，村民799缺水！
⚠️ 第51天，村民800食物耗尽！
⚠️ 第51天，村民800缺水！
⚠️ 第51天，村民801食物耗尽！
⚠️ 第51天，村民801缺水！
⚠️ 第51天，村民802食物耗尽！
⚠️ 第51天，村民802缺水！
⚠️ 第51天，村民803食物耗尽！
⚠️ 第51天，村民803缺水！
⚠️ 第51天，村民804食物耗尽！
⚠️ 第51天，村民804缺水！
⚠️ 第51天，村民805食物耗尽！
⚠️ 第51天，村民805缺水！
⚠️ 第51天，村民806食物耗尽！
⚠️ 第51天，村民806缺水！
⚠️ 第51天，村民807食物耗尽！
⚠️ 第51天，村民807缺水！
⚠️ 第51天，村民808食物耗尽！
⚠️ 第51天，村民808缺水！
⚠️ 第51天，村民809食物耗尽！
⚠️ 第51天，村民809缺水！
⚠️ 第51天，村民810食物耗尽！
⚠️ 第51天，村民810缺水！
⚠️ 第51天，村民811食物耗尽！
⚠️ 第51天，村民811缺水！
⚠️ 第51天，村民812食物耗尽！
⚠️ 第51天，村民812缺水！
⚠️ 第51天，村民813食物耗尽！
⚠️ 第51天，村民813缺水！
⚠️ 第51天，村民814食物耗尽！
⚠️ 第51天，村民814缺水！
⚠️ 第51天，村民815食物耗尽！
⚠️ 第51天，村民815缺水！
⚠️ 第51天，村民816食物耗尽！
⚠️ 第51天，村民816缺水！
⚠️ 第51天，村民817食物耗尽！
⚠️ 第51天，村民817缺水！
⚠️ 第51天，村民818食物耗尽！
⚠️ 第51天，村民818缺水！
⚠️ 第51天，村民819食物耗尽！
⚠️ 第51天，村民819缺水！
⚠️ 第51天，村民820食物耗尽！
⚠️ 第51天，村民820缺水！
⚠️ 第51天，村民821食物耗尽！
⚠️ 第51天，村民821缺水！
⚠️ 第51天，村民822食物耗尽！
⚠️ 第51天，村民822缺水！
⚠️ 第51天，村民823食物耗尽！
⚠️ 第51天，村民823缺水！
⚠️ 第51天，村民824食物耗尽！
⚠️ 第51天，村民824缺水！
⚠️ 第51天，村民825食物耗尽！
⚠️ 第51天，村民825缺水！
⚠️ 第51天，村民826食物耗尽！
⚠️ 第51天，村民826缺水！
⚠️ 第51天，村民827食物耗尽！
⚠️ 第51天，村民827缺水！
⚠️ 第51天，村民828食物耗尽！
⚠️ 第51天，村民828缺水！
⚠️ 第51天，村民829食物耗尽！
⚠️ 第51天，村民829缺水！
⚠️ 第51天，村民830食物耗尽！
⚠️ 第51天，村民830缺水！
⚠️ 第51天，村民831食物耗尽！
⚠️ 第51天，村民831缺水！
⚠️ 第51天，村民832食物耗尽！
⚠️ 第51天，村民832缺水！
⚠️ 第51天，村民833食物耗尽！
⚠️ 第51天，村民833缺水！
⚠️ 第51天，村民834食物耗尽！
⚠️ 第51天，村民834缺水！
⚠️ 第51天，村民835食物耗尽！
⚠️ 第51天，村民835缺水！
⚠️ 第51天，村民836食物耗尽！
⚠️ 第51天，村民836缺水！
⚠️ 第51天，村民837食物耗尽！
⚠️ 第51天，村民837缺水！
⚠️ 第51天，村民838食物耗尽！
⚠️ 第51天，村民838缺水！
⚠️ 第51天，村民839食物耗尽！
⚠️ 第51天，村民839缺水！
⚠️ 第51天，村民840食物耗尽！
⚠️ 第51天，村民840缺水！
⚠️ 第51天，村民841食物耗尽！
⚠️ 第51天，村民841缺水！
⚠️ 第51天，村民842食物耗尽！
⚠️ 第51天，村民842缺水！
⚠️ 第51天，村民843食物耗尽！
⚠️ 第51天，村民843缺水！
⚠️ 第51天，村民844食物耗尽！
⚠️ 第51天，村民844缺水！
⚠️ 第51天，村民845食物耗尽！
⚠️ 第51天，村民845缺水！
⚠️ 第51天，村民846食物耗尽！
⚠️ 第51天，村民846缺水！
⚠️ 第51天，村民847食物耗尽！
⚠️ 第51天，村民847缺水！
⚠️ 第51天，村民848食物耗尽！
⚠️ 第51天，村民848缺水！
⚠️ 第51天，村民849食物耗尽！
⚠️ 第51天，村民849缺水！
⚠️ 第51天，村民850食物耗尽！
⚠️ 第51天，村民850缺水！
⚠️ 第51天，村民851食物耗尽！
⚠️ 第51天，村民851缺水！
⚠️ 第51天，村民852食物耗尽！
⚠️ 第51天，村民852缺水！
⚠️ 第51天，村民853食物耗尽！
⚠️ 第51天，村民853缺水！
⚠️ 第51天，村民854食物耗尽！
⚠️ 第51天，村民854缺水！
⚠️ 第51天，村民855食物耗尽！
⚠️ 第51天，村民855缺水！
⚠️ 第51天，村民856食物耗尽！
⚠️ 第51天，村民856缺水！
⚠️ 第51天，村民857食物耗尽！
⚠️ 第51天，村民857缺水！
⚠️ 第51天，村民858食物耗尽！
⚠️ 第51天，村民858缺水！
⚠️ 第51天，村民859食物耗尽！
⚠️ 第51天，村民859缺水！
⚠️ 第51天，村民860食物耗尽！
⚠️ 第51天，村民860缺水！
⚠️ 第51天，村民861食物耗尽！
⚠️ 第51天，村民861缺水！
⚠️ 第51天，村民862食物耗尽！
⚠️ 第51天，村民862缺水！
⚠️ 第51天，村民863食物耗尽！
⚠️ 第51天，村民863缺水！
⚠️ 第51天，村民864食物耗尽！
⚠️ 第51天，村民864缺水！
⚠️ 第51天，村民865食物耗尽！
⚠️ 第51天，村民865缺水！
⚠️ 第51天，村民866食物耗尽！
⚠️ 第51天，村民866缺水！
⚠️ 第51天，村民867食物耗尽！
⚠️ 第51天，村民867缺水！
⚠️ 第51天，村民868食物耗尽！
⚠️ 第51天，村民868缺水！
⚠️ 第51天，村民869食物耗尽！
⚠️ 第51天，村民869缺水！
⚠️ 第51天，村民870食物耗尽！
⚠️ 第51天，村民870缺水！
⚠️ 第51天，村民871食物耗尽！
⚠️ 第51天，村民871缺水！
⚠️ 第51天，村民872食物耗尽！
⚠️ 第51天，村民872缺水！
⚠️ 第51天，村民873食物耗尽！
⚠️ 第51天，村民873缺水！
⚠️ 第51天，村民874食物耗尽！
⚠️ 第51天，村民874缺水！
⚠️ 第51天，村民875食物耗尽！
⚠️ 第51天，村民875缺水！
⚠️ 第51天，村民876食物耗尽！
⚠️ 第51天，村民876缺水！
⚠️ 第51天，村民877食物耗尽！
⚠️ 第51天，村民877缺水！
⚠️ 第51天，村民878食物耗尽！
⚠️ 第51天，村民878缺水！
⚠️ 第51天，村民879食物耗尽！
⚠️ 第51天，村民879缺水！
⚠️ 第51天，村民880食物耗尽！
⚠️ 第51天，村民880缺水！
⚠️ 第51天，村民881食物耗尽！
⚠️ 第51天，村民881缺水！
⚠️ 第51天，村民882食物耗尽！
⚠️ 第51天，村民882缺水！
⚠️ 第51天，村民883食物耗尽！
⚠️ 第51天，村民883缺水！
⚠️ 第51天，村民884食物耗尽！
⚠️ 第51天，村民884缺水！
⚠️ 第51天，村民885食物耗尽！
⚠️ 第51天，村民885缺水！
⚠️ 第51天，村民886食物耗尽！
⚠️ 第51天，村民886缺水！
⚠️ 第51天，村民887食物耗尽！
⚠️ 第51天，村民887缺水！
⚠️ 第51天，村民888食物耗尽！
⚠️ 第51天，村民888缺水！
⚠️ 第51天，村民889食物耗尽！
⚠️ 第51天，村民889缺水！
⚠️ 第51天，村民890食物耗尽！
⚠️ 第51天，村民890缺水！
⚠️ 第51天，村民891食物耗尽！
⚠️ 第51天，村民891缺水！
⚠️ 第51天，村民892食物耗尽！
⚠️ 第51天，村民892缺水！
⚠️ 第51天，村民893食物耗尽！
⚠️ 第51天，村民893缺水！
⚠️ 第51天，村民894食物耗尽！
⚠️ 第51天，村民894缺水！
⚠️ 第51天，村民895食物耗尽！
⚠️ 第51天，村民895缺水！
⚠️ 第51天，村民896食物耗尽！
⚠️ 第51天，村民896缺水！
⚠️ 第51天，村民897食物耗尽！
⚠️ 第51天，村民897缺水！
⚠️ 第51天，村民898食物耗尽！
⚠️ 第51天，村民898缺水！
⚠️ 第51天，村民899食物耗尽！
⚠️ 第51天，村民899缺水！
⚠️ 第51天，村民900食物耗尽！
⚠️ 第51天，村民900缺水！
⚠️ 第51天，村民901食物耗尽！
⚠️ 第51天，村民901缺水！
⚠️ 第51天，村民902食物耗尽！
⚠️ 第51天，村民902缺水！
⚠️ 第51天，村民903食物耗尽！
⚠️ 第51天，村民903缺水！
⚠️ 第51天，村民904食物耗尽！
⚠️ 第51天，村民904缺水！
⚠️ 第51天，村民905食物耗尽！
⚠️ 第51天，村民905缺水！
⚠️ 第51天，村民906食物耗尽！
⚠️ 第51天，村民906缺水！
⚠️ 第51天，村民907食物耗尽！
⚠️ 第51天，村民907缺水！
⚠️ 第51天，村民908食物耗尽！
⚠️ 第51天，村民908缺水！
⚠️ 第51天，村民909食物耗尽！
⚠️ 第51天，村民909缺水！
⚠️ 第51天，村民910食物耗尽！
⚠️ 第51天，村民910缺水！
⚠️ 第51天，村民911食物耗尽！
⚠️ 第51天，村民911缺水！
⚠️ 第51天，村民912食物耗尽！
⚠️ 第51天，村民912缺水！
⚠️ 第51天，村民913食物耗尽！
⚠️ 第51天，村民913缺水！
⚠️ 第51天，村民914食物耗尽！
⚠️ 第51天，村民914缺水！
⚠️ 第51天，村民915食物耗尽！
⚠️ 第51天，村民915缺水！
⚠️ 第51天，村民916食物耗尽！
⚠️ 第51天，村民916缺水！
⚠️ 第51天，村民917食物耗尽！
⚠️ 第51天，村民917缺水！
⚠️ 第51天，村民918食物耗尽！
⚠️ 第51天，村民918缺水！
⚠️ 第51天，村民919食物耗尽！
⚠️ 第51天，村民919缺水！
⚠️ 第51天，村民920食物耗尽！
⚠️ 第51天，村民920缺水！
⚠️ 第51天，村民921食物耗尽！
⚠️ 第51天，村民921缺水！
⚠️ 第51天，村民922食物耗尽！
⚠️ 第51天，村民922缺水！
⚠️ 第51天，村民923食物耗尽！
⚠️ 第51天，村民923缺水！
⚠️ 第51天，村民924食物耗尽！
⚠️ 第51天，村民924缺水！
⚠️ 第51天，村民925食物耗尽！
⚠️ 第51天，村民925缺水！
⚠️ 第51天，村民926食物耗尽！
⚠️ 第51天，村民926缺水！
⚠️ 第51天，村民927食物耗尽！
⚠️ 第51天，村民927缺水！
⚠️ 第51天，村民928食物耗尽！
⚠️ 第51天，村民928缺水！
⚠️ 第51天，村民929食物耗尽！
⚠️ 第51天，村民929缺水！
⚠️ 第51天，村民930食物耗尽！
⚠️ 第51天，村民930缺水！
⚠️ 第51天，村民931食物耗尽！
⚠️ 第51天，村民931缺水！
⚠️ 第51天，村民932食物耗尽！
⚠️ 第51天，村民932缺水！
⚠️ 第51天，村民933食物耗尽！
⚠️ 第51天，村民933缺水！
⚠️ 第51天，村民934食物耗尽！
⚠️ 第51天，村民934缺水！
⚠️ 第51天，村民935食物耗尽！
⚠️ 第51天，村民935缺水！
⚠️ 第51天，村民936食物耗尽！
⚠️ 第51天，村民936缺水！
⚠️ 第51天，村民937食物耗尽！
⚠️ 第51天，村民937缺水！
⚠️ 第51天，村民938食物耗尽！
⚠️ 第51天，村民938缺水！
⚠️ 第51天，村民939食物耗尽！
⚠️ 第51天，村民939缺水！
⚠️ 第51天，村民940食物耗尽！
⚠️ 第51天，村民940缺水！
⚠️ 第51天，村民941食物耗尽！
⚠️ 第51天，村民941缺水！
⚠️ 第51天，村民942食物耗尽！
⚠️ 第51天，村民942缺水！
⚠️ 第51天，村民943食物耗尽！
⚠️ 第51天，村民943缺水！
⚠️ 第51天，村民944食物耗尽！
⚠️ 第51天，村民944缺水！
⚠️ 第51天，村民945食物耗尽！
⚠️ 第51天，村民945缺水！
⚠️ 第51天，村民946食物耗尽！
⚠️ 第51天，村民946缺水！
⚠️ 第51天，村民947食物耗尽！
⚠️ 第51天，村民947缺水！
⚠️ 第51天，村民948食物耗尽！
⚠️ 第51天，村民948缺水！
⚠️ 第51天，村民949食物耗尽！
⚠️ 第51天，村民949缺水！
⚠️ 第51天，村民950食物耗尽！
⚠️ 第51天，村民950缺水！
⚠️ 第51天，村民951食物耗尽！
⚠️ 第51天，村民951缺水！
⚠️ 第51天，村民952食物耗尽！
⚠️ 第51天，村民952缺水！
⚠️ 第51天，村民953食物耗尽！
⚠️ 第51天，村民953缺水！
⚠️ 第51天，村民954食物耗尽！
⚠️ 第51天，村民954缺水！
⚠️ 第51天，村民955食物耗尽！
⚠️ 第51天，村民955缺水！
⚠️ 第51天，村民956食物耗尽！
⚠️ 第51天，村民956缺水！
⚠️ 第51天，村民957食物耗尽！
⚠️ 第51天，村民957缺水！
⚠️ 第51天，村民958食物耗尽！
⚠️ 第51天，村民958缺水！
⚠️ 第51天，村民959食物耗尽！
⚠️ 第51天，村民959缺水！
⚠️ 第51天，村民960食物耗尽！
⚠️ 第51天，村民960缺水！
⚠️ 第51天，村民961食物耗尽！
⚠️ 第51天，村民961缺水！
⚠️ 第51天，村民962食物耗尽！
⚠️ 第51天，村民962缺水！
⚠️ 第51天，村民963食物耗尽！
⚠️ 第51天，村民963缺水！
⚠️ 第51天，村民964食物耗尽！
⚠️ 第51天，村民964缺水！
⚠️ 第51天，村民965食物耗尽！
⚠️ 第51天，村民965缺水！
⚠️ 第51天，村民966食物耗尽！
⚠️ 第51天，村民966缺水！
⚠️ 第51天，村民967食物耗尽！
⚠️ 第51天，村民967缺水！
⚠️ 第51天，村民968食物耗尽！
⚠️ 第51天，村民968缺水！
⚠️ 第51天，村民969食物耗尽！
⚠️ 第51天，村民969缺水！
⚠️ 第51天，村民970食物耗尽！
⚠️ 第51天，村民970缺水！
⚠️ 第51天，村民971食物耗尽！
⚠️ 第51天，村民971缺水！
⚠️ 第51天，村民972食物耗尽！
⚠️ 第51天，村民972缺水！
⚠️ 第51天，村民973食物耗尽！
⚠️ 第51天，村民973缺水！
⚠️ 第51天，村民974食物耗尽！
⚠️ 第51天，村民974缺水！
⚠️ 第51天，村民975食物耗尽！
⚠️ 第51天，村民975缺水！
⚠️ 第51天，村民976食物耗尽！
⚠️ 第51天，村民976缺水！
⚠️ 第51天，村民977食物耗尽！
⚠️ 第51天，村民977缺水！
⚠️ 第51天，村民978食物耗尽！
⚠️ 第51天，村民978缺水！
⚠️ 第51天，村民979食物耗尽！
⚠️ 第51天，村民979缺水！
⚠️ 第51天，村民980食物耗尽！
⚠️ 第51天，村民980缺水！
⚠️ 第51天，村民981食物耗尽！
⚠️ 第51天，村民981缺水！
⚠️ 第51天，村民982食物耗尽！
⚠️ 第51天，村民982缺水！
⚠️ 第51天，村民983食物耗尽！
⚠️ 第51天，村民983缺水！
⚠️ 第51天，村民984食物耗尽！
⚠️ 第51天，村民984缺水！
⚠️ 第51天，村民985食物耗尽！
⚠️ 第51天，村民985缺水！
⚠️ 第51天，村民986食物耗尽！
⚠️ 第51天，村民986缺水！
⚠️ 第51天，村民987食物耗尽！
⚠️ 第51天，村民987缺水！
⚠️ 第51天，村民988食物耗尽！
⚠️ 第51天，村民988缺水！
⚠️ 第51天，村民989食物耗尽！
⚠️ 第51天，村民989缺水！
⚠️ 第51天，村民990食物耗尽！
⚠️ 第51天，村民990缺水！
⚠️ 第51天，村民991食物耗尽！
⚠️ 第51天，村民991缺水！
⚠️ 第51天，村民992食物耗尽！
⚠️ 第51天，村民992缺水！
⚠️ 第51天，村民993食物耗尽！
⚠️ 第51天，村民993缺水！
⚠️ 第51天，村民994食物耗尽！
⚠️ 第51天，村民994缺水！
⚠️ 第51天，村民995食物耗尽！
⚠️ 第51天，村民995缺水！
⚠️ 第51天，村民996食物耗尽！
⚠️ 第51天，村民996缺水！
⚠️ 第51天，村民997食物耗尽！
⚠️ 第51天，村民997缺水！
⚠️ 第51天，村民998食物耗尽！
⚠️ 第51天，村民998缺水！
⚠️ 第51天，村民999食物耗尽！
⚠️ 第51天，村民999缺水！
⚠️ 第51天，村民1000食物耗尽！
⚠️ 第51天，村民1000缺水！
⚠️ 第51天，村民1001食物耗尽！
⚠️ 第51天，村民1001缺水！
⚠️ 第51天，村民1002食物耗尽！
⚠️ 第51天，村民1002缺水！
⚠️ 第51天，村民1003食物耗尽！
⚠️ 第51天，村民1003缺水！
⚠️ 第51天，村民1004食物耗尽！
⚠️ 第51天，村民1004缺水！
⚠️ 第51天，村民1005食物耗尽！
⚠️ 第51天，村民1005缺水！
⚠️ 第51天，村民1006食物耗尽！
⚠️ 第51天，村民1006缺水！
⚠️ 第51天，村民1007食物耗尽！
⚠️ 第51天，村民1007缺水！
⚠️ 第51天，村民1008食物耗尽！
⚠️ 第51天，村民1008缺水！
⚠️ 第51天，村民1009食物耗尽！
⚠️ 第51天，村民1009缺水！
⚠️ 第51天，村民1010食物耗尽！
⚠️ 第51天，村民1010缺水！
⚠️ 第51天，村民1011食物耗尽！
⚠️ 第51天，村民1011缺水！
⚠️ 第51天，村民1012食物耗尽！
⚠️ 第51天，村民1012缺水！
⚠️ 第51天，村民1013食物耗尽！
⚠️ 第51天，村民1013缺水！
⚠️ 第51天，村民1014食物耗尽！
⚠️ 第51天，村民1014缺水！
⚠️ 第51天，村民1015食物耗尽！
⚠️ 第51天，村民1015缺水！
⚠️ 第51天，村民1016食物耗尽！
⚠️ 第51天，村民1016缺水！
⚠️ 第51天，村民1017食物耗尽！
⚠️ 第51天，村民1017缺水！
⚠️ 第51天，村民1018食物耗尽！
⚠️ 第51天，村民1018缺水！
⚠️ 第51天，村民1019食物耗尽！
⚠️ 第51天，村民1019缺水！
⚠️ 第51天，村民1020食物耗尽！
⚠️ 第51天，村民1020缺水！
⚠️ 第51天，村民1021食物耗尽！
⚠️ 第51天，村民1021缺水！
⚠️ 第51天，村民1022食物耗尽！
⚠️ 第51天，村民1022缺水！
⚠️ 第51天，村民1023食物耗尽！
⚠️ 第51天，村民1023缺水！
⚠️ 第51天，村民1024食物耗尽！
⚠️ 第51天，村民1024缺水！
⚠️ 第51天，村民1025食物耗尽！
⚠️ 第51天，村民1025缺水！
⚠️ 第51天，村民1026食物耗尽！
⚠️ 第51天，村民1026缺水！
⚠️ 第51天，村民1027食物耗尽！
⚠️ 第51天，村民1027缺水！
⚠️ 第51天，村民1028食物耗尽！
⚠️ 第51天，村民1028缺水！
⚠️ 第51天，村民1029食物耗尽！
⚠️ 第51天，村民1029缺水！
⚠️ 第51天，村民1030食物耗尽！
⚠️ 第51天，村民1030缺水！
⚠️ 第51天，村民1031食物耗尽！
⚠️ 第51天，村民1031缺水！
⚠️ 第51天，村民1032食物耗尽！
⚠️ 第51天，村民1032缺水！
⚠️ 第51天，村民1033食物耗尽！
⚠️ 第51天，村民1033缺水！
⚠️ 第51天，村民1034食物耗尽！
⚠️ 第51天，村民1034缺水！
⚠️ 第51天，村民1035食物耗尽！
⚠️ 第51天，村民1035缺水！
⚠️ 第51天，村民1036食物耗尽！
⚠️ 第51天，村民1036缺水！
⚠️ 第51天，村民1037食物耗尽！
⚠️ 第51天，村民1037缺水！
⚠️ 第51天，村民1038食物耗尽！
⚠️ 第51天，村民1038缺水！
⚠️ 第51天，村民1039食物耗尽！
⚠️ 第51天，村民1039缺水！
⚠️ 第51天，村民1040食物耗尽！
⚠️ 第51天，村民1040缺水！
⚠️ 第51天，村民1041食物耗尽！
⚠️ 第51天，村民1041缺水！
⚠️ 第51天，村民1042食物耗尽！
⚠️ 第51天，村民1042缺水！
⚠️ 第51天，村民1043食物耗尽！
⚠️ 第51天，村民1043缺水！
⚠️ 第51天，村民1044食物耗尽！
⚠️ 第51天，村民1044缺水！
⚠️ 第51天，村民1045食物耗尽！
⚠️ 第51天，村民1045缺水！
⚠️ 第51天，村民1046食物耗尽！
⚠️ 第51天，村民1046缺水！
⚠️ 第51天，村民1047食物耗尽！
⚠️ 第51天，村民1047缺水！
⚠️ 第51天，村民1048食物耗尽！
⚠️ 第51天，村民1048缺水！
⚠️ 第51天，村民1049食物耗尽！
⚠️ 第51天，村民1049缺水！
⚠️ 第51天，村民1050食物耗尽！
⚠️ 第51天，村民1050缺水！
⚠️ 第51天，村民1051食物耗尽！
⚠️ 第51天，村民1051缺水！
⚠️ 第51天，村民1052食物耗尽！
⚠️ 第51天，村民1052缺水！
⚠️ 第51天，村民1053食物耗尽！
⚠️ 第51天，村民1053缺水！
⚠️ 第51天，村民1054食物耗尽！
⚠️ 第51天，村民1054缺水！
⚠️ 第51天，村民1055食物耗尽！
⚠️ 第51天，村民1055缺水！
⚠️ 第51天，村民1056食物耗尽！
⚠️ 第51天，村民1056缺水！
⚠️ 第51天，村民1057食物耗尽！
⚠️ 第51天，村民1057缺水！
⚠️ 第51天，村民1058食物耗尽！
⚠️ 第51天，村民1058缺水！
⚠️ 第51天，村民1059食物耗尽！
⚠️ 第51天，村民1059缺水！
⚠️ 第51天，村民1060食物耗尽！
⚠️ 第51天，村民1060缺水！
⚠️ 第51天，村民1061食物耗尽！
⚠️ 第51天，村民1061缺水！
⚠️ 第51天，村民1062食物耗尽！
⚠️ 第51天，村民1062缺水！
⚠️ 第51天，村民1063食物耗尽！
⚠️ 第51天，村民1063缺水！
⚠️ 第51天，村民1064食物耗尽！
⚠️ 第51天，村民1064缺水！
⚠️ 第51天，村民1065食物耗尽！
⚠️ 第51天，村民1065缺水！
⚠️ 第51天，村民1066食物耗尽！
⚠️ 第51天，村民1066缺水！
⚠️ 第51天，村民1067食物耗尽！
⚠️ 第51天，村民1067缺水！
⚠️ 第51天，村民1068食物耗尽！
⚠️ 第51天，村民1068缺水！
⚠️ 第51天，村民1069食物耗尽！
⚠️ 第51天，村民1069缺水！
⚠️ 第51天，村民1070食物耗尽！
⚠️ 第51天，村民1070缺水！
⚠️ 第51天，村民1071食物耗尽！
⚠️ 第51天，村民1071缺水！
⚠️ 第51天，村民1072食物耗尽！
⚠️ 第51天，村民1072缺水！
⚠️ 第51天，村民1073食物耗尽！
⚠️ 第51天，村民1073缺水！
⚠️ 第51天，村民1074食物耗尽！
⚠️ 第51天，村民1074缺水！
⚠️ 第51天，村民1075食物耗尽！
⚠️ 第51天，村民1075缺水！
⚠️ 第51天，村民1076食物耗尽！
⚠️ 第51天，村民1076缺水！
⚠️ 第51天，村民1077食物耗尽！
⚠️ 第51天，村民1077缺水！
⚠️ 第51天，村民1078食物耗尽！
⚠️ 第51天，村民1078缺水！
⚠️ 第51天，村民1079食物耗尽！
⚠️ 第51天，村民1079缺水！
⚠️ 第51天，村民1080食物耗尽！
⚠️ 第51天，村民1080缺水！
⚠️ 第51天，村民1081食物耗尽！
⚠️ 第51天，村民1081缺水！
⚠️ 第51天，村民1082食物耗尽！
⚠️ 第51天，村民1082缺水！
⚠️ 第51天，村民1083食物耗尽！
⚠️ 第51天，村民1083缺水！
⚠️ 第51天，村民1084食物耗尽！
⚠️ 第51天，村民1084缺水！
⚠️ 第51天，村民1085食物耗尽！
⚠️ 第51天，村民1085缺水！
⚠️ 第51天，村民1086食物耗尽！
⚠️ 第51天，村民1086缺水！
⚠️ 第51天，村民1087食物耗尽！
⚠️ 第51天，村民1087缺水！
⚠️ 第51天，村民1088食物耗尽！
⚠️ 第51天，村民1088缺水！
⚠️ 第51天，村民1089食物耗尽！
⚠️ 第51天，村民1089缺水！
⚠️ 第51天，村民1090食物耗尽！
⚠️ 第51天，村民1090缺水！
⚠️ 第51天，村民1091食物耗尽！
⚠️ 第51天，村民1091缺水！
⚠️ 第51天，村民1092食物耗尽！
⚠️ 第51天，村民1092缺水！
⚠️ 第51天，村民1093食物耗尽！
⚠️ 第51天，村民1093缺水！
⚠️ 第51天，村民1094食物耗尽！
⚠️ 第51天，村民1094缺水！
⚠️ 第51天，村民1095食物耗尽！
⚠️ 第51天，村民1095缺水！
⚠️ 第51天，村民1096食物耗尽！
⚠️ 第51天，村民1096缺水！
⚠️ 第51天，村民1097食物耗尽！
⚠️ 第51天，村民1097缺水！
⚠️ 第51天，村民1098食物耗尽！
⚠️ 第51天，村民1098缺水！
⚠️ 第51天，村民1099食物耗尽！
⚠️ 第51天，村民1099缺水！
⚠️ 第51天，村民1100食物耗尽！
⚠️ 第51天，村民1100缺水！
⚠️ 第51天，村民1101食物耗尽！
⚠️ 第51天，村民1101缺水！
⚠️ 第51天，村民1102食物耗尽！
⚠️ 第51天，村民1102缺水！
⚠️ 第51天，村民1103食物耗尽！
⚠️ 第51天，村民1103缺水！
⚠️ 第51天，村民1104食物耗尽！
⚠️ 第51天，村民1104缺水！
⚠️ 第51天，村民1105食物耗尽！
⚠️ 第51天，村民1105缺水！
⚠️ 第51天，村民1106食物耗尽！
⚠️ 第51天，村民1106缺水！
⚠️ 第51天，村民1107食物耗尽！
⚠️ 第51天，村民1107缺水！
⚠️ 第51天，村民1108食物耗尽！
⚠️ 第51天，村民1108缺水！
⚠️ 第51天，村民1109食物耗尽！
⚠️ 第51天，村民1109缺水！
⚠️ 第51天，村民1110食物耗尽！
⚠️ 第51天，村民1110缺水！
⚠️ 第51天，村民1111食物耗尽！
⚠️ 第51天，村民1111缺水！
⚠️ 第51天，村民1112食物耗尽！
⚠️ 第51天，村民1112缺水！
⚠️ 第51天，村民1113食物耗尽！
⚠️ 第51天，村民1113缺水！
⚠️ 第51天，村民1114食物耗尽！
⚠️ 第51天，村民1114缺水！
⚠️ 第51天，村民1115食物耗尽！
⚠️ 第51天，村民1115缺水！
⚠️ 第51天，村民1116食物耗尽！
⚠️ 第51天，村民1116缺水！
⚠️ 第51天，村民1117食物耗尽！
⚠️ 第51天，村民1117缺水！
⚠️ 第51天，村民1118食物耗尽！
⚠️ 第51天，村民1118缺水！
⚠️ 第51天，村民1119食物耗尽！
⚠️ 第51天，村民1119缺水！
⚠️ 第51天，村民1120食物耗尽！
⚠️ 第51天，村民1120缺水！
⚠️ 第51天，村民1121食物耗尽！
⚠️ 第51天，村民1121缺水！
⚠️ 第51天，村民1122食物耗尽！
⚠️ 第51天，村民1122缺水！
⚠️ 第51天，村民1123食物耗尽！
⚠️ 第51天，村民1123缺水！
⚠️ 第51天，村民1124食物耗尽！
⚠️ 第51天，村民1124缺水！
⚠️ 第51天，村民1125食物耗尽！
⚠️ 第51天，村民1125缺水！
⚠️ 第51天，村民1126食物耗尽！
⚠️ 第51天，村民1126缺水！
⚠️ 第51天，村民1127食物耗尽！
⚠️ 第51天，村民1127缺水！
⚠️ 第51天，村民1128食物耗尽！
⚠️ 第51天，村民1128缺水！
⚠️ 第51天，村民1129食物耗尽！
⚠️ 第51天，村民1129缺水！
⚠️ 第51天，村民1130食物耗尽！
⚠️ 第51天，村民1130缺水！
⚠️ 第51天，村民1131食物耗尽！
⚠️ 第51天，村民1131缺水！
⚠️ 第51天，村民1132食物耗尽！
⚠️ 第51天，村民1132缺水！
⚠️ 第51天，村民1133食物耗尽！
⚠️ 第51天，村民1133缺水！
⚠️ 第51天，村民1134食物耗尽！
⚠️ 第51天，村民1134缺水！
⚠️ 第51天，村民1135食物耗尽！
⚠️ 第51天，村民1135缺水！
⚠️ 第51天，村民1136食物耗尽！
⚠️ 第51天，村民1136缺水！
⚠️ 第51天，村民1137食物耗尽！
⚠️ 第51天，村民1137缺水！
⚠️ 第51天，村民1138食物耗尽！
⚠️ 第51天，村民1138缺水！
⚠️ 第51天，村民1139食物耗尽！
⚠️ 第51天，村民1139缺水！
⚠️ 第51天，村民1140食物耗尽！
⚠️ 第51天，村民1140缺水！
⚠️ 第51天，村民1141食物耗尽！
⚠️ 第51天，村民1141缺水！
⚠️ 第51天，村民1142食物耗尽！
⚠️ 第51天，村民1142缺水！
⚠️ 第51天，村民1143食物耗尽！
⚠️ 第51天，村民1143缺水！
⚠️ 第51天，村民1144食物耗尽！
⚠️ 第51天，村民1144缺水！
⚠️ 第51天，村民1145食物耗尽！
⚠️ 第51天，村民1145缺水！
⚠️ 第51天，村民1146食物耗尽！
⚠️ 第51天，村民1146缺水！
⚠️ 第51天，村民1147食物耗尽！
⚠️ 第51天，村民1147缺水！
⚠️ 第51天，村民1148食物耗尽！
⚠️ 第51天，村民1148缺水！
⚠️ 第51天，村民1149食物耗尽！
⚠️ 第51天，村民1149缺水！
⚠️ 第51天，村民1150食物耗尽！
⚠️ 第51天，村民1150缺水！
⚠️ 第51天，村民1151食物耗尽！
⚠️ 第51天，村民1151缺水！
⚠️ 第51天，村民1152食物耗尽！
⚠️ 第51天，村民1152缺水！
⚠️ 第51天，村民1153食物耗尽！
⚠️ 第51天，村民1153缺水！
⚠️ 第51天，村民1154食物耗尽！
⚠️ 第51天，村民1154缺水！
⚠️ 第51天，村民1155食物耗尽！
⚠️ 第51天，村民1155缺水！
⚠️ 第51天，村民1156食物耗尽！
⚠️ 第51天，村民1156缺水！
⚠️ 第51天，村民1157食物耗尽！
⚠️ 第51天，村民1157缺水！
⚠️ 第51天，村民1158食物耗尽！
⚠️ 第51天，村民1158缺水！
⚠️ 第51天，村民1159食物耗尽！
⚠️ 第51天，村民1159缺水！
⚠️ 第51天，村民1160食物耗尽！
⚠️ 第51天，村民1160缺水！
⚠️ 第51天，村民1161食物耗尽！
⚠️ 第51天，村民1161缺水！
⚠️ 第51天，村民1162食物耗尽！
⚠️ 第51天，村民1162缺水！
⚠️ 第51天，村民1163食物耗尽！
⚠️ 第51天，村民1163缺水！
⚠️ 第51天，村民1164食物耗尽！
⚠️ 第51天，村民1164缺水！
⚠️ 第51天，村民1165食物耗尽！
⚠️ 第51天，村民1165缺水！
⚠️ 第51天，村民1166食物耗尽！
⚠️ 第51天，村民1166缺水！
⚠️ 第51天，村民1167食物耗尽！
⚠️ 第51天，村民1167缺水！
⚠️ 第51天，村民1168食物耗尽！
⚠️ 第51天，村民1168缺水！
⚠️ 第51天，村民1169食物耗尽！
⚠️ 第51天，村民1169缺水！
⚠️ 第51天，村民1170食物耗尽！
⚠️ 第51天，村民1170缺水！
⚠️ 第51天，村民1171食物耗尽！
⚠️ 第51天，村民1171缺水！
⚠️ 第51天，村民1172食物耗尽！
⚠️ 第51天，村民1172缺水！
⚠️ 第51天，村民1173食物耗尽！
⚠️ 第51天，村民1173缺水！
⚠️ 第51天，村民1174食物耗尽！
⚠️ 第51天，村民1174缺水！
⚠️ 第51天，村民1175食物耗尽！
⚠️ 第51天，村民1175缺水！
⚠️ 第51天，村民1176食物耗尽！
⚠️ 第51天，村民1176缺水！
⚠️ 第51天，村民1177食物耗尽！
⚠️ 第51天，村民1177缺水！
⚠️ 第51天，村民1178食物耗尽！
⚠️ 第51天，村民1178缺水！
⚠️ 第51天，村民1179食物耗尽！
⚠️ 第51天，村民1179缺水！
⚠️ 第51天，村民1180食物耗尽！
⚠️ 第51天，村民1180缺水！
⚠️ 第51天，村民1181食物耗尽！
⚠️ 第51天，村民1181缺水！
⚠️ 第51天，村民1182食物耗尽！
⚠️ 第51天，村民1182缺水！
⚠️ 第51天，村民1183食物耗尽！
⚠️ 第51天，村民1183缺水！
⚠️ 第51天，村民1184食物耗尽！
⚠️ 第51天，村民1184缺水！
⚠️ 第51天，村民1185食物耗尽！
⚠️ 第51天，村民1185缺水！
⚠️ 第51天，村民1186食物耗尽！
⚠️ 第51天，村民1186缺水！
⚠️ 第51天，村民1187食物耗尽！
⚠️ 第51天，村民1187缺水！
⚠️ 第51天，村民1188食物耗尽！
⚠️ 第51天，村民1188缺水！
⚠️ 第51天，村民1189食物耗尽！
⚠️ 第51天，村民1189缺水！
⚠️ 第51天，村民1190食物耗尽！
⚠️ 第51天，村民1190缺水！
⚠️ 第51天，村民1191食物耗尽！
⚠️ 第51天，村民1191缺水！
⚠️ 第51天，村民1192食物耗尽！
⚠️ 第51天，村民1192缺水！
⚠️ 第51天，村民1193食物耗尽！
⚠️ 第51天，村民1193缺水！
⚠️ 第51天，村民1194食物耗尽！
⚠️ 第51天，村民1194缺水！
⚠️ 第51天，村民1195食物耗尽！
⚠️ 第51天，村民1195缺水！
⚠️ 第51天，村民1196食物耗尽！
⚠️ 第51天，村民1196缺水！
⚠️ 第51天，村民1197食物耗尽！
⚠️ 第51天，村民1197缺水！
⚠️ 第51天，村民1198食物耗尽！
⚠️ 第51天，村民1198缺水！
⚠️ 第51天，村民1199食物耗尽！
⚠️ 第51天，村民1199缺水！
⚠️ 第51天，村民1200食物耗尽！
⚠️ 第51天，村民1200缺水！
⚠️ 第51天，村民1201食物耗尽！
⚠️ 第51天，村民1201缺水！
⚠️ 第51天，村民1202食物耗尽！
⚠️ 第51天，村民1202缺水！
⚠️ 第51天，村民1203食物耗尽！
⚠️ 第51天，村民1203缺水！
⚠️ 第51天，村民1204食物耗尽！
⚠️ 第51天，村民1204缺水！
⚠️ 第51天，村民1205食物耗尽！
⚠️ 第51天，村民1205缺水！
⚠️ 第51天，村民1206食物耗尽！
⚠️ 第51天，村民1206缺水！
⚠️ 第51天，村民1207食物耗尽！
⚠️ 第51天，村民1207缺水！
⚠️ 第51天，村民1208食物耗尽！
⚠️ 第51天，村民1208缺水！
⚠️ 第51天，村民1209食物耗尽！
⚠️ 第51天，村民1209缺水！
⚠️ 第51天，村民1210食物耗尽！
⚠️ 第51天，村民1210缺水！
⚠️ 第51天，村民1211食物耗尽！
⚠️ 第51天，村民1211缺水！
⚠️ 第51天，村民1212食物耗尽！
⚠️ 第51天，村民1212缺水！
⚠️ 第51天，村民1213食物耗尽！
⚠️ 第51天，村民1213缺水！
⚠️ 第51天，村民1214食物耗尽！
⚠️ 第51天，村民1214缺水！
⚠️ 第51天，村民1215食物耗尽！
⚠️ 第51天，村民1215缺水！
⚠️ 第51天，村民1216食物耗尽！
⚠️ 第51天，村民1216缺水！
⚠️ 第51天，村民1217食物耗尽！
⚠️ 第51天，村民1217缺水！
⚠️ 第51天，村民1218食物耗尽！
⚠️ 第51天，村民1218缺水！
⚠️ 第51天，村民1219食物耗尽！
⚠️ 第51天，村民1219缺水！
⚠️ 第51天，村民1220食物耗尽！
⚠️ 第51天，村民1220缺水！
⚠️ 第51天，村民1221食物耗尽！
⚠️ 第51天，村民1221缺水！
⚠️ 第51天，村民1222食物耗尽！
⚠️ 第51天，村民1222缺水！
⚠️ 第51天，村民1223食物耗尽！
⚠️ 第51天，村民1223缺水！
⚠️ 第51天，村民1224食物耗尽！
⚠️ 第51天，村民1224缺水！
⚠️ 第51天，村民1225食物耗尽！
⚠️ 第51天，村民1225缺水！
⚠️ 第51天，村民1226食物耗尽！
⚠️ 第51天，村民1226缺水！
⚠️ 第51天，村民1227食物耗尽！
⚠️ 第51天，村民1227缺水！
⚠️ 第51天，村民1228食物耗尽！
⚠️ 第51天，村民1228缺水！
⚠️ 第51天，村民1229食物耗尽！
⚠️ 第51天，村民1229缺水！
⚠️ 第51天，村民1230食物耗尽！
⚠️ 第51天，村民1230缺水！
⚠️ 第51天，村民1231食物耗尽！
⚠️ 第51天，村民1231缺水！
⚠️ 第51天，村民1232食物耗尽！
⚠️ 第51天，村民1232缺水！
⚠️ 第51天，村民1233食物耗尽！
⚠️ 第51天，村民1233缺水！
⚠️ 第51天，村民1234食物耗尽！
⚠️ 第51天，村民1234缺水！
⚠️ 第51天，村民1235食物耗尽！
⚠️ 第51天，村民1235缺水！
⚠️ 第51天，村民1236食物耗尽！
⚠️ 第51天，村民1236缺水！
⚠️ 第51天，村民1237食物耗尽！
⚠️ 第51天，村民1237缺水！
⚠️ 第51天，村民1238食物耗尽！
⚠️ 第51天，村民1238缺水！
⚠️ 第51天，村民1239食物耗尽！
⚠️ 第51天，村民1239缺水！
⚠️ 第51天，村民1240食物耗尽！
⚠️ 第51天，村民1240缺水！
⚠️ 第51天，村民1241食物耗尽！
⚠️ 第51天，村民1241缺水！
⚠️ 第51天，村民1242食物耗尽！
⚠️ 第51天，村民1242缺水！
⚠️ 第51天，村民1243食物耗尽！
⚠️ 第51天，村民1243缺水！
⚠️ 第51天，村民1244食物耗尽！
⚠️ 第51天，村民1244缺水！
⚠️ 第51天，村民1245食物耗尽！
⚠️ 第51天，村民1245缺水！
⚠️ 第51天，村民1246食物耗尽！
⚠️ 第51天，村民1246缺水！
⚠️ 第51天，村民1247食物耗尽！
⚠️ 第51天，村民1247缺水！
⚠️ 第51天，村民1248食物耗尽！
⚠️ 第51天，村民1248缺水！
⚠️ 第51天，村民1249食物耗尽！
⚠️ 第51天，村民1249缺水！
⚠️ 第51天，村民1250食物耗尽！
⚠️ 第51天，村民1250缺水！
⚠️ 第51天，村民1251食物耗尽！
⚠️ 第51天，村民1251缺水！
⚠️ 第51天，村民1252食物耗尽！
⚠️ 第51天，村民1252缺水！
⚠️ 第51天，村民1253食物耗尽！
⚠️ 第51天，村民1253缺水！
⚠️ 第51天，村民1254食物耗尽！
⚠️ 第51天，村民1254缺水！
⚠️ 第51天，村民1255食物耗尽！
⚠️ 第51天，村民1255缺水！
⚠️ 第51天，村民1256食物耗尽！
⚠️ 第51天，村民1256缺水！
⚠️ 第51天，村民1257食物耗尽！
⚠️ 第51天，村民1257缺水！
⚠️ 第51天，村民1258食物耗尽！
⚠️ 第51天，村民1258缺水！
⚠️ 第51天，村民1259食物耗尽！
⚠️ 第51天，村民1259缺水！
⚠️ 第51天，村民1260食物耗尽！
⚠️ 第51天，村民1260缺水！
⚠️ 第51天，村民1261食物耗尽！
⚠️ 第51天，村民1261缺水！
⚠️ 第51天，村民1262食物耗尽！
⚠️ 第51天，村民1262缺水！
⚠️ 第51天，村民1263食物耗尽！
⚠️ 第51天，村民1263缺水！
⚠️ 第51天，村民1264食物耗尽！
⚠️ 第51天，村民1264缺水！
⚠️ 第51天，村民1265食物耗尽！
⚠️ 第51天，村民1265缺水！
⚠️ 第51天，村民1266食物耗尽！
⚠️ 第51天，村民1266缺水！
⚠️ 第51天，村民1267食物耗尽！
⚠️ 第51天，村民1267缺水！
⚠️ 第51天，村民1268食物耗尽！
⚠️ 第51天，村民1268缺水！
⚠️ 第51天，村民1269食物耗尽！
⚠️ 第51天，村民1269缺水！
⚠️ 第51天，村民1270食物耗尽！
⚠️ 第51天，村民1270缺水！
⚠️ 第51天，村民1271食物耗尽！
⚠️ 第51天，村民1271缺水！
⚠️ 第51天，村民1272食物耗尽！
⚠️ 第51天，村民1272缺水！
⚠️ 第51天，村民1273食物耗尽！
⚠️ 第51天，村民1273缺水！
⚠️ 第51天，村民1274食物耗尽！
⚠️ 第51天，村民1274缺水！
⚠️ 第51天，村民1275食物耗尽！
⚠️ 第51天，村民1275缺水！
⚠️ 第51天，村民1276食物耗尽！
⚠️ 第51天，村民1276缺水！
⚠️ 第51天，村民1277食物耗尽！
⚠️ 第51天，村民1277缺水！
⚠️ 第51天，村民1278食物耗尽！
⚠️ 第51天，村民1278缺水！
⚠️ 第51天，村民1279食物耗尽！
⚠️ 第51天，村民1279缺水！
⚠️ 第51天，村民1280食物耗尽！
⚠️ 第51天，村民1280缺水！
⚠️ 第51天，村民1281食物耗尽！
⚠️ 第51天，村民1281缺水！
⚠️ 第51天，村民1282食物耗尽！
⚠️ 第51天，村民1282缺水！
⚠️ 第51天，村民1283食物耗尽！
⚠️ 第51天，村民1283缺水！
⚠️ 第51天，村民1284食物耗尽！
⚠️ 第51天，村民1284缺水！
⚠️ 第51天，村民1285食物耗尽！
⚠️ 第51天，村民1285缺水！
⚠️ 第51天，村民1286食物耗尽！
⚠️ 第51天，村民1286缺水！
⚠️ 第51天，村民1287食物耗尽！
⚠️ 第51天，村民1287缺水！
⚠️ 第51天，村民1288食物耗尽！
⚠️ 第51天，村民1288缺水！
⚠️ 第51天，村民1289食物耗尽！
⚠️ 第51天，村民1289缺水！
⚠️ 第51天，村民1290食物耗尽！
⚠️ 第51天，村民1290缺水！
⚠️ 第51天，村民1291食物耗尽！
⚠️ 第51天，村民1291缺水！
⚠️ 第51天，村民1292食物耗尽！
⚠️ 第51天，村民1292缺水！
⚠️ 第51天，村民1293食物耗尽！
⚠️ 第51天，村民1293缺水！
⚠️ 第51天，村民1294食物耗尽！
⚠️ 第51天，村民1294缺水！
⚠️ 第51天，村民1295食物耗尽！
⚠️ 第51天，村民1295缺水！
⚠️ 第51天，村民1296食物耗尽！
⚠️ 第51天，村民1296缺水！
⚠️ 第51天，村民1297食物耗尽！
⚠️ 第51天，村民1297缺水！
⚠️ 第51天，村民1298食物耗尽！
⚠️ 第51天，村民1298缺水！
⚠️ 第51天，村民1299食物耗尽！
⚠️ 第51天，村民1299缺水！
⚠️ 第51天，村民1300食物耗尽！
⚠️ 第51天，村民1300缺水！
⚠️ 第51天，村民1301食物耗尽！
⚠️ 第51天，村民1301缺水！
⚠️ 第51天，村民1302食物耗尽！
⚠️ 第51天，村民1302缺水！
⚠️ 第51天，村民1303食物耗尽！
⚠️ 第51天，村民1303缺水！
⚠️ 第51天，村民1304食物耗尽！
⚠️ 第51天，村民1304缺水！
⚠️ 第51天，村民1305食物耗尽！
⚠️ 第51天，村民1305缺水！
⚠️ 第51天，村民1306食物耗尽！
⚠️ 第51天，村民1306缺水！
⚠️ 第51天，村民1307食物耗尽！
⚠️ 第51天，村民1307缺水！
⚠️ 第51天，村民1308食物耗尽！
⚠️ 第51天，村民1308缺水！
⚠️ 第51天，村民1309食物耗尽！
⚠️ 第51天，村民1309缺水！
⚠️ 第51天，村民1310食物耗尽！
⚠️ 第51天，村民1310缺水！
⚠️ 第51天，村民1311食物耗尽！
⚠️ 第51天，村民1311缺水！
⚠️ 第51天，村民1312食物耗尽！
⚠️ 第51天，村民1312缺水！
⚠️ 第51天，村民1313食物耗尽！
⚠️ 第51天，村民1313缺水！
⚠️ 第51天，村民1314食物耗尽！
⚠️ 第51天，村民1314缺水！
⚠️ 第51天，村民1315食物耗尽！
⚠️ 第51天，村民1315缺水！
⚠️ 第51天，村民1316食物耗尽！
⚠️ 第51天，村民1316缺水！
⚠️ 第51天，村民1317食物耗尽！
⚠️ 第51天，村民1317缺水！
⚠️ 第51天，村民1318食物耗尽！
⚠️ 第51天，村民1318缺水！
⚠️ 第51天，村民1319食物耗尽！
⚠️ 第51天，村民1319缺水！
⚠️ 第51天，村民1320食物耗尽！
⚠️ 第51天，村民1320缺水！
⚠️ 第51天，村民1321食物耗尽！
⚠️ 第51天，村民1321缺水！
⚠️ 第51天，村民1322食物耗尽！
⚠️ 第51天，村民1322缺水！
⚠️ 第51天，村民1323食物耗尽！
⚠️ 第51天，村民1323缺水！
⚠️ 第51天，村民1324食物耗尽！
⚠️ 第51天，村民1324缺水！
⚠️ 第51天，村民1325食物耗尽！
⚠️ 第51天，村民1325缺水！
⚠️ 第51天，村民1326食物耗尽！
⚠️ 第51天，村民1326缺水！
⚠️ 第51天，村民1327食物耗尽！
⚠️ 第51天，村民1327缺水！
⚠️ 第51天，村民1328食物耗尽！
⚠️ 第51天，村民1328缺水！
⚠️ 第51天，村民1329食物耗尽！
⚠️ 第51天，村民1329缺水！
⚠️ 第51天，村民1330食物耗尽！
⚠️ 第51天，村民1330缺水！
⚠️ 第51天，村民1331食物耗尽！
⚠️ 第51天，村民1331缺水！
⚠️ 第51天，村民1332食物耗尽！
⚠️ 第51天，村民1332缺水！
⚠️ 第51天，村民1333食物耗尽！
⚠️ 第51天，村民1333缺水！
⚠️ 第51天，村民1334食物耗尽！
⚠️ 第51天，村民1334缺水！
⚠️ 第51天，村民1335食物耗尽！
⚠️ 第51天，村民1335缺水！
⚠️ 第51天，村民1336食物耗尽！
⚠️ 第51天，村民1336缺水！
⚠️ 第51天，村民1337食物耗尽！
⚠️ 第51天，村民1337缺水！
⚠️ 第51天，村民1338食物耗尽！
⚠️ 第51天，村民1338缺水！
⚠️ 第51天，村民1339食物耗尽！
⚠️ 第51天，村民1339缺水！
⚠️ 第51天，村民1340食物耗尽！
⚠️ 第51天，村民1340缺水！
⚠️ 第51天，村民1341食物耗尽！
⚠️ 第51天，村民1341缺水！
⚠️ 第51天，村民1342食物耗尽！
⚠️ 第51天，村民1342缺水！
⚠️ 第51天，村民1343食物耗尽！
⚠️ 第51天，村民1343缺水！
⚠️ 第51天，村民1344食物耗尽！
⚠️ 第51天，村民1344缺水！
⚠️ 第51天，村民1345食物耗尽！
⚠️ 第51天，村民1345缺水！
⚠️ 第51天，村民1346食物耗尽！
⚠️ 第51天，村民1346缺水！
⚠️ 第51天，村民1347食物耗尽！
⚠️ 第51天，村民1347缺水！
⚠️ 第51天，村民1348食物耗尽！
⚠️ 第51天，村民1348缺水！
⚠️ 第51天，村民1349食物耗尽！
⚠️ 第51天，村民1349缺水！
⚠️ 第51天，村民1350食物耗尽！
⚠️ 第51天，村民1350缺水！
⚠️ 第51天，村民1351食物耗尽！
⚠️ 第51天，村民1351缺水！
⚠️ 第51天，村民1352食物耗尽！
⚠️ 第51天，村民1352缺水！
⚠️ 第51天，村民1353食物耗尽！
⚠️ 第51天，村民1353缺水！
⚠️ 第51天，村民1354食物耗尽！
⚠️ 第51天，村民1354缺水！
⚠️ 第51天，村民1355食物耗尽！
⚠️ 第51天，村民1355缺水！
⚠️ 第51天，村民1356食物耗尽！
⚠️ 第51天，村民1356缺水！
⚠️ 第51天，村民1357食物耗尽！
⚠️ 第51天，村民1357缺水！
⚠️ 第51天，村民1358食物耗尽！
⚠️ 第51天，村民1358缺水！
⚠️ 第51天，村民1359食物耗尽！
⚠️ 第51天，村民1359缺水！
⚠️ 第51天，村民1360食物耗尽！
⚠️ 第51天，村民1360缺水！
⚠️ 第51天，村民1361食物耗尽！
⚠️ 第51天，村民1361缺水！
⚠️ 第51天，村民1362食物耗尽！
⚠️ 第51天，村民1362缺水！
⚠️ 第51天，村民1363食物耗尽！
⚠️ 第51天，村民1363缺水！
⚠️ 第51天，村民1364食物耗尽！
⚠️ 第51天，村民1364缺水！
⚠️ 第51天，村民1365食物耗尽！
⚠️ 第51天，村民1365缺水！
⚠️ 第51天，村民1366食物耗尽！
⚠️ 第51天，村民1366缺水！
⚠️ 第51天，村民1367食物耗尽！
⚠️ 第51天，村民1367缺水！
⚠️ 第51天，村民1368食物耗尽！
⚠️ 第51天，村民1368缺水！
⚠️ 第51天，村民1369食物耗尽！
⚠️ 第51天，村民1369缺水！
⚠️ 第51天，村民1370食物耗尽！
⚠️ 第51天，村民1370缺水！
⚠️ 第51天，村民1371食物耗尽！
⚠️ 第51天，村民1371缺水！
⚠️ 第51天，村民1372食物耗尽！
⚠️ 第51天，村民1372缺水！
⚠️ 第51天，村民1373食物耗尽！
⚠️ 第51天，村民1373缺水！
⚠️ 第51天，村民1374食物耗尽！
⚠️ 第51天，村民1374缺水！
⚠️ 第51天，村民1375食物耗尽！
⚠️ 第51天，村民1375缺水！
⚠️ 第51天，村民1376食物耗尽！
⚠️ 第51天，村民1376缺水！
⚠️ 第51天，村民1377食物耗尽！
⚠️ 第51天，村民1377缺水！
⚠️ 第51天，村民1378食物耗尽！
⚠️ 第51天，村民1378缺水！
⚠️ 第51天，村民1379食物耗尽！
⚠️ 第51天，村民1379缺水！
⚠️ 第51天，村民1380食物耗尽！
⚠️ 第51天，村民1380缺水！
⚠️ 第51天，村民1381食物耗尽！
⚠️ 第51天，村民1381缺水！
⚠️ 第51天，村民1382食物耗尽！
⚠️ 第51天，村民1382缺水！
⚠️ 第51天，村民1383食物耗尽！
⚠️ 第51天，村民1383缺水！
⚠️ 第51天，村民1384食物耗尽！
⚠️ 第51天，村民1384缺水！
⚠️ 第51天，村民1385食物耗尽！
⚠️ 第51天，村民1385缺水！
⚠️ 第51天，村民1386食物耗尽！
⚠️ 第51天，村民1386缺水！
⚠️ 第51天，村民1387食物耗尽！
⚠️ 第51天，村民1387缺水！
⚠️ 第51天，村民1388食物耗尽！
⚠️ 第51天，村民1388缺水！
⚠️ 第51天，村民1389食物耗尽！
⚠️ 第51天，村民1389缺水！
⚠️ 第51天，村民1390食物耗尽！
⚠️ 第51天，村民1390缺水！
⚠️ 第51天，村民1391食物耗尽！
⚠️ 第51天，村民1391缺水！
⚠️ 第51天，村民1392食物耗尽！
⚠️ 第51天，村民1392缺水！
⚠️ 第51天，村民1393食物耗尽！
⚠️ 第51天，村民1393缺水！
⚠️ 第51天，村民1394食物耗尽！
⚠️ 第51天，村民1394缺水！
⚠️ 第51天，村民1395食物耗尽！
⚠️ 第51天，村民1395缺水！
⚠️ 第51天，村民1396食物耗尽！
⚠️ 第51天，村民1396缺水！
⚠️ 第51天，村民1397食物耗尽！
⚠️ 第51天，村民1397缺水！
⚠️ 第51天，村民1398食物耗尽！
⚠️ 第51天，村民1398缺水！
⚠️ 第51天，村民1399食物耗尽！
⚠️ 第51天，村民1399缺水！
⚠️ 第51天，村民1400食物耗尽！
⚠️ 第51天，村民1400缺水！
⚠️ 第51天，村民1401食物耗尽！
⚠️ 第51天，村民1401缺水！
⚠️ 第51天，村民1402食物耗尽！
⚠️ 第51天，村民1402缺水！
⚠️ 第51天，村民1403食物耗尽！
⚠️ 第51天，村民1403缺水！
⚠️ 第51天，村民1404食物耗尽！
⚠️ 第51天，村民1404缺水！
⚠️ 第51天，村民1405食物耗尽！
⚠️ 第51天，村民1405缺水！
⚠️ 第51天，村民1406食物耗尽！
⚠️ 第51天，村民1406缺水！
⚠️ 第51天，村民1407食物耗尽！
⚠️ 第51天，村民1407缺水！
⚠️ 第51天，村民1408食物耗尽！
⚠️ 第51天，村民1408缺水！
⚠️ 第51天，村民1409食物耗尽！
⚠️ 第51天，村民1409缺水！
⚠️ 第51天，村民1410食物耗尽！
⚠️ 第51天，村民1410缺水！
⚠️ 第51天，村民1411食物耗尽！
⚠️ 第51天，村民1411缺水！
⚠️ 第51天，村民1412食物耗尽！
⚠️ 第51天，村民1412缺水！
⚠️ 第51天，村民1413食物耗尽！
⚠️ 第51天，村民1413缺水！
⚠️ 第51天，村民1414食物耗尽！
⚠️ 第51天，村民1414缺水！
⚠️ 第51天，村民1415食物耗尽！
⚠️ 第51天，村民1415缺水！
⚠️ 第51天，村民1416食物耗尽！
⚠️ 第51天，村民1416缺水！
⚠️ 第51天，村民1417食物耗尽！
⚠️ 第51天，村民1417缺水！
⚠️ 第51天，村民1418食物耗尽！
⚠️ 第51天，村民1418缺水！
⚠️ 第51天，村民1419食物耗尽！
⚠️ 第51天，村民1419缺水！
⚠️ 第51天，村民1420食物耗尽！
⚠️ 第51天，村民1420缺水！
⚠️ 第51天，村民1421食物耗尽！
⚠️ 第51天，村民1421缺水！
⚠️ 第51天，村民1422食物耗尽！
⚠️ 第51天，村民1422缺水！
⚠️ 第51天，村民1423食物耗尽！
⚠️ 第51天，村民1423缺水！
⚠️ 第51天，村民1424食物耗尽！
⚠️ 第51天，村民1424缺水！
⚠️ 第51天，村民1425食物耗尽！
⚠️ 第51天，村民1425缺水！
⚠️ 第51天，村民1426食物耗尽！
⚠️ 第51天，村民1426缺水！
⚠️ 第51天，村民1427食物耗尽！
⚠️ 第51天，村民1427缺水！
⚠️ 第51天，村民1428食物耗尽！
⚠️ 第51天，村民1428缺水！
⚠️ 第51天，村民1429食物耗尽！
⚠️ 第51天，村民1429缺水！
⚠️ 第51天，村民1430食物耗尽！
⚠️ 第51天，村民1430缺水！
⚠️ 第51天，村民1431食物耗尽！
⚠️ 第51天，村民1431缺水！
⚠️ 第51天，村民1432食物耗尽！
⚠️ 第51天，村民1432缺水！
⚠️ 第51天，村民1433食物耗尽！
⚠️ 第51天，村民1433缺水！
⚠️ 第51天，村民1434食物耗尽！
⚠️ 第51天，村民1434缺水！
⚠️ 第51天，村民1435食物耗尽！
⚠️ 第51天，村民1435缺水！
⚠️ 第51天，村民1436食物耗尽！
⚠️ 第51天，村民1436缺水！
⚠️ 第51天，村民1437食物耗尽！
⚠️ 第51天，村民1437缺水！
⚠️ 第51天，村民1438食物耗尽！
⚠️ 第51天，村民1438缺水！
⚠️ 第51天，村民1439食物耗尽！
⚠️ 第51天，村民1439缺水！
⚠️ 第51天，村民1440食物耗尽！
⚠️ 第51天，村民1440缺水！
⚠️ 第51天，村民1441食物耗尽！
⚠️ 第51天，村民1441缺水！
⚠️ 第51天，村民1442食物耗尽！
⚠️ 第51天，村民1442缺水！
⚠️ 第51天，村民1443食物耗尽！
⚠️ 第51天，村民1443缺水！
⚠️ 第51天，村民1444食物耗尽！
⚠️ 第51天，村民1444缺水！
⚠️ 第51天，村民1445食物耗尽！
⚠️ 第51天，村民1445缺水！
⚠️ 第51天，村民1446食物耗尽！
⚠️ 第51天，村民1446缺水！
⚠️ 第51天，村民1447食物耗尽！
⚠️ 第51天，村民1447缺水！
⚠️ 第51天，村民1448食物耗尽！
⚠️ 第51天，村民1448缺水！
⚠️ 第51天，村民1449食物耗尽！
⚠️ 第51天，村民1449缺水！
⚠️ 第51天，村民1450食物耗尽！
⚠️ 第51天，村民1450缺水！
⚠️ 第51天，村民1451食物耗尽！
⚠️ 第51天，村民1451缺水！
⚠️ 第51天，村民1452食物耗尽！
⚠️ 第51天，村民1452缺水！
⚠️ 第51天，村民1453食物耗尽！
⚠️ 第51天，村民1453缺水！
⚠️ 第51天，村民1454食物耗尽！
⚠️ 第51天，村民1454缺水！
⚠️ 第51天，村民1455食物耗尽！
⚠️ 第51天，村民1455缺水！
⚠️ 第51天，村民1456食物耗尽！
⚠️ 第51天，村民1456缺水！
⚠️ 第51天，村民1457食物耗尽！
⚠️ 第51天，村民1457缺水！
⚠️ 第51天，村民1458食物耗尽！
⚠️ 第51天，村民1458缺水！
⚠️ 第51天，村民1459食物耗尽！
⚠️ 第51天，村民1459缺水！
⚠️ 第51天，村民1460食物耗尽！
⚠️ 第51天，村民1460缺水！
⚠️ 第51天，村民1461食物耗尽！
⚠️ 第51天，村民1461缺水！
⚠️ 第51天，村民1462食物耗尽！
⚠️ 第51天，村民1462缺水！
⚠️ 第51天，村民1463食物耗尽！
⚠️ 第51天，村民1463缺水！
⚠️ 第51天，村民1464食物耗尽！
⚠️ 第51天，村民1464缺水！
⚠️ 第51天，村民1465食物耗尽！
⚠️ 第51天，村民1465缺水！
⚠️ 第51天，村民1466食物耗尽！
⚠️ 第51天，村民1466缺水！
⚠️ 第51天，村民1467食物耗尽！
⚠️ 第51天，村民1467缺水！
⚠️ 第51天，村民1468食物耗尽！
⚠️ 第51天，村民1468缺水！
⚠️ 第51天，村民1469食物耗尽！
⚠️ 第51天，村民1469缺水！
⚠️ 第51天，村民1470食物耗尽！
⚠️ 第51天，村民1470缺水！
⚠️ 第51天，村民1471食物耗尽！
⚠️ 第51天，村民1471缺水！
⚠️ 第51天，村民1472食物耗尽！
⚠️ 第51天，村民1472缺水！
⚠️ 第51天，村民1473食物耗尽！
⚠️ 第51天，村民1473缺水！
⚠️ 第51天，村民1474食物耗尽！
⚠️ 第51天，村民1474缺水！
⚠️ 第51天，村民1475食物耗尽！
⚠️ 第51天，村民1475缺水！
⚠️ 第51天，村民1476食物耗尽！
⚠️ 第51天，村民1476缺水！
⚠️ 第51天，村民1477食物耗尽！
⚠️ 第51天，村民1477缺水！
⚠️ 第51天，村民1478食物耗尽！
⚠️ 第51天，村民1478缺水！
⚠️ 第51天，村民1479食物耗尽！
⚠️ 第51天，村民1479缺水！
⚠️ 第51天，村民1480食物耗尽！
⚠️ 第51天，村民1480缺水！
⚠️ 第51天，村民1481食物耗尽！
⚠️ 第51天，村民1481缺水！
⚠️ 第51天，村民1482食物耗尽！
⚠️ 第51天，村民1482缺水！
⚠️ 第51天，村民1483食物耗尽！
⚠️ 第51天，村民1483缺水！
⚠️ 第51天，村民1484食物耗尽！
⚠️ 第51天，村民1484缺水！
⚠️ 第51天，村民1485食物耗尽！
⚠️ 第51天，村民1485缺水！
⚠️ 第51天，村民1486食物耗尽！
⚠️ 第51天，村民1486缺水！
⚠️ 第51天，村民1487食物耗尽！
⚠️ 第51天，村民1487缺水！
⚠️ 第51天，村民1488食物耗尽！
⚠️ 第51天，村民1488缺水！
⚠️ 第51天，村民1489食物耗尽！
⚠️ 第51天，村民1489缺水！
⚠️ 第51天，村民1490食物耗尽！
⚠️ 第51天，村民1490缺水！
⚠️ 第51天，村民1491食物耗尽！
⚠️ 第51天，村民1491缺水！
⚠️ 第51天，村民1492食物耗尽！
⚠️ 第51天，村民1492缺水！
⚠️ 第51天，村民1493食物耗尽！
⚠️ 第51天，村民1493缺水！
⚠️ 第51天，村民1494食物耗尽！
⚠️ 第51天，村民1494缺水！
⚠️ 第51天，村民1495食物耗尽！
⚠️ 第51天，村民1495缺水！
⚠️ 第51天，村民1496食物耗尽！
⚠️ 第51天，村民1496缺水！
⚠️ 第51天，村民1497食物耗尽！
⚠️ 第51天，村民1497缺水！
⚠️ 第51天，村民1498食物耗尽！
⚠️ 第51天，村民1498缺水！
⚠️ 第51天，村民1499食物耗尽！
⚠️ 第51天，村民1499缺水！
⚠️ 第51天，村民1500食物耗尽！
⚠️ 第51天，村民1500缺水！
⚠️ 第51天，村民1501食物耗尽！
⚠️ 第51天，村民1501缺水！
⚠️ 第51天，村民1502食物耗尽！
⚠️ 第51天，村民1502缺水！
⚠️ 第51天，村民1503食物耗尽！
⚠️ 第51天，村民1503缺水！
⚠️ 第51天，村民1504食物耗尽！
⚠️ 第51天，村民1504缺水！
⚠️ 第51天，村民1505食物耗尽！
⚠️ 第51天，村民1505缺水！
⚠️ 第51天，村民1506食物耗尽！
⚠️ 第51天，村民1506缺水！
⚠️ 第51天，村民1507食物耗尽！
⚠️ 第51天，村民1507缺水！
⚠️ 第51天，村民1508食物耗尽！
⚠️ 第51天，村民1508缺水！
⚠️ 第51天，村民1509食物耗尽！
⚠️ 第51天，村民1509缺水！
⚠️ 第51天，村民1510食物耗尽！
⚠️ 第51天，村民1510缺水！
⚠️ 第51天，村民1511食物耗尽！
⚠️ 第51天，村民1511缺水！
⚠️ 第51天，村民1512食物耗尽！
⚠️ 第51天，村民1512缺水！
⚠️ 第51天，村民1513食物耗尽！
⚠️ 第51天，村民1513缺水！
⚠️ 第51天，村民1514食物耗尽！
⚠️ 第51天，村民1514缺水！
⚠️ 第51天，村民1515食物耗尽！
⚠️ 第51天，村民1515缺水！
⚠️ 第51天，村民1516食物耗尽！
⚠️ 第51天，村民1516缺水！
⚠️ 第51天，村民1517食物耗尽！
⚠️ 第51天，村民1517缺水！
⚠️ 第51天，村民1518食物耗尽！
⚠️ 第51天，村民1518缺水！
⚠️ 第51天，村民1519食物耗尽！
⚠️ 第51天，村民1519缺水！
⚠️ 第51天，村民1520食物耗尽！
⚠️ 第51天，村民1520缺水！
⚠️ 第51天，村民1521食物耗尽！
⚠️ 第51天，村民1521缺水！
⚠️ 第51天，村民1522食物耗尽！
⚠️ 第51天，村民1522缺水！
⚠️ 第51天，村民1523食物耗尽！
⚠️ 第51天，村民1523缺水！
⚠️ 第51天，村民1524食物耗尽！
⚠️ 第51天，村民1524缺水！
⚠️ 第51天，村民1525食物耗尽！
⚠️ 第51天，村民1525缺水！
⚠️ 第51天，村民1526食物耗尽！
⚠️ 第51天，村民1526缺水！
⚠️ 第51天，村民1527食物耗尽！
⚠️ 第51天，村民1527缺水！
⚠️ 第51天，村民1528食物耗尽！
⚠️ 第51天，村民1528缺水！
⚠️ 第51天，村民1529食物耗尽！
⚠️ 第51天，村民1529缺水！
⚠️ 第51天，村民1530食物耗尽！
⚠️ 第51天，村民1530缺水！
⚠️ 第51天，村民1531食物耗尽！
⚠️ 第51天，村民1531缺水！
⚠️ 第51天，村民1532食物耗尽！
⚠️ 第51天，村民1532缺水！
⚠️ 第51天，村民1533食物耗尽！
⚠️ 第51天，村民1533缺水！
⚠️ 第51天，村民1534食物耗尽！
⚠️ 第51天，村民1534缺水！
⚠️ 第51天，村民1535食物耗尽！
⚠️ 第51天，村民1535缺水！
⚠️ 第51天，村民1536食物耗尽！
⚠️ 第51天，村民1536缺水！
⚠️ 第51天，村民1537食物耗尽！
⚠️ 第51天，村民1537缺水！
⚠️ 第51天，村民1538食物耗尽！
⚠️ 第51天，村民1538缺水！
⚠️ 第51天，村民1539食物耗尽！
⚠️ 第51天，村民1539缺水！
⚠️ 第51天，村民1540食物耗尽！
⚠️ 第51天，村民1540缺水！
⚠️ 第51天，村民1541食物耗尽！
⚠️ 第51天，村民1541缺水！
⚠️ 第51天，村民1542食物耗尽！
⚠️ 第51天，村民1542缺水！
⚠️ 第51天，村民1543食物耗尽！
⚠️ 第51天，村民1543缺水！
⚠️ 第51天，村民1544食物耗尽！
⚠️ 第51天，村民1544缺水！
⚠️ 第51天，村民1545食物耗尽！
⚠️ 第51天，村民1545缺水！
⚠️ 第51天，村民1546食物耗尽！
⚠️ 第51天，村民1546缺水！
⚠️ 第51天，村民1547食物耗尽！
⚠️ 第51天，村民1547缺水！
⚠️ 第51天，村民1548食物耗尽！
⚠️ 第51天，村民1548缺水！
⚠️ 第51天，村民1549食物耗尽！
⚠️ 第51天，村民1549缺水！
⚠️ 第51天，村民1550食物耗尽！
⚠️ 第51天，村民1550缺水！
⚠️ 第51天，村民1551食物耗尽！
⚠️ 第51天，村民1551缺水！
⚠️ 第51天，村民1552食物耗尽！
⚠️ 第51天，村民1552缺水！
⚠️ 第51天，村民1553食物耗尽！
⚠️ 第51天，村民1553缺水！
⚠️ 第51天，村民1554食物耗尽！
⚠️ 第51天，村民1554缺水！
⚠️ 第51天，村民1555食物耗尽！
⚠️ 第51天，村民1555缺水！
⚠️ 第51天，村民1556食物耗尽！
⚠️ 第51天，村民1556缺水！
⚠️ 第51天，村民1557食物耗尽！
⚠️ 第51天，村民1557缺水！
⚠️ 第51天，村民1558食物耗尽！
⚠️ 第51天，村民1558缺水！
⚠️ 第51天，村民1559食物耗尽！
⚠️ 第51天，村民1559缺水！
⚠️ 第51天，村民1560食物耗尽！
⚠️ 第51天，村民1560缺水！
⚠️ 第51天，村民1561食物耗尽！
⚠️ 第51天，村民1561缺水！
⚠️ 第51天，村民1562食物耗尽！
⚠️ 第51天，村民1562缺水！
⚠️ 第51天，村民1563食物耗尽！
⚠️ 第51天，村民1563缺水！
⚠️ 第51天，村民1564食物耗尽！
⚠️ 第51天，村民1564缺水！
⚠️ 第51天，村民1565食物耗尽！
⚠️ 第51天，村民1565缺水！
⚠️ 第51天，村民1566食物耗尽！
⚠️ 第51天，村民1566缺水！
⚠️ 第51天，村民1567食物耗尽！
⚠️ 第51天，村民1567缺水！
⚠️ 第51天，村民1568食物耗尽！
⚠️ 第51天，村民1568缺水！
⚠️ 第51天，村民1569食物耗尽！
⚠️ 第51天，村民1569缺水！
⚠️ 第51天，村民1570食物耗尽！
⚠️ 第51天，村民1570缺水！
⚠️ 第51天，村民1571食物耗尽！
⚠️ 第51天，村民1571缺水！
⚠️ 第51天，村民1572食物耗尽！
⚠️ 第51天，村民1572缺水！
⚠️ 第51天，村民1573食物耗尽！
⚠️ 第51天，村民1573缺水！
⚠️ 第51天，村民1574食物耗尽！
⚠️ 第51天，村民1574缺水！
⚠️ 第51天，村民1575食物耗尽！
⚠️ 第51天，村民1575缺水！
⚠️ 第51天，村民1576食物耗尽！
⚠️ 第51天，村民1576缺水！
⚠️ 第51天，村民1577食物耗尽！
⚠️ 第51天，村民1577缺水！
⚠️ 第51天，村民1578食物耗尽！
⚠️ 第51天，村民1578缺水！
⚠️ 第51天，村民1579食物耗尽！
⚠️ 第51天，村民1579缺水！
⚠️ 第51天，村民1580食物耗尽！
⚠️ 第51天，村民1580缺水！
⚠️ 第51天，村民1581食物耗尽！
⚠️ 第51天，村民1581缺水！
⚠️ 第51天，村民1582食物耗尽！
⚠️ 第51天，村民1582缺水！
⚠️ 第51天，村民1583食物耗尽！
⚠️ 第51天，村民1583缺水！
⚠️ 第51天，村民1584食物耗尽！
⚠️ 第51天，村民1584缺水！
⚠️ 第51天，村民1585食物耗尽！
⚠️ 第51天，村民1585缺水！
⚠️ 第51天，村民1586食物耗尽！
⚠️ 第51天，村民1586缺水！
⚠️ 第51天，村民1587食物耗尽！
⚠️ 第51天，村民1587缺水！
⚠️ 第51天，村民1588食物耗尽！
⚠️ 第51天，村民1588缺水！
⚠️ 第51天，村民1589食物耗尽！
⚠️ 第51天，村民1589缺水！
⚠️ 第51天，村民1590食物耗尽！
⚠️ 第51天，村民1590缺水！
⚠️ 第51天，村民1591食物耗尽！
⚠️ 第51天，村民1591缺水！
⚠️ 第51天，村民1592食物耗尽！
⚠️ 第51天，村民1592缺水！
⚠️ 第51天，村民1593食物耗尽！
⚠️ 第51天，村民1593缺水！
⚠️ 第51天，村民1594食物耗尽！
⚠️ 第51天，村民1594缺水！
⚠️ 第51天，村民1595食物耗尽！
⚠️ 第51天，村民1595缺水！
⚠️ 第51天，村民1596食物耗尽！
⚠️ 第51天，村民1596缺水！
⚠️ 第51天，村民1597食物耗尽！
⚠️ 第51天，村民1597缺水！
⚠️ 第51天，村民1598食物耗尽！
⚠️ 第51天，村民1598缺水！
⚠️ 第51天，村民1599食物耗尽！
⚠️ 第51天，村民1599缺水！
⚠️ 第51天，村民1600食物耗尽！
⚠️ 第51天，村民1600缺水！
⚠️ 第51天，村民1601食物耗尽！
⚠️ 第51天，村民1601缺水！
⚠️ 第51天，村民1602食物耗尽！
⚠️ 第51天，村民1602缺水！
⚠️ 第51天，村民1603食物耗尽！
⚠️ 第51天，村民1603缺水！
⚠️ 第51天，村民1604食物耗尽！
⚠️ 第51天，村民1604缺水！
⚠️ 第51天，村民1605食物耗尽！
⚠️ 第51天，村民1605缺水！
⚠️ 第51天，村民1606食物耗尽！
⚠️ 第51天，村民1606缺水！
⚠️ 第51天，村民1607食物耗尽！
⚠️ 第51天，村民1607缺水！
⚠️ 第51天，村民1608食物耗尽！
⚠️ 第51天，村民1608缺水！
⚠️ 第51天，村民1609食物耗尽！
⚠️ 第51天，村民1609缺水！
⚠️ 第51天，村民1610食物耗尽！
⚠️ 第51天，村民1610缺水！
⚠️ 第51天，村民1611食物耗尽！
⚠️ 第51天，村民1611缺水！
⚠️ 第51天，村民1612食物耗尽！
⚠️ 第51天，村民1612缺水！
⚠️ 第51天，村民1613食物耗尽！
⚠️ 第51天，村民1613缺水！
⚠️ 第51天，村民1614食物耗尽！
⚠️ 第51天，村民1614缺水！
⚠️ 第51天，村民1615食物耗尽！
⚠️ 第51天，村民1615缺水！
⚠️ 第51天，村民1616食物耗尽！
⚠️ 第51天，村民1616缺水！
⚠️ 第51天，村民1617食物耗尽！
⚠️ 第51天，村民1617缺水！
⚠️ 第51天，村民1618食物耗尽！
⚠️ 第51天，村民1618缺水！
⚠️ 第51天，村民1619食物耗尽！
⚠️ 第51天，村民1619缺水！
⚠️ 第51天，村民1620食物耗尽！
⚠️ 第51天，村民1620缺水！
⚠️ 第51天，村民1621食物耗尽！
⚠️ 第51天，村民1621缺水！
⚠️ 第51天，村民1622食物耗尽！
⚠️ 第51天，村民1622缺水！
⚠️ 第51天，村民1623食物耗尽！
⚠️ 第51天，村民1623缺水！
⚠️ 第51天，村民1624食物耗尽！
⚠️ 第51天，村民1624缺水！
⚠️ 第51天，村民1625食物耗尽！
⚠️ 第51天，村民1625缺水！
⚠️ 第51天，村民1626食物耗尽！
⚠️ 第51天，村民1626缺水！
⚠️ 第51天，村民1627食物耗尽！
⚠️ 第51天，村民1627缺水！
⚠️ 第51天，村民1628食物耗尽！
⚠️ 第51天，村民1628缺水！
⚠️ 第51天，村民1629食物耗尽！
⚠️ 第51天，村民1629缺水！
⚠️ 第51天，村民1630食物耗尽！
⚠️ 第51天，村民1630缺水！
⚠️ 第51天，村民1631食物耗尽！
⚠️ 第51天，村民1631缺水！
⚠️ 第51天，村民1632食物耗尽！
⚠️ 第51天，村民1632缺水！
⚠️ 第51天，村民1633食物耗尽！
⚠️ 第51天，村民1633缺水！
⚠️ 第51天，村民1634食物耗尽！
⚠️ 第51天，村民1634缺水！
⚠️ 第51天，村民1635食物耗尽！
⚠️ 第51天，村民1635缺水！
⚠️ 第51天，村民1636食物耗尽！
⚠️ 第51天，村民1636缺水！
⚠️ 第51天，村民1637食物耗尽！
⚠️ 第51天，村民1637缺水！
⚠️ 第51天，村民1638食物耗尽！
⚠️ 第51天，村民1638缺水！
⚠️ 第51天，村民1639食物耗尽！
⚠️ 第51天，村民1639缺水！
⚠️ 第51天，村民1640食物耗尽！
⚠️ 第51天，村民1640缺水！
⚠️ 第51天，村民1641食物耗尽！
⚠️ 第51天，村民1641缺水！
⚠️ 第51天，村民1642食物耗尽！
⚠️ 第51天，村民1642缺水！
⚠️ 第51天，村民1643食物耗尽！
⚠️ 第51天，村民1643缺水！
⚠️ 第51天，村民1644食物耗尽！
⚠️ 第51天，村民1644缺水！
⚠️ 第51天，村民1645食物耗尽！
⚠️ 第51天，村民1645缺水！
⚠️ 第51天，村民1646食物耗尽！
⚠️ 第51天，村民1646缺水！
⚠️ 第51天，村民1647食物耗尽！
⚠️ 第51天，村民1647缺水！
⚠️ 第51天，村民1648食物耗尽！
⚠️ 第51天，村民1648缺水！
⚠️ 第51天，村民1649食物耗尽！
⚠️ 第51天，村民1649缺水！
⚠️ 第51天，村民1650食物耗尽！
⚠️ 第51天，村民1650缺水！
⚠️ 第51天，村民1651食物耗尽！
⚠️ 第51天，村民1651缺水！
⚠️ 第51天，村民1652食物耗尽！
⚠️ 第51天，村民1652缺水！
⚠️ 第51天，村民1653食物耗尽！
⚠️ 第51天，村民1653缺水！
⚠️ 第51天，村民1654食物耗尽！
⚠️ 第51天，村民1654缺水！
⚠️ 第51天，村民1655食物耗尽！
⚠️ 第51天，村民1655缺水！
⚠️ 第51天，村民1656食物耗尽！
⚠️ 第51天，村民1656缺水！
⚠️ 第51天，村民1657食物耗尽！
⚠️ 第51天，村民1657缺水！
⚠️ 第51天，村民1658食物耗尽！
⚠️ 第51天，村民1658缺水！
⚠️ 第51天，村民1659食物耗尽！
⚠️ 第51天，村民1659缺水！
⚠️ 第51天，村民1660食物耗尽！
⚠️ 第51天，村民1660缺水！
⚠️ 第51天，村民1661食物耗尽！
⚠️ 第51天，村民1661缺水！
⚠️ 第51天，村民1662食物耗尽！
⚠️ 第51天，村民1662缺水！
⚠️ 第51天，村民1663食物耗尽！
⚠️ 第51天，村民1663缺水！
⚠️ 第51天，村民1664食物耗尽！
⚠️ 第51天，村民1664缺水！
⚠️ 第51天，村民1665食物耗尽！
⚠️ 第51天，村民1665缺水！
⚠️ 第51天，村民1666食物耗尽！
⚠️ 第51天，村民1666缺水！
⚠️ 第51天，村民1667食物耗尽！
⚠️ 第51天，村民1667缺水！
⚠️ 第51天，村民1668食物耗尽！
⚠️ 第51天，村民1668缺水！
⚠️ 第51天，村民1669食物耗尽！
⚠️ 第51天，村民1669缺水！
⚠️ 第51天，村民1670食物耗尽！
⚠️ 第51天，村民1670缺水！
⚠️ 第51天，村民1671食物耗尽！
⚠️ 第51天，村民1671缺水！
⚠️ 第51天，村民1672食物耗尽！
⚠️ 第51天，村民1672缺水！
⚠️ 第51天，村民1673食物耗尽！
⚠️ 第51天，村民1673缺水！
⚠️ 第51天，村民1674食物耗尽！
⚠️ 第51天，村民1674缺水！
⚠️ 第51天，村民1675食物耗尽！
⚠️ 第51天，村民1675缺水！
⚠️ 第51天，村民1676食物耗尽！
⚠️ 第51天，村民1676缺水！
⚠️ 第51天，村民1677食物耗尽！
⚠️ 第51天，村民1677缺水！
⚠️ 第51天，村民1678食物耗尽！
⚠️ 第51天，村民1678缺水！
⚠️ 第51天，村民1679食物耗尽！
⚠️ 第51天，村民1679缺水！
⚠️ 第51天，村民1680食物耗尽！
⚠️ 第51天，村民1680缺水！
⚠️ 第51天，村民1681食物耗尽！
⚠️ 第51天，村民1681缺水！
⚠️ 第51天，村民1682食物耗尽！
⚠️ 第51天，村民1682缺水！
⚠️ 第51天，村民1683食物耗尽！
⚠️ 第51天，村民1683缺水！
⚠️ 第51天，村民1684食物耗尽！
⚠️ 第51天，村民1684缺水！
⚠️ 第51天，村民1685食物耗尽！
⚠️ 第51天，村民1685缺水！
⚠️ 第51天，村民1686食物耗尽！
⚠️ 第51天，村民1686缺水！
⚠️ 第51天，村民1687食物耗尽！
⚠️ 第51天，村民1687缺水！
⚠️ 第51天，村民1688食物耗尽！
⚠️ 第51天，村民1688缺水！
⚠️ 第51天，村民1689食物耗尽！
⚠️ 第51天，村民1689缺水！
⚠️ 第51天，村民1690食物耗尽！
⚠️ 第51天，村民1690缺水！
⚠️ 第51天，村民1691食物耗尽！
⚠️ 第51天，村民1691缺水！
⚠️ 第51天，村民1692食物耗尽！
⚠️ 第51天，村民1692缺水！
⚠️ 第51天，村民1693食物耗尽！
⚠️ 第51天，村民1693缺水！
⚠️ 第51天，村民1694食物耗尽！
⚠️ 第51天，村民1694缺水！
⚠️ 第51天，村民1695食物耗尽！
⚠️ 第51天，村民1695缺水！
⚠️ 第51天，村民1696食物耗尽！
⚠️ 第51天，村民1696缺水！
⚠️ 第51天，村民1697食物耗尽！
⚠️ 第51天，村民1697缺水！
⚠️ 第51天，村民1698食物耗尽！
⚠️ 第51天，村民1698缺水！
⚠️ 第51天，村民1699食物耗尽！
⚠️ 第51天，村民1699缺水！
⚠️ 第51天，村民1700食物耗尽！
⚠️ 第51天，村民1700缺水！
⚠️ 第51天，村民1701食物耗尽！
⚠️ 第51天，村民1701缺水！
⚠️ 第51天，村民1702食物耗尽！
⚠️ 第51天，村民1702缺水！
⚠️ 第51天，村民1703食物耗尽！
⚠️ 第51天，村民1703缺水！
⚠️ 第51天，村民1704食物耗尽！
⚠️ 第51天，村民1704缺水！
⚠️ 第51天，村民1705食物耗尽！
⚠️ 第51天，村民1705缺水！
⚠️ 第51天，村民1706食物耗尽！
⚠️ 第51天，村民1706缺水！
⚠️ 第51天，村民1707食物耗尽！
⚠️ 第51天，村民1707缺水！
⚠️ 第51天，村民1708食物耗尽！
⚠️ 第51天，村民1708缺水！
⚠️ 第51天，村民1709食物耗尽！
⚠️ 第51天，村民1709缺水！
⚠️ 第51天，村民1710食物耗尽！
⚠️ 第51天，村民1710缺水！
⚠️ 第51天，村民1711食物耗尽！
⚠️ 第51天，村民1711缺水！
⚠️ 第51天，村民1712食物耗尽！
⚠️ 第51天，村民1712缺水！
⚠️ 第51天，村民1713食物耗尽！
⚠️ 第51天，村民1713缺水！
⚠️ 第51天，村民1714食物耗尽！
⚠️ 第51天，村民1714缺水！
⚠️ 第51天，村民1715食物耗尽！
⚠️ 第51天，村民1715缺水！
⚠️ 第51天，村民1716食物耗尽！
⚠️ 第51天，村民1716缺水！
⚠️ 第51天，村民1717食物耗尽！
⚠️ 第51天，村民1717缺水！
⚠️ 第51天，村民1718食物耗尽！
⚠️ 第51天，村民1718缺水！
⚠️ 第51天，村民1719食物耗尽！
⚠️ 第51天，村民1719缺水！
⚠️ 第51天，村民1720食物耗尽！
⚠️ 第51天，村民1720缺水！
⚠️ 第51天，村民1721食物耗尽！
⚠️ 第51天，村民1721缺水！
⚠️ 第51天，村民1722食物耗尽！
⚠️ 第51天，村民1722缺水！
⚠️ 第51天，村民1723食物耗尽！
⚠️ 第51天，村民1723缺水！
⚠️ 第51天，村民1724食物耗尽！
⚠️ 第51天，村民1724缺水！
⚠️ 第51天，村民1725食物耗尽！
⚠️ 第51天，村民1725缺水！
⚠️ 第51天，村民1726食物耗尽！
⚠️ 第51天，村民1726缺水！
⚠️ 第51天，村民1727食物耗尽！
⚠️ 第51天，村民1727缺水！
⚠️ 第51天，村民1728食物耗尽！
⚠️ 第51天，村民1728缺水！
⚠️ 第51天，村民1729食物耗尽！
⚠️ 第51天，村民1729缺水！
⚠️ 第51天，村民1730食物耗尽！
⚠️ 第51天，村民1730缺水！
⚠️ 第51天，村民1731食物耗尽！
⚠️ 第51天，村民1731缺水！
⚠️ 第51天，村民1732食物耗尽！
⚠️ 第51天，村民1732缺水！
⚠️ 第51天，村民1733食物耗尽！
⚠️ 第51天，村民1733缺水！
⚠️ 第51天，村民1734食物耗尽！
⚠️ 第51天，村民1734缺水！
⚠️ 第51天，村民1735食物耗尽！
⚠️ 第51天，村民1735缺水！
⚠️ 第51天，村民1736食物耗尽！
⚠️ 第51天，村民1736缺水！
⚠️ 第51天，村民1737食物耗尽！
⚠️ 第51天，村民1737缺水！
⚠️ 第51天，村民1738食物耗尽！
⚠️ 第51天，村民1738缺水！
⚠️ 第51天，村民1739食物耗尽！
⚠️ 第51天，村民1739缺水！
⚠️ 第51天，村民1740食物耗尽！
⚠️ 第51天，村民1740缺水！
⚠️ 第51天，村民1741食物耗尽！
⚠️ 第51天，村民1741缺水！
⚠️ 第51天，村民1742食物耗尽！
⚠️ 第51天，村民1742缺水！
⚠️ 第51天，村民1743食物耗尽！
⚠️ 第51天，村民1743缺水！
⚠️ 第51天，村民1744食物耗尽！
⚠️ 第51天，村民1744缺水！
⚠️ 第51天，村民1745食物耗尽！
⚠️ 第51天，村民1745缺水！
⚠️ 第51天，村民1746食物耗尽！
⚠️ 第51天，村民1746缺水！
⚠️ 第51天，村民1747食物耗尽！
⚠️ 第51天，村民1747缺水！
⚠️ 第51天，村民1748食物耗尽！
⚠️ 第51天，村民1748缺水！
⚠️ 第51天，村民1749食物耗尽！
⚠️ 第51天，村民1749缺水！
⚠️ 第51天，村民1750食物耗尽！
⚠️ 第51天，村民1750缺水！
⚠️ 第51天，村民1751食物耗尽！
⚠️ 第51天，村民1751缺水！
⚠️ 第51天，村民1752食物耗尽！
⚠️ 第51天，村民1752缺水！
⚠️ 第51天，村民1753食物耗尽！
⚠️ 第51天，村民1753缺水！
⚠️ 第51天，村民1754食物耗尽！
⚠️ 第51天，村民1754缺水！
⚠️ 第51天，村民1755食物耗尽！
⚠️ 第51天，村民1755缺水！
⚠️ 第51天，村民1756食物耗尽！
⚠️ 第51天，村民1756缺水！
⚠️ 第51天，村民1757食物耗尽！
⚠️ 第51天，村民1757缺水！
⚠️ 第51天，村民1758食物耗尽！
⚠️ 第51天，村民1758缺水！
⚠️ 第51天，村民1759食物耗尽！
⚠️ 第51天，村民1759缺水！
⚠️ 第51天，村民1760食物耗尽！
⚠️ 第51天，村民1760缺水！
⚠️ 第51天，村民1761食物耗尽！
⚠️ 第51天，村民1761缺水！
⚠️ 第51天，村民1762食物耗尽！
⚠️ 第51天，村民1762缺水！
⚠️ 第51天，村民1763食物耗尽！
⚠️ 第51天，村民1763缺水！
⚠️ 第51天，村民1764食物耗尽！
⚠️ 第51天，村民1764缺水！
⚠️ 第51天，村民1765食物耗尽！
⚠️ 第51天，村民1765缺水！
⚠️ 第51天，村民1766食物耗尽！
⚠️ 第51天，村民1766缺水！
⚠️ 第51天，村民1767食物耗尽！
⚠️ 第51天，村民1767缺水！
⚠️ 第51天，村民1768食物耗尽！
⚠️ 第51天，村民1768缺水！
⚠️ 第51天，村民1769食物耗尽！
⚠️ 第51天，村民1769缺水！
⚠️ 第51天，村民1770食物耗尽！
⚠️ 第51天，村民1770缺水！
⚠️ 第51天，村民1771食物耗尽！
⚠️ 第51天，村民1771缺水！
⚠️ 第51天，村民1772食物耗尽！
⚠️ 第51天，村民1772缺水！
⚠️ 第51天，村民1773食物耗尽！
⚠️ 第51天，村民1773缺水！
⚠️ 第51天，村民1774食物耗尽！
⚠️ 第51天，村民1774缺水！
⚠️ 第51天，村民1775食物耗尽！
⚠️ 第51天，村民1775缺水！
⚠️ 第51天，村民1776食物耗尽！
⚠️ 第51天，村民1776缺水！
⚠️ 第51天，村民1777食物耗尽！
⚠️ 第51天，村民1777缺水！
⚠️ 第51天，村民1778食物耗尽！
⚠️ 第51天，村民1778缺水！
⚠️ 第51天，村民1779食物耗尽！
⚠️ 第51天，村民1779缺水！
⚠️ 第51天，村民1780食物耗尽！
⚠️ 第51天，村民1780缺水！
⚠️ 第51天，村民1781食物耗尽！
⚠️ 第51天，村民1781缺水！
⚠️ 第51天，村民1782食物耗尽！
⚠️ 第51天，村民1782缺水！
⚠️ 第51天，村民1783食物耗尽！
⚠️ 第51天，村民1783缺水！
⚠️ 第51天，村民1784食物耗尽！
⚠️ 第51天，村民1784缺水！
⚠️ 第51天，村民1785食物耗尽！
⚠️ 第51天，村民1785缺水！
⚠️ 第51天，村民1786食物耗尽！
⚠️ 第51天，村民1786缺水！
⚠️ 第51天，村民1787食物耗尽！
⚠️ 第51天，村民1787缺水！
⚠️ 第51天，村民1788食物耗尽！
⚠️ 第51天，村民1788缺水！
⚠️ 第51天，村民1789食物耗尽！
⚠️ 第51天，村民1789缺水！
⚠️ 第51天，村民1790食物耗尽！
⚠️ 第51天，村民1790缺水！
⚠️ 第51天，村民1791食物耗尽！
⚠️ 第51天，村民1791缺水！
⚠️ 第51天，村民1792食物耗尽！
⚠️ 第51天，村民1792缺水！
⚠️ 第51天，村民1793食物耗尽！
⚠️ 第51天，村民1793缺水！
⚠️ 第51天，村民1794食物耗尽！
⚠️ 第51天，村民1794缺水！
⚠️ 第51天，村民1795食物耗尽！
⚠️ 第51天，村民1795缺水！
⚠️ 第51天，村民1796食物耗尽！
⚠️ 第51天，村民1796缺水！
⚠️ 第51天，村民1797食物耗尽！
⚠️ 第51天，村民1797缺水！
⚠️ 第51天，村民1798食物耗尽！
⚠️ 第51天，村民1798缺水！
⚠️ 第51天，村民1799食物耗尽！
⚠️ 第51天，村民1799缺水！
⚠️ 第51天，村民1800食物耗尽！
⚠️ 第51天，村民1800缺水！
⚠️ 第51天，村民1801食物耗尽！
⚠️ 第51天，村民1801缺水！
⚠️ 第51天，村民1802食物耗尽！
⚠️ 第51天，村民1802缺水！
⚠️ 第51天，村民1803食物耗尽！
⚠️ 第51天，村民1803缺水！
⚠️ 第51天，村民1804食物耗尽！
⚠️ 第51天，村民1804缺水！
⚠️ 第51天，村民1805食物耗尽！
⚠️ 第51天，村民1805缺水！
⚠️ 第51天，村民1806食物耗尽！
⚠️ 第51天，村民1806缺水！
⚠️ 第51天，村民1807食物耗尽！
⚠️ 第51天，村民1807缺水！
⚠️ 第51天，村民1808食物耗尽！
⚠️ 第51天，村民1808缺水！
⚠️ 第51天，村民1809食物耗尽！
⚠️ 第51天，村民1809缺水！
⚠️ 第51天，村民1810食物耗尽！
⚠️ 第51天，村民1810缺水！
⚠️ 第51天，村民1811食物耗尽！
⚠️ 第51天，村民1811缺水！
⚠️ 第51天，村民1812食物耗尽！
⚠️ 第51天，村民1812缺水！
⚠️ 第51天，村民1813食物耗尽！
⚠️ 第51天，村民1813缺水！
⚠️ 第51天，村民1814食物耗尽！
⚠️ 第51天，村民1814缺水！
⚠️ 第51天，村民1815食物耗尽！
⚠️ 第51天，村民1815缺水！
⚠️ 第51天，村民1816食物耗尽！
⚠️ 第51天，村民1816缺水！
⚠️ 第51天，村民1817食物耗尽！
⚠️ 第51天，村民1817缺水！
⚠️ 第51天，村民1818食物耗尽！
⚠️ 第51天，村民1818缺水！
⚠️ 第51天，村民1819食物耗尽！
⚠️ 第51天，村民1819缺水！
⚠️ 第51天，村民1820食物耗尽！
⚠️ 第51天，村民1820缺水！
⚠️ 第51天，村民1821食物耗尽！
⚠️ 第51天，村民1821缺水！
⚠️ 第51天，村民1822食物耗尽！
⚠️ 第51天，村民1822缺水！
⚠️ 第51天，村民1823食物耗尽！
⚠️ 第51天，村民1823缺水！
⚠️ 第51天，村民1824食物耗尽！
⚠️ 第51天，村民1824缺水！
⚠️ 第51天，村民1825食物耗尽！
⚠️ 第51天，村民1825缺水！
⚠️ 第51天，村民1826食物耗尽！
⚠️ 第51天，村民1826缺水！
⚠️ 第51天，村民1827食物耗尽！
⚠️ 第51天，村民1827缺水！
⚠️ 第51天，村民1828食物耗尽！
⚠️ 第51天，村民1828缺水！
⚠️ 第51天，村民1829食物耗尽！
⚠️ 第51天，村民1829缺水！
⚠️ 第51天，村民1830食物耗尽！
⚠️ 第51天，村民1830缺水！
⚠️ 第51天，村民1831食物耗尽！
⚠️ 第51天，村民1831缺水！
⚠️ 第51天，村民1832食物耗尽！
⚠️ 第51天，村民1832缺水！
⚠️ 第51天，村民1833食物耗尽！
⚠️ 第51天，村民1833缺水！
⚠️ 第51天，村民1834食物耗尽！
⚠️ 第51天，村民1834缺水！
⚠️ 第51天，村民1835食物耗尽！
⚠️ 第51天，村民1835缺水！
⚠️ 第51天，村民1836食物耗尽！
⚠️ 第51天，村民1836缺水！
⚠️ 第51天，村民1837食物耗尽！
⚠️ 第51天，村民1837缺水！
⚠️ 第51天，村民1838食物耗尽！
⚠️ 第51天，村民1838缺水！
⚠️ 第51天，村民1839食物耗尽！
⚠️ 第51天，村民1839缺水！
⚠️ 第51天，村民1840食物耗尽！
⚠️ 第51天，村民1840缺水！
⚠️ 第51天，村民1841食物耗尽！
⚠️ 第51天，村民1841缺水！
⚠️ 第51天，村民1842食物耗尽！
⚠️ 第51天，村民1842缺水！
⚠️ 第51天，村民1843食物耗尽！
⚠️ 第51天，村民1843缺水！
⚠️ 第51天，村民1844食物耗尽！
⚠️ 第51天，村民1844缺水！
⚠️ 第51天，村民1845食物耗尽！
⚠️ 第51天，村民1845缺水！
⚠️ 第51天，村民1846食物耗尽！
⚠️ 第51天，村民1846缺水！
⚠️ 第51天，村民1847食物耗尽！
⚠️ 第51天，村民1847缺水！
⚠️ 第51天，村民1848食物耗尽！
⚠️ 第51天，村民1848缺水！
⚠️ 第51天，村民1849食物耗尽！
⚠️ 第51天，村民1849缺水！
⚠️ 第51天，村民1850食物耗尽！
⚠️ 第51天，村民1850缺水！
⚠️ 第51天，村民1851食物耗尽！
⚠️ 第51天，村民1851缺水！
⚠️ 第51天，村民1852食物耗尽！
⚠️ 第51天，村民1852缺水！
⚠️ 第51天，村民1853食物耗尽！
⚠️ 第51天，村民1853缺水！
⚠️ 第51天，村民1854食物耗尽！
⚠️ 第51天，村民1854缺水！
⚠️ 第51天，村民1855食物耗尽！
⚠️ 第51天，村民1855缺水！
⚠️ 第51天，村民1856食物耗尽！
⚠️ 第51天，村民1856缺水！
⚠️ 第51天，村民1857食物耗尽！
⚠️ 第51天，村民1857缺水！
⚠️ 第51天，村民1858食物耗尽！
⚠️ 第51天，村民1858缺水！
⚠️ 第51天，村民1859食物耗尽！
⚠️ 第51天，村民1859缺水！
⚠️ 第51天，村民1860食物耗尽！
⚠️ 第51天，村民1860缺水！
⚠️ 第51天，村民1861食物耗尽！
⚠️ 第51天，村民1861缺水！
⚠️ 第51天，村民1862食物耗尽！
⚠️ 第51天，村民1862缺水！
⚠️ 第51天，村民1863食物耗尽！
⚠️ 第51天，村民1863缺水！
⚠️ 第51天，村民1864食物耗尽！
⚠️ 第51天，村民1864缺水！
⚠️ 第51天，村民1865食物耗尽！
⚠️ 第51天，村民1865缺水！
⚠️ 第51天，村民1866食物耗尽！
⚠️ 第51天，村民1866缺水！
⚠️ 第51天，村民1867食物耗尽！
⚠️ 第51天，村民1867缺水！
⚠️ 第51天，村民1868食物耗尽！
⚠️ 第51天，村民1868缺水！
⚠️ 第51天，村民1869食物耗尽！
⚠️ 第51天，村民1869缺水！
⚠️ 第51天，村民1870食物耗尽！
⚠️ 第51天，村民1870缺水！
⚠️ 第51天，村民1871食物耗尽！
⚠️ 第51天，村民1871缺水！
⚠️ 第51天，村民1872食物耗尽！
⚠️ 第51天，村民1872缺水！
⚠️ 第51天，村民1873食物耗尽！
⚠️ 第51天，村民1873缺水！
⚠️ 第51天，村民1874食物耗尽！
⚠️ 第51天，村民1874缺水！
⚠️ 第51天，村民1875食物耗尽！
⚠️ 第51天，村民1875缺水！
⚠️ 第51天，村民1876食物耗尽！
⚠️ 第51天，村民1876缺水！
⚠️ 第51天，村民1877食物耗尽！
⚠️ 第51天，村民1877缺水！
⚠️ 第51天，村民1878食物耗尽！
⚠️ 第51天，村民1878缺水！
⚠️ 第51天，村民1879食物耗尽！
⚠️ 第51天，村民1879缺水！
⚠️ 第51天，村民1880食物耗尽！
⚠️ 第51天，村民1880缺水！
⚠️ 第51天，村民1881食物耗尽！
⚠️ 第51天，村民1881缺水！
⚠️ 第51天，村民1882食物耗尽！
⚠️ 第51天，村民1882缺水！
⚠️ 第51天，村民1883食物耗尽！
⚠️ 第51天，村民1883缺水！
⚠️ 第51天，村民1884食物耗尽！
⚠️ 第51天，村民1884缺水！
⚠️ 第51天，村民1885食物耗尽！
⚠️ 第51天，村民1885缺水！
⚠️ 第51天，村民1886食物耗尽！
⚠️ 第51天，村民1886缺水！
⚠️ 第51天，村民1887食物耗尽！
⚠️ 第51天，村民1887缺水！
⚠️ 第51天，村民1888食物耗尽！
⚠️ 第51天，村民1888缺水！
⚠️ 第51天，村民1889食物耗尽！
⚠️ 第51天，村民1889缺水！
⚠️ 第51天，村民1890食物耗尽！
⚠️ 第51天，村民1890缺水！
⚠️ 第51天，村民1891食物耗尽！
⚠️ 第51天，村民1891缺水！
⚠️ 第51天，村民1892食物耗尽！
⚠️ 第51天，村民1892缺水！
⚠️ 第51天，村民1893食物耗尽！
⚠️ 第51天，村民1893缺水！
⚠️ 第51天，村民1894食物耗尽！
⚠️ 第51天，村民1894缺水！
⚠️ 第51天，村民1895食物耗尽！
⚠️ 第51天，村民1895缺水！
⚠️ 第51天，村民1896食物耗尽！
⚠️ 第51天，村民1896缺水！
⚠️ 第51天，村民1897食物耗尽！
⚠️ 第51天，村民1897缺水！
⚠️ 第51天，村民1898食物耗尽！
⚠️ 第51天，村民1898缺水！
⚠️ 第51天，村民1899食物耗尽！
⚠️ 第51天，村民1899缺水！
⚠️ 第51天，村民1900食物耗尽！
⚠️ 第51天，村民1900缺水！
⚠️ 第51天，村民1901食物耗尽！
⚠️ 第51天，村民1901缺水！
⚠️ 第51天，村民1902食物耗尽！
⚠️ 第51天，村民1902缺水！
⚠️ 第51天，村民1903食物耗尽！
⚠️ 第51天，村民1903缺水！
⚠️ 第51天，村民1904食物耗尽！
⚠️ 第51天，村民1904缺水！
⚠️ 第51天，村民1905食物耗尽！
⚠️ 第51天，村民1905缺水！
⚠️ 第51天，村民1906食物耗尽！
⚠️ 第51天，村民1906缺水！
⚠️ 第51天，村民1907食物耗尽！
⚠️ 第51天，村民1907缺水！
⚠️ 第51天，村民1908食物耗尽！
⚠️ 第51天，村民1908缺水！
⚠️ 第51天，村民1909食物耗尽！
⚠️ 第51天，村民1909缺水！
⚠️ 第51天，村民1910食物耗尽！
⚠️ 第51天，村民1910缺水！
⚠️ 第51天，村民1911食物耗尽！
⚠️ 第51天，村民1911缺水！
⚠️ 第51天，村民1912食物耗尽！
⚠️ 第51天，村民1912缺水！
⚠️ 第51天，村民1913食物耗尽！
⚠️ 第51天，村民1913缺水！
⚠️ 第51天，村民1914食物耗尽！
⚠️ 第51天，村民1914缺水！
⚠️ 第51天，村民1915食物耗尽！
⚠️ 第51天，村民1915缺水！
⚠️ 第51天，村民1916食物耗尽！
⚠️ 第51天，村民1916缺水！
⚠️ 第51天，村民1917食物耗尽！
⚠️ 第51天，村民1917缺水！
⚠️ 第51天，村民1918食物耗尽！
⚠️ 第51天，村民1918缺水！
⚠️ 第51天，村民1919食物耗尽！
⚠️ 第51天，村民1919缺水！
⚠️ 第51天，村民1920食物耗尽！
⚠️ 第51天，村民1920缺水！
⚠️ 第51天，村民1921食物耗尽！
⚠️ 第51天，村民1921缺水！
⚠️ 第51天，村民1922食物耗尽！
⚠️ 第51天，村民1922缺水！
⚠️ 第51天，村民1923食物耗尽！
⚠️ 第51天，村民1923缺水！
⚠️ 第51天，村民1924食物耗尽！
⚠️ 第51天，村民1924缺水！
⚠️ 第51天，村民1925食物耗尽！
⚠️ 第51天，村民1925缺水！
⚠️ 第51天，村民1926食物耗尽！
⚠️ 第51天，村民1926缺水！
⚠️ 第51天，村民1927食物耗尽！
⚠️ 第51天，村民1927缺水！
⚠️ 第51天，村民1928食物耗尽！
⚠️ 第51天，村民1928缺水！
⚠️ 第51天，村民1929食物耗尽！
⚠️ 第51天，村民1929缺水！
⚠️ 第51天，村民1930食物耗尽！
⚠️ 第51天，村民1930缺水！
⚠️ 第51天，村民1931食物耗尽！
⚠️ 第51天，村民1931缺水！
⚠️ 第51天，村民1932食物耗尽！
⚠️ 第51天，村民1932缺水！
⚠️ 第51天，村民1933食物耗尽！
⚠️ 第51天，村民1933缺水！
⚠️ 第51天，村民1934食物耗尽！
⚠️ 第51天，村民1934缺水！
⚠️ 第51天，村民1935食物耗尽！
⚠️ 第51天，村民1935缺水！
⚠️ 第51天，村民1936食物耗尽！
⚠️ 第51天，村民1936缺水！
⚠️ 第51天，村民1937食物耗尽！
⚠️ 第51天，村民1937缺水！
⚠️ 第51天，村民1938食物耗尽！
⚠️ 第51天，村民1938缺水！
⚠️ 第51天，村民1939食物耗尽！
⚠️ 第51天，村民1939缺水！
⚠️ 第51天，村民1940食物耗尽！
⚠️ 第51天，村民1940缺水！
⚠️ 第51天，村民1941食物耗尽！
⚠️ 第51天，村民1941缺水！
⚠️ 第51天，村民1942食物耗尽！
⚠️ 第51天，村民1942缺水！
⚠️ 第51天，村民1943食物耗尽！
⚠️ 第51天，村民1943缺水！
⚠️ 第51天，村民1944食物耗尽！
⚠️ 第51天，村民1944缺水！
⚠️ 第51天，村民1945食物耗尽！
⚠️ 第51天，村民1945缺水！
⚠️ 第51天，村民1946食物耗尽！
⚠️ 第51天，村民1946缺水！
⚠️ 第51天，村民1947食物耗尽！
⚠️ 第51天，村民1947缺水！
⚠️ 第51天，村民1948食物耗尽！
⚠️ 第51天，村民1948缺水！
⚠️ 第51天，村民1949食物耗尽！
⚠️ 第51天，村民1949缺水！
⚠️ 第51天，村民1950食物耗尽！
⚠️ 第51天，村民1950缺水！
⚠️ 第51天，村民1951食物耗尽！
⚠️ 第51天，村民1951缺水！
⚠️ 第51天，村民1952食物耗尽！
⚠️ 第51天，村民1952缺水！
⚠️ 第51天，村民1953食物耗尽！
⚠️ 第51天，村民1953缺水！
⚠️ 第51天，村民1954食物耗尽！
⚠️ 第51天，村民1954缺水！
⚠️ 第51天，村民1955食物耗尽！
⚠️ 第51天，村民1955缺水！
⚠️ 第51天，村民1956食物耗尽！
⚠️ 第51天，村民1956缺水！
⚠️ 第51天，村民1957食物耗尽！
⚠️ 第51天，村民1957缺水！
⚠️ 第51天，村民1958食物耗尽！
⚠️ 第51天，村民1958缺水！
⚠️ 第51天，村民1959食物耗尽！
⚠️ 第51天，村民1959缺水！
⚠️ 第51天，村民1960食物耗尽！
⚠️ 第51天，村民1960缺水！
⚠️ 第51天，村民1961食物耗尽！
⚠️ 第51天，村民1961缺水！
⚠️ 第51天，村民1962食物耗尽！
⚠️ 第51天，村民1962缺水！
⚠️ 第51天，村民1963食物耗尽！
⚠️ 第51天，村民1963缺水！
⚠️ 第51天，村民1964食物耗尽！
⚠️ 第51天，村民1964缺水！
⚠️ 第51天，村民1965食物耗尽！
⚠️ 第51天，村民1965缺水！
⚠️ 第51天，村民1966食物耗尽！
⚠️ 第51天，村民1966缺水！
⚠️ 第51天，村民1967食物耗尽！
⚠️ 第51天，村民1967缺水！
⚠️ 第51天，村民1968食物耗尽！
⚠️ 第51天，村民1968缺水！
⚠️ 第51天，村民1969食物耗尽！
⚠️ 第51天，村民1969缺水！
⚠️ 第51天，村民1970食物耗尽！
⚠️ 第51天，村民1970缺水！
⚠️ 第51天，村民1971食物耗尽！
⚠️ 第51天，村民1971缺水！
⚠️ 第51天，村民1972食物耗尽！
⚠️ 第51天，村民1972缺水！
⚠️ 第51天，村民1973食物耗尽！
⚠️ 第51天，村民1973缺水！
⚠️ 第51天，村民1974食物耗尽！
⚠️ 第51天，村民1974缺水！
⚠️ 第51天，村民1975食物耗尽！
⚠️ 第51天，村民1975缺水！
⚠️ 第51天，村民1976食物耗尽！
⚠️ 第51天，村民1976缺水！
⚠️ 第51天，村民1977食物耗尽！
⚠️ 第51天，村民1977缺水！
⚠️ 第51天，村民1978食物耗尽！
⚠️ 第51天，村民1978缺水！
⚠️ 第51天，村民1979食物耗尽！
⚠️ 第51天，村民1979缺水！
⚠️ 第51天，村民1980食物耗尽！
⚠️ 第51天，村民1980缺水！
⚠️ 第51天，村民1981食物耗尽！
⚠️ 第51天，村民1981缺水！
⚠️ 第51天，村民1982食物耗尽！
⚠️ 第51天，村民1982缺水！
⚠️ 第51天，村民1983食物耗尽！
⚠️ 第51天，村民1983缺水！
⚠️ 第51天，村民1984食物耗尽！
⚠️ 第51天，村民1984缺水！
⚠️ 第51天，村民1985食物耗尽！
⚠️ 第51天，村民1985缺水！
⚠️ 第51天，村民1986食物耗尽！
⚠️ 第51天，村民1986缺水！
⚠️ 第51天，村民1987食物耗尽！
⚠️ 第51天，村民1987缺水！
⚠️ 第51天，村民1988食物耗尽！
⚠️ 第51天，村民1988缺水！
⚠️ 第51天，村民1989食物耗尽！
⚠️ 第51天，村民1989缺水！
⚠️ 第51天，村民1990食物耗尽！
⚠️ 第51天，村民1990缺水！
⚠️ 第51天，村民1991食物耗尽！
⚠️ 第51天，村民1991缺水！
⚠️ 第51天，村民1992食物耗尽！
⚠️ 第51天，村民1992缺水！
⚠️ 第51天，村民1993食物耗尽！
⚠️ 第51天，村民1993缺水！
⚠️ 第51天，村民1994食物耗尽！
⚠️ 第51天，村民1994缺水！
⚠️ 第51天，村民1995食物耗尽！
⚠️ 第51天，村民1995缺水！
⚠️ 第51天，村民1996食物耗尽！
⚠️ 第51天，村民1996缺水！
⚠️ 第51天，村民1997食物耗尽！
⚠️ 第51天，村民1997缺水！
⚠️ 第51天，村民1998食物耗尽！
⚠️ 第51天，村民1998缺水！
⚠️ 第51天，村民1999食物耗尽！
⚠️ 第51天，村民1999缺水！
⚠️ 第51天，村民2000食物耗尽！
⚠️ 第51天，村民2000缺水！
📊 第52天结束：当前村庄共有 2000 人存活。
⚠️ 第52天，村民1食物耗尽！
⚠️ 第52天，村民1缺水！
⚠️ 第52天，村民2食物耗尽！
⚠️ 第52天，村民2缺水！
⚠️ 第52天，村民3食物耗尽！
⚠️ 第52天，村民3缺水！
⚠️ 第52天，村民4食物耗尽！
⚠️ 第52天，村民4缺水！
⚠️ 第52天，村民5食物耗尽！
⚠️ 第52天，村民5缺水！
⚠️ 第52天，村民6食物耗尽！
⚠️ 第52天，村民6缺水！
⚠️ 第52天，村民7食物耗尽！
⚠️ 第52天，村民7缺水！
⚠️ 第52天，村民8食物耗尽！
⚠️ 第52天，村民8缺水！
⚠️ 第52天，村民9食物耗尽！
⚠️ 第52天，村民9缺水！
⚠️ 第52天，村民10食物耗尽！
⚠️ 第52天，村民10缺水！
⚠️ 第52天，村民11食物耗尽！
⚠️ 第52天，村民11缺水！
⚠️ 第52天，村民12食物耗尽！
⚠️ 第52天，村民12缺水！
⚠️ 第52天，村民13食物耗尽！
⚠️ 第52天，村民13缺水！
⚠️ 第52天，村民14食物耗尽！
⚠️ 第52天，村民14缺水！
⚠️ 第52天，村民15食物耗尽！
⚠️ 第52天，村民15缺水！
⚠️ 第52天，村民16食物耗尽！
⚠️ 第52天，村民16缺水！
⚠️ 第52天，村民17食物耗尽！
⚠️ 第52天，村民17缺水！
⚠️ 第52天，村民18食物耗尽！
⚠️ 第52天，村民18缺水！
⚠️ 第52天，村民19食物耗尽！
⚠️ 第52天，村民19缺水！
⚠️ 第52天，村民20食物耗尽！
⚠️ 第52天，村民20缺水！
⚠️ 第52天，村民21食物耗尽！
⚠️ 第52天，村民21缺水！
⚠️ 第52天，村民22食物耗尽！
⚠️ 第52天，村民22缺水！
⚠️ 第52天，村民23食物耗尽！
⚠️ 第52天，村民23缺水！
⚠️ 第52天，村民24食物耗尽！
⚠️ 第52天，村民24缺水！
⚠️ 第52天，村民25食物耗尽！
⚠️ 第52天，村民25缺水！
⚠️ 第52天，村民26食物耗尽！
⚠️ 第52天，村民26缺水！
⚠️ 第52天，村民27食物耗尽！
⚠️ 第52天，村民27缺水！
⚠️ 第52天，村民28食物耗尽！
⚠️ 第52天，村民28缺水！
⚠️ 第52天，村民29食物耗尽！
⚠️ 第52天，村民29缺水！
⚠️ 第52天，村民30食物耗尽！
⚠️ 第52天，村民30缺水！
⚠️ 第52天，村民31食物耗尽！
⚠️ 第52天，村民31缺水！
⚠️ 第52天，村民32食物耗尽！
⚠️ 第52天，村民32缺水！
⚠️ 第52天，村民33食物耗尽！
⚠️ 第52天，村民33缺水！
⚠️ 第52天，村民34食物耗尽！
⚠️ 第52天，村民34缺水！
⚠️ 第52天，村民35食物耗尽！
⚠️ 第52天，村民35缺水！
⚠️ 第52天，村民36食物耗尽！
⚠️ 第52天，村民36缺水！
⚠️ 第52天，村民37食物耗尽！
⚠️ 第52天，村民37缺水！
⚠️ 第52天，村民38食物耗尽！
⚠️ 第52天，村民38缺水！
⚠️ 第52天，村民39食物耗尽！
⚠️ 第52天，村民39缺水！
⚠️ 第52天，村民40食物耗尽！
⚠️ 第52天，村民40缺水！
⚠️ 第52天，村民41食物耗尽！
⚠️ 第52天，村民41缺水！
⚠️ 第52天，村民42食物耗尽！
⚠️ 第52天，村民42缺水！
⚠️ 第52天，村民43食物耗尽！
⚠️ 第52天，村民43缺水！
⚠️ 第52天，村民44食物耗尽！
⚠️ 第52天，村民44缺水！
⚠️ 第52天，村民45食物耗尽！
⚠️ 第52天，村民45缺水！
⚠️ 第52天，村民46食物耗尽！
⚠️ 第52天，村民46缺水！
⚠️ 第52天，村民47食物耗尽！
⚠️ 第52天，村民47缺水！
⚠️ 第52天，村民48食物耗尽！
⚠️ 第52天，村民48缺水！
⚠️ 第52天，村民49食物耗尽！
⚠️ 第52天，村民49缺水！
⚠️ 第52天，村民50食物耗尽！
⚠️ 第52天，村民50缺水！
⚠️ 第52天，村民51食物耗尽！
⚠️ 第52天，村民51缺水！
⚠️ 第52天，村民52食物耗尽！
⚠️ 第52天，村民52缺水！
⚠️ 第52天，村民53食物耗尽！
⚠️ 第52天，村民53缺水！
⚠️ 第52天，村民54食物耗尽！
⚠️ 第52天，村民54缺水！
⚠️ 第52天，村民55食物耗尽！
⚠️ 第52天，村民55缺水！
⚠️ 第52天，村民56食物耗尽！
⚠️ 第52天，村民56缺水！
⚠️ 第52天，村民57食物耗尽！
⚠️ 第52天，村民57缺水！
⚠️ 第52天，村民58食物耗尽！
⚠️ 第52天，村民58缺水！
⚠️ 第52天，村民59食物耗尽！
⚠️ 第52天，村民59缺水！
⚠️ 第52天，村民60食物耗尽！
⚠️ 第52天，村民60缺水！
⚠️ 第52天，村民61食物耗尽！
⚠️ 第52天，村民61缺水！
⚠️ 第52天，村民62食物耗尽！
⚠️ 第52天，村民62缺水！
⚠️ 第52天，村民63食物耗尽！
⚠️ 第52天，村民63缺水！
⚠️ 第52天，村民64食物耗尽！
⚠️ 第52天，村民64缺水！
⚠️ 第52天，村民65食物耗尽！
⚠️ 第52天，村民65缺水！
⚠️ 第52天，村民66食物耗尽！
⚠️ 第52天，村民66缺水！
⚠️ 第52天，村民67食物耗尽！
⚠️ 第52天，村民67缺水！
⚠️ 第52天，村民68食物耗尽！
⚠️ 第52天，村民68缺水！
⚠️ 第52天，村民69食物耗尽！
⚠️ 第52天，村民69缺水！
⚠️ 第52天，村民70食物耗尽！
⚠️ 第52天，村民70缺水！
⚠️ 第52天，村民71食物耗尽！
⚠️ 第52天，村民71缺水！
⚠️ 第52天，村民72食物耗尽！
⚠️ 第52天，村民72缺水！
⚠️ 第52天，村民73食物耗尽！
⚠️ 第52天，村民73缺水！
⚠️ 第52天，村民74食物耗尽！
⚠️ 第52天，村民74缺水！
⚠️ 第52天，村民75食物耗尽！
⚠️ 第52天，村民75缺水！
⚠️ 第52天，村民76食物耗尽！
⚠️ 第52天，村民76缺水！
⚠️ 第52天，村民77食物耗尽！
⚠️ 第52天，村民77缺水！
⚠️ 第52天，村民78食物耗尽！
⚠️ 第52天，村民78缺水！
⚠️ 第52天，村民79食物耗尽！
⚠️ 第52天，村民79缺水！
⚠️ 第52天，村民80食物耗尽！
⚠️ 第52天，村民80缺水！
⚠️ 第52天，村民81食物耗尽！
⚠️ 第52天，村民81缺水！
⚠️ 第52天，村民82食物耗尽！
⚠️ 第52天，村民82缺水！
⚠️ 第52天，村民83食物耗尽！
⚠️ 第52天，村民83缺水！
⚠️ 第52天，村民84食物耗尽！
⚠️ 第52天，村民84缺水！
⚠️ 第52天，村民85食物耗尽！
⚠️ 第52天，村民85缺水！
⚠️ 第52天，村民86食物耗尽！
⚠️ 第52天，村民86缺水！
⚠️ 第52天，村民87食物耗尽！
⚠️ 第52天，村民87缺水！
⚠️ 第52天，村民88食物耗尽！
⚠️ 第52天，村民88缺水！
⚠️ 第52天，村民89食物耗尽！
⚠️ 第52天，村民89缺水！
⚠️ 第52天，村民90食物耗尽！
⚠️ 第52天，村民90缺水！
⚠️ 第52天，村民91食物耗尽！
⚠️ 第52天，村民91缺水！
⚠️ 第52天，村民92食物耗尽！
⚠️ 第52天，村民92缺水！
⚠️ 第52天，村民93食物耗尽！
⚠️ 第52天，村民93缺水！
⚠️ 第52天，村民94食物耗尽！
⚠️ 第52天，村民94缺水！
⚠️ 第52天，村民95食物耗尽！
⚠️ 第52天，村民95缺水！
⚠️ 第52天，村民96食物耗尽！
⚠️ 第52天，村民96缺水！
⚠️ 第52天，村民97食物耗尽！
⚠️ 第52天，村民97缺水！
⚠️ 第52天，村民98食物耗尽！
⚠️ 第52天，村民98缺水！
⚠️ 第52天，村民99食物耗尽！
⚠️ 第52天，村民99缺水！
⚠️ 第52天，村民100食物耗尽！
⚠️ 第52天，村民100缺水！
⚠️ 第52天，村民101食物耗尽！
⚠️ 第52天，村民101缺水！
⚠️ 第52天，村民102食物耗尽！
⚠️ 第52天，村民102缺水！
⚠️ 第52天，村民103食物耗尽！
⚠️ 第52天，村民103缺水！
⚠️ 第52天，村民104食物耗尽！
⚠️ 第52天，村民104缺水！
⚠️ 第52天，村民105食物耗尽！
⚠️ 第52天，村民105缺水！
⚠️ 第52天，村民106食物耗尽！
⚠️ 第52天，村民106缺水！
⚠️ 第52天，村民107食物耗尽！
⚠️ 第52天，村民107缺水！
⚠️ 第52天，村民108食物耗尽！
⚠️ 第52天，村民108缺水！
⚠️ 第52天，村民109食物耗尽！
⚠️ 第52天，村民109缺水！
⚠️ 第52天，村民110食物耗尽！
⚠️ 第52天，村民110缺水！
⚠️ 第52天，村民111食物耗尽！
⚠️ 第52天，村民111缺水！
⚠️ 第52天，村民112食物耗尽！
⚠️ 第52天，村民112缺水！
⚠️ 第52天，村民113食物耗尽！
⚠️ 第52天，村民113缺水！
⚠️ 第52天，村民114食物耗尽！
⚠️ 第52天，村民114缺水！
⚠️ 第52天，村民115食物耗尽！
⚠️ 第52天，村民115缺水！
⚠️ 第52天，村民116食物耗尽！
⚠️ 第52天，村民116缺水！
⚠️ 第52天，村民117食物耗尽！
⚠️ 第52天，村民117缺水！
⚠️ 第52天，村民118食物耗尽！
⚠️ 第52天，村民118缺水！
⚠️ 第52天，村民119食物耗尽！
⚠️ 第52天，村民119缺水！
⚠️ 第52天，村民120食物耗尽！
⚠️ 第52天，村民120缺水！
⚠️ 第52天，村民121食物耗尽！
⚠️ 第52天，村民121缺水！
⚠️ 第52天，村民122食物耗尽！
⚠️ 第52天，村民122缺水！
⚠️ 第52天，村民123食物耗尽！
⚠️ 第52天，村民123缺水！
⚠️ 第52天，村民124食物耗尽！
⚠️ 第52天，村民124缺水！
⚠️ 第52天，村民125食物耗尽！
⚠️ 第52天，村民125缺水！
⚠️ 第52天，村民126食物耗尽！
⚠️ 第52天，村民126缺水！
⚠️ 第52天，村民127食物耗尽！
⚠️ 第52天，村民127缺水！
⚠️ 第52天，村民128食物耗尽！
⚠️ 第52天，村民128缺水！
⚠️ 第52天，村民129食物耗尽！
⚠️ 第52天，村民129缺水！
⚠️ 第52天，村民130食物耗尽！
⚠️ 第52天，村民130缺水！
⚠️ 第52天，村民131食物耗尽！
⚠️ 第52天，村民131缺水！
⚠️ 第52天，村民132食物耗尽！
⚠️ 第52天，村民132缺水！
⚠️ 第52天，村民133食物耗尽！
⚠️ 第52天，村民133缺水！
⚠️ 第52天，村民134食物耗尽！
⚠️ 第52天，村民134缺水！
⚠️ 第52天，村民135食物耗尽！
⚠️ 第52天，村民135缺水！
⚠️ 第52天，村民136食物耗尽！
⚠️ 第52天，村民136缺水！
⚠️ 第52天，村民137食物耗尽！
⚠️ 第52天，村民137缺水！
⚠️ 第52天，村民138食物耗尽！
⚠️ 第52天，村民138缺水！
⚠️ 第52天，村民139食物耗尽！
⚠️ 第52天，村民139缺水！
⚠️ 第52天，村民140食物耗尽！
⚠️ 第52天，村民140缺水！
⚠️ 第52天，村民141食物耗尽！
⚠️ 第52天，村民141缺水！
⚠️ 第52天，村民142食物耗尽！
⚠️ 第52天，村民142缺水！
⚠️ 第52天，村民143食物耗尽！
⚠️ 第52天，村民143缺水！
⚠️ 第52天，村民144食物耗尽！
⚠️ 第52天，村民144缺水！
⚠️ 第52天，村民145食物耗尽！
⚠️ 第52天，村民145缺水！
⚠️ 第52天，村民146食物耗尽！
⚠️ 第52天，村民146缺水！
⚠️ 第52天，村民147食物耗尽！
⚠️ 第52天，村民147缺水！
⚠️ 第52天，村民148食物耗尽！
⚠️ 第52天，村民148缺水！
⚠️ 第52天，村民149食物耗尽！
⚠️ 第52天，村民149缺水！
⚠️ 第52天，村民150食物耗尽！
⚠️ 第52天，村民150缺水！
⚠️ 第52天，村民151食物耗尽！
⚠️ 第52天，村民151缺水！
⚠️ 第52天，村民152食物耗尽！
⚠️ 第52天，村民152缺水！
⚠️ 第52天，村民153食物耗尽！
⚠️ 第52天，村民153缺水！
⚠️ 第52天，村民154食物耗尽！
⚠️ 第52天，村民154缺水！
⚠️ 第52天，村民155食物耗尽！
⚠️ 第52天，村民155缺水！
⚠️ 第52天，村民156食物耗尽！
⚠️ 第52天，村民156缺水！
⚠️ 第52天，村民157食物耗尽！
⚠️ 第52天，村民157缺水！
⚠️ 第52天，村民158食物耗尽！
⚠️ 第52天，村民158缺水！
⚠️ 第52天，村民159食物耗尽！
⚠️ 第52天，村民159缺水！
⚠️ 第52天，村民160食物耗尽！
⚠️ 第52天，村民160缺水！
⚠️ 第52天，村民161食物耗尽！
⚠️ 第52天，村民161缺水！
⚠️ 第52天，村民162食物耗尽！
⚠️ 第52天，村民162缺水！
⚠️ 第52天，村民163食物耗尽！
⚠️ 第52天，村民163缺水！
⚠️ 第52天，村民164食物耗尽！
⚠️ 第52天，村民164缺水！
⚠️ 第52天，村民165食物耗尽！
⚠️ 第52天，村民165缺水！
⚠️ 第52天，村民166食物耗尽！
⚠️ 第52天，村民166缺水！
⚠️ 第52天，村民167食物耗尽！
⚠️ 第52天，村民167缺水！
⚠️ 第52天，村民168食物耗尽！
⚠️ 第52天，村民168缺水！
⚠️ 第52天，村民169食物耗尽！
⚠️ 第52天，村民169缺水！
⚠️ 第52天，村民170食物耗尽！
⚠️ 第52天，村民170缺水！
⚠️ 第52天，村民171食物耗尽！
⚠️ 第52天，村民171缺水！
⚠️ 第52天，村民172食物耗尽！
⚠️ 第52天，村民172缺水！
⚠️ 第52天，村民173食物耗尽！
⚠️ 第52天，村民173缺水！
⚠️ 第52天，村民174食物耗尽！
⚠️ 第52天，村民174缺水！
⚠️ 第52天，村民175食物耗尽！
⚠️ 第52天，村民175缺水！
⚠️ 第52天，村民176食物耗尽！
⚠️ 第52天，村民176缺水！
⚠️ 第52天，村民177食物耗尽！
⚠️ 第52天，村民177缺水！
⚠️ 第52天，村民178食物耗尽！
⚠️ 第52天，村民178缺水！
⚠️ 第52天，村民179食物耗尽！
⚠️ 第52天，村民179缺水！
⚠️ 第52天，村民180食物耗尽！
⚠️ 第52天，村民180缺水！
⚠️ 第52天，村民181食物耗尽！
⚠️ 第52天，村民181缺水！
⚠️ 第52天，村民182食物耗尽！
⚠️ 第52天，村民182缺水！
⚠️ 第52天，村民183食物耗尽！
⚠️ 第52天，村民183缺水！
⚠️ 第52天，村民184食物耗尽！
⚠️ 第52天，村民184缺水！
⚠️ 第52天，村民185食物耗尽！
⚠️ 第52天，村民185缺水！
⚠️ 第52天，村民186食物耗尽！
⚠️ 第52天，村民186缺水！
⚠️ 第52天，村民187食物耗尽！
⚠️ 第52天，村民187缺水！
⚠️ 第52天，村民188食物耗尽！
⚠️ 第52天，村民188缺水！
⚠️ 第52天，村民189食物耗尽！
⚠️ 第52天，村民189缺水！
⚠️ 第52天，村民190食物耗尽！
⚠️ 第52天，村民190缺水！
⚠️ 第52天，村民191食物耗尽！
⚠️ 第52天，村民191缺水！
⚠️ 第52天，村民192食物耗尽！
⚠️ 第52天，村民192缺水！
⚠️ 第52天，村民193食物耗尽！
⚠️ 第52天，村民193缺水！
⚠️ 第52天，村民194食物耗尽！
⚠️ 第52天，村民194缺水！
⚠️ 第52天，村民195食物耗尽！
⚠️ 第52天，村民195缺水！
⚠️ 第52天，村民196食物耗尽！
⚠️ 第52天，村民196缺水！
⚠️ 第52天，村民197食物耗尽！
⚠️ 第52天，村民197缺水！
⚠️ 第52天，村民198食物耗尽！
⚠️ 第52天，村民198缺水！
⚠️ 第52天，村民199食物耗尽！
⚠️ 第52天，村民199缺水！
⚠️ 第52天，村民200食物耗尽！
⚠️ 第52天，村民200缺水！
⚠️ 第52天，村民201食物耗尽！
⚠️ 第52天，村民201缺水！
⚠️ 第52天，村民202食物耗尽！
⚠️ 第52天，村民202缺水！
⚠️ 第52天，村民203食物耗尽！
⚠️ 第52天，村民203缺水！
⚠️ 第52天，村民204食物耗尽！
⚠️ 第52天，村民204缺水！
⚠️ 第52天，村民205食物耗尽！
⚠️ 第52天，村民205缺水！
⚠️ 第52天，村民206食物耗尽！
⚠️ 第52天，村民206缺水！
⚠️ 第52天，村民207食物耗尽！
⚠️ 第52天，村民207缺水！
⚠️ 第52天，村民208食物耗尽！
⚠️ 第52天，村民208缺水！
⚠️ 第52天，村民209食物耗尽！
⚠️ 第52天，村民209缺水！
⚠️ 第52天，村民210食物耗尽！
⚠️ 第52天，村民210缺水！
⚠️ 第52天，村民211食物耗尽！
⚠️ 第52天，村民211缺水！
⚠️ 第52天，村民212食物耗尽！
⚠️ 第52天，村民212缺水！
⚠️ 第52天，村民213食物耗尽！
⚠️ 第52天，村民213缺水！
⚠️ 第52天，村民214食物耗尽！
⚠️ 第52天，村民214缺水！
⚠️ 第52天，村民215食物耗尽！
⚠️ 第52天，村民215缺水！
⚠️ 第52天，村民216食物耗尽！
⚠️ 第52天，村民216缺水！
⚠️ 第52天，村民217食物耗尽！
⚠️ 第52天，村民217缺水！
⚠️ 第52天，村民218食物耗尽！
⚠️ 第52天，村民218缺水！
⚠️ 第52天，村民219食物耗尽！
⚠️ 第52天，村民219缺水！
⚠️ 第52天，村民220食物耗尽！
⚠️ 第52天，村民220缺水！
⚠️ 第52天，村民221食物耗尽！
⚠️ 第52天，村民221缺水！
⚠️ 第52天，村民222食物耗尽！
⚠️ 第52天，村民222缺水！
⚠️ 第52天，村民223食物耗尽！
⚠️ 第52天，村民223缺水！
⚠️ 第52天，村民224食物耗尽！
⚠️ 第52天，村民224缺水！
⚠️ 第52天，村民225食物耗尽！
⚠️ 第52天，村民225缺水！
⚠️ 第52天，村民226食物耗尽！
⚠️ 第52天，村民226缺水！
⚠️ 第52天，村民227食物耗尽！
⚠️ 第52天，村民227缺水！
⚠️ 第52天，村民228食物耗尽！
⚠️ 第52天，村民228缺水！
⚠️ 第52天，村民229食物耗尽！
⚠️ 第52天，村民229缺水！
⚠️ 第52天，村民230食物耗尽！
⚠️ 第52天，村民230缺水！
⚠️ 第52天，村民231食物耗尽！
⚠️ 第52天，村民231缺水！
⚠️ 第52天，村民232食物耗尽！
⚠️ 第52天，村民232缺水！
⚠️ 第52天，村民233食物耗尽！
⚠️ 第52天，村民233缺水！
⚠️ 第52天，村民234食物耗尽！
⚠️ 第52天，村民234缺水！
⚠️ 第52天，村民235食物耗尽！
⚠️ 第52天，村民235缺水！
⚠️ 第52天，村民236食物耗尽！
⚠️ 第52天，村民236缺水！
⚠️ 第52天，村民237食物耗尽！
⚠️ 第52天，村民237缺水！
⚠️ 第52天，村民238食物耗尽！
⚠️ 第52天，村民238缺水！
⚠️ 第52天，村民239食物耗尽！
⚠️ 第52天，村民239缺水！
⚠️ 第52天，村民240食物耗尽！
⚠️ 第52天，村民240缺水！
⚠️ 第52天，村民241食物耗尽！
⚠️ 第52天，村民241缺水！
⚠️ 第52天，村民242食物耗尽！
⚠️ 第52天，村民242缺水！
⚠️ 第52天，村民243食物耗尽！
⚠️ 第52天，村民243缺水！
⚠️ 第52天，村民244食物耗尽！
⚠️ 第52天，村民244缺水！
⚠️ 第52天，村民245食物耗尽！
⚠️ 第52天，村民245缺水！
⚠️ 第52天，村民246食物耗尽！
⚠️ 第52天，村民246缺水！
⚠️ 第52天，村民247食物耗尽！
⚠️ 第52天，村民247缺水！
⚠️ 第52天，村民248食物耗尽！
⚠️ 第52天，村民248缺水！
⚠️ 第52天，村民249食物耗尽！
⚠️ 第52天，村民249缺水！
⚠️ 第52天，村民250食物耗尽！
⚠️ 第52天，村民250缺水！
⚠️ 第52天，村民251食物耗尽！
⚠️ 第52天，村民251缺水！
⚠️ 第52天，村民252食物耗尽！
⚠️ 第52天，村民252缺水！
⚠️ 第52天，村民253食物耗尽！
⚠️ 第52天，村民253缺水！
⚠️ 第52天，村民254食物耗尽！
⚠️ 第52天，村民254缺水！
⚠️ 第52天，村民255食物耗尽！
⚠️ 第52天，村民255缺水！
⚠️ 第52天，村民256食物耗尽！
⚠️ 第52天，村民256缺水！
⚠️ 第52天，村民257食物耗尽！
⚠️ 第52天，村民257缺水！
⚠️ 第52天，村民258食物耗尽！
⚠️ 第52天，村民258缺水！
⚠️ 第52天，村民259食物耗尽！
⚠️ 第52天，村民259缺水！
⚠️ 第52天，村民260食物耗尽！
⚠️ 第52天，村民260缺水！
⚠️ 第52天，村民261食物耗尽！
⚠️ 第52天，村民261缺水！
⚠️ 第52天，村民262食物耗尽！
⚠️ 第52天，村民262缺水！
⚠️ 第52天，村民263食物耗尽！
⚠️ 第52天，村民263缺水！
⚠️ 第52天，村民264食物耗尽！
⚠️ 第52天，村民264缺水！
⚠️ 第52天，村民265食物耗尽！
⚠️ 第52天，村民265缺水！
⚠️ 第52天，村民266食物耗尽！
⚠️ 第52天，村民266缺水！
⚠️ 第52天，村民267食物耗尽！
⚠️ 第52天，村民267缺水！
⚠️ 第52天，村民268食物耗尽！
⚠️ 第52天，村民268缺水！
⚠️ 第52天，村民269食物耗尽！
⚠️ 第52天，村民269缺水！
⚠️ 第52天，村民270食物耗尽！
⚠️ 第52天，村民270缺水！
⚠️ 第52天，村民271食物耗尽！
⚠️ 第52天，村民271缺水！
⚠️ 第52天，村民272食物耗尽！
⚠️ 第52天，村民272缺水！
⚠️ 第52天，村民273食物耗尽！
⚠️ 第52天，村民273缺水！
⚠️ 第52天，村民274食物耗尽！
⚠️ 第52天，村民274缺水！
⚠️ 第52天，村民275食物耗尽！
⚠️ 第52天，村民275缺水！
⚠️ 第52天，村民276食物耗尽！
⚠️ 第52天，村民276缺水！
⚠️ 第52天，村民277食物耗尽！
⚠️ 第52天，村民277缺水！
⚠️ 第52天，村民278食物耗尽！
⚠️ 第52天，村民278缺水！
⚠️ 第52天，村民279食物耗尽！
⚠️ 第52天，村民279缺水！
⚠️ 第52天，村民280食物耗尽！
⚠️ 第52天，村民280缺水！
⚠️ 第52天，村民281食物耗尽！
⚠️ 第52天，村民281缺水！
⚠️ 第52天，村民282食物耗尽！
⚠️ 第52天，村民282缺水！
⚠️ 第52天，村民283食物耗尽！
⚠️ 第52天，村民283缺水！
⚠️ 第52天，村民284食物耗尽！
⚠️ 第52天，村民284缺水！
⚠️ 第52天，村民285食物耗尽！
⚠️ 第52天，村民285缺水！
⚠️ 第52天，村民286食物耗尽！
⚠️ 第52天，村民286缺水！
⚠️ 第52天，村民287食物耗尽！
⚠️ 第52天，村民287缺水！
⚠️ 第52天，村民288食物耗尽！
⚠️ 第52天，村民288缺水！
⚠️ 第52天，村民289食物耗尽！
⚠️ 第52天，村民289缺水！
⚠️ 第52天，村民290食物耗尽！
⚠️ 第52天，村民290缺水！
⚠️ 第52天，村民291食物耗尽！
⚠️ 第52天，村民291缺水！
⚠️ 第52天，村民292食物耗尽！
⚠️ 第52天，村民292缺水！
⚠️ 第52天，村民293食物耗尽！
⚠️ 第52天，村民293缺水！
⚠️ 第52天，村民294食物耗尽！
⚠️ 第52天，村民294缺水！
⚠️ 第52天，村民295食物耗尽！
⚠️ 第52天，村民295缺水！
⚠️ 第52天，村民296食物耗尽！
⚠️ 第52天，村民296缺水！
⚠️ 第52天，村民297食物耗尽！
⚠️ 第52天，村民297缺水！
⚠️ 第52天，村民298食物耗尽！
⚠️ 第52天，村民298缺水！
⚠️ 第52天，村民299食物耗尽！
⚠️ 第52天，村民299缺水！
⚠️ 第52天，村民300食物耗尽！
⚠️ 第52天，村民300缺水！
⚠️ 第52天，村民301食物耗尽！
⚠️ 第52天，村民301缺水！
⚠️ 第52天，村民302食物耗尽！
⚠️ 第52天，村民302缺水！
⚠️ 第52天，村民303食物耗尽！
⚠️ 第52天，村民303缺水！
⚠️ 第52天，村民304食物耗尽！
⚠️ 第52天，村民304缺水！
⚠️ 第52天，村民305食物耗尽！
⚠️ 第52天，村民305缺水！
⚠️ 第52天，村民306食物耗尽！
⚠️ 第52天，村民306缺水！
⚠️ 第52天，村民307食物耗尽！
⚠️ 第52天，村民307缺水！
⚠️ 第52天，村民308食物耗尽！
⚠️ 第52天，村民308缺水！
⚠️ 第52天，村民309食物耗尽！
⚠️ 第52天，村民309缺水！
⚠️ 第52天，村民310食物耗尽！
⚠️ 第52天，村民310缺水！
⚠️ 第52天，村民311食物耗尽！
⚠️ 第52天，村民311缺水！
⚠️ 第52天，村民312食物耗尽！
⚠️ 第52天，村民312缺水！
⚠️ 第52天，村民313食物耗尽！
⚠️ 第52天，村民313缺水！
⚠️ 第52天，村民314食物耗尽！
⚠️ 第52天，村民314缺水！
⚠️ 第52天，村民315食物耗尽！
⚠️ 第52天，村民315缺水！
⚠️ 第52天，村民316食物耗尽！
⚠️ 第52天，村民316缺水！
⚠️ 第52天，村民317食物耗尽！
⚠️ 第52天，村民317缺水！
⚠️ 第52天，村民318食物耗尽！
⚠️ 第52天，村民318缺水！
⚠️ 第52天，村民319食物耗尽！
⚠️ 第52天，村民319缺水！
⚠️ 第52天，村民320食物耗尽！
⚠️ 第52天，村民320缺水！
⚠️ 第52天，村民321食物耗尽！
⚠️ 第52天，村民321缺水！
⚠️ 第52天，村民322食物耗尽！
⚠️ 第52天，村民322缺水！
⚠️ 第52天，村民323食物耗尽！
⚠️ 第52天，村民323缺水！
⚠️ 第52天，村民324食物耗尽！
⚠️ 第52天，村民324缺水！
⚠️ 第52天，村民325食物耗尽！
⚠️ 第52天，村民325缺水！
⚠️ 第52天，村民326食物耗尽！
⚠️ 第52天，村民326缺水！
⚠️ 第52天，村民327食物耗尽！
⚠️ 第52天，村民327缺水！
⚠️ 第52天，村民328食物耗尽！
⚠️ 第52天，村民328缺水！
⚠️ 第52天，村民329食物耗尽！
⚠️ 第52天，村民329缺水！
⚠️ 第52天，村民330食物耗尽！
⚠️ 第52天，村民330缺水！
⚠️ 第52天，村民331食物耗尽！
⚠️ 第52天，村民331缺水！
⚠️ 第52天，村民332食物耗尽！
⚠️ 第52天，村民332缺水！
⚠️ 第52天，村民333食物耗尽！
⚠️ 第52天，村民333缺水！
⚠️ 第52天，村民334食物耗尽！
⚠️ 第52天，村民334缺水！
⚠️ 第52天，村民335食物耗尽！
⚠️ 第52天，村民335缺水！
⚠️ 第52天，村民336食物耗尽！
⚠️ 第52天，村民336缺水！
⚠️ 第52天，村民337食物耗尽！
⚠️ 第52天，村民337缺水！
⚠️ 第52天，村民338食物耗尽！
⚠️ 第52天，村民338缺水！
⚠️ 第52天，村民339食物耗尽！
⚠️ 第52天，村民339缺水！
⚠️ 第52天，村民340食物耗尽！
⚠️ 第52天，村民340缺水！
⚠️ 第52天，村民341食物耗尽！
⚠️ 第52天，村民341缺水！
⚠️ 第52天，村民342食物耗尽！
⚠️ 第52天，村民342缺水！
⚠️ 第52天，村民343食物耗尽！
⚠️ 第52天，村民343缺水！
⚠️ 第52天，村民344食物耗尽！
⚠️ 第52天，村民344缺水！
⚠️ 第52天，村民345食物耗尽！
⚠️ 第52天，村民345缺水！
⚠️ 第52天，村民346食物耗尽！
⚠️ 第52天，村民346缺水！
⚠️ 第52天，村民347食物耗尽！
⚠️ 第52天，村民347缺水！
⚠️ 第52天，村民348食物耗尽！
⚠️ 第52天，村民348缺水！
⚠️ 第52天，村民349食物耗尽！
⚠️ 第52天，村民349缺水！
⚠️ 第52天，村民350食物耗尽！
⚠️ 第52天，村民350缺水！
⚠️ 第52天，村民351食物耗尽！
⚠️ 第52天，村民351缺水！
⚠️ 第52天，村民352食物耗尽！
⚠️ 第52天，村民352缺水！
⚠️ 第52天，村民353食物耗尽！
⚠️ 第52天，村民353缺水！
⚠️ 第52天，村民354食物耗尽！
⚠️ 第52天，村民354缺水！
⚠️ 第52天，村民355食物耗尽！
⚠️ 第52天，村民355缺水！
⚠️ 第52天，村民356食物耗尽！
⚠️ 第52天，村民356缺水！
⚠️ 第52天，村民357食物耗尽！
⚠️ 第52天，村民357缺水！
⚠️ 第52天，村民358食物耗尽！
⚠️ 第52天，村民358缺水！
⚠️ 第52天，村民359食物耗尽！
⚠️ 第52天，村民359缺水！
⚠️ 第52天，村民360食物耗尽！
⚠️ 第52天，村民360缺水！
⚠️ 第52天，村民361食物耗尽！
⚠️ 第52天，村民361缺水！
⚠️ 第52天，村民362食物耗尽！
⚠️ 第52天，村民362缺水！
⚠️ 第52天，村民363食物耗尽！
⚠️ 第52天，村民363缺水！
⚠️ 第52天，村民364食物耗尽！
⚠️ 第52天，村民364缺水！
⚠️ 第52天，村民365食物耗尽！
⚠️ 第52天，村民365缺水！
⚠️ 第52天，村民366食物耗尽！
⚠️ 第52天，村民366缺水！
⚠️ 第52天，村民367食物耗尽！
⚠️ 第52天，村民367缺水！
⚠️ 第52天，村民368食物耗尽！
⚠️ 第52天，村民368缺水！
⚠️ 第52天，村民369食物耗尽！
⚠️ 第52天，村民369缺水！
⚠️ 第52天，村民370食物耗尽！
⚠️ 第52天，村民370缺水！
⚠️ 第52天，村民371食物耗尽！
⚠️ 第52天，村民371缺水！
⚠️ 第52天，村民372食物耗尽！
⚠️ 第52天，村民372缺水！
⚠️ 第52天，村民373食物耗尽！
⚠️ 第52天，村民373缺水！
⚠️ 第52天，村民374食物耗尽！
⚠️ 第52天，村民374缺水！
⚠️ 第52天，村民375食物耗尽！
⚠️ 第52天，村民375缺水！
⚠️ 第52天，村民376食物耗尽！
⚠️ 第52天，村民376缺水！
⚠️ 第52天，村民377食物耗尽！
⚠️ 第52天，村民377缺水！
⚠️ 第52天，村民378食物耗尽！
⚠️ 第52天，村民378缺水！
⚠️ 第52天，村民379食物耗尽！
⚠️ 第52天，村民379缺水！
⚠️ 第52天，村民380食物耗尽！
⚠️ 第52天，村民380缺水！
⚠️ 第52天，村民381食物耗尽！
⚠️ 第52天，村民381缺水！
⚠️ 第52天，村民382食物耗尽！
⚠️ 第52天，村民382缺水！
⚠️ 第52天，村民383食物耗尽！
⚠️ 第52天，村民383缺水！
⚠️ 第52天，村民384食物耗尽！
⚠️ 第52天，村民384缺水！
⚠️ 第52天，村民385食物耗尽！
⚠️ 第52天，村民385缺水！
⚠️ 第52天，村民386食物耗尽！
⚠️ 第52天，村民386缺水！
⚠️ 第52天，村民387食物耗尽！
⚠️ 第52天，村民387缺水！
⚠️ 第52天，村民388食物耗尽！
⚠️ 第52天，村民388缺水！
⚠️ 第52天，村民389食物耗尽！
⚠️ 第52天，村民389缺水！
⚠️ 第52天，村民390食物耗尽！
⚠️ 第52天，村民390缺水！
⚠️ 第52天，村民391食物耗尽！
⚠️ 第52天，村民391缺水！
⚠️ 第52天，村民392食物耗尽！
⚠️ 第52天，村民392缺水！
⚠️ 第52天，村民393食物耗尽！
⚠️ 第52天，村民393缺水！
⚠️ 第52天，村民394食物耗尽！
⚠️ 第52天，村民394缺水！
⚠️ 第52天，村民395食物耗尽！
⚠️ 第52天，村民395缺水！
⚠️ 第52天，村民396食物耗尽！
⚠️ 第52天，村民396缺水！
⚠️ 第52天，村民397食物耗尽！
⚠️ 第52天，村民397缺水！
⚠️ 第52天，村民398食物耗尽！
⚠️ 第52天，村民398缺水！
⚠️ 第52天，村民399食物耗尽！
⚠️ 第52天，村民399缺水！
⚠️ 第52天，村民400食物耗尽！
⚠️ 第52天，村民400缺水！
⚠️ 第52天，村民401食物耗尽！
⚠️ 第52天，村民401缺水！
⚠️ 第52天，村民402食物耗尽！
⚠️ 第52天，村民402缺水！
⚠️ 第52天，村民403食物耗尽！
⚠️ 第52天，村民403缺水！
⚠️ 第52天，村民404食物耗尽！
⚠️ 第52天，村民404缺水！
⚠️ 第52天，村民405食物耗尽！
⚠️ 第52天，村民405缺水！
⚠️ 第52天，村民406食物耗尽！
⚠️ 第52天，村民406缺水！
⚠️ 第52天，村民407食物耗尽！
⚠️ 第52天，村民407缺水！
⚠️ 第52天，村民408食物耗尽！
⚠️ 第52天，村民408缺水！
⚠️ 第52天，村民409食物耗尽！
⚠️ 第52天，村民409缺水！
⚠️ 第52天，村民410食物耗尽！
⚠️ 第52天，村民410缺水！
⚠️ 第52天，村民411食物耗尽！
⚠️ 第52天，村民411缺水！
⚠️ 第52天，村民412食物耗尽！
⚠️ 第52天，村民412缺水！
⚠️ 第52天，村民413食物耗尽！
⚠️ 第52天，村民413缺水！
⚠️ 第52天，村民414食物耗尽！
⚠️ 第52天，村民414缺水！
⚠️ 第52天，村民415食物耗尽！
⚠️ 第52天，村民415缺水！
⚠️ 第52天，村民416食物耗尽！
⚠️ 第52天，村民416缺水！
⚠️ 第52天，村民417食物耗尽！
⚠️ 第52天，村民417缺水！
⚠️ 第52天，村民418食物耗尽！
⚠️ 第52天，村民418缺水！
⚠️ 第52天，村民419食物耗尽！
⚠️ 第52天，村民419缺水！
⚠️ 第52天，村民420食物耗尽！
⚠️ 第52天，村民420缺水！
⚠️ 第52天，村民421食物耗尽！
⚠️ 第52天，村民421缺水！
⚠️ 第52天，村民422食物耗尽！
⚠️ 第52天，村民422缺水！
⚠️ 第52天，村民423食物耗尽！
⚠️ 第52天，村民423缺水！
⚠️ 第52天，村民424食物耗尽！
⚠️ 第52天，村民424缺水！
⚠️ 第52天，村民425食物耗尽！
⚠️ 第52天，村民425缺水！
⚠️ 第52天，村民426食物耗尽！
⚠️ 第52天，村民426缺水！
⚠️ 第52天，村民427食物耗尽！
⚠️ 第52天，村民427缺水！
⚠️ 第52天，村民428食物耗尽！
⚠️ 第52天，村民428缺水！
⚠️ 第52天，村民429食物耗尽！
⚠️ 第52天，村民429缺水！
⚠️ 第52天，村民430食物耗尽！
⚠️ 第52天，村民430缺水！
⚠️ 第52天，村民431食物耗尽！
⚠️ 第52天，村民431缺水！
⚠️ 第52天，村民432食物耗尽！
⚠️ 第52天，村民432缺水！
⚠️ 第52天，村民433食物耗尽！
⚠️ 第52天，村民433缺水！
⚠️ 第52天，村民434食物耗尽！
⚠️ 第52天，村民434缺水！
⚠️ 第52天，村民435食物耗尽！
⚠️ 第52天，村民435缺水！
⚠️ 第52天，村民436食物耗尽！
⚠️ 第52天，村民436缺水！
⚠️ 第52天，村民437食物耗尽！
⚠️ 第52天，村民437缺水！
⚠️ 第52天，村民438食物耗尽！
⚠️ 第52天，村民438缺水！
⚠️ 第52天，村民439食物耗尽！
⚠️ 第52天，村民439缺水！
⚠️ 第52天，村民440食物耗尽！
⚠️ 第52天，村民440缺水！
⚠️ 第52天，村民441食物耗尽！
⚠️ 第52天，村民441缺水！
⚠️ 第52天，村民442食物耗尽！
⚠️ 第52天，村民442缺水！
⚠️ 第52天，村民443食物耗尽！
⚠️ 第52天，村民443缺水！
⚠️ 第52天，村民444食物耗尽！
⚠️ 第52天，村民444缺水！
⚠️ 第52天，村民445食物耗尽！
⚠️ 第52天，村民445缺水！
⚠️ 第52天，村民446食物耗尽！
⚠️ 第52天，村民446缺水！
⚠️ 第52天，村民447食物耗尽！
⚠️ 第52天，村民447缺水！
⚠️ 第52天，村民448食物耗尽！
⚠️ 第52天，村民448缺水！
⚠️ 第52天，村民449食物耗尽！
⚠️ 第52天，村民449缺水！
⚠️ 第52天，村民450食物耗尽！
⚠️ 第52天，村民450缺水！
⚠️ 第52天，村民451食物耗尽！
⚠️ 第52天，村民451缺水！
⚠️ 第52天，村民452食物耗尽！
⚠️ 第52天，村民452缺水！
⚠️ 第52天，村民453食物耗尽！
⚠️ 第52天，村民453缺水！
⚠️ 第52天，村民454食物耗尽！
⚠️ 第52天，村民454缺水！
⚠️ 第52天，村民455食物耗尽！
⚠️ 第52天，村民455缺水！
⚠️ 第52天，村民456食物耗尽！
⚠️ 第52天，村民456缺水！
⚠️ 第52天，村民457食物耗尽！
⚠️ 第52天，村民457缺水！
⚠️ 第52天，村民458食物耗尽！
⚠️ 第52天，村民458缺水！
⚠️ 第52天，村民459食物耗尽！
⚠️ 第52天，村民459缺水！
⚠️ 第52天，村民460食物耗尽！
⚠️ 第52天，村民460缺水！
⚠️ 第52天，村民461食物耗尽！
⚠️ 第52天，村民461缺水！
⚠️ 第52天，村民462食物耗尽！
⚠️ 第52天，村民462缺水！
⚠️ 第52天，村民463食物耗尽！
⚠️ 第52天，村民463缺水！
⚠️ 第52天，村民464食物耗尽！
⚠️ 第52天，村民464缺水！
⚠️ 第52天，村民465食物耗尽！
⚠️ 第52天，村民465缺水！
⚠️ 第52天，村民466食物耗尽！
⚠️ 第52天，村民466缺水！
⚠️ 第52天，村民467食物耗尽！
⚠️ 第52天，村民467缺水！
⚠️ 第52天，村民468食物耗尽！
⚠️ 第52天，村民468缺水！
⚠️ 第52天，村民469食物耗尽！
⚠️ 第52天，村民469缺水！
⚠️ 第52天，村民470食物耗尽！
⚠️ 第52天，村民470缺水！
⚠️ 第52天，村民471食物耗尽！
⚠️ 第52天，村民471缺水！
⚠️ 第52天，村民472食物耗尽！
⚠️ 第52天，村民472缺水！
⚠️ 第52天，村民473食物耗尽！
⚠️ 第52天，村民473缺水！
⚠️ 第52天，村民474食物耗尽！
⚠️ 第52天，村民474缺水！
⚠️ 第52天，村民475食物耗尽！
⚠️ 第52天，村民475缺水！
⚠️ 第52天，村民476食物耗尽！
⚠️ 第52天，村民476缺水！
⚠️ 第52天，村民477食物耗尽！
⚠️ 第52天，村民477缺水！
⚠️ 第52天，村民478食物耗尽！
⚠️ 第52天，村民478缺水！
⚠️ 第52天，村民479食物耗尽！
⚠️ 第52天，村民479缺水！
⚠️ 第52天，村民480食物耗尽！
⚠️ 第52天，村民480缺水！
⚠️ 第52天，村民481食物耗尽！
⚠️ 第52天，村民481缺水！
⚠️ 第52天，村民482食物耗尽！
⚠️ 第52天，村民482缺水！
⚠️ 第52天，村民483食物耗尽！
⚠️ 第52天，村民483缺水！
⚠️ 第52天，村民484食物耗尽！
⚠️ 第52天，村民484缺水！
⚠️ 第52天，村民485食物耗尽！
⚠️ 第52天，村民485缺水！
⚠️ 第52天，村民486食物耗尽！
⚠️ 第52天，村民486缺水！
⚠️ 第52天，村民487食物耗尽！
⚠️ 第52天，村民487缺水！
⚠️ 第52天，村民488食物耗尽！
⚠️ 第52天，村民488缺水！
⚠️ 第52天，村民489食物耗尽！
⚠️ 第52天，村民489缺水！
⚠️ 第52天，村民490食物耗尽！
⚠️ 第52天，村民490缺水！
⚠️ 第52天，村民491食物耗尽！
⚠️ 第52天，村民491缺水！
⚠️ 第52天，村民492食物耗尽！
⚠️ 第52天，村民492缺水！
⚠️ 第52天，村民493食物耗尽！
⚠️ 第52天，村民493缺水！
⚠️ 第52天，村民494食物耗尽！
⚠️ 第52天，村民494缺水！
⚠️ 第52天，村民495食物耗尽！
⚠️ 第52天，村民495缺水！
⚠️ 第52天，村民496食物耗尽！
⚠️ 第52天，村民496缺水！
⚠️ 第52天，村民497食物耗尽！
⚠️ 第52天，村民497缺水！
⚠️ 第52天，村民498食物耗尽！
⚠️ 第52天，村民498缺水！
⚠️ 第52天，村民499食物耗尽！
⚠️ 第52天，村民499缺水！
⚠️ 第52天，村民500食物耗尽！
⚠️ 第52天，村民500缺水！
⚠️ 第52天，村民501食物耗尽！
⚠️ 第52天，村民501缺水！
⚠️ 第52天，村民502食物耗尽！
⚠️ 第52天，村民502缺水！
⚠️ 第52天，村民503食物耗尽！
⚠️ 第52天，村民503缺水！
⚠️ 第52天，村民504食物耗尽！
⚠️ 第52天，村民504缺水！
⚠️ 第52天，村民505食物耗尽！
⚠️ 第52天，村民505缺水！
⚠️ 第52天，村民506食物耗尽！
⚠️ 第52天，村民506缺水！
⚠️ 第52天，村民507食物耗尽！
⚠️ 第52天，村民507缺水！
⚠️ 第52天，村民508食物耗尽！
⚠️ 第52天，村民508缺水！
⚠️ 第52天，村民509食物耗尽！
⚠️ 第52天，村民509缺水！
⚠️ 第52天，村民510食物耗尽！
⚠️ 第52天，村民510缺水！
⚠️ 第52天，村民511食物耗尽！
⚠️ 第52天，村民511缺水！
⚠️ 第52天，村民512食物耗尽！
⚠️ 第52天，村民512缺水！
⚠️ 第52天，村民513食物耗尽！
⚠️ 第52天，村民513缺水！
⚠️ 第52天，村民514食物耗尽！
⚠️ 第52天，村民514缺水！
⚠️ 第52天，村民515食物耗尽！
⚠️ 第52天，村民515缺水！
⚠️ 第52天，村民516食物耗尽！
⚠️ 第52天，村民516缺水！
⚠️ 第52天，村民517食物耗尽！
⚠️ 第52天，村民517缺水！
⚠️ 第52天，村民518食物耗尽！
⚠️ 第52天，村民518缺水！
⚠️ 第52天，村民519食物耗尽！
⚠️ 第52天，村民519缺水！
⚠️ 第52天，村民520食物耗尽！
⚠️ 第52天，村民520缺水！
⚠️ 第52天，村民521食物耗尽！
⚠️ 第52天，村民521缺水！
⚠️ 第52天，村民522食物耗尽！
⚠️ 第52天，村民522缺水！
⚠️ 第52天，村民523食物耗尽！
⚠️ 第52天，村民523缺水！
⚠️ 第52天，村民524食物耗尽！
⚠️ 第52天，村民524缺水！
⚠️ 第52天，村民525食物耗尽！
⚠️ 第52天，村民525缺水！
⚠️ 第52天，村民526食物耗尽！
⚠️ 第52天，村民526缺水！
⚠️ 第52天，村民527食物耗尽！
⚠️ 第52天，村民527缺水！
⚠️ 第52天，村民528食物耗尽！
⚠️ 第52天，村民528缺水！
⚠️ 第52天，村民529食物耗尽！
⚠️ 第52天，村民529缺水！
⚠️ 第52天，村民530食物耗尽！
⚠️ 第52天，村民530缺水！
⚠️ 第52天，村民531食物耗尽！
⚠️ 第52天，村民531缺水！
⚠️ 第52天，村民532食物耗尽！
⚠️ 第52天，村民532缺水！
⚠️ 第52天，村民533食物耗尽！
⚠️ 第52天，村民533缺水！
⚠️ 第52天，村民534食物耗尽！
⚠️ 第52天，村民534缺水！
⚠️ 第52天，村民535食物耗尽！
⚠️ 第52天，村民535缺水！
⚠️ 第52天，村民536食物耗尽！
⚠️ 第52天，村民536缺水！
⚠️ 第52天，村民537食物耗尽！
⚠️ 第52天，村民537缺水！
⚠️ 第52天，村民538食物耗尽！
⚠️ 第52天，村民538缺水！
⚠️ 第52天，村民539食物耗尽！
⚠️ 第52天，村民539缺水！
⚠️ 第52天，村民540食物耗尽！
⚠️ 第52天，村民540缺水！
⚠️ 第52天，村民541食物耗尽！
⚠️ 第52天，村民541缺水！
⚠️ 第52天，村民542食物耗尽！
⚠️ 第52天，村民542缺水！
⚠️ 第52天，村民543食物耗尽！
⚠️ 第52天，村民543缺水！
⚠️ 第52天，村民544食物耗尽！
⚠️ 第52天，村民544缺水！
⚠️ 第52天，村民545食物耗尽！
⚠️ 第52天，村民545缺水！
⚠️ 第52天，村民546食物耗尽！
⚠️ 第52天，村民546缺水！
⚠️ 第52天，村民547食物耗尽！
⚠️ 第52天，村民547缺水！
⚠️ 第52天，村民548食物耗尽！
⚠️ 第52天，村民548缺水！
⚠️ 第52天，村民549食物耗尽！
⚠️ 第52天，村民549缺水！
⚠️ 第52天，村民550食物耗尽！
⚠️ 第52天，村民550缺水！
⚠️ 第52天，村民551食物耗尽！
⚠️ 第52天，村民551缺水！
⚠️ 第52天，村民552食物耗尽！
⚠️ 第52天，村民552缺水！
⚠️ 第52天，村民553食物耗尽！
⚠️ 第52天，村民553缺水！
⚠️ 第52天，村民554食物耗尽！
⚠️ 第52天，村民554缺水！
⚠️ 第52天，村民555食物耗尽！
⚠️ 第52天，村民555缺水！
⚠️ 第52天，村民556食物耗尽！
⚠️ 第52天，村民556缺水！
⚠️ 第52天，村民557食物耗尽！
⚠️ 第52天，村民557缺水！
⚠️ 第52天，村民558食物耗尽！
⚠️ 第52天，村民558缺水！
⚠️ 第52天，村民559食物耗尽！
⚠️ 第52天，村民559缺水！
⚠️ 第52天，村民560食物耗尽！
⚠️ 第52天，村民560缺水！
⚠️ 第52天，村民561食物耗尽！
⚠️ 第52天，村民561缺水！
⚠️ 第52天，村民562食物耗尽！
⚠️ 第52天，村民562缺水！
⚠️ 第52天，村民563食物耗尽！
⚠️ 第52天，村民563缺水！
⚠️ 第52天，村民564食物耗尽！
⚠️ 第52天，村民564缺水！
⚠️ 第52天，村民565食物耗尽！
⚠️ 第52天，村民565缺水！
⚠️ 第52天，村民566食物耗尽！
⚠️ 第52天，村民566缺水！
⚠️ 第52天，村民567食物耗尽！
⚠️ 第52天，村民567缺水！
⚠️ 第52天，村民568食物耗尽！
⚠️ 第52天，村民568缺水！
⚠️ 第52天，村民569食物耗尽！
⚠️ 第52天，村民569缺水！
⚠️ 第52天，村民570食物耗尽！
⚠️ 第52天，村民570缺水！
⚠️ 第52天，村民571食物耗尽！
⚠️ 第52天，村民571缺水！
⚠️ 第52天，村民572食物耗尽！
⚠️ 第52天，村民572缺水！
⚠️ 第52天，村民573食物耗尽！
⚠️ 第52天，村民573缺水！
⚠️ 第52天，村民574食物耗尽！
⚠️ 第52天，村民574缺水！
⚠️ 第52天，村民575食物耗尽！
⚠️ 第52天，村民575缺水！
⚠️ 第52天，村民576食物耗尽！
⚠️ 第52天，村民576缺水！
⚠️ 第52天，村民577食物耗尽！
⚠️ 第52天，村民577缺水！
⚠️ 第52天，村民578食物耗尽！
⚠️ 第52天，村民578缺水！
⚠️ 第52天，村民579食物耗尽！
⚠️ 第52天，村民579缺水！
⚠️ 第52天，村民580食物耗尽！
⚠️ 第52天，村民580缺水！
⚠️ 第52天，村民581食物耗尽！
⚠️ 第52天，村民581缺水！
⚠️ 第52天，村民582食物耗尽！
⚠️ 第52天，村民582缺水！
⚠️ 第52天，村民583食物耗尽！
⚠️ 第52天，村民583缺水！
⚠️ 第52天，村民584食物耗尽！
⚠️ 第52天，村民584缺水！
⚠️ 第52天，村民585食物耗尽！
⚠️ 第52天，村民585缺水！
⚠️ 第52天，村民586食物耗尽！
⚠️ 第52天，村民586缺水！
⚠️ 第52天，村民587食物耗尽！
⚠️ 第52天，村民587缺水！
⚠️ 第52天，村民588食物耗尽！
⚠️ 第52天，村民588缺水！
⚠️ 第52天，村民589食物耗尽！
⚠️ 第52天，村民589缺水！
⚠️ 第52天，村民590食物耗尽！
⚠️ 第52天，村民590缺水！
⚠️ 第52天，村民591食物耗尽！
⚠️ 第52天，村民591缺水！
⚠️ 第52天，村民592食物耗尽！
⚠️ 第52天，村民592缺水！
⚠️ 第52天，村民593食物耗尽！
⚠️ 第52天，村民593缺水！
⚠️ 第52天，村民594食物耗尽！
⚠️ 第52天，村民594缺水！
⚠️ 第52天，村民595食物耗尽！
⚠️ 第52天，村民595缺水！
⚠️ 第52天，村民596食物耗尽！
⚠️ 第52天，村民596缺水！
⚠️ 第52天，村民597食物耗尽！
⚠️ 第52天，村民597缺水！
⚠️ 第52天，村民598食物耗尽！
⚠️ 第52天，村民598缺水！
⚠️ 第52天，村民599食物耗尽！
⚠️ 第52天，村民599缺水！
⚠️ 第52天，村民600食物耗尽！
⚠️ 第52天，村民600缺水！
⚠️ 第52天，村民601食物耗尽！
⚠️ 第52天，村民601缺水！
⚠️ 第52天，村民602食物耗尽！
⚠️ 第52天，村民602缺水！
⚠️ 第52天，村民603食物耗尽！
⚠️ 第52天，村民603缺水！
⚠️ 第52天，村民604食物耗尽！
⚠️ 第52天，村民604缺水！
⚠️ 第52天，村民605食物耗尽！
⚠️ 第52天，村民605缺水！
⚠️ 第52天，村民606食物耗尽！
⚠️ 第52天，村民606缺水！
⚠️ 第52天，村民607食物耗尽！
⚠️ 第52天，村民607缺水！
⚠️ 第52天，村民608食物耗尽！
⚠️ 第52天，村民608缺水！
⚠️ 第52天，村民609食物耗尽！
⚠️ 第52天，村民609缺水！
⚠️ 第52天，村民610食物耗尽！
⚠️ 第52天，村民610缺水！
⚠️ 第52天，村民611食物耗尽！
⚠️ 第52天，村民611缺水！
⚠️ 第52天，村民612食物耗尽！
⚠️ 第52天，村民612缺水！
⚠️ 第52天，村民613食物耗尽！
⚠️ 第52天，村民613缺水！
⚠️ 第52天，村民614食物耗尽！
⚠️ 第52天，村民614缺水！
⚠️ 第52天，村民615食物耗尽！
⚠️ 第52天，村民615缺水！
⚠️ 第52天，村民616食物耗尽！
⚠️ 第52天，村民616缺水！
⚠️ 第52天，村民617食物耗尽！
⚠️ 第52天，村民617缺水！
⚠️ 第52天，村民618食物耗尽！
⚠️ 第52天，村民618缺水！
⚠️ 第52天，村民619食物耗尽！
⚠️ 第52天，村民619缺水！
⚠️ 第52天，村民620食物耗尽！
⚠️ 第52天，村民620缺水！
⚠️ 第52天，村民621食物耗尽！
⚠️ 第52天，村民621缺水！
⚠️ 第52天，村民622食物耗尽！
⚠️ 第52天，村民622缺水！
⚠️ 第52天，村民623食物耗尽！
⚠️ 第52天，村民623缺水！
⚠️ 第52天，村民624食物耗尽！
⚠️ 第52天，村民624缺水！
⚠️ 第52天，村民625食物耗尽！
⚠️ 第52天，村民625缺水！
⚠️ 第52天，村民626食物耗尽！
⚠️ 第52天，村民626缺水！
⚠️ 第52天，村民627食物耗尽！
⚠️ 第52天，村民627缺水！
⚠️ 第52天，村民628食物耗尽！
⚠️ 第52天，村民628缺水！
⚠️ 第52天，村民629食物耗尽！
⚠️ 第52天，村民629缺水！
⚠️ 第52天，村民630食物耗尽！
⚠️ 第52天，村民630缺水！
⚠️ 第52天，村民631食物耗尽！
⚠️ 第52天，村民631缺水！
⚠️ 第52天，村民632食物耗尽！
⚠️ 第52天，村民632缺水！
⚠️ 第52天，村民633食物耗尽！
⚠️ 第52天，村民633缺水！
⚠️ 第52天，村民634食物耗尽！
⚠️ 第52天，村民634缺水！
⚠️ 第52天，村民635食物耗尽！
⚠️ 第52天，村民635缺水！
⚠️ 第52天，村民636食物耗尽！
⚠️ 第52天，村民636缺水！
⚠️ 第52天，村民637食物耗尽！
⚠️ 第52天，村民637缺水！
⚠️ 第52天，村民638食物耗尽！
⚠️ 第52天，村民638缺水！
⚠️ 第52天，村民639食物耗尽！
⚠️ 第52天，村民639缺水！
⚠️ 第52天，村民640食物耗尽！
⚠️ 第52天，村民640缺水！
⚠️ 第52天，村民641食物耗尽！
⚠️ 第52天，村民641缺水！
⚠️ 第52天，村民642食物耗尽！
⚠️ 第52天，村民642缺水！
⚠️ 第52天，村民643食物耗尽！
⚠️ 第52天，村民643缺水！
⚠️ 第52天，村民644食物耗尽！
⚠️ 第52天，村民644缺水！
⚠️ 第52天，村民645食物耗尽！
⚠️ 第52天，村民645缺水！
⚠️ 第52天，村民646食物耗尽！
⚠️ 第52天，村民646缺水！
⚠️ 第52天，村民647食物耗尽！
⚠️ 第52天，村民647缺水！
⚠️ 第52天，村民648食物耗尽！
⚠️ 第52天，村民648缺水！
⚠️ 第52天，村民649食物耗尽！
⚠️ 第52天，村民649缺水！
⚠️ 第52天，村民650食物耗尽！
⚠️ 第52天，村民650缺水！
⚠️ 第52天，村民651食物耗尽！
⚠️ 第52天，村民651缺水！
⚠️ 第52天，村民652食物耗尽！
⚠️ 第52天，村民652缺水！
⚠️ 第52天，村民653食物耗尽！
⚠️ 第52天，村民653缺水！
⚠️ 第52天，村民654食物耗尽！
⚠️ 第52天，村民654缺水！
⚠️ 第52天，村民655食物耗尽！
⚠️ 第52天，村民655缺水！
⚠️ 第52天，村民656食物耗尽！
⚠️ 第52天，村民656缺水！
⚠️ 第52天，村民657食物耗尽！
⚠️ 第52天，村民657缺水！
⚠️ 第52天，村民658食物耗尽！
⚠️ 第52天，村民658缺水！
⚠️ 第52天，村民659食物耗尽！
⚠️ 第52天，村民659缺水！
⚠️ 第52天，村民660食物耗尽！
⚠️ 第52天，村民660缺水！
⚠️ 第52天，村民661食物耗尽！
⚠️ 第52天，村民661缺水！
⚠️ 第52天，村民662食物耗尽！
⚠️ 第52天，村民662缺水！
⚠️ 第52天，村民663食物耗尽！
⚠️ 第52天，村民663缺水！
⚠️ 第52天，村民664食物耗尽！
⚠️ 第52天，村民664缺水！
⚠️ 第52天，村民665食物耗尽！
⚠️ 第52天，村民665缺水！
⚠️ 第52天，村民666食物耗尽！
⚠️ 第52天，村民666缺水！
⚠️ 第52天，村民667食物耗尽！
⚠️ 第52天，村民667缺水！
⚠️ 第52天，村民668食物耗尽！
⚠️ 第52天，村民668缺水！
⚠️ 第52天，村民669食物耗尽！
⚠️ 第52天，村民669缺水！
⚠️ 第52天，村民670食物耗尽！
⚠️ 第52天，村民670缺水！
⚠️ 第52天，村民671食物耗尽！
⚠️ 第52天，村民671缺水！
⚠️ 第52天，村民672食物耗尽！
⚠️ 第52天，村民672缺水！
⚠️ 第52天，村民673食物耗尽！
⚠️ 第52天，村民673缺水！
⚠️ 第52天，村民674食物耗尽！
⚠️ 第52天，村民674缺水！
⚠️ 第52天，村民675食物耗尽！
⚠️ 第52天，村民675缺水！
⚠️ 第52天，村民676食物耗尽！
⚠️ 第52天，村民676缺水！
⚠️ 第52天，村民677食物耗尽！
⚠️ 第52天，村民677缺水！
⚠️ 第52天，村民678食物耗尽！
⚠️ 第52天，村民678缺水！
⚠️ 第52天，村民679食物耗尽！
⚠️ 第52天，村民679缺水！
⚠️ 第52天，村民680食物耗尽！
⚠️ 第52天，村民680缺水！
⚠️ 第52天，村民681食物耗尽！
⚠️ 第52天，村民681缺水！
⚠️ 第52天，村民682食物耗尽！
⚠️ 第52天，村民682缺水！
⚠️ 第52天，村民683食物耗尽！
⚠️ 第52天，村民683缺水！
⚠️ 第52天，村民684食物耗尽！
⚠️ 第52天，村民684缺水！
⚠️ 第52天，村民685食物耗尽！
⚠️ 第52天，村民685缺水！
⚠️ 第52天，村民686食物耗尽！
⚠️ 第52天，村民686缺水！
⚠️ 第52天，村民687食物耗尽！
⚠️ 第52天，村民687缺水！
⚠️ 第52天，村民688食物耗尽！
⚠️ 第52天，村民688缺水！
⚠️ 第52天，村民689食物耗尽！
⚠️ 第52天，村民689缺水！
⚠️ 第52天，村民690食物耗尽！
⚠️ 第52天，村民690缺水！
⚠️ 第52天，村民691食物耗尽！
⚠️ 第52天，村民691缺水！
⚠️ 第52天，村民692食物耗尽！
⚠️ 第52天，村民692缺水！
⚠️ 第52天，村民693食物耗尽！
⚠️ 第52天，村民693缺水！
⚠️ 第52天，村民694食物耗尽！
⚠️ 第52天，村民694缺水！
⚠️ 第52天，村民695食物耗尽！
⚠️ 第52天，村民695缺水！
⚠️ 第52天，村民696食物耗尽！
⚠️ 第52天，村民696缺水！
⚠️ 第52天，村民697食物耗尽！
⚠️ 第52天，村民697缺水！
⚠️ 第52天，村民698食物耗尽！
⚠️ 第52天，村民698缺水！
⚠️ 第52天，村民699食物耗尽！
⚠️ 第52天，村民699缺水！
⚠️ 第52天，村民700食物耗尽！
⚠️ 第52天，村民700缺水！
⚠️ 第52天，村民701食物耗尽！
⚠️ 第52天，村民701缺水！
⚠️ 第52天，村民702食物耗尽！
⚠️ 第52天，村民702缺水！
⚠️ 第52天，村民703食物耗尽！
⚠️ 第52天，村民703缺水！
⚠️ 第52天，村民704食物耗尽！
⚠️ 第52天，村民704缺水！
⚠️ 第52天，村民705食物耗尽！
⚠️ 第52天，村民705缺水！
⚠️ 第52天，村民706食物耗尽！
⚠️ 第52天，村民706缺水！
⚠️ 第52天，村民707食物耗尽！
⚠️ 第52天，村民707缺水！
⚠️ 第52天，村民708食物耗尽！
⚠️ 第52天，村民708缺水！
⚠️ 第52天，村民709食物耗尽！
⚠️ 第52天，村民709缺水！
⚠️ 第52天，村民710食物耗尽！
⚠️ 第52天，村民710缺水！
⚠️ 第52天，村民711食物耗尽！
⚠️ 第52天，村民711缺水！
⚠️ 第52天，村民712食物耗尽！
⚠️ 第52天，村民712缺水！
⚠️ 第52天，村民713食物耗尽！
⚠️ 第52天，村民713缺水！
⚠️ 第52天，村民714食物耗尽！
⚠️ 第52天，村民714缺水！
⚠️ 第52天，村民715食物耗尽！
⚠️ 第52天，村民715缺水！
⚠️ 第52天，村民716食物耗尽！
⚠️ 第52天，村民716缺水！
⚠️ 第52天，村民717食物耗尽！
⚠️ 第52天，村民717缺水！
⚠️ 第52天，村民718食物耗尽！
⚠️ 第52天，村民718缺水！
⚠️ 第52天，村民719食物耗尽！
⚠️ 第52天，村民719缺水！
⚠️ 第52天，村民720食物耗尽！
⚠️ 第52天，村民720缺水！
⚠️ 第52天，村民721食物耗尽！
⚠️ 第52天，村民721缺水！
⚠️ 第52天，村民722食物耗尽！
⚠️ 第52天，村民722缺水！
⚠️ 第52天，村民723食物耗尽！
⚠️ 第52天，村民723缺水！
⚠️ 第52天，村民724食物耗尽！
⚠️ 第52天，村民724缺水！
⚠️ 第52天，村民725食物耗尽！
⚠️ 第52天，村民725缺水！
⚠️ 第52天，村民726食物耗尽！
⚠️ 第52天，村民726缺水！
⚠️ 第52天，村民727食物耗尽！
⚠️ 第52天，村民727缺水！
⚠️ 第52天，村民728食物耗尽！
⚠️ 第52天，村民728缺水！
⚠️ 第52天，村民729食物耗尽！
⚠️ 第52天，村民729缺水！
⚠️ 第52天，村民730食物耗尽！
⚠️ 第52天，村民730缺水！
⚠️ 第52天，村民731食物耗尽！
⚠️ 第52天，村民731缺水！
⚠️ 第52天，村民732食物耗尽！
⚠️ 第52天，村民732缺水！
⚠️ 第52天，村民733食物耗尽！
⚠️ 第52天，村民733缺水！
⚠️ 第52天，村民734食物耗尽！
⚠️ 第52天，村民734缺水！
⚠️ 第52天，村民735食物耗尽！
⚠️ 第52天，村民735缺水！
⚠️ 第52天，村民736食物耗尽！
⚠️ 第52天，村民736缺水！
⚠️ 第52天，村民737食物耗尽！
⚠️ 第52天，村民737缺水！
⚠️ 第52天，村民738食物耗尽！
⚠️ 第52天，村民738缺水！
⚠️ 第52天，村民739食物耗尽！
⚠️ 第52天，村民739缺水！
⚠️ 第52天，村民740食物耗尽！
⚠️ 第52天，村民740缺水！
⚠️ 第52天，村民741食物耗尽！
⚠️ 第52天，村民741缺水！
⚠️ 第52天，村民742食物耗尽！
⚠️ 第52天，村民742缺水！
⚠️ 第52天，村民743食物耗尽！
⚠️ 第52天，村民743缺水！
⚠️ 第52天，村民744食物耗尽！
⚠️ 第52天，村民744缺水！
⚠️ 第52天，村民745食物耗尽！
⚠️ 第52天，村民745缺水！
⚠️ 第52天，村民746食物耗尽！
⚠️ 第52天，村民746缺水！
⚠️ 第52天，村民747食物耗尽！
⚠️ 第52天，村民747缺水！
⚠️ 第52天，村民748食物耗尽！
⚠️ 第52天，村民748缺水！
⚠️ 第52天，村民749食物耗尽！
⚠️ 第52天，村民749缺水！
⚠️ 第52天，村民750食物耗尽！
⚠️ 第52天，村民750缺水！
⚠️ 第52天，村民751食物耗尽！
⚠️ 第52天，村民751缺水！
⚠️ 第52天，村民752食物耗尽！
⚠️ 第52天，村民752缺水！
⚠️ 第52天，村民753食物耗尽！
⚠️ 第52天，村民753缺水！
⚠️ 第52天，村民754食物耗尽！
⚠️ 第52天，村民754缺水！
⚠️ 第52天，村民755食物耗尽！
⚠️ 第52天，村民755缺水！
⚠️ 第52天，村民756食物耗尽！
⚠️ 第52天，村民756缺水！
⚠️ 第52天，村民757食物耗尽！
⚠️ 第52天，村民757缺水！
⚠️ 第52天，村民758食物耗尽！
⚠️ 第52天，村民758缺水！
⚠️ 第52天，村民759食物耗尽！
⚠️ 第52天，村民759缺水！
⚠️ 第52天，村民760食物耗尽！
⚠️ 第52天，村民760缺水！
⚠️ 第52天，村民761食物耗尽！
⚠️ 第52天，村民761缺水！
⚠️ 第52天，村民762食物耗尽！
⚠️ 第52天，村民762缺水！
⚠️ 第52天，村民763食物耗尽！
⚠️ 第52天，村民763缺水！
⚠️ 第52天，村民764食物耗尽！
⚠️ 第52天，村民764缺水！
⚠️ 第52天，村民765食物耗尽！
⚠️ 第52天，村民765缺水！
⚠️ 第52天，村民766食物耗尽！
⚠️ 第52天，村民766缺水！
⚠️ 第52天，村民767食物耗尽！
⚠️ 第52天，村民767缺水！
⚠️ 第52天，村民768食物耗尽！
⚠️ 第52天，村民768缺水！
⚠️ 第52天，村民769食物耗尽！
⚠️ 第52天，村民769缺水！
⚠️ 第52天，村民770食物耗尽！
⚠️ 第52天，村民770缺水！
⚠️ 第52天，村民771食物耗尽！
⚠️ 第52天，村民771缺水！
⚠️ 第52天，村民772食物耗尽！
⚠️ 第52天，村民772缺水！
⚠️ 第52天，村民773食物耗尽！
⚠️ 第52天，村民773缺水！
⚠️ 第52天，村民774食物耗尽！
⚠️ 第52天，村民774缺水！
⚠️ 第52天，村民775食物耗尽！
⚠️ 第52天，村民775缺水！
⚠️ 第52天，村民776食物耗尽！
⚠️ 第52天，村民776缺水！
⚠️ 第52天，村民777食物耗尽！
⚠️ 第52天，村民777缺水！
⚠️ 第52天，村民778食物耗尽！
⚠️ 第52天，村民778缺水！
⚠️ 第52天，村民779食物耗尽！
⚠️ 第52天，村民779缺水！
⚠️ 第52天，村民780食物耗尽！
⚠️ 第52天，村民780缺水！
⚠️ 第52天，村民781食物耗尽！
⚠️ 第52天，村民781缺水！
⚠️ 第52天，村民782食物耗尽！
⚠️ 第52天，村民782缺水！
⚠️ 第52天，村民783食物耗尽！
⚠️ 第52天，村民783缺水！
⚠️ 第52天，村民784食物耗尽！
⚠️ 第52天，村民784缺水！
⚠️ 第52天，村民785食物耗尽！
⚠️ 第52天，村民785缺水！
⚠️ 第52天，村民786食物耗尽！
⚠️ 第52天，村民786缺水！
⚠️ 第52天，村民787食物耗尽！
⚠️ 第52天，村民787缺水！
⚠️ 第52天，村民788食物耗尽！
⚠️ 第52天，村民788缺水！
⚠️ 第52天，村民789食物耗尽！
⚠️ 第52天，村民789缺水！
⚠️ 第52天，村民790食物耗尽！
⚠️ 第52天，村民790缺水！
⚠️ 第52天，村民791食物耗尽！
⚠️ 第52天，村民791缺水！
⚠️ 第52天，村民792食物耗尽！
⚠️ 第52天，村民792缺水！
⚠️ 第52天，村民793食物耗尽！
⚠️ 第52天，村民793缺水！
⚠️ 第52天，村民794食物耗尽！
⚠️ 第52天，村民794缺水！
⚠️ 第52天，村民795食物耗尽！
⚠️ 第52天，村民795缺水！
⚠️ 第52天，村民796食物耗尽！
⚠️ 第52天，村民796缺水！
⚠️ 第52天，村民797食物耗尽！
⚠️ 第52天，村民797缺水！
⚠️ 第52天，村民798食物耗尽！
⚠️ 第52天，村民798缺水！
⚠️ 第52天，村民799食物耗尽！
⚠️ 第52天，村民799缺水！
⚠️ 第52天，村民800食物耗尽！
⚠️ 第52天，村民800缺水！
⚠️ 第52天，村民801食物耗尽！
⚠️ 第52天，村民801缺水！
⚠️ 第52天，村民802食物耗尽！
⚠️ 第52天，村民802缺水！
⚠️ 第52天，村民803食物耗尽！
⚠️ 第52天，村民803缺水！
⚠️ 第52天，村民804食物耗尽！
⚠️ 第52天，村民804缺水！
⚠️ 第52天，村民805食物耗尽！
⚠️ 第52天，村民805缺水！
⚠️ 第52天，村民806食物耗尽！
⚠️ 第52天，村民806缺水！
⚠️ 第52天，村民807食物耗尽！
⚠️ 第52天，村民807缺水！
⚠️ 第52天，村民808食物耗尽！
⚠️ 第52天，村民808缺水！
⚠️ 第52天，村民809食物耗尽！
⚠️ 第52天，村民809缺水！
⚠️ 第52天，村民810食物耗尽！
⚠️ 第52天，村民810缺水！
⚠️ 第52天，村民811食物耗尽！
⚠️ 第52天，村民811缺水！
⚠️ 第52天，村民812食物耗尽！
⚠️ 第52天，村民812缺水！
⚠️ 第52天，村民813食物耗尽！
⚠️ 第52天，村民813缺水！
⚠️ 第52天，村民814食物耗尽！
⚠️ 第52天，村民814缺水！
⚠️ 第52天，村民815食物耗尽！
⚠️ 第52天，村民815缺水！
⚠️ 第52天，村民816食物耗尽！
⚠️ 第52天，村民816缺水！
⚠️ 第52天，村民817食物耗尽！
⚠️ 第52天，村民817缺水！
⚠️ 第52天，村民818食物耗尽！
⚠️ 第52天，村民818缺水！
⚠️ 第52天，村民819食物耗尽！
⚠️ 第52天，村民819缺水！
⚠️ 第52天，村民820食物耗尽！
⚠️ 第52天，村民820缺水！
⚠️ 第52天，村民821食物耗尽！
⚠️ 第52天，村民821缺水！
⚠️ 第52天，村民822食物耗尽！
⚠️ 第52天，村民822缺水！
⚠️ 第52天，村民823食物耗尽！
⚠️ 第52天，村民823缺水！
⚠️ 第52天，村民824食物耗尽！
⚠️ 第52天，村民824缺水！
⚠️ 第52天，村民825食物耗尽！
⚠️ 第52天，村民825缺水！
⚠️ 第52天，村民826食物耗尽！
⚠️ 第52天，村民826缺水！
⚠️ 第52天，村民827食物耗尽！
⚠️ 第52天，村民827缺水！
⚠️ 第52天，村民828食物耗尽！
⚠️ 第52天，村民828缺水！
⚠️ 第52天，村民829食物耗尽！
⚠️ 第52天，村民829缺水！
⚠️ 第52天，村民830食物耗尽！
⚠️ 第52天，村民830缺水！
⚠️ 第52天，村民831食物耗尽！
⚠️ 第52天，村民831缺水！
⚠️ 第52天，村民832食物耗尽！
⚠️ 第52天，村民832缺水！
⚠️ 第52天，村民833食物耗尽！
⚠️ 第52天，村民833缺水！
⚠️ 第52天，村民834食物耗尽！
⚠️ 第52天，村民834缺水！
⚠️ 第52天，村民835食物耗尽！
⚠️ 第52天，村民835缺水！
⚠️ 第52天，村民836食物耗尽！
⚠️ 第52天，村民836缺水！
⚠️ 第52天，村民837食物耗尽！
⚠️ 第52天，村民837缺水！
⚠️ 第52天，村民838食物耗尽！
⚠️ 第52天，村民838缺水！
⚠️ 第52天，村民839食物耗尽！
⚠️ 第52天，村民839缺水！
⚠️ 第52天，村民840食物耗尽！
⚠️ 第52天，村民840缺水！
⚠️ 第52天，村民841食物耗尽！
⚠️ 第52天，村民841缺水！
⚠️ 第52天，村民842食物耗尽！
⚠️ 第52天，村民842缺水！
⚠️ 第52天，村民843食物耗尽！
⚠️ 第52天，村民843缺水！
⚠️ 第52天，村民844食物耗尽！
⚠️ 第52天，村民844缺水！
⚠️ 第52天，村民845食物耗尽！
⚠️ 第52天，村民845缺水！
⚠️ 第52天，村民846食物耗尽！
⚠️ 第52天，村民846缺水！
⚠️ 第52天，村民847食物耗尽！
⚠️ 第52天，村民847缺水！
⚠️ 第52天，村民848食物耗尽！
⚠️ 第52天，村民848缺水！
⚠️ 第52天，村民849食物耗尽！
⚠️ 第52天，村民849缺水！
⚠️ 第52天，村民850食物耗尽！
⚠️ 第52天，村民850缺水！
⚠️ 第52天，村民851食物耗尽！
⚠️ 第52天，村民851缺水！
⚠️ 第52天，村民852食物耗尽！
⚠️ 第52天，村民852缺水！
⚠️ 第52天，村民853食物耗尽！
⚠️ 第52天，村民853缺水！
⚠️ 第52天，村民854食物耗尽！
⚠️ 第52天，村民854缺水！
⚠️ 第52天，村民855食物耗尽！
⚠️ 第52天，村民855缺水！
⚠️ 第52天，村民856食物耗尽！
⚠️ 第52天，村民856缺水！
⚠️ 第52天，村民857食物耗尽！
⚠️ 第52天，村民857缺水！
⚠️ 第52天，村民858食物耗尽！
⚠️ 第52天，村民858缺水！
⚠️ 第52天，村民859食物耗尽！
⚠️ 第52天，村民859缺水！
⚠️ 第52天，村民860食物耗尽！
⚠️ 第52天，村民860缺水！
⚠️ 第52天，村民861食物耗尽！
⚠️ 第52天，村民861缺水！
⚠️ 第52天，村民862食物耗尽！
⚠️ 第52天，村民862缺水！
⚠️ 第52天，村民863食物耗尽！
⚠️ 第52天，村民863缺水！
⚠️ 第52天，村民864食物耗尽！
⚠️ 第52天，村民864缺水！
⚠️ 第52天，村民865食物耗尽！
⚠️ 第52天，村民865缺水！
⚠️ 第52天，村民866食物耗尽！
⚠️ 第52天，村民866缺水！
⚠️ 第52天，村民867食物耗尽！
⚠️ 第52天，村民867缺水！
⚠️ 第52天，村民868食物耗尽！
⚠️ 第52天，村民868缺水！
⚠️ 第52天，村民869食物耗尽！
⚠️ 第52天，村民869缺水！
⚠️ 第52天，村民870食物耗尽！
⚠️ 第52天，村民870缺水！
⚠️ 第52天，村民871食物耗尽！
⚠️ 第52天，村民871缺水！
⚠️ 第52天，村民872食物耗尽！
⚠️ 第52天，村民872缺水！
⚠️ 第52天，村民873食物耗尽！
⚠️ 第52天，村民873缺水！
⚠️ 第52天，村民874食物耗尽！
⚠️ 第52天，村民874缺水！
⚠️ 第52天，村民875食物耗尽！
⚠️ 第52天，村民875缺水！
⚠️ 第52天，村民876食物耗尽！
⚠️ 第52天，村民876缺水！
⚠️ 第52天，村民877食物耗尽！
⚠️ 第52天，村民877缺水！
⚠️ 第52天，村民878食物耗尽！
⚠️ 第52天，村民878缺水！
⚠️ 第52天，村民879食物耗尽！
⚠️ 第52天，村民879缺水！
⚠️ 第52天，村民880食物耗尽！
⚠️ 第52天，村民880缺水！
⚠️ 第52天，村民881食物耗尽！
⚠️ 第52天，村民881缺水！
⚠️ 第52天，村民882食物耗尽！
⚠️ 第52天，村民882缺水！
⚠️ 第52天，村民883食物耗尽！
⚠️ 第52天，村民883缺水！
⚠️ 第52天，村民884食物耗尽！
⚠️ 第52天，村民884缺水！
⚠️ 第52天，村民885食物耗尽！
⚠️ 第52天，村民885缺水！
⚠️ 第52天，村民886食物耗尽！
⚠️ 第52天，村民886缺水！
⚠️ 第52天，村民887食物耗尽！
⚠️ 第52天，村民887缺水！
⚠️ 第52天，村民888食物耗尽！
⚠️ 第52天，村民888缺水！
⚠️ 第52天，村民889食物耗尽！
⚠️ 第52天，村民889缺水！
⚠️ 第52天，村民890食物耗尽！
⚠️ 第52天，村民890缺水！
⚠️ 第52天，村民891食物耗尽！
⚠️ 第52天，村民891缺水！
⚠️ 第52天，村民892食物耗尽！
⚠️ 第52天，村民892缺水！
⚠️ 第52天，村民893食物耗尽！
⚠️ 第52天，村民893缺水！
⚠️ 第52天，村民894食物耗尽！
⚠️ 第52天，村民894缺水！
⚠️ 第52天，村民895食物耗尽！
⚠️ 第52天，村民895缺水！
⚠️ 第52天，村民896食物耗尽！
⚠️ 第52天，村民896缺水！
⚠️ 第52天，村民897食物耗尽！
⚠️ 第52天，村民897缺水！
⚠️ 第52天，村民898食物耗尽！
⚠️ 第52天，村民898缺水！
⚠️ 第52天，村民899食物耗尽！
⚠️ 第52天，村民899缺水！
⚠️ 第52天，村民900食物耗尽！
⚠️ 第52天，村民900缺水！
⚠️ 第52天，村民901食物耗尽！
⚠️ 第52天，村民901缺水！
⚠️ 第52天，村民902食物耗尽！
⚠️ 第52天，村民902缺水！
⚠️ 第52天，村民903食物耗尽！
⚠️ 第52天，村民903缺水！
⚠️ 第52天，村民904食物耗尽！
⚠️ 第52天，村民904缺水！
⚠️ 第52天，村民905食物耗尽！
⚠️ 第52天，村民905缺水！
⚠️ 第52天，村民906食物耗尽！
⚠️ 第52天，村民906缺水！
⚠️ 第52天，村民907食物耗尽！
⚠️ 第52天，村民907缺水！
⚠️ 第52天，村民908食物耗尽！
⚠️ 第52天，村民908缺水！
⚠️ 第52天，村民909食物耗尽！
⚠️ 第52天，村民909缺水！
⚠️ 第52天，村民910食物耗尽！
⚠️ 第52天，村民910缺水！
⚠️ 第52天，村民911食物耗尽！
⚠️ 第52天，村民911缺水！
⚠️ 第52天，村民912食物耗尽！
⚠️ 第52天，村民912缺水！
⚠️ 第52天，村民913食物耗尽！
⚠️ 第52天，村民913缺水！
⚠️ 第52天，村民914食物耗尽！
⚠️ 第52天，村民914缺水！
⚠️ 第52天，村民915食物耗尽！
⚠️ 第52天，村民915缺水！
⚠️ 第52天，村民916食物耗尽！
⚠️ 第52天，村民916缺水！
⚠️ 第52天，村民917食物耗尽！
⚠️ 第52天，村民917缺水！
⚠️ 第52天，村民918食物耗尽！
⚠️ 第52天，村民918缺水！
⚠️ 第52天，村民919食物耗尽！
⚠️ 第52天，村民919缺水！
⚠️ 第52天，村民920食物耗尽！
⚠️ 第52天，村民920缺水！
⚠️ 第52天，村民921食物耗尽！
⚠️ 第52天，村民921缺水！
⚠️ 第52天，村民922食物耗尽！
⚠️ 第52天，村民922缺水！
⚠️ 第52天，村民923食物耗尽！
⚠️ 第52天，村民923缺水！
⚠️ 第52天，村民924食物耗尽！
⚠️ 第52天，村民924缺水！
⚠️ 第52天，村民925食物耗尽！
⚠️ 第52天，村民925缺水！
⚠️ 第52天，村民926食物耗尽！
⚠️ 第52天，村民926缺水！
⚠️ 第52天，村民927食物耗尽！
⚠️ 第52天，村民927缺水！
⚠️ 第52天，村民928食物耗尽！
⚠️ 第52天，村民928缺水！
⚠️ 第52天，村民929食物耗尽！
⚠️ 第52天，村民929缺水！
⚠️ 第52天，村民930食物耗尽！
⚠️ 第52天，村民930缺水！
⚠️ 第52天，村民931食物耗尽！
⚠️ 第52天，村民931缺水！
⚠️ 第52天，村民932食物耗尽！
⚠️ 第52天，村民932缺水！
⚠️ 第52天，村民933食物耗尽！
⚠️ 第52天，村民933缺水！
⚠️ 第52天，村民934食物耗尽！
⚠️ 第52天，村民934缺水！
⚠️ 第52天，村民935食物耗尽！
⚠️ 第52天，村民935缺水！
⚠️ 第52天，村民936食物耗尽！
⚠️ 第52天，村民936缺水！
⚠️ 第52天，村民937食物耗尽！
⚠️ 第52天，村民937缺水！
⚠️ 第52天，村民938食物耗尽！
⚠️ 第52天，村民938缺水！
⚠️ 第52天，村民939食物耗尽！
⚠️ 第52天，村民939缺水！
⚠️ 第52天，村民940食物耗尽！
⚠️ 第52天，村民940缺水！
⚠️ 第52天，村民941食物耗尽！
⚠️ 第52天，村民941缺水！
⚠️ 第52天，村民942食物耗尽！
⚠️ 第52天，村民942缺水！
⚠️ 第52天，村民943食物耗尽！
⚠️ 第52天，村民943缺水！
⚠️ 第52天，村民944食物耗尽！
⚠️ 第52天，村民944缺水！
⚠️ 第52天，村民945食物耗尽！
⚠️ 第52天，村民945缺水！
⚠️ 第52天，村民946食物耗尽！
⚠️ 第52天，村民946缺水！
⚠️ 第52天，村民947食物耗尽！
⚠️ 第52天，村民947缺水！
⚠️ 第52天，村民948食物耗尽！
⚠️ 第52天，村民948缺水！
⚠️ 第52天，村民949食物耗尽！
⚠️ 第52天，村民949缺水！
⚠️ 第52天，村民950食物耗尽！
⚠️ 第52天，村民950缺水！
⚠️ 第52天，村民951食物耗尽！
⚠️ 第52天，村民951缺水！
⚠️ 第52天，村民952食物耗尽！
⚠️ 第52天，村民952缺水！
⚠️ 第52天，村民953食物耗尽！
⚠️ 第52天，村民953缺水！
⚠️ 第52天，村民954食物耗尽！
⚠️ 第52天，村民954缺水！
⚠️ 第52天，村民955食物耗尽！
⚠️ 第52天，村民955缺水！
⚠️ 第52天，村民956食物耗尽！
⚠️ 第52天，村民956缺水！
⚠️ 第52天，村民957食物耗尽！
⚠️ 第52天，村民957缺水！
⚠️ 第52天，村民958食物耗尽！
⚠️ 第52天，村民958缺水！
⚠️ 第52天，村民959食物耗尽！
⚠️ 第52天，村民959缺水！
⚠️ 第52天，村民960食物耗尽！
⚠️ 第52天，村民960缺水！
⚠️ 第52天，村民961食物耗尽！
⚠️ 第52天，村民961缺水！
⚠️ 第52天，村民962食物耗尽！
⚠️ 第52天，村民962缺水！
⚠️ 第52天，村民963食物耗尽！
⚠️ 第52天，村民963缺水！
⚠️ 第52天，村民964食物耗尽！
⚠️ 第52天，村民964缺水！
⚠️ 第52天，村民965食物耗尽！
⚠️ 第52天，村民965缺水！
⚠️ 第52天，村民966食物耗尽！
⚠️ 第52天，村民966缺水！
⚠️ 第52天，村民967食物耗尽！
⚠️ 第52天，村民967缺水！
⚠️ 第52天，村民968食物耗尽！
⚠️ 第52天，村民968缺水！
⚠️ 第52天，村民969食物耗尽！
⚠️ 第52天，村民969缺水！
⚠️ 第52天，村民970食物耗尽！
⚠️ 第52天，村民970缺水！
⚠️ 第52天，村民971食物耗尽！
⚠️ 第52天，村民971缺水！
⚠️ 第52天，村民972食物耗尽！
⚠️ 第52天，村民972缺水！
⚠️ 第52天，村民973食物耗尽！
⚠️ 第52天，村民973缺水！
⚠️ 第52天，村民974食物耗尽！
⚠️ 第52天，村民974缺水！
⚠️ 第52天，村民975食物耗尽！
⚠️ 第52天，村民975缺水！
⚠️ 第52天，村民976食物耗尽！
⚠️ 第52天，村民976缺水！
⚠️ 第52天，村民977食物耗尽！
⚠️ 第52天，村民977缺水！
⚠️ 第52天，村民978食物耗尽！
⚠️ 第52天，村民978缺水！
⚠️ 第52天，村民979食物耗尽！
⚠️ 第52天，村民979缺水！
⚠️ 第52天，村民980食物耗尽！
⚠️ 第52天，村民980缺水！
⚠️ 第52天，村民981食物耗尽！
⚠️ 第52天，村民981缺水！
⚠️ 第52天，村民982食物耗尽！
⚠️ 第52天，村民982缺水！
⚠️ 第52天，村民983食物耗尽！
⚠️ 第52天，村民983缺水！
⚠️ 第52天，村民984食物耗尽！
⚠️ 第52天，村民984缺水！
⚠️ 第52天，村民985食物耗尽！
⚠️ 第52天，村民985缺水！
⚠️ 第52天，村民986食物耗尽！
⚠️ 第52天，村民986缺水！
⚠️ 第52天，村民987食物耗尽！
⚠️ 第52天，村民987缺水！
⚠️ 第52天，村民988食物耗尽！
⚠️ 第52天，村民988缺水！
⚠️ 第52天，村民989食物耗尽！
⚠️ 第52天，村民989缺水！
⚠️ 第52天，村民990食物耗尽！
⚠️ 第52天，村民990缺水！
⚠️ 第52天，村民991食物耗尽！
⚠️ 第52天，村民991缺水！
⚠️ 第52天，村民992食物耗尽！
⚠️ 第52天，村民992缺水！
⚠️ 第52天，村民993食物耗尽！
⚠️ 第52天，村民993缺水！
⚠️ 第52天，村民994食物耗尽！
⚠️ 第52天，村民994缺水！
⚠️ 第52天，村民995食物耗尽！
⚠️ 第52天，村民995缺水！
⚠️ 第52天，村民996食物耗尽！
⚠️ 第52天，村民996缺水！
⚠️ 第52天，村民997食物耗尽！
⚠️ 第52天，村民997缺水！
⚠️ 第52天，村民998食物耗尽！
⚠️ 第52天，村民998缺水！
⚠️ 第52天，村民999食物耗尽！
⚠️ 第52天，村民999缺水！
⚠️ 第52天，村民1000食物耗尽！
⚠️ 第52天，村民1000缺水！
⚠️ 第52天，村民1001食物耗尽！
⚠️ 第52天，村民1001缺水！
⚠️ 第52天，村民1002食物耗尽！
⚠️ 第52天，村民1002缺水！
⚠️ 第52天，村民1003食物耗尽！
⚠️ 第52天，村民1003缺水！
⚠️ 第52天，村民1004食物耗尽！
⚠️ 第52天，村民1004缺水！
⚠️ 第52天，村民1005食物耗尽！
⚠️ 第52天，村民1005缺水！
⚠️ 第52天，村民1006食物耗尽！
⚠️ 第52天，村民1006缺水！
⚠️ 第52天，村民1007食物耗尽！
⚠️ 第52天，村民1007缺水！
⚠️ 第52天，村民1008食物耗尽！
⚠️ 第52天，村民1008缺水！
⚠️ 第52天，村民1009食物耗尽！
⚠️ 第52天，村民1009缺水！
⚠️ 第52天，村民1010食物耗尽！
⚠️ 第52天，村民1010缺水！
⚠️ 第52天，村民1011食物耗尽！
⚠️ 第52天，村民1011缺水！
⚠️ 第52天，村民1012食物耗尽！
⚠️ 第52天，村民1012缺水！
⚠️ 第52天，村民1013食物耗尽！
⚠️ 第52天，村民1013缺水！
⚠️ 第52天，村民1014食物耗尽！
⚠️ 第52天，村民1014缺水！
⚠️ 第52天，村民1015食物耗尽！
⚠️ 第52天，村民1015缺水！
⚠️ 第52天，村民1016食物耗尽！
⚠️ 第52天，村民1016缺水！
⚠️ 第52天，村民1017食物耗尽！
⚠️ 第52天，村民1017缺水！
⚠️ 第52天，村民1018食物耗尽！
⚠️ 第52天，村民1018缺水！
⚠️ 第52天，村民1019食物耗尽！
⚠️ 第52天，村民1019缺水！
⚠️ 第52天，村民1020食物耗尽！
⚠️ 第52天，村民1020缺水！
⚠️ 第52天，村民1021食物耗尽！
⚠️ 第52天，村民1021缺水！
⚠️ 第52天，村民1022食物耗尽！
⚠️ 第52天，村民1022缺水！
⚠️ 第52天，村民1023食物耗尽！
⚠️ 第52天，村民1023缺水！
⚠️ 第52天，村民1024食物耗尽！
⚠️ 第52天，村民1024缺水！
⚠️ 第52天，村民1025食物耗尽！
⚠️ 第52天，村民1025缺水！
⚠️ 第52天，村民1026食物耗尽！
⚠️ 第52天，村民1026缺水！
⚠️ 第52天，村民1027食物耗尽！
⚠️ 第52天，村民1027缺水！
⚠️ 第52天，村民1028食物耗尽！
⚠️ 第52天，村民1028缺水！
⚠️ 第52天，村民1029食物耗尽！
⚠️ 第52天，村民1029缺水！
⚠️ 第52天，村民1030食物耗尽！
⚠️ 第52天，村民1030缺水！
⚠️ 第52天，村民1031食物耗尽！
⚠️ 第52天，村民1031缺水！
⚠️ 第52天，村民1032食物耗尽！
⚠️ 第52天，村民1032缺水！
⚠️ 第52天，村民1033食物耗尽！
⚠️ 第52天，村民1033缺水！
⚠️ 第52天，村民1034食物耗尽！
⚠️ 第52天，村民1034缺水！
⚠️ 第52天，村民1035食物耗尽！
⚠️ 第52天，村民1035缺水！
⚠️ 第52天，村民1036食物耗尽！
⚠️ 第52天，村民1036缺水！
⚠️ 第52天，村民1037食物耗尽！
⚠️ 第52天，村民1037缺水！
⚠️ 第52天，村民1038食物耗尽！
⚠️ 第52天，村民1038缺水！
⚠️ 第52天，村民1039食物耗尽！
⚠️ 第52天，村民1039缺水！
⚠️ 第52天，村民1040食物耗尽！
⚠️ 第52天，村民1040缺水！
⚠️ 第52天，村民1041食物耗尽！
⚠️ 第52天，村民1041缺水！
⚠️ 第52天，村民1042食物耗尽！
⚠️ 第52天，村民1042缺水！
⚠️ 第52天，村民1043食物耗尽！
⚠️ 第52天，村民1043缺水！
⚠️ 第52天，村民1044食物耗尽！
⚠️ 第52天，村民1044缺水！
⚠️ 第52天，村民1045食物耗尽！
⚠️ 第52天，村民1045缺水！
⚠️ 第52天，村民1046食物耗尽！
⚠️ 第52天，村民1046缺水！
⚠️ 第52天，村民1047食物耗尽！
⚠️ 第52天，村民1047缺水！
⚠️ 第52天，村民1048食物耗尽！
⚠️ 第52天，村民1048缺水！
⚠️ 第52天，村民1049食物耗尽！
⚠️ 第52天，村民1049缺水！
⚠️ 第52天，村民1050食物耗尽！
⚠️ 第52天，村民1050缺水！
⚠️ 第52天，村民1051食物耗尽！
⚠️ 第52天，村民1051缺水！
⚠️ 第52天，村民1052食物耗尽！
⚠️ 第52天，村民1052缺水！
⚠️ 第52天，村民1053食物耗尽！
⚠️ 第52天，村民1053缺水！
⚠️ 第52天，村民1054食物耗尽！
⚠️ 第52天，村民1054缺水！
⚠️ 第52天，村民1055食物耗尽！
⚠️ 第52天，村民1055缺水！
⚠️ 第52天，村民1056食物耗尽！
⚠️ 第52天，村民1056缺水！
⚠️ 第52天，村民1057食物耗尽！
⚠️ 第52天，村民1057缺水！
⚠️ 第52天，村民1058食物耗尽！
⚠️ 第52天，村民1058缺水！
⚠️ 第52天，村民1059食物耗尽！
⚠️ 第52天，村民1059缺水！
⚠️ 第52天，村民1060食物耗尽！
⚠️ 第52天，村民1060缺水！
⚠️ 第52天，村民1061食物耗尽！
⚠️ 第52天，村民1061缺水！
⚠️ 第52天，村民1062食物耗尽！
⚠️ 第52天，村民1062缺水！
⚠️ 第52天，村民1063食物耗尽！
⚠️ 第52天，村民1063缺水！
⚠️ 第52天，村民1064食物耗尽！
⚠️ 第52天，村民1064缺水！
⚠️ 第52天，村民1065食物耗尽！
⚠️ 第52天，村民1065缺水！
⚠️ 第52天，村民1066食物耗尽！
⚠️ 第52天，村民1066缺水！
⚠️ 第52天，村民1067食物耗尽！
⚠️ 第52天，村民1067缺水！
⚠️ 第52天，村民1068食物耗尽！
⚠️ 第52天，村民1068缺水！
⚠️ 第52天，村民1069食物耗尽！
⚠️ 第52天，村民1069缺水！
⚠️ 第52天，村民1070食物耗尽！
⚠️ 第52天，村民1070缺水！
⚠️ 第52天，村民1071食物耗尽！
⚠️ 第52天，村民1071缺水！
⚠️ 第52天，村民1072食物耗尽！
⚠️ 第52天，村民1072缺水！
⚠️ 第52天，村民1073食物耗尽！
⚠️ 第52天，村民1073缺水！
⚠️ 第52天，村民1074食物耗尽！
⚠️ 第52天，村民1074缺水！
⚠️ 第52天，村民1075食物耗尽！
⚠️ 第52天，村民1075缺水！
⚠️ 第52天，村民1076食物耗尽！
⚠️ 第52天，村民1076缺水！
⚠️ 第52天，村民1077食物耗尽！
⚠️ 第52天，村民1077缺水！
⚠️ 第52天，村民1078食物耗尽！
⚠️ 第52天，村民1078缺水！
⚠️ 第52天，村民1079食物耗尽！
⚠️ 第52天，村民1079缺水！
⚠️ 第52天，村民1080食物耗尽！
⚠️ 第52天，村民1080缺水！
⚠️ 第52天，村民1081食物耗尽！
⚠️ 第52天，村民1081缺水！
⚠️ 第52天，村民1082食物耗尽！
⚠️ 第52天，村民1082缺水！
⚠️ 第52天，村民1083食物耗尽！
⚠️ 第52天，村民1083缺水！
⚠️ 第52天，村民1084食物耗尽！
⚠️ 第52天，村民1084缺水！
⚠️ 第52天，村民1085食物耗尽！
⚠️ 第52天，村民1085缺水！
⚠️ 第52天，村民1086食物耗尽！
⚠️ 第52天，村民1086缺水！
⚠️ 第52天，村民1087食物耗尽！
⚠️ 第52天，村民1087缺水！
⚠️ 第52天，村民1088食物耗尽！
⚠️ 第52天，村民1088缺水！
⚠️ 第52天，村民1089食物耗尽！
⚠️ 第52天，村民1089缺水！
⚠️ 第52天，村民1090食物耗尽！
⚠️ 第52天，村民1090缺水！
⚠️ 第52天，村民1091食物耗尽！
⚠️ 第52天，村民1091缺水！
⚠️ 第52天，村民1092食物耗尽！
⚠️ 第52天，村民1092缺水！
⚠️ 第52天，村民1093食物耗尽！
⚠️ 第52天，村民1093缺水！
⚠️ 第52天，村民1094食物耗尽！
⚠️ 第52天，村民1094缺水！
⚠️ 第52天，村民1095食物耗尽！
⚠️ 第52天，村民1095缺水！
⚠️ 第52天，村民1096食物耗尽！
⚠️ 第52天，村民1096缺水！
⚠️ 第52天，村民1097食物耗尽！
⚠️ 第52天，村民1097缺水！
⚠️ 第52天，村民1098食物耗尽！
⚠️ 第52天，村民1098缺水！
⚠️ 第52天，村民1099食物耗尽！
⚠️ 第52天，村民1099缺水！
⚠️ 第52天，村民1100食物耗尽！
⚠️ 第52天，村民1100缺水！
⚠️ 第52天，村民1101食物耗尽！
⚠️ 第52天，村民1101缺水！
⚠️ 第52天，村民1102食物耗尽！
⚠️ 第52天，村民1102缺水！
⚠️ 第52天，村民1103食物耗尽！
⚠️ 第52天，村民1103缺水！
⚠️ 第52天，村民1104食物耗尽！
⚠️ 第52天，村民1104缺水！
⚠️ 第52天，村民1105食物耗尽！
⚠️ 第52天，村民1105缺水！
⚠️ 第52天，村民1106食物耗尽！
⚠️ 第52天，村民1106缺水！
⚠️ 第52天，村民1107食物耗尽！
⚠️ 第52天，村民1107缺水！
⚠️ 第52天，村民1108食物耗尽！
⚠️ 第52天，村民1108缺水！
⚠️ 第52天，村民1109食物耗尽！
⚠️ 第52天，村民1109缺水！
⚠️ 第52天，村民1110食物耗尽！
⚠️ 第52天，村民1110缺水！
⚠️ 第52天，村民1111食物耗尽！
⚠️ 第52天，村民1111缺水！
⚠️ 第52天，村民1112食物耗尽！
⚠️ 第52天，村民1112缺水！
⚠️ 第52天，村民1113食物耗尽！
⚠️ 第52天，村民1113缺水！
⚠️ 第52天，村民1114食物耗尽！
⚠️ 第52天，村民1114缺水！
⚠️ 第52天，村民1115食物耗尽！
⚠️ 第52天，村民1115缺水！
⚠️ 第52天，村民1116食物耗尽！
⚠️ 第52天，村民1116缺水！
⚠️ 第52天，村民1117食物耗尽！
⚠️ 第52天，村民1117缺水！
⚠️ 第52天，村民1118食物耗尽！
⚠️ 第52天，村民1118缺水！
⚠️ 第52天，村民1119食物耗尽！
⚠️ 第52天，村民1119缺水！
⚠️ 第52天，村民1120食物耗尽！
⚠️ 第52天，村民1120缺水！
⚠️ 第52天，村民1121食物耗尽！
⚠️ 第52天，村民1121缺水！
⚠️ 第52天，村民1122食物耗尽！
⚠️ 第52天，村民1122缺水！
⚠️ 第52天，村民1123食物耗尽！
⚠️ 第52天，村民1123缺水！
⚠️ 第52天，村民1124食物耗尽！
⚠️ 第52天，村民1124缺水！
⚠️ 第52天，村民1125食物耗尽！
⚠️ 第52天，村民1125缺水！
⚠️ 第52天，村民1126食物耗尽！
⚠️ 第52天，村民1126缺水！
⚠️ 第52天，村民1127食物耗尽！
⚠️ 第52天，村民1127缺水！
⚠️ 第52天，村民1128食物耗尽！
⚠️ 第52天，村民1128缺水！
⚠️ 第52天，村民1129食物耗尽！
⚠️ 第52天，村民1129缺水！
⚠️ 第52天，村民1130食物耗尽！
⚠️ 第52天，村民1130缺水！
⚠️ 第52天，村民1131食物耗尽！
⚠️ 第52天，村民1131缺水！
⚠️ 第52天，村民1132食物耗尽！
⚠️ 第52天，村民1132缺水！
⚠️ 第52天，村民1133食物耗尽！
⚠️ 第52天，村民1133缺水！
⚠️ 第52天，村民1134食物耗尽！
⚠️ 第52天，村民1134缺水！
⚠️ 第52天，村民1135食物耗尽！
⚠️ 第52天，村民1135缺水！
⚠️ 第52天，村民1136食物耗尽！
⚠️ 第52天，村民1136缺水！
⚠️ 第52天，村民1137食物耗尽！
⚠️ 第52天，村民1137缺水！
⚠️ 第52天，村民1138食物耗尽！
⚠️ 第52天，村民1138缺水！
⚠️ 第52天，村民1139食物耗尽！
⚠️ 第52天，村民1139缺水！
⚠️ 第52天，村民1140食物耗尽！
⚠️ 第52天，村民1140缺水！
⚠️ 第52天，村民1141食物耗尽！
⚠️ 第52天，村民1141缺水！
⚠️ 第52天，村民1142食物耗尽！
⚠️ 第52天，村民1142缺水！
⚠️ 第52天，村民1143食物耗尽！
⚠️ 第52天，村民1143缺水！
⚠️ 第52天，村民1144食物耗尽！
⚠️ 第52天，村民1144缺水！
⚠️ 第52天，村民1145食物耗尽！
⚠️ 第52天，村民1145缺水！
⚠️ 第52天，村民1146食物耗尽！
⚠️ 第52天，村民1146缺水！
⚠️ 第52天，村民1147食物耗尽！
⚠️ 第52天，村民1147缺水！
⚠️ 第52天，村民1148食物耗尽！
⚠️ 第52天，村民1148缺水！
⚠️ 第52天，村民1149食物耗尽！
⚠️ 第52天，村民1149缺水！
⚠️ 第52天，村民1150食物耗尽！
⚠️ 第52天，村民1150缺水！
⚠️ 第52天，村民1151食物耗尽！
⚠️ 第52天，村民1151缺水！
⚠️ 第52天，村民1152食物耗尽！
⚠️ 第52天，村民1152缺水！
⚠️ 第52天，村民1153食物耗尽！
⚠️ 第52天，村民1153缺水！
⚠️ 第52天，村民1154食物耗尽！
⚠️ 第52天，村民1154缺水！
⚠️ 第52天，村民1155食物耗尽！
⚠️ 第52天，村民1155缺水！
⚠️ 第52天，村民1156食物耗尽！
⚠️ 第52天，村民1156缺水！
⚠️ 第52天，村民1157食物耗尽！
⚠️ 第52天，村民1157缺水！
⚠️ 第52天，村民1158食物耗尽！
⚠️ 第52天，村民1158缺水！
⚠️ 第52天，村民1159食物耗尽！
⚠️ 第52天，村民1159缺水！
⚠️ 第52天，村民1160食物耗尽！
⚠️ 第52天，村民1160缺水！
⚠️ 第52天，村民1161食物耗尽！
⚠️ 第52天，村民1161缺水！
⚠️ 第52天，村民1162食物耗尽！
⚠️ 第52天，村民1162缺水！
⚠️ 第52天，村民1163食物耗尽！
⚠️ 第52天，村民1163缺水！
⚠️ 第52天，村民1164食物耗尽！
⚠️ 第52天，村民1164缺水！
⚠️ 第52天，村民1165食物耗尽！
⚠️ 第52天，村民1165缺水！
⚠️ 第52天，村民1166食物耗尽！
⚠️ 第52天，村民1166缺水！
⚠️ 第52天，村民1167食物耗尽！
⚠️ 第52天，村民1167缺水！
⚠️ 第52天，村民1168食物耗尽！
⚠️ 第52天，村民1168缺水！
⚠️ 第52天，村民1169食物耗尽！
⚠️ 第52天，村民1169缺水！
⚠️ 第52天，村民1170食物耗尽！
⚠️ 第52天，村民1170缺水！
⚠️ 第52天，村民1171食物耗尽！
⚠️ 第52天，村民1171缺水！
⚠️ 第52天，村民1172食物耗尽！
⚠️ 第52天，村民1172缺水！
⚠️ 第52天，村民1173食物耗尽！
⚠️ 第52天，村民1173缺水！
⚠️ 第52天，村民1174食物耗尽！
⚠️ 第52天，村民1174缺水！
⚠️ 第52天，村民1175食物耗尽！
⚠️ 第52天，村民1175缺水！
⚠️ 第52天，村民1176食物耗尽！
⚠️ 第52天，村民1176缺水！
⚠️ 第52天，村民1177食物耗尽！
⚠️ 第52天，村民1177缺水！
⚠️ 第52天，村民1178食物耗尽！
⚠️ 第52天，村民1178缺水！
⚠️ 第52天，村民1179食物耗尽！
⚠️ 第52天，村民1179缺水！
⚠️ 第52天，村民1180食物耗尽！
⚠️ 第52天，村民1180缺水！
⚠️ 第52天，村民1181食物耗尽！
⚠️ 第52天，村民1181缺水！
⚠️ 第52天，村民1182食物耗尽！
⚠️ 第52天，村民1182缺水！
⚠️ 第52天，村民1183食物耗尽！
⚠️ 第52天，村民1183缺水！
⚠️ 第52天，村民1184食物耗尽！
⚠️ 第52天，村民1184缺水！
⚠️ 第52天，村民1185食物耗尽！
⚠️ 第52天，村民1185缺水！
⚠️ 第52天，村民1186食物耗尽！
⚠️ 第52天，村民1186缺水！
⚠️ 第52天，村民1187食物耗尽！
⚠️ 第52天，村民1187缺水！
⚠️ 第52天，村民1188食物耗尽！
⚠️ 第52天，村民1188缺水！
⚠️ 第52天，村民1189食物耗尽！
⚠️ 第52天，村民1189缺水！
⚠️ 第52天，村民1190食物耗尽！
⚠️ 第52天，村民1190缺水！
⚠️ 第52天，村民1191食物耗尽！
⚠️ 第52天，村民1191缺水！
⚠️ 第52天，村民1192食物耗尽！
⚠️ 第52天，村民1192缺水！
⚠️ 第52天，村民1193食物耗尽！
⚠️ 第52天，村民1193缺水！
⚠️ 第52天，村民1194食物耗尽！
⚠️ 第52天，村民1194缺水！
⚠️ 第52天，村民1195食物耗尽！
⚠️ 第52天，村民1195缺水！
⚠️ 第52天，村民1196食物耗尽！
⚠️ 第52天，村民1196缺水！
⚠️ 第52天，村民1197食物耗尽！
⚠️ 第52天，村民1197缺水！
⚠️ 第52天，村民1198食物耗尽！
⚠️ 第52天，村民1198缺水！
⚠️ 第52天，村民1199食物耗尽！
⚠️ 第52天，村民1199缺水！
⚠️ 第52天，村民1200食物耗尽！
⚠️ 第52天，村民1200缺水！
⚠️ 第52天，村民1201食物耗尽！
⚠️ 第52天，村民1201缺水！
⚠️ 第52天，村民1202食物耗尽！
⚠️ 第52天，村民1202缺水！
⚠️ 第52天，村民1203食物耗尽！
⚠️ 第52天，村民1203缺水！
⚠️ 第52天，村民1204食物耗尽！
⚠️ 第52天，村民1204缺水！
⚠️ 第52天，村民1205食物耗尽！
⚠️ 第52天，村民1205缺水！
⚠️ 第52天，村民1206食物耗尽！
⚠️ 第52天，村民1206缺水！
⚠️ 第52天，村民1207食物耗尽！
⚠️ 第52天，村民1207缺水！
⚠️ 第52天，村民1208食物耗尽！
⚠️ 第52天，村民1208缺水！
⚠️ 第52天，村民1209食物耗尽！
⚠️ 第52天，村民1209缺水！
⚠️ 第52天，村民1210食物耗尽！
⚠️ 第52天，村民1210缺水！
⚠️ 第52天，村民1211食物耗尽！
⚠️ 第52天，村民1211缺水！
⚠️ 第52天，村民1212食物耗尽！
⚠️ 第52天，村民1212缺水！
⚠️ 第52天，村民1213食物耗尽！
⚠️ 第52天，村民1213缺水！
⚠️ 第52天，村民1214食物耗尽！
⚠️ 第52天，村民1214缺水！
⚠️ 第52天，村民1215食物耗尽！
⚠️ 第52天，村民1215缺水！
⚠️ 第52天，村民1216食物耗尽！
⚠️ 第52天，村民1216缺水！
⚠️ 第52天，村民1217食物耗尽！
⚠️ 第52天，村民1217缺水！
⚠️ 第52天，村民1218食物耗尽！
⚠️ 第52天，村民1218缺水！
⚠️ 第52天，村民1219食物耗尽！
⚠️ 第52天，村民1219缺水！
⚠️ 第52天，村民1220食物耗尽！
⚠️ 第52天，村民1220缺水！
⚠️ 第52天，村民1221食物耗尽！
⚠️ 第52天，村民1221缺水！
⚠️ 第52天，村民1222食物耗尽！
⚠️ 第52天，村民1222缺水！
⚠️ 第52天，村民1223食物耗尽！
⚠️ 第52天，村民1223缺水！
⚠️ 第52天，村民1224食物耗尽！
⚠️ 第52天，村民1224缺水！
⚠️ 第52天，村民1225食物耗尽！
⚠️ 第52天，村民1225缺水！
⚠️ 第52天，村民1226食物耗尽！
⚠️ 第52天，村民1226缺水！
⚠️ 第52天，村民1227食物耗尽！
⚠️ 第52天，村民1227缺水！
⚠️ 第52天，村民1228食物耗尽！
⚠️ 第52天，村民1228缺水！
⚠️ 第52天，村民1229食物耗尽！
⚠️ 第52天，村民1229缺水！
⚠️ 第52天，村民1230食物耗尽！
⚠️ 第52天，村民1230缺水！
⚠️ 第52天，村民1231食物耗尽！
⚠️ 第52天，村民1231缺水！
⚠️ 第52天，村民1232食物耗尽！
⚠️ 第52天，村民1232缺水！
⚠️ 第52天，村民1233食物耗尽！
⚠️ 第52天，村民1233缺水！
⚠️ 第52天，村民1234食物耗尽！
⚠️ 第52天，村民1234缺水！
⚠️ 第52天，村民1235食物耗尽！
⚠️ 第52天，村民1235缺水！
⚠️ 第52天，村民1236食物耗尽！
⚠️ 第52天，村民1236缺水！
⚠️ 第52天，村民1237食物耗尽！
⚠️ 第52天，村民1237缺水！
⚠️ 第52天，村民1238食物耗尽！
⚠️ 第52天，村民1238缺水！
⚠️ 第52天，村民1239食物耗尽！
⚠️ 第52天，村民1239缺水！
⚠️ 第52天，村民1240食物耗尽！
⚠️ 第52天，村民1240缺水！
⚠️ 第52天，村民1241食物耗尽！
⚠️ 第52天，村民1241缺水！
⚠️ 第52天，村民1242食物耗尽！
⚠️ 第52天，村民1242缺水！
⚠️ 第52天，村民1243食物耗尽！
⚠️ 第52天，村民1243缺水！
⚠️ 第52天，村民1244食物耗尽！
⚠️ 第52天，村民1244缺水！
⚠️ 第52天，村民1245食物耗尽！
⚠️ 第52天，村民1245缺水！
⚠️ 第52天，村民1246食物耗尽！
⚠️ 第52天，村民1246缺水！
⚠️ 第52天，村民1247食物耗尽！
⚠️ 第52天，村民1247缺水！
⚠️ 第52天，村民1248食物耗尽！
⚠️ 第52天，村民1248缺水！
⚠️ 第52天，村民1249食物耗尽！
⚠️ 第52天，村民1249缺水！
⚠️ 第52天，村民1250食物耗尽！
⚠️ 第52天，村民1250缺水！
⚠️ 第52天，村民1251食物耗尽！
⚠️ 第52天，村民1251缺水！
⚠️ 第52天，村民1252食物耗尽！
⚠️ 第52天，村民1252缺水！
⚠️ 第52天，村民1253食物耗尽！
⚠️ 第52天，村民1253缺水！
⚠️ 第52天，村民1254食物耗尽！
⚠️ 第52天，村民1254缺水！
⚠️ 第52天，村民1255食物耗尽！
⚠️ 第52天，村民1255缺水！
⚠️ 第52天，村民1256食物耗尽！
⚠️ 第52天，村民1256缺水！
⚠️ 第52天，村民1257食物耗尽！
⚠️ 第52天，村民1257缺水！
⚠️ 第52天，村民1258食物耗尽！
⚠️ 第52天，村民1258缺水！
⚠️ 第52天，村民1259食物耗尽！
⚠️ 第52天，村民1259缺水！
⚠️ 第52天，村民1260食物耗尽！
⚠️ 第52天，村民1260缺水！
⚠️ 第52天，村民1261食物耗尽！
⚠️ 第52天，村民1261缺水！
⚠️ 第52天，村民1262食物耗尽！
⚠️ 第52天，村民1262缺水！
⚠️ 第52天，村民1263食物耗尽！
⚠️ 第52天，村民1263缺水！
⚠️ 第52天，村民1264食物耗尽！
⚠️ 第52天，村民1264缺水！
⚠️ 第52天，村民1265食物耗尽！
⚠️ 第52天，村民1265缺水！
⚠️ 第52天，村民1266食物耗尽！
⚠️ 第52天，村民1266缺水！
⚠️ 第52天，村民1267食物耗尽！
⚠️ 第52天，村民1267缺水！
⚠️ 第52天，村民1268食物耗尽！
⚠️ 第52天，村民1268缺水！
⚠️ 第52天，村民1269食物耗尽！
⚠️ 第52天，村民1269缺水！
⚠️ 第52天，村民1270食物耗尽！
⚠️ 第52天，村民1270缺水！
⚠️ 第52天，村民1271食物耗尽！
⚠️ 第52天，村民1271缺水！
⚠️ 第52天，村民1272食物耗尽！
⚠️ 第52天，村民1272缺水！
⚠️ 第52天，村民1273食物耗尽！
⚠️ 第52天，村民1273缺水！
⚠️ 第52天，村民1274食物耗尽！
⚠️ 第52天，村民1274缺水！
⚠️ 第52天，村民1275食物耗尽！
⚠️ 第52天，村民1275缺水！
⚠️ 第52天，村民1276食物耗尽！
⚠️ 第52天，村民1276缺水！
⚠️ 第52天，村民1277食物耗尽！
⚠️ 第52天，村民1277缺水！
⚠️ 第52天，村民1278食物耗尽！
⚠️ 第52天，村民1278缺水！
⚠️ 第52天，村民1279食物耗尽！
⚠️ 第52天，村民1279缺水！
⚠️ 第52天，村民1280食物耗尽！
⚠️ 第52天，村民1280缺水！
⚠️ 第52天，村民1281食物耗尽！
⚠️ 第52天，村民1281缺水！
⚠️ 第52天，村民1282食物耗尽！
⚠️ 第52天，村民1282缺水！
⚠️ 第52天，村民1283食物耗尽！
⚠️ 第52天，村民1283缺水！
⚠️ 第52天，村民1284食物耗尽！
⚠️ 第52天，村民1284缺水！
⚠️ 第52天，村民1285食物耗尽！
⚠️ 第52天，村民1285缺水！
⚠️ 第52天，村民1286食物耗尽！
⚠️ 第52天，村民1286缺水！
⚠️ 第52天，村民1287食物耗尽！
⚠️ 第52天，村民1287缺水！
⚠️ 第52天，村民1288食物耗尽！
⚠️ 第52天，村民1288缺水！
⚠️ 第52天，村民1289食物耗尽！
⚠️ 第52天，村民1289缺水！
⚠️ 第52天，村民1290食物耗尽！
⚠️ 第52天，村民1290缺水！
⚠️ 第52天，村民1291食物耗尽！
⚠️ 第52天，村民1291缺水！
⚠️ 第52天，村民1292食物耗尽！
⚠️ 第52天，村民1292缺水！
⚠️ 第52天，村民1293食物耗尽！
⚠️ 第52天，村民1293缺水！
⚠️ 第52天，村民1294食物耗尽！
⚠️ 第52天，村民1294缺水！
⚠️ 第52天，村民1295食物耗尽！
⚠️ 第52天，村民1295缺水！
⚠️ 第52天，村民1296食物耗尽！
⚠️ 第52天，村民1296缺水！
⚠️ 第52天，村民1297食物耗尽！
⚠️ 第52天，村民1297缺水！
⚠️ 第52天，村民1298食物耗尽！
⚠️ 第52天，村民1298缺水！
⚠️ 第52天，村民1299食物耗尽！
⚠️ 第52天，村民1299缺水！
⚠️ 第52天，村民1300食物耗尽！
⚠️ 第52天，村民1300缺水！
⚠️ 第52天，村民1301食物耗尽！
⚠️ 第52天，村民1301缺水！
⚠️ 第52天，村民1302食物耗尽！
⚠️ 第52天，村民1302缺水！
⚠️ 第52天，村民1303食物耗尽！
⚠️ 第52天，村民1303缺水！
⚠️ 第52天，村民1304食物耗尽！
⚠️ 第52天，村民1304缺水！
⚠️ 第52天，村民1305食物耗尽！
⚠️ 第52天，村民1305缺水！
⚠️ 第52天，村民1306食物耗尽！
⚠️ 第52天，村民1306缺水！
⚠️ 第52天，村民1307食物耗尽！
⚠️ 第52天，村民1307缺水！
⚠️ 第52天，村民1308食物耗尽！
⚠️ 第52天，村民1308缺水！
⚠️ 第52天，村民1309食物耗尽！
⚠️ 第52天，村民1309缺水！
⚠️ 第52天，村民1310食物耗尽！
⚠️ 第52天，村民1310缺水！
⚠️ 第52天，村民1311食物耗尽！
⚠️ 第52天，村民1311缺水！
⚠️ 第52天，村民1312食物耗尽！
⚠️ 第52天，村民1312缺水！
⚠️ 第52天，村民1313食物耗尽！
⚠️ 第52天，村民1313缺水！
⚠️ 第52天，村民1314食物耗尽！
⚠️ 第52天，村民1314缺水！
⚠️ 第52天，村民1315食物耗尽！
⚠️ 第52天，村民1315缺水！
⚠️ 第52天，村民1316食物耗尽！
⚠️ 第52天，村民1316缺水！
⚠️ 第52天，村民1317食物耗尽！
⚠️ 第52天，村民1317缺水！
⚠️ 第52天，村民1318食物耗尽！
⚠️ 第52天，村民1318缺水！
⚠️ 第52天，村民1319食物耗尽！
⚠️ 第52天，村民1319缺水！
⚠️ 第52天，村民1320食物耗尽！
⚠️ 第52天，村民1320缺水！
⚠️ 第52天，村民1321食物耗尽！
⚠️ 第52天，村民1321缺水！
⚠️ 第52天，村民1322食物耗尽！
⚠️ 第52天，村民1322缺水！
⚠️ 第52天，村民1323食物耗尽！
⚠️ 第52天，村民1323缺水！
⚠️ 第52天，村民1324食物耗尽！
⚠️ 第52天，村民1324缺水！
⚠️ 第52天，村民1325食物耗尽！
⚠️ 第52天，村民1325缺水！
⚠️ 第52天，村民1326食物耗尽！
⚠️ 第52天，村民1326缺水！
⚠️ 第52天，村民1327食物耗尽！
⚠️ 第52天，村民1327缺水！
⚠️ 第52天，村民1328食物耗尽！
⚠️ 第52天，村民1328缺水！
⚠️ 第52天，村民1329食物耗尽！
⚠️ 第52天，村民1329缺水！
⚠️ 第52天，村民1330食物耗尽！
⚠️ 第52天，村民1330缺水！
⚠️ 第52天，村民1331食物耗尽！
⚠️ 第52天，村民1331缺水！
⚠️ 第52天，村民1332食物耗尽！
⚠️ 第52天，村民1332缺水！
⚠️ 第52天，村民1333食物耗尽！
⚠️ 第52天，村民1333缺水！
⚠️ 第52天，村民1334食物耗尽！
⚠️ 第52天，村民1334缺水！
⚠️ 第52天，村民1335食物耗尽！
⚠️ 第52天，村民1335缺水！
⚠️ 第52天，村民1336食物耗尽！
⚠️ 第52天，村民1336缺水！
⚠️ 第52天，村民1337食物耗尽！
⚠️ 第52天，村民1337缺水！
⚠️ 第52天，村民1338食物耗尽！
⚠️ 第52天，村民1338缺水！
⚠️ 第52天，村民1339食物耗尽！
⚠️ 第52天，村民1339缺水！
⚠️ 第52天，村民1340食物耗尽！
⚠️ 第52天，村民1340缺水！
⚠️ 第52天，村民1341食物耗尽！
⚠️ 第52天，村民1341缺水！
⚠️ 第52天，村民1342食物耗尽！
⚠️ 第52天，村民1342缺水！
⚠️ 第52天，村民1343食物耗尽！
⚠️ 第52天，村民1343缺水！
⚠️ 第52天，村民1344食物耗尽！
⚠️ 第52天，村民1344缺水！
⚠️ 第52天，村民1345食物耗尽！
⚠️ 第52天，村民1345缺水！
⚠️ 第52天，村民1346食物耗尽！
⚠️ 第52天，村民1346缺水！
⚠️ 第52天，村民1347食物耗尽！
⚠️ 第52天，村民1347缺水！
⚠️ 第52天，村民1348食物耗尽！
⚠️ 第52天，村民1348缺水！
⚠️ 第52天，村民1349食物耗尽！
⚠️ 第52天，村民1349缺水！
⚠️ 第52天，村民1350食物耗尽！
⚠️ 第52天，村民1350缺水！
⚠️ 第52天，村民1351食物耗尽！
⚠️ 第52天，村民1351缺水！
⚠️ 第52天，村民1352食物耗尽！
⚠️ 第52天，村民1352缺水！
⚠️ 第52天，村民1353食物耗尽！
⚠️ 第52天，村民1353缺水！
⚠️ 第52天，村民1354食物耗尽！
⚠️ 第52天，村民1354缺水！
⚠️ 第52天，村民1355食物耗尽！
⚠️ 第52天，村民1355缺水！
⚠️ 第52天，村民1356食物耗尽！
⚠️ 第52天，村民1356缺水！
⚠️ 第52天，村民1357食物耗尽！
⚠️ 第52天，村民1357缺水！
⚠️ 第52天，村民1358食物耗尽！
⚠️ 第52天，村民1358缺水！
⚠️ 第52天，村民1359食物耗尽！
⚠️ 第52天，村民1359缺水！
⚠️ 第52天，村民1360食物耗尽！
⚠️ 第52天，村民1360缺水！
⚠️ 第52天，村民1361食物耗尽！
⚠️ 第52天，村民1361缺水！
⚠️ 第52天，村民1362食物耗尽！
⚠️ 第52天，村民1362缺水！
⚠️ 第52天，村民1363食物耗尽！
⚠️ 第52天，村民1363缺水！
⚠️ 第52天，村民1364食物耗尽！
⚠️ 第52天，村民1364缺水！
⚠️ 第52天，村民1365食物耗尽！
⚠️ 第52天，村民1365缺水！
⚠️ 第52天，村民1366食物耗尽！
⚠️ 第52天，村民1366缺水！
⚠️ 第52天，村民1367食物耗尽！
⚠️ 第52天，村民1367缺水！
⚠️ 第52天，村民1368食物耗尽！
⚠️ 第52天，村民1368缺水！
⚠️ 第52天，村民1369食物耗尽！
⚠️ 第52天，村民1369缺水！
⚠️ 第52天，村民1370食物耗尽！
⚠️ 第52天，村民1370缺水！
⚠️ 第52天，村民1371食物耗尽！
⚠️ 第52天，村民1371缺水！
⚠️ 第52天，村民1372食物耗尽！
⚠️ 第52天，村民1372缺水！
⚠️ 第52天，村民1373食物耗尽！
⚠️ 第52天，村民1373缺水！
⚠️ 第52天，村民1374食物耗尽！
⚠️ 第52天，村民1374缺水！
⚠️ 第52天，村民1375食物耗尽！
⚠️ 第52天，村民1375缺水！
⚠️ 第52天，村民1376食物耗尽！
⚠️ 第52天，村民1376缺水！
⚠️ 第52天，村民1377食物耗尽！
⚠️ 第52天，村民1377缺水！
⚠️ 第52天，村民1378食物耗尽！
⚠️ 第52天，村民1378缺水！
⚠️ 第52天，村民1379食物耗尽！
⚠️ 第52天，村民1379缺水！
⚠️ 第52天，村民1380食物耗尽！
⚠️ 第52天，村民1380缺水！
⚠️ 第52天，村民1381食物耗尽！
⚠️ 第52天，村民1381缺水！
⚠️ 第52天，村民1382食物耗尽！
⚠️ 第52天，村民1382缺水！
⚠️ 第52天，村民1383食物耗尽！
⚠️ 第52天，村民1383缺水！
⚠️ 第52天，村民1384食物耗尽！
⚠️ 第52天，村民1384缺水！
⚠️ 第52天，村民1385食物耗尽！
⚠️ 第52天，村民1385缺水！
⚠️ 第52天，村民1386食物耗尽！
⚠️ 第52天，村民1386缺水！
⚠️ 第52天，村民1387食物耗尽！
⚠️ 第52天，村民1387缺水！
⚠️ 第52天，村民1388食物耗尽！
⚠️ 第52天，村民1388缺水！
⚠️ 第52天，村民1389食物耗尽！
⚠️ 第52天，村民1389缺水！
⚠️ 第52天，村民1390食物耗尽！
⚠️ 第52天，村民1390缺水！
⚠️ 第52天，村民1391食物耗尽！
⚠️ 第52天，村民1391缺水！
⚠️ 第52天，村民1392食物耗尽！
⚠️ 第52天，村民1392缺水！
⚠️ 第52天，村民1393食物耗尽！
⚠️ 第52天，村民1393缺水！
⚠️ 第52天，村民1394食物耗尽！
⚠️ 第52天，村民1394缺水！
⚠️ 第52天，村民1395食物耗尽！
⚠️ 第52天，村民1395缺水！
⚠️ 第52天，村民1396食物耗尽！
⚠️ 第52天，村民1396缺水！
⚠️ 第52天，村民1397食物耗尽！
⚠️ 第52天，村民1397缺水！
⚠️ 第52天，村民1398食物耗尽！
⚠️ 第52天，村民1398缺水！
⚠️ 第52天，村民1399食物耗尽！
⚠️ 第52天，村民1399缺水！
⚠️ 第52天，村民1400食物耗尽！
⚠️ 第52天，村民1400缺水！
⚠️ 第52天，村民1401食物耗尽！
⚠️ 第52天，村民1401缺水！
⚠️ 第52天，村民1402食物耗尽！
⚠️ 第52天，村民1402缺水！
⚠️ 第52天，村民1403食物耗尽！
⚠️ 第52天，村民1403缺水！
⚠️ 第52天，村民1404食物耗尽！
⚠️ 第52天，村民1404缺水！
⚠️ 第52天，村民1405食物耗尽！
⚠️ 第52天，村民1405缺水！
⚠️ 第52天，村民1406食物耗尽！
⚠️ 第52天，村民1406缺水！
⚠️ 第52天，村民1407食物耗尽！
⚠️ 第52天，村民1407缺水！
⚠️ 第52天，村民1408食物耗尽！
⚠️ 第52天，村民1408缺水！
⚠️ 第52天，村民1409食物耗尽！
⚠️ 第52天，村民1409缺水！
⚠️ 第52天，村民1410食物耗尽！
⚠️ 第52天，村民1410缺水！
⚠️ 第52天，村民1411食物耗尽！
⚠️ 第52天，村民1411缺水！
⚠️ 第52天，村民1412食物耗尽！
⚠️ 第52天，村民1412缺水！
⚠️ 第52天，村民1413食物耗尽！
⚠️ 第52天，村民1413缺水！
⚠️ 第52天，村民1414食物耗尽！
⚠️ 第52天，村民1414缺水！
⚠️ 第52天，村民1415食物耗尽！
⚠️ 第52天，村民1415缺水！
⚠️ 第52天，村民1416食物耗尽！
⚠️ 第52天，村民1416缺水！
⚠️ 第52天，村民1417食物耗尽！
⚠️ 第52天，村民1417缺水！
⚠️ 第52天，村民1418食物耗尽！
⚠️ 第52天，村民1418缺水！
⚠️ 第52天，村民1419食物耗尽！
⚠️ 第52天，村民1419缺水！
⚠️ 第52天，村民1420食物耗尽！
⚠️ 第52天，村民1420缺水！
⚠️ 第52天，村民1421食物耗尽！
⚠️ 第52天，村民1421缺水！
⚠️ 第52天，村民1422食物耗尽！
⚠️ 第52天，村民1422缺水！
⚠️ 第52天，村民1423食物耗尽！
⚠️ 第52天，村民1423缺水！
⚠️ 第52天，村民1424食物耗尽！
⚠️ 第52天，村民1424缺水！
⚠️ 第52天，村民1425食物耗尽！
⚠️ 第52天，村民1425缺水！
⚠️ 第52天，村民1426食物耗尽！
⚠️ 第52天，村民1426缺水！
⚠️ 第52天，村民1427食物耗尽！
⚠️ 第52天，村民1427缺水！
⚠️ 第52天，村民1428食物耗尽！
⚠️ 第52天，村民1428缺水！
⚠️ 第52天，村民1429食物耗尽！
⚠️ 第52天，村民1429缺水！
⚠️ 第52天，村民1430食物耗尽！
⚠️ 第52天，村民1430缺水！
⚠️ 第52天，村民1431食物耗尽！
⚠️ 第52天，村民1431缺水！
⚠️ 第52天，村民1432食物耗尽！
⚠️ 第52天，村民1432缺水！
⚠️ 第52天，村民1433食物耗尽！
⚠️ 第52天，村民1433缺水！
⚠️ 第52天，村民1434食物耗尽！
⚠️ 第52天，村民1434缺水！
⚠️ 第52天，村民1435食物耗尽！
⚠️ 第52天，村民1435缺水！
⚠️ 第52天，村民1436食物耗尽！
⚠️ 第52天，村民1436缺水！
⚠️ 第52天，村民1437食物耗尽！
⚠️ 第52天，村民1437缺水！
⚠️ 第52天，村民1438食物耗尽！
⚠️ 第52天，村民1438缺水！
⚠️ 第52天，村民1439食物耗尽！
⚠️ 第52天，村民1439缺水！
⚠️ 第52天，村民1440食物耗尽！
⚠️ 第52天，村民1440缺水！
⚠️ 第52天，村民1441食物耗尽！
⚠️ 第52天，村民1441缺水！
⚠️ 第52天，村民1442食物耗尽！
⚠️ 第52天，村民1442缺水！
⚠️ 第52天，村民1443食物耗尽！
⚠️ 第52天，村民1443缺水！
⚠️ 第52天，村民1444食物耗尽！
⚠️ 第52天，村民1444缺水！
⚠️ 第52天，村民1445食物耗尽！
⚠️ 第52天，村民1445缺水！
⚠️ 第52天，村民1446食物耗尽！
⚠️ 第52天，村民1446缺水！
⚠️ 第52天，村民1447食物耗尽！
⚠️ 第52天，村民1447缺水！
⚠️ 第52天，村民1448食物耗尽！
⚠️ 第52天，村民1448缺水！
⚠️ 第52天，村民1449食物耗尽！
⚠️ 第52天，村民1449缺水！
⚠️ 第52天，村民1450食物耗尽！
⚠️ 第52天，村民1450缺水！
⚠️ 第52天，村民1451食物耗尽！
⚠️ 第52天，村民1451缺水！
⚠️ 第52天，村民1452食物耗尽！
⚠️ 第52天，村民1452缺水！
⚠️ 第52天，村民1453食物耗尽！
⚠️ 第52天，村民1453缺水！
⚠️ 第52天，村民1454食物耗尽！
⚠️ 第52天，村民1454缺水！
⚠️ 第52天，村民1455食物耗尽！
⚠️ 第52天，村民1455缺水！
⚠️ 第52天，村民1456食物耗尽！
⚠️ 第52天，村民1456缺水！
⚠️ 第52天，村民1457食物耗尽！
⚠️ 第52天，村民1457缺水！
⚠️ 第52天，村民1458食物耗尽！
⚠️ 第52天，村民1458缺水！
⚠️ 第52天，村民1459食物耗尽！
⚠️ 第52天，村民1459缺水！
⚠️ 第52天，村民1460食物耗尽！
⚠️ 第52天，村民1460缺水！
⚠️ 第52天，村民1461食物耗尽！
⚠️ 第52天，村民1461缺水！
⚠️ 第52天，村民1462食物耗尽！
⚠️ 第52天，村民1462缺水！
⚠️ 第52天，村民1463食物耗尽！
⚠️ 第52天，村民1463缺水！
⚠️ 第52天，村民1464食物耗尽！
⚠️ 第52天，村民1464缺水！
⚠️ 第52天，村民1465食物耗尽！
⚠️ 第52天，村民1465缺水！
⚠️ 第52天，村民1466食物耗尽！
⚠️ 第52天，村民1466缺水！
⚠️ 第52天，村民1467食物耗尽！
⚠️ 第52天，村民1467缺水！
⚠️ 第52天，村民1468食物耗尽！
⚠️ 第52天，村民1468缺水！
⚠️ 第52天，村民1469食物耗尽！
⚠️ 第52天，村民1469缺水！
⚠️ 第52天，村民1470食物耗尽！
⚠️ 第52天，村民1470缺水！
⚠️ 第52天，村民1471食物耗尽！
⚠️ 第52天，村民1471缺水！
⚠️ 第52天，村民1472食物耗尽！
⚠️ 第52天，村民1472缺水！
⚠️ 第52天，村民1473食物耗尽！
⚠️ 第52天，村民1473缺水！
⚠️ 第52天，村民1474食物耗尽！
⚠️ 第52天，村民1474缺水！
⚠️ 第52天，村民1475食物耗尽！
⚠️ 第52天，村民1475缺水！
⚠️ 第52天，村民1476食物耗尽！
⚠️ 第52天，村民1476缺水！
⚠️ 第52天，村民1477食物耗尽！
⚠️ 第52天，村民1477缺水！
⚠️ 第52天，村民1478食物耗尽！
⚠️ 第52天，村民1478缺水！
⚠️ 第52天，村民1479食物耗尽！
⚠️ 第52天，村民1479缺水！
⚠️ 第52天，村民1480食物耗尽！
⚠️ 第52天，村民1480缺水！
⚠️ 第52天，村民1481食物耗尽！
⚠️ 第52天，村民1481缺水！
⚠️ 第52天，村民1482食物耗尽！
⚠️ 第52天，村民1482缺水！
⚠️ 第52天，村民1483食物耗尽！
⚠️ 第52天，村民1483缺水！
⚠️ 第52天，村民1484食物耗尽！
⚠️ 第52天，村民1484缺水！
⚠️ 第52天，村民1485食物耗尽！
⚠️ 第52天，村民1485缺水！
⚠️ 第52天，村民1486食物耗尽！
⚠️ 第52天，村民1486缺水！
⚠️ 第52天，村民1487食物耗尽！
⚠️ 第52天，村民1487缺水！
⚠️ 第52天，村民1488食物耗尽！
⚠️ 第52天，村民1488缺水！
⚠️ 第52天，村民1489食物耗尽！
⚠️ 第52天，村民1489缺水！
⚠️ 第52天，村民1490食物耗尽！
⚠️ 第52天，村民1490缺水！
⚠️ 第52天，村民1491食物耗尽！
⚠️ 第52天，村民1491缺水！
⚠️ 第52天，村民1492食物耗尽！
⚠️ 第52天，村民1492缺水！
⚠️ 第52天，村民1493食物耗尽！
⚠️ 第52天，村民1493缺水！
⚠️ 第52天，村民1494食物耗尽！
⚠️ 第52天，村民1494缺水！
⚠️ 第52天，村民1495食物耗尽！
⚠️ 第52天，村民1495缺水！
⚠️ 第52天，村民1496食物耗尽！
⚠️ 第52天，村民1496缺水！
⚠️ 第52天，村民1497食物耗尽！
⚠️ 第52天，村民1497缺水！
⚠️ 第52天，村民1498食物耗尽！
⚠️ 第52天，村民1498缺水！
⚠️ 第52天，村民1499食物耗尽！
⚠️ 第52天，村民1499缺水！
⚠️ 第52天，村民1500食物耗尽！
⚠️ 第52天，村民1500缺水！
⚠️ 第52天，村民1501食物耗尽！
⚠️ 第52天，村民1501缺水！
⚠️ 第52天，村民1502食物耗尽！
⚠️ 第52天，村民1502缺水！
⚠️ 第52天，村民1503食物耗尽！
⚠️ 第52天，村民1503缺水！
⚠️ 第52天，村民1504食物耗尽！
⚠️ 第52天，村民1504缺水！
⚠️ 第52天，村民1505食物耗尽！
⚠️ 第52天，村民1505缺水！
⚠️ 第52天，村民1506食物耗尽！
⚠️ 第52天，村民1506缺水！
⚠️ 第52天，村民1507食物耗尽！
⚠️ 第52天，村民1507缺水！
⚠️ 第52天，村民1508食物耗尽！
⚠️ 第52天，村民1508缺水！
⚠️ 第52天，村民1509食物耗尽！
⚠️ 第52天，村民1509缺水！
⚠️ 第52天，村民1510食物耗尽！
⚠️ 第52天，村民1510缺水！
⚠️ 第52天，村民1511食物耗尽！
⚠️ 第52天，村民1511缺水！
⚠️ 第52天，村民1512食物耗尽！
⚠️ 第52天，村民1512缺水！
⚠️ 第52天，村民1513食物耗尽！
⚠️ 第52天，村民1513缺水！
⚠️ 第52天，村民1514食物耗尽！
⚠️ 第52天，村民1514缺水！
⚠️ 第52天，村民1515食物耗尽！
⚠️ 第52天，村民1515缺水！
⚠️ 第52天，村民1516食物耗尽！
⚠️ 第52天，村民1516缺水！
⚠️ 第52天，村民1517食物耗尽！
⚠️ 第52天，村民1517缺水！
⚠️ 第52天，村民1518食物耗尽！
⚠️ 第52天，村民1518缺水！
⚠️ 第52天，村民1519食物耗尽！
⚠️ 第52天，村民1519缺水！
⚠️ 第52天，村民1520食物耗尽！
⚠️ 第52天，村民1520缺水！
⚠️ 第52天，村民1521食物耗尽！
⚠️ 第52天，村民1521缺水！
⚠️ 第52天，村民1522食物耗尽！
⚠️ 第52天，村民1522缺水！
⚠️ 第52天，村民1523食物耗尽！
⚠️ 第52天，村民1523缺水！
⚠️ 第52天，村民1524食物耗尽！
⚠️ 第52天，村民1524缺水！
⚠️ 第52天，村民1525食物耗尽！
⚠️ 第52天，村民1525缺水！
⚠️ 第52天，村民1526食物耗尽！
⚠️ 第52天，村民1526缺水！
⚠️ 第52天，村民1527食物耗尽！
⚠️ 第52天，村民1527缺水！
⚠️ 第52天，村民1528食物耗尽！
⚠️ 第52天，村民1528缺水！
⚠️ 第52天，村民1529食物耗尽！
⚠️ 第52天，村民1529缺水！
⚠️ 第52天，村民1530食物耗尽！
⚠️ 第52天，村民1530缺水！
⚠️ 第52天，村民1531食物耗尽！
⚠️ 第52天，村民1531缺水！
⚠️ 第52天，村民1532食物耗尽！
⚠️ 第52天，村民1532缺水！
⚠️ 第52天，村民1533食物耗尽！
⚠️ 第52天，村民1533缺水！
⚠️ 第52天，村民1534食物耗尽！
⚠️ 第52天，村民1534缺水！
⚠️ 第52天，村民1535食物耗尽！
⚠️ 第52天，村民1535缺水！
⚠️ 第52天，村民1536食物耗尽！
⚠️ 第52天，村民1536缺水！
⚠️ 第52天，村民1537食物耗尽！
⚠️ 第52天，村民1537缺水！
⚠️ 第52天，村民1538食物耗尽！
⚠️ 第52天，村民1538缺水！
⚠️ 第52天，村民1539食物耗尽！
⚠️ 第52天，村民1539缺水！
⚠️ 第52天，村民1540食物耗尽！
⚠️ 第52天，村民1540缺水！
⚠️ 第52天，村民1541食物耗尽！
⚠️ 第52天，村民1541缺水！
⚠️ 第52天，村民1542食物耗尽！
⚠️ 第52天，村民1542缺水！
⚠️ 第52天，村民1543食物耗尽！
⚠️ 第52天，村民1543缺水！
⚠️ 第52天，村民1544食物耗尽！
⚠️ 第52天，村民1544缺水！
⚠️ 第52天，村民1545食物耗尽！
⚠️ 第52天，村民1545缺水！
⚠️ 第52天，村民1546食物耗尽！
⚠️ 第52天，村民1546缺水！
⚠️ 第52天，村民1547食物耗尽！
⚠️ 第52天，村民1547缺水！
⚠️ 第52天，村民1548食物耗尽！
⚠️ 第52天，村民1548缺水！
⚠️ 第52天，村民1549食物耗尽！
⚠️ 第52天，村民1549缺水！
⚠️ 第52天，村民1550食物耗尽！
⚠️ 第52天，村民1550缺水！
⚠️ 第52天，村民1551食物耗尽！
⚠️ 第52天，村民1551缺水！
⚠️ 第52天，村民1552食物耗尽！
⚠️ 第52天，村民1552缺水！
⚠️ 第52天，村民1553食物耗尽！
⚠️ 第52天，村民1553缺水！
⚠️ 第52天，村民1554食物耗尽！
⚠️ 第52天，村民1554缺水！
⚠️ 第52天，村民1555食物耗尽！
⚠️ 第52天，村民1555缺水！
⚠️ 第52天，村民1556食物耗尽！
⚠️ 第52天，村民1556缺水！
⚠️ 第52天，村民1557食物耗尽！
⚠️ 第52天，村民1557缺水！
⚠️ 第52天，村民1558食物耗尽！
⚠️ 第52天，村民1558缺水！
⚠️ 第52天，村民1559食物耗尽！
⚠️ 第52天，村民1559缺水！
⚠️ 第52天，村民1560食物耗尽！
⚠️ 第52天，村民1560缺水！
⚠️ 第52天，村民1561食物耗尽！
⚠️ 第52天，村民1561缺水！
⚠️ 第52天，村民1562食物耗尽！
⚠️ 第52天，村民1562缺水！
⚠️ 第52天，村民1563食物耗尽！
⚠️ 第52天，村民1563缺水！
⚠️ 第52天，村民1564食物耗尽！
⚠️ 第52天，村民1564缺水！
⚠️ 第52天，村民1565食物耗尽！
⚠️ 第52天，村民1565缺水！
⚠️ 第52天，村民1566食物耗尽！
⚠️ 第52天，村民1566缺水！
⚠️ 第52天，村民1567食物耗尽！
⚠️ 第52天，村民1567缺水！
⚠️ 第52天，村民1568食物耗尽！
⚠️ 第52天，村民1568缺水！
⚠️ 第52天，村民1569食物耗尽！
⚠️ 第52天，村民1569缺水！
⚠️ 第52天，村民1570食物耗尽！
⚠️ 第52天，村民1570缺水！
⚠️ 第52天，村民1571食物耗尽！
⚠️ 第52天，村民1571缺水！
⚠️ 第52天，村民1572食物耗尽！
⚠️ 第52天，村民1572缺水！
⚠️ 第52天，村民1573食物耗尽！
⚠️ 第52天，村民1573缺水！
⚠️ 第52天，村民1574食物耗尽！
⚠️ 第52天，村民1574缺水！
⚠️ 第52天，村民1575食物耗尽！
⚠️ 第52天，村民1575缺水！
⚠️ 第52天，村民1576食物耗尽！
⚠️ 第52天，村民1576缺水！
⚠️ 第52天，村民1577食物耗尽！
⚠️ 第52天，村民1577缺水！
⚠️ 第52天，村民1578食物耗尽！
⚠️ 第52天，村民1578缺水！
⚠️ 第52天，村民1579食物耗尽！
⚠️ 第52天，村民1579缺水！
⚠️ 第52天，村民1580食物耗尽！
⚠️ 第52天，村民1580缺水！
⚠️ 第52天，村民1581食物耗尽！
⚠️ 第52天，村民1581缺水！
⚠️ 第52天，村民1582食物耗尽！
⚠️ 第52天，村民1582缺水！
⚠️ 第52天，村民1583食物耗尽！
⚠️ 第52天，村民1583缺水！
⚠️ 第52天，村民1584食物耗尽！
⚠️ 第52天，村民1584缺水！
⚠️ 第52天，村民1585食物耗尽！
⚠️ 第52天，村民1585缺水！
⚠️ 第52天，村民1586食物耗尽！
⚠️ 第52天，村民1586缺水！
⚠️ 第52天，村民1587食物耗尽！
⚠️ 第52天，村民1587缺水！
⚠️ 第52天，村民1588食物耗尽！
⚠️ 第52天，村民1588缺水！
⚠️ 第52天，村民1589食物耗尽！
⚠️ 第52天，村民1589缺水！
⚠️ 第52天，村民1590食物耗尽！
⚠️ 第52天，村民1590缺水！
⚠️ 第52天，村民1591食物耗尽！
⚠️ 第52天，村民1591缺水！
⚠️ 第52天，村民1592食物耗尽！
⚠️ 第52天，村民1592缺水！
⚠️ 第52天，村民1593食物耗尽！
⚠️ 第52天，村民1593缺水！
⚠️ 第52天，村民1594食物耗尽！
⚠️ 第52天，村民1594缺水！
⚠️ 第52天，村民1595食物耗尽！
⚠️ 第52天，村民1595缺水！
⚠️ 第52天，村民1596食物耗尽！
⚠️ 第52天，村民1596缺水！
⚠️ 第52天，村民1597食物耗尽！
⚠️ 第52天，村民1597缺水！
⚠️ 第52天，村民1598食物耗尽！
⚠️ 第52天，村民1598缺水！
⚠️ 第52天，村民1599食物耗尽！
⚠️ 第52天，村民1599缺水！
⚠️ 第52天，村民1600食物耗尽！
⚠️ 第52天，村民1600缺水！
⚠️ 第52天，村民1601食物耗尽！
⚠️ 第52天，村民1601缺水！
⚠️ 第52天，村民1602食物耗尽！
⚠️ 第52天，村民1602缺水！
⚠️ 第52天，村民1603食物耗尽！
⚠️ 第52天，村民1603缺水！
⚠️ 第52天，村民1604食物耗尽！
⚠️ 第52天，村民1604缺水！
⚠️ 第52天，村民1605食物耗尽！
⚠️ 第52天，村民1605缺水！
⚠️ 第52天，村民1606食物耗尽！
⚠️ 第52天，村民1606缺水！
⚠️ 第52天，村民1607食物耗尽！
⚠️ 第52天，村民1607缺水！
⚠️ 第52天，村民1608食物耗尽！
⚠️ 第52天，村民1608缺水！
⚠️ 第52天，村民1609食物耗尽！
⚠️ 第52天，村民1609缺水！
⚠️ 第52天，村民1610食物耗尽！
⚠️ 第52天，村民1610缺水！
⚠️ 第52天，村民1611食物耗尽！
⚠️ 第52天，村民1611缺水！
⚠️ 第52天，村民1612食物耗尽！
⚠️ 第52天，村民1612缺水！
⚠️ 第52天，村民1613食物耗尽！
⚠️ 第52天，村民1613缺水！
⚠️ 第52天，村民1614食物耗尽！
⚠️ 第52天，村民1614缺水！
⚠️ 第52天，村民1615食物耗尽！
⚠️ 第52天，村民1615缺水！
⚠️ 第52天，村民1616食物耗尽！
⚠️ 第52天，村民1616缺水！
⚠️ 第52天，村民1617食物耗尽！
⚠️ 第52天，村民1617缺水！
⚠️ 第52天，村民1618食物耗尽！
⚠️ 第52天，村民1618缺水！
⚠️ 第52天，村民1619食物耗尽！
⚠️ 第52天，村民1619缺水！
⚠️ 第52天，村民1620食物耗尽！
⚠️ 第52天，村民1620缺水！
⚠️ 第52天，村民1621食物耗尽！
⚠️ 第52天，村民1621缺水！
⚠️ 第52天，村民1622食物耗尽！
⚠️ 第52天，村民1622缺水！
⚠️ 第52天，村民1623食物耗尽！
⚠️ 第52天，村民1623缺水！
⚠️ 第52天，村民1624食物耗尽！
⚠️ 第52天，村民1624缺水！
⚠️ 第52天，村民1625食物耗尽！
⚠️ 第52天，村民1625缺水！
⚠️ 第52天，村民1626食物耗尽！
⚠️ 第52天，村民1626缺水！
⚠️ 第52天，村民1627食物耗尽！
⚠️ 第52天，村民1627缺水！
⚠️ 第52天，村民1628食物耗尽！
⚠️ 第52天，村民1628缺水！
⚠️ 第52天，村民1629食物耗尽！
⚠️ 第52天，村民1629缺水！
⚠️ 第52天，村民1630食物耗尽！
⚠️ 第52天，村民1630缺水！
⚠️ 第52天，村民1631食物耗尽！
⚠️ 第52天，村民1631缺水！
⚠️ 第52天，村民1632食物耗尽！
⚠️ 第52天，村民1632缺水！
⚠️ 第52天，村民1633食物耗尽！
⚠️ 第52天，村民1633缺水！
⚠️ 第52天，村民1634食物耗尽！
⚠️ 第52天，村民1634缺水！
⚠️ 第52天，村民1635食物耗尽！
⚠️ 第52天，村民1635缺水！
⚠️ 第52天，村民1636食物耗尽！
⚠️ 第52天，村民1636缺水！
⚠️ 第52天，村民1637食物耗尽！
⚠️ 第52天，村民1637缺水！
⚠️ 第52天，村民1638食物耗尽！
⚠️ 第52天，村民1638缺水！
⚠️ 第52天，村民1639食物耗尽！
⚠️ 第52天，村民1639缺水！
⚠️ 第52天，村民1640食物耗尽！
⚠️ 第52天，村民1640缺水！
⚠️ 第52天，村民1641食物耗尽！
⚠️ 第52天，村民1641缺水！
⚠️ 第52天，村民1642食物耗尽！
⚠️ 第52天，村民1642缺水！
⚠️ 第52天，村民1643食物耗尽！
⚠️ 第52天，村民1643缺水！
⚠️ 第52天，村民1644食物耗尽！
⚠️ 第52天，村民1644缺水！
⚠️ 第52天，村民1645食物耗尽！
⚠️ 第52天，村民1645缺水！
⚠️ 第52天，村民1646食物耗尽！
⚠️ 第52天，村民1646缺水！
⚠️ 第52天，村民1647食物耗尽！
⚠️ 第52天，村民1647缺水！
⚠️ 第52天，村民1648食物耗尽！
⚠️ 第52天，村民1648缺水！
⚠️ 第52天，村民1649食物耗尽！
⚠️ 第52天，村民1649缺水！
⚠️ 第52天，村民1650食物耗尽！
⚠️ 第52天，村民1650缺水！
⚠️ 第52天，村民1651食物耗尽！
⚠️ 第52天，村民1651缺水！
⚠️ 第52天，村民1652食物耗尽！
⚠️ 第52天，村民1652缺水！
⚠️ 第52天，村民1653食物耗尽！
⚠️ 第52天，村民1653缺水！
⚠️ 第52天，村民1654食物耗尽！
⚠️ 第52天，村民1654缺水！
⚠️ 第52天，村民1655食物耗尽！
⚠️ 第52天，村民1655缺水！
⚠️ 第52天，村民1656食物耗尽！
⚠️ 第52天，村民1656缺水！
⚠️ 第52天，村民1657食物耗尽！
⚠️ 第52天，村民1657缺水！
⚠️ 第52天，村民1658食物耗尽！
⚠️ 第52天，村民1658缺水！
⚠️ 第52天，村民1659食物耗尽！
⚠️ 第52天，村民1659缺水！
⚠️ 第52天，村民1660食物耗尽！
⚠️ 第52天，村民1660缺水！
⚠️ 第52天，村民1661食物耗尽！
⚠️ 第52天，村民1661缺水！
⚠️ 第52天，村民1662食物耗尽！
⚠️ 第52天，村民1662缺水！
⚠️ 第52天，村民1663食物耗尽！
⚠️ 第52天，村民1663缺水！
⚠️ 第52天，村民1664食物耗尽！
⚠️ 第52天，村民1664缺水！
⚠️ 第52天，村民1665食物耗尽！
⚠️ 第52天，村民1665缺水！
⚠️ 第52天，村民1666食物耗尽！
⚠️ 第52天，村民1666缺水！
⚠️ 第52天，村民1667食物耗尽！
⚠️ 第52天，村民1667缺水！
⚠️ 第52天，村民1668食物耗尽！
⚠️ 第52天，村民1668缺水！
⚠️ 第52天，村民1669食物耗尽！
⚠️ 第52天，村民1669缺水！
⚠️ 第52天，村民1670食物耗尽！
⚠️ 第52天，村民1670缺水！
⚠️ 第52天，村民1671食物耗尽！
⚠️ 第52天，村民1671缺水！
⚠️ 第52天，村民1672食物耗尽！
⚠️ 第52天，村民1672缺水！
⚠️ 第52天，村民1673食物耗尽！
⚠️ 第52天，村民1673缺水！
⚠️ 第52天，村民1674食物耗尽！
⚠️ 第52天，村民1674缺水！
⚠️ 第52天，村民1675食物耗尽！
⚠️ 第52天，村民1675缺水！
⚠️ 第52天，村民1676食物耗尽！
⚠️ 第52天，村民1676缺水！
⚠️ 第52天，村民1677食物耗尽！
⚠️ 第52天，村民1677缺水！
⚠️ 第52天，村民1678食物耗尽！
⚠️ 第52天，村民1678缺水！
⚠️ 第52天，村民1679食物耗尽！
⚠️ 第52天，村民1679缺水！
⚠️ 第52天，村民1680食物耗尽！
⚠️ 第52天，村民1680缺水！
⚠️ 第52天，村民1681食物耗尽！
⚠️ 第52天，村民1681缺水！
⚠️ 第52天，村民1682食物耗尽！
⚠️ 第52天，村民1682缺水！
⚠️ 第52天，村民1683食物耗尽！
⚠️ 第52天，村民1683缺水！
⚠️ 第52天，村民1684食物耗尽！
⚠️ 第52天，村民1684缺水！
⚠️ 第52天，村民1685食物耗尽！
⚠️ 第52天，村民1685缺水！
⚠️ 第52天，村民1686食物耗尽！
⚠️ 第52天，村民1686缺水！
⚠️ 第52天，村民1687食物耗尽！
⚠️ 第52天，村民1687缺水！
⚠️ 第52天，村民1688食物耗尽！
⚠️ 第52天，村民1688缺水！
⚠️ 第52天，村民1689食物耗尽！
⚠️ 第52天，村民1689缺水！
⚠️ 第52天，村民1690食物耗尽！
⚠️ 第52天，村民1690缺水！
⚠️ 第52天，村民1691食物耗尽！
⚠️ 第52天，村民1691缺水！
⚠️ 第52天，村民1692食物耗尽！
⚠️ 第52天，村民1692缺水！
⚠️ 第52天，村民1693食物耗尽！
⚠️ 第52天，村民1693缺水！
⚠️ 第52天，村民1694食物耗尽！
⚠️ 第52天，村民1694缺水！
⚠️ 第52天，村民1695食物耗尽！
⚠️ 第52天，村民1695缺水！
⚠️ 第52天，村民1696食物耗尽！
⚠️ 第52天，村民1696缺水！
⚠️ 第52天，村民1697食物耗尽！
⚠️ 第52天，村民1697缺水！
⚠️ 第52天，村民1698食物耗尽！
⚠️ 第52天，村民1698缺水！
⚠️ 第52天，村民1699食物耗尽！
⚠️ 第52天，村民1699缺水！
⚠️ 第52天，村民1700食物耗尽！
⚠️ 第52天，村民1700缺水！
⚠️ 第52天，村民1701食物耗尽！
⚠️ 第52天，村民1701缺水！
⚠️ 第52天，村民1702食物耗尽！
⚠️ 第52天，村民1702缺水！
⚠️ 第52天，村民1703食物耗尽！
⚠️ 第52天，村民1703缺水！
⚠️ 第52天，村民1704食物耗尽！
⚠️ 第52天，村民1704缺水！
⚠️ 第52天，村民1705食物耗尽！
⚠️ 第52天，村民1705缺水！
⚠️ 第52天，村民1706食物耗尽！
⚠️ 第52天，村民1706缺水！
⚠️ 第52天，村民1707食物耗尽！
⚠️ 第52天，村民1707缺水！
⚠️ 第52天，村民1708食物耗尽！
⚠️ 第52天，村民1708缺水！
⚠️ 第52天，村民1709食物耗尽！
⚠️ 第52天，村民1709缺水！
⚠️ 第52天，村民1710食物耗尽！
⚠️ 第52天，村民1710缺水！
⚠️ 第52天，村民1711食物耗尽！
⚠️ 第52天，村民1711缺水！
⚠️ 第52天，村民1712食物耗尽！
⚠️ 第52天，村民1712缺水！
⚠️ 第52天，村民1713食物耗尽！
⚠️ 第52天，村民1713缺水！
⚠️ 第52天，村民1714食物耗尽！
⚠️ 第52天，村民1714缺水！
⚠️ 第52天，村民1715食物耗尽！
⚠️ 第52天，村民1715缺水！
⚠️ 第52天，村民1716食物耗尽！
⚠️ 第52天，村民1716缺水！
⚠️ 第52天，村民1717食物耗尽！
⚠️ 第52天，村民1717缺水！
⚠️ 第52天，村民1718食物耗尽！
⚠️ 第52天，村民1718缺水！
⚠️ 第52天，村民1719食物耗尽！
⚠️ 第52天，村民1719缺水！
⚠️ 第52天，村民1720食物耗尽！
⚠️ 第52天，村民1720缺水！
⚠️ 第52天，村民1721食物耗尽！
⚠️ 第52天，村民1721缺水！
⚠️ 第52天，村民1722食物耗尽！
⚠️ 第52天，村民1722缺水！
⚠️ 第52天，村民1723食物耗尽！
⚠️ 第52天，村民1723缺水！
⚠️ 第52天，村民1724食物耗尽！
⚠️ 第52天，村民1724缺水！
⚠️ 第52天，村民1725食物耗尽！
⚠️ 第52天，村民1725缺水！
⚠️ 第52天，村民1726食物耗尽！
⚠️ 第52天，村民1726缺水！
⚠️ 第52天，村民1727食物耗尽！
⚠️ 第52天，村民1727缺水！
⚠️ 第52天，村民1728食物耗尽！
⚠️ 第52天，村民1728缺水！
⚠️ 第52天，村民1729食物耗尽！
⚠️ 第52天，村民1729缺水！
⚠️ 第52天，村民1730食物耗尽！
⚠️ 第52天，村民1730缺水！
⚠️ 第52天，村民1731食物耗尽！
⚠️ 第52天，村民1731缺水！
⚠️ 第52天，村民1732食物耗尽！
⚠️ 第52天，村民1732缺水！
⚠️ 第52天，村民1733食物耗尽！
⚠️ 第52天，村民1733缺水！
⚠️ 第52天，村民1734食物耗尽！
⚠️ 第52天，村民1734缺水！
⚠️ 第52天，村民1735食物耗尽！
⚠️ 第52天，村民1735缺水！
⚠️ 第52天，村民1736食物耗尽！
⚠️ 第52天，村民1736缺水！
⚠️ 第52天，村民1737食物耗尽！
⚠️ 第52天，村民1737缺水！
⚠️ 第52天，村民1738食物耗尽！
⚠️ 第52天，村民1738缺水！
⚠️ 第52天，村民1739食物耗尽！
⚠️ 第52天，村民1739缺水！
⚠️ 第52天，村民1740食物耗尽！
⚠️ 第52天，村民1740缺水！
⚠️ 第52天，村民1741食物耗尽！
⚠️ 第52天，村民1741缺水！
⚠️ 第52天，村民1742食物耗尽！
⚠️ 第52天，村民1742缺水！
⚠️ 第52天，村民1743食物耗尽！
⚠️ 第52天，村民1743缺水！
⚠️ 第52天，村民1744食物耗尽！
⚠️ 第52天，村民1744缺水！
⚠️ 第52天，村民1745食物耗尽！
⚠️ 第52天，村民1745缺水！
⚠️ 第52天，村民1746食物耗尽！
⚠️ 第52天，村民1746缺水！
⚠️ 第52天，村民1747食物耗尽！
⚠️ 第52天，村民1747缺水！
⚠️ 第52天，村民1748食物耗尽！
⚠️ 第52天，村民1748缺水！
⚠️ 第52天，村民1749食物耗尽！
⚠️ 第52天，村民1749缺水！
⚠️ 第52天，村民1750食物耗尽！
⚠️ 第52天，村民1750缺水！
⚠️ 第52天，村民1751食物耗尽！
⚠️ 第52天，村民1751缺水！
⚠️ 第52天，村民1752食物耗尽！
⚠️ 第52天，村民1752缺水！
⚠️ 第52天，村民1753食物耗尽！
⚠️ 第52天，村民1753缺水！
⚠️ 第52天，村民1754食物耗尽！
⚠️ 第52天，村民1754缺水！
⚠️ 第52天，村民1755食物耗尽！
⚠️ 第52天，村民1755缺水！
⚠️ 第52天，村民1756食物耗尽！
⚠️ 第52天，村民1756缺水！
⚠️ 第52天，村民1757食物耗尽！
⚠️ 第52天，村民1757缺水！
⚠️ 第52天，村民1758食物耗尽！
⚠️ 第52天，村民1758缺水！
⚠️ 第52天，村民1759食物耗尽！
⚠️ 第52天，村民1759缺水！
⚠️ 第52天，村民1760食物耗尽！
⚠️ 第52天，村民1760缺水！
⚠️ 第52天，村民1761食物耗尽！
⚠️ 第52天，村民1761缺水！
⚠️ 第52天，村民1762食物耗尽！
⚠️ 第52天，村民1762缺水！
⚠️ 第52天，村民1763食物耗尽！
⚠️ 第52天，村民1763缺水！
⚠️ 第52天，村民1764食物耗尽！
⚠️ 第52天，村民1764缺水！
⚠️ 第52天，村民1765食物耗尽！
⚠️ 第52天，村民1765缺水！
⚠️ 第52天，村民1766食物耗尽！
⚠️ 第52天，村民1766缺水！
⚠️ 第52天，村民1767食物耗尽！
⚠️ 第52天，村民1767缺水！
⚠️ 第52天，村民1768食物耗尽！
⚠️ 第52天，村民1768缺水！
⚠️ 第52天，村民1769食物耗尽！
⚠️ 第52天，村民1769缺水！
⚠️ 第52天，村民1770食物耗尽！
⚠️ 第52天，村民1770缺水！
⚠️ 第52天，村民1771食物耗尽！
⚠️ 第52天，村民1771缺水！
⚠️ 第52天，村民1772食物耗尽！
⚠️ 第52天，村民1772缺水！
⚠️ 第52天，村民1773食物耗尽！
⚠️ 第52天，村民1773缺水！
⚠️ 第52天，村民1774食物耗尽！
⚠️ 第52天，村民1774缺水！
⚠️ 第52天，村民1775食物耗尽！
⚠️ 第52天，村民1775缺水！
⚠️ 第52天，村民1776食物耗尽！
⚠️ 第52天，村民1776缺水！
⚠️ 第52天，村民1777食物耗尽！
⚠️ 第52天，村民1777缺水！
⚠️ 第52天，村民1778食物耗尽！
⚠️ 第52天，村民1778缺水！
⚠️ 第52天，村民1779食物耗尽！
⚠️ 第52天，村民1779缺水！
⚠️ 第52天，村民1780食物耗尽！
⚠️ 第52天，村民1780缺水！
⚠️ 第52天，村民1781食物耗尽！
⚠️ 第52天，村民1781缺水！
⚠️ 第52天，村民1782食物耗尽！
⚠️ 第52天，村民1782缺水！
⚠️ 第52天，村民1783食物耗尽！
⚠️ 第52天，村民1783缺水！
⚠️ 第52天，村民1784食物耗尽！
⚠️ 第52天，村民1784缺水！
⚠️ 第52天，村民1785食物耗尽！
⚠️ 第52天，村民1785缺水！
⚠️ 第52天，村民1786食物耗尽！
⚠️ 第52天，村民1786缺水！
⚠️ 第52天，村民1787食物耗尽！
⚠️ 第52天，村民1787缺水！
⚠️ 第52天，村民1788食物耗尽！
⚠️ 第52天，村民1788缺水！
⚠️ 第52天，村民1789食物耗尽！
⚠️ 第52天，村民1789缺水！
⚠️ 第52天，村民1790食物耗尽！
⚠️ 第52天，村民1790缺水！
⚠️ 第52天，村民1791食物耗尽！
⚠️ 第52天，村民1791缺水！
⚠️ 第52天，村民1792食物耗尽！
⚠️ 第52天，村民1792缺水！
⚠️ 第52天，村民1793食物耗尽！
⚠️ 第52天，村民1793缺水！
⚠️ 第52天，村民1794食物耗尽！
⚠️ 第52天，村民1794缺水！
⚠️ 第52天，村民1795食物耗尽！
⚠️ 第52天，村民1795缺水！
⚠️ 第52天，村民1796食物耗尽！
⚠️ 第52天，村民1796缺水！
⚠️ 第52天，村民1797食物耗尽！
⚠️ 第52天，村民1797缺水！
⚠️ 第52天，村民1798食物耗尽！
⚠️ 第52天，村民1798缺水！
⚠️ 第52天，村民1799食物耗尽！
⚠️ 第52天，村民1799缺水！
⚠️ 第52天，村民1800食物耗尽！
⚠️ 第52天，村民1800缺水！
⚠️ 第52天，村民1801食物耗尽！
⚠️ 第52天，村民1801缺水！
⚠️ 第52天，村民1802食物耗尽！
⚠️ 第52天，村民1802缺水！
⚠️ 第52天，村民1803食物耗尽！
⚠️ 第52天，村民1803缺水！
⚠️ 第52天，村民1804食物耗尽！
⚠️ 第52天，村民1804缺水！
⚠️ 第52天，村民1805食物耗尽！
⚠️ 第52天，村民1805缺水！
⚠️ 第52天，村民1806食物耗尽！
⚠️ 第52天，村民1806缺水！
⚠️ 第52天，村民1807食物耗尽！
⚠️ 第52天，村民1807缺水！
⚠️ 第52天，村民1808食物耗尽！
⚠️ 第52天，村民1808缺水！
⚠️ 第52天，村民1809食物耗尽！
⚠️ 第52天，村民1809缺水！
⚠️ 第52天，村民1810食物耗尽！
⚠️ 第52天，村民1810缺水！
⚠️ 第52天，村民1811食物耗尽！
⚠️ 第52天，村民1811缺水！
⚠️ 第52天，村民1812食物耗尽！
⚠️ 第52天，村民1812缺水！
⚠️ 第52天，村民1813食物耗尽！
⚠️ 第52天，村民1813缺水！
⚠️ 第52天，村民1814食物耗尽！
⚠️ 第52天，村民1814缺水！
⚠️ 第52天，村民1815食物耗尽！
⚠️ 第52天，村民1815缺水！
⚠️ 第52天，村民1816食物耗尽！
⚠️ 第52天，村民1816缺水！
⚠️ 第52天，村民1817食物耗尽！
⚠️ 第52天，村民1817缺水！
⚠️ 第52天，村民1818食物耗尽！
⚠️ 第52天，村民1818缺水！
⚠️ 第52天，村民1819食物耗尽！
⚠️ 第52天，村民1819缺水！
⚠️ 第52天，村民1820食物耗尽！
⚠️ 第52天，村民1820缺水！
⚠️ 第52天，村民1821食物耗尽！
⚠️ 第52天，村民1821缺水！
⚠️ 第52天，村民1822食物耗尽！
⚠️ 第52天，村民1822缺水！
⚠️ 第52天，村民1823食物耗尽！
⚠️ 第52天，村民1823缺水！
⚠️ 第52天，村民1824食物耗尽！
⚠️ 第52天，村民1824缺水！
⚠️ 第52天，村民1825食物耗尽！
⚠️ 第52天，村民1825缺水！
⚠️ 第52天，村民1826食物耗尽！
⚠️ 第52天，村民1826缺水！
⚠️ 第52天，村民1827食物耗尽！
⚠️ 第52天，村民1827缺水！
⚠️ 第52天，村民1828食物耗尽！
⚠️ 第52天，村民1828缺水！
⚠️ 第52天，村民1829食物耗尽！
⚠️ 第52天，村民1829缺水！
⚠️ 第52天，村民1830食物耗尽！
⚠️ 第52天，村民1830缺水！
⚠️ 第52天，村民1831食物耗尽！
⚠️ 第52天，村民1831缺水！
⚠️ 第52天，村民1832食物耗尽！
⚠️ 第52天，村民1832缺水！
⚠️ 第52天，村民1833食物耗尽！
⚠️ 第52天，村民1833缺水！
⚠️ 第52天，村民1834食物耗尽！
⚠️ 第52天，村民1834缺水！
⚠️ 第52天，村民1835食物耗尽！
⚠️ 第52天，村民1835缺水！
⚠️ 第52天，村民1836食物耗尽！
⚠️ 第52天，村民1836缺水！
⚠️ 第52天，村民1837食物耗尽！
⚠️ 第52天，村民1837缺水！
⚠️ 第52天，村民1838食物耗尽！
⚠️ 第52天，村民1838缺水！
⚠️ 第52天，村民1839食物耗尽！
⚠️ 第52天，村民1839缺水！
⚠️ 第52天，村民1840食物耗尽！
⚠️ 第52天，村民1840缺水！
⚠️ 第52天，村民1841食物耗尽！
⚠️ 第52天，村民1841缺水！
⚠️ 第52天，村民1842食物耗尽！
⚠️ 第52天，村民1842缺水！
⚠️ 第52天，村民1843食物耗尽！
⚠️ 第52天，村民1843缺水！
⚠️ 第52天，村民1844食物耗尽！
⚠️ 第52天，村民1844缺水！
⚠️ 第52天，村民1845食物耗尽！
⚠️ 第52天，村民1845缺水！
⚠️ 第52天，村民1846食物耗尽！
⚠️ 第52天，村民1846缺水！
⚠️ 第52天，村民1847食物耗尽！
⚠️ 第52天，村民1847缺水！
⚠️ 第52天，村民1848食物耗尽！
⚠️ 第52天，村民1848缺水！
⚠️ 第52天，村民1849食物耗尽！
⚠️ 第52天，村民1849缺水！
⚠️ 第52天，村民1850食物耗尽！
⚠️ 第52天，村民1850缺水！
⚠️ 第52天，村民1851食物耗尽！
⚠️ 第52天，村民1851缺水！
⚠️ 第52天，村民1852食物耗尽！
⚠️ 第52天，村民1852缺水！
⚠️ 第52天，村民1853食物耗尽！
⚠️ 第52天，村民1853缺水！
⚠️ 第52天，村民1854食物耗尽！
⚠️ 第52天，村民1854缺水！
⚠️ 第52天，村民1855食物耗尽！
⚠️ 第52天，村民1855缺水！
⚠️ 第52天，村民1856食物耗尽！
⚠️ 第52天，村民1856缺水！
⚠️ 第52天，村民1857食物耗尽！
⚠️ 第52天，村民1857缺水！
⚠️ 第52天，村民1858食物耗尽！
⚠️ 第52天，村民1858缺水！
⚠️ 第52天，村民1859食物耗尽！
⚠️ 第52天，村民1859缺水！
⚠️ 第52天，村民1860食物耗尽！
⚠️ 第52天，村民1860缺水！
⚠️ 第52天，村民1861食物耗尽！
⚠️ 第52天，村民1861缺水！
⚠️ 第52天，村民1862食物耗尽！
⚠️ 第52天，村民1862缺水！
⚠️ 第52天，村民1863食物耗尽！
⚠️ 第52天，村民1863缺水！
⚠️ 第52天，村民1864食物耗尽！
⚠️ 第52天，村民1864缺水！
⚠️ 第52天，村民1865食物耗尽！
⚠️ 第52天，村民1865缺水！
⚠️ 第52天，村民1866食物耗尽！
⚠️ 第52天，村民1866缺水！
⚠️ 第52天，村民1867食物耗尽！
⚠️ 第52天，村民1867缺水！
⚠️ 第52天，村民1868食物耗尽！
⚠️ 第52天，村民1868缺水！
⚠️ 第52天，村民1869食物耗尽！
⚠️ 第52天，村民1869缺水！
⚠️ 第52天，村民1870食物耗尽！
⚠️ 第52天，村民1870缺水！
⚠️ 第52天，村民1871食物耗尽！
⚠️ 第52天，村民1871缺水！
⚠️ 第52天，村民1872食物耗尽！
⚠️ 第52天，村民1872缺水！
⚠️ 第52天，村民1873食物耗尽！
⚠️ 第52天，村民1873缺水！
⚠️ 第52天，村民1874食物耗尽！
⚠️ 第52天，村民1874缺水！
⚠️ 第52天，村民1875食物耗尽！
⚠️ 第52天，村民1875缺水！
⚠️ 第52天，村民1876食物耗尽！
⚠️ 第52天，村民1876缺水！
⚠️ 第52天，村民1877食物耗尽！
⚠️ 第52天，村民1877缺水！
⚠️ 第52天，村民1878食物耗尽！
⚠️ 第52天，村民1878缺水！
⚠️ 第52天，村民1879食物耗尽！
⚠️ 第52天，村民1879缺水！
⚠️ 第52天，村民1880食物耗尽！
⚠️ 第52天，村民1880缺水！
⚠️ 第52天，村民1881食物耗尽！
⚠️ 第52天，村民1881缺水！
⚠️ 第52天，村民1882食物耗尽！
⚠️ 第52天，村民1882缺水！
⚠️ 第52天，村民1883食物耗尽！
⚠️ 第52天，村民1883缺水！
⚠️ 第52天，村民1884食物耗尽！
⚠️ 第52天，村民1884缺水！
⚠️ 第52天，村民1885食物耗尽！
⚠️ 第52天，村民1885缺水！
⚠️ 第52天，村民1886食物耗尽！
⚠️ 第52天，村民1886缺水！
⚠️ 第52天，村民1887食物耗尽！
⚠️ 第52天，村民1887缺水！
⚠️ 第52天，村民1888食物耗尽！
⚠️ 第52天，村民1888缺水！
⚠️ 第52天，村民1889食物耗尽！
⚠️ 第52天，村民1889缺水！
⚠️ 第52天，村民1890食物耗尽！
⚠️ 第52天，村民1890缺水！
⚠️ 第52天，村民1891食物耗尽！
⚠️ 第52天，村民1891缺水！
⚠️ 第52天，村民1892食物耗尽！
⚠️ 第52天，村民1892缺水！
⚠️ 第52天，村民1893食物耗尽！
⚠️ 第52天，村民1893缺水！
⚠️ 第52天，村民1894食物耗尽！
⚠️ 第52天，村民1894缺水！
⚠️ 第52天，村民1895食物耗尽！
⚠️ 第52天，村民1895缺水！
⚠️ 第52天，村民1896食物耗尽！
⚠️ 第52天，村民1896缺水！
⚠️ 第52天，村民1897食物耗尽！
⚠️ 第52天，村民1897缺水！
⚠️ 第52天，村民1898食物耗尽！
⚠️ 第52天，村民1898缺水！
⚠️ 第52天，村民1899食物耗尽！
⚠️ 第52天，村民1899缺水！
⚠️ 第52天，村民1900食物耗尽！
⚠️ 第52天，村民1900缺水！
⚠️ 第52天，村民1901食物耗尽！
⚠️ 第52天，村民1901缺水！
⚠️ 第52天，村民1902食物耗尽！
⚠️ 第52天，村民1902缺水！
⚠️ 第52天，村民1903食物耗尽！
⚠️ 第52天，村民1903缺水！
⚠️ 第52天，村民1904食物耗尽！
⚠️ 第52天，村民1904缺水！
⚠️ 第52天，村民1905食物耗尽！
⚠️ 第52天，村民1905缺水！
⚠️ 第52天，村民1906食物耗尽！
⚠️ 第52天，村民1906缺水！
⚠️ 第52天，村民1907食物耗尽！
⚠️ 第52天，村民1907缺水！
⚠️ 第52天，村民1908食物耗尽！
⚠️ 第52天，村民1908缺水！
⚠️ 第52天，村民1909食物耗尽！
⚠️ 第52天，村民1909缺水！
⚠️ 第52天，村民1910食物耗尽！
⚠️ 第52天，村民1910缺水！
⚠️ 第52天，村民1911食物耗尽！
⚠️ 第52天，村民1911缺水！
⚠️ 第52天，村民1912食物耗尽！
⚠️ 第52天，村民1912缺水！
⚠️ 第52天，村民1913食物耗尽！
⚠️ 第52天，村民1913缺水！
⚠️ 第52天，村民1914食物耗尽！
⚠️ 第52天，村民1914缺水！
⚠️ 第52天，村民1915食物耗尽！
⚠️ 第52天，村民1915缺水！
⚠️ 第52天，村民1916食物耗尽！
⚠️ 第52天，村民1916缺水！
⚠️ 第52天，村民1917食物耗尽！
⚠️ 第52天，村民1917缺水！
⚠️ 第52天，村民1918食物耗尽！
⚠️ 第52天，村民1918缺水！
⚠️ 第52天，村民1919食物耗尽！
⚠️ 第52天，村民1919缺水！
⚠️ 第52天，村民1920食物耗尽！
⚠️ 第52天，村民1920缺水！
⚠️ 第52天，村民1921食物耗尽！
⚠️ 第52天，村民1921缺水！
⚠️ 第52天，村民1922食物耗尽！
⚠️ 第52天，村民1922缺水！
⚠️ 第52天，村民1923食物耗尽！
⚠️ 第52天，村民1923缺水！
⚠️ 第52天，村民1924食物耗尽！
⚠️ 第52天，村民1924缺水！
⚠️ 第52天，村民1925食物耗尽！
⚠️ 第52天，村民1925缺水！
⚠️ 第52天，村民1926食物耗尽！
⚠️ 第52天，村民1926缺水！
⚠️ 第52天，村民1927食物耗尽！
⚠️ 第52天，村民1927缺水！
⚠️ 第52天，村民1928食物耗尽！
⚠️ 第52天，村民1928缺水！
⚠️ 第52天，村民1929食物耗尽！
⚠️ 第52天，村民1929缺水！
⚠️ 第52天，村民1930食物耗尽！
⚠️ 第52天，村民1930缺水！
⚠️ 第52天，村民1931食物耗尽！
⚠️ 第52天，村民1931缺水！
⚠️ 第52天，村民1932食物耗尽！
⚠️ 第52天，村民1932缺水！
⚠️ 第52天，村民1933食物耗尽！
⚠️ 第52天，村民1933缺水！
⚠️ 第52天，村民1934食物耗尽！
⚠️ 第52天，村民1934缺水！
⚠️ 第52天，村民1935食物耗尽！
⚠️ 第52天，村民1935缺水！
⚠️ 第52天，村民1936食物耗尽！
⚠️ 第52天，村民1936缺水！
⚠️ 第52天，村民1937食物耗尽！
⚠️ 第52天，村民1937缺水！
⚠️ 第52天，村民1938食物耗尽！
⚠️ 第52天，村民1938缺水！
⚠️ 第52天，村民1939食物耗尽！
⚠️ 第52天，村民1939缺水！
⚠️ 第52天，村民1940食物耗尽！
⚠️ 第52天，村民1940缺水！
⚠️ 第52天，村民1941食物耗尽！
⚠️ 第52天，村民1941缺水！
⚠️ 第52天，村民1942食物耗尽！
⚠️ 第52天，村民1942缺水！
⚠️ 第52天，村民1943食物耗尽！
⚠️ 第52天，村民1943缺水！
⚠️ 第52天，村民1944食物耗尽！
⚠️ 第52天，村民1944缺水！
⚠️ 第52天，村民1945食物耗尽！
⚠️ 第52天，村民1945缺水！
⚠️ 第52天，村民1946食物耗尽！
⚠️ 第52天，村民1946缺水！
⚠️ 第52天，村民1947食物耗尽！
⚠️ 第52天，村民1947缺水！
⚠️ 第52天，村民1948食物耗尽！
⚠️ 第52天，村民1948缺水！
⚠️ 第52天，村民1949食物耗尽！
⚠️ 第52天，村民1949缺水！
⚠️ 第52天，村民1950食物耗尽！
⚠️ 第52天，村民1950缺水！
⚠️ 第52天，村民1951食物耗尽！
⚠️ 第52天，村民1951缺水！
⚠️ 第52天，村民1952食物耗尽！
⚠️ 第52天，村民1952缺水！
⚠️ 第52天，村民1953食物耗尽！
⚠️ 第52天，村民1953缺水！
⚠️ 第52天，村民1954食物耗尽！
⚠️ 第52天，村民1954缺水！
⚠️ 第52天，村民1955食物耗尽！
⚠️ 第52天，村民1955缺水！
⚠️ 第52天，村民1956食物耗尽！
⚠️ 第52天，村民1956缺水！
⚠️ 第52天，村民1957食物耗尽！
⚠️ 第52天，村民1957缺水！
⚠️ 第52天，村民1958食物耗尽！
⚠️ 第52天，村民1958缺水！
⚠️ 第52天，村民1959食物耗尽！
⚠️ 第52天，村民1959缺水！
⚠️ 第52天，村民1960食物耗尽！
⚠️ 第52天，村民1960缺水！
⚠️ 第52天，村民1961食物耗尽！
⚠️ 第52天，村民1961缺水！
⚠️ 第52天，村民1962食物耗尽！
⚠️ 第52天，村民1962缺水！
⚠️ 第52天，村民1963食物耗尽！
⚠️ 第52天，村民1963缺水！
⚠️ 第52天，村民1964食物耗尽！
⚠️ 第52天，村民1964缺水！
⚠️ 第52天，村民1965食物耗尽！
⚠️ 第52天，村民1965缺水！
⚠️ 第52天，村民1966食物耗尽！
⚠️ 第52天，村民1966缺水！
⚠️ 第52天，村民1967食物耗尽！
⚠️ 第52天，村民1967缺水！
⚠️ 第52天，村民1968食物耗尽！
⚠️ 第52天，村民1968缺水！
⚠️ 第52天，村民1969食物耗尽！
⚠️ 第52天，村民1969缺水！
⚠️ 第52天，村民1970食物耗尽！
⚠️ 第52天，村民1970缺水！
⚠️ 第52天，村民1971食物耗尽！
⚠️ 第52天，村民1971缺水！
⚠️ 第52天，村民1972食物耗尽！
⚠️ 第52天，村民1972缺水！
⚠️ 第52天，村民1973食物耗尽！
⚠️ 第52天，村民1973缺水！
⚠️ 第52天，村民1974食物耗尽！
⚠️ 第52天，村民1974缺水！
⚠️ 第52天，村民1975食物耗尽！
⚠️ 第52天，村民1975缺水！
⚠️ 第52天，村民1976食物耗尽！
⚠️ 第52天，村民1976缺水！
⚠️ 第52天，村民1977食物耗尽！
⚠️ 第52天，村民1977缺水！
⚠️ 第52天，村民1978食物耗尽！
⚠️ 第52天，村民1978缺水！
⚠️ 第52天，村民1979食物耗尽！
⚠️ 第52天，村民1979缺水！
⚠️ 第52天，村民1980食物耗尽！
⚠️ 第52天，村民1980缺水！
⚠️ 第52天，村民1981食物耗尽！
⚠️ 第52天，村民1981缺水！
⚠️ 第52天，村民1982食物耗尽！
⚠️ 第52天，村民1982缺水！
⚠️ 第52天，村民1983食物耗尽！
⚠️ 第52天，村民1983缺水！
⚠️ 第52天，村民1984食物耗尽！
⚠️ 第52天，村民1984缺水！
⚠️ 第52天，村民1985食物耗尽！
⚠️ 第52天，村民1985缺水！
⚠️ 第52天，村民1986食物耗尽！
⚠️ 第52天，村民1986缺水！
⚠️ 第52天，村民1987食物耗尽！
⚠️ 第52天，村民1987缺水！
⚠️ 第52天，村民1988食物耗尽！
⚠️ 第52天，村民1988缺水！
⚠️ 第52天，村民1989食物耗尽！
⚠️ 第52天，村民1989缺水！
⚠️ 第52天，村民1990食物耗尽！
⚠️ 第52天，村民1990缺水！
⚠️ 第52天，村民1991食物耗尽！
⚠️ 第52天，村民1991缺水！
⚠️ 第52天，村民1992食物耗尽！
⚠️ 第52天，村民1992缺水！
⚠️ 第52天，村民1993食物耗尽！
⚠️ 第52天，村民1993缺水！
⚠️ 第52天，村民1994食物耗尽！
⚠️ 第52天，村民1994缺水！
⚠️ 第52天，村民1995食物耗尽！
⚠️ 第52天，村民1995缺水！
⚠️ 第52天，村民1996食物耗尽！
⚠️ 第52天，村民1996缺水！
⚠️ 第52天，村民1997食物耗尽！
⚠️ 第52天，村民1997缺水！
⚠️ 第52天，村民1998食物耗尽！
⚠️ 第52天，村民1998缺水！
⚠️ 第52天，村民1999食物耗尽！
⚠️ 第52天，村民1999缺水！
⚠️ 第52天，村民2000食物耗尽！
⚠️ 第52天，村民2000缺水！
📊 第53天结束：当前村庄共有 2000 人存活。
⚠️ 第53天，村民1食物耗尽！
⚠️ 第53天，村民1缺水！
⚠️ 第53天，村民2食物耗尽！
⚠️ 第53天，村民2缺水！
⚠️ 第53天，村民3食物耗尽！
⚠️ 第53天，村民3缺水！
⚠️ 第53天，村民4食物耗尽！
⚠️ 第53天，村民4缺水！
⚠️ 第53天，村民5食物耗尽！
⚠️ 第53天，村民5缺水！
⚠️ 第53天，村民6食物耗尽！
⚠️ 第53天，村民6缺水！
⚠️ 第53天，村民7食物耗尽！
⚠️ 第53天，村民7缺水！
⚠️ 第53天，村民8食物耗尽！
⚠️ 第53天，村民8缺水！
⚠️ 第53天，村民9食物耗尽！
⚠️ 第53天，村民9缺水！
⚠️ 第53天，村民10食物耗尽！
⚠️ 第53天，村民10缺水！
⚠️ 第53天，村民11食物耗尽！
⚠️ 第53天，村民11缺水！
⚠️ 第53天，村民12食物耗尽！
⚠️ 第53天，村民12缺水！
⚠️ 第53天，村民13食物耗尽！
⚠️ 第53天，村民13缺水！
⚠️ 第53天，村民14食物耗尽！
⚠️ 第53天，村民14缺水！
⚠️ 第53天，村民15食物耗尽！
⚠️ 第53天，村民15缺水！
⚠️ 第53天，村民16食物耗尽！
⚠️ 第53天，村民16缺水！
⚠️ 第53天，村民17食物耗尽！
⚠️ 第53天，村民17缺水！
⚠️ 第53天，村民18食物耗尽！
⚠️ 第53天，村民18缺水！
⚠️ 第53天，村民19食物耗尽！
⚠️ 第53天，村民19缺水！
⚠️ 第53天，村民20食物耗尽！
⚠️ 第53天，村民20缺水！
⚠️ 第53天，村民21食物耗尽！
⚠️ 第53天，村民21缺水！
⚠️ 第53天，村民22食物耗尽！
⚠️ 第53天，村民22缺水！
⚠️ 第53天，村民23食物耗尽！
⚠️ 第53天，村民23缺水！
⚠️ 第53天，村民24食物耗尽！
⚠️ 第53天，村民24缺水！
⚠️ 第53天，村民25食物耗尽！
⚠️ 第53天，村民25缺水！
⚠️ 第53天，村民26食物耗尽！
⚠️ 第53天，村民26缺水！
⚠️ 第53天，村民27食物耗尽！
⚠️ 第53天，村民27缺水！
⚠️ 第53天，村民28食物耗尽！
⚠️ 第53天，村民28缺水！
⚠️ 第53天，村民29食物耗尽！
⚠️ 第53天，村民29缺水！
⚠️ 第53天，村民30食物耗尽！
⚠️ 第53天，村民30缺水！
⚠️ 第53天，村民31食物耗尽！
⚠️ 第53天，村民31缺水！
⚠️ 第53天，村民32食物耗尽！
⚠️ 第53天，村民32缺水！
⚠️ 第53天，村民33食物耗尽！
⚠️ 第53天，村民33缺水！
⚠️ 第53天，村民34食物耗尽！
⚠️ 第53天，村民34缺水！
⚠️ 第53天，村民35食物耗尽！
⚠️ 第53天，村民35缺水！
⚠️ 第53天，村民36食物耗尽！
⚠️ 第53天，村民36缺水！
⚠️ 第53天，村民37食物耗尽！
⚠️ 第53天，村民37缺水！
⚠️ 第53天，村民38食物耗尽！
⚠️ 第53天，村民38缺水！
⚠️ 第53天，村民39食物耗尽！
⚠️ 第53天，村民39缺水！
⚠️ 第53天，村民40食物耗尽！
⚠️ 第53天，村民40缺水！
⚠️ 第53天，村民41食物耗尽！
⚠️ 第53天，村民41缺水！
⚠️ 第53天，村民42食物耗尽！
⚠️ 第53天，村民42缺水！
⚠️ 第53天，村民43食物耗尽！
⚠️ 第53天，村民43缺水！
⚠️ 第53天，村民44食物耗尽！
⚠️ 第53天，村民44缺水！
⚠️ 第53天，村民45食物耗尽！
⚠️ 第53天，村民45缺水！
⚠️ 第53天，村民46食物耗尽！
⚠️ 第53天，村民46缺水！
⚠️ 第53天，村民47食物耗尽！
⚠️ 第53天，村民47缺水！
⚠️ 第53天，村民48食物耗尽！
⚠️ 第53天，村民48缺水！
⚠️ 第53天，村民49食物耗尽！
⚠️ 第53天，村民49缺水！
⚠️ 第53天，村民50食物耗尽！
⚠️ 第53天，村民50缺水！
⚠️ 第53天，村民51食物耗尽！
⚠️ 第53天，村民51缺水！
⚠️ 第53天，村民52食物耗尽！
⚠️ 第53天，村民52缺水！
⚠️ 第53天，村民53食物耗尽！
⚠️ 第53天，村民53缺水！
⚠️ 第53天，村民54食物耗尽！
⚠️ 第53天，村民54缺水！
⚠️ 第53天，村民55食物耗尽！
⚠️ 第53天，村民55缺水！
⚠️ 第53天，村民56食物耗尽！
⚠️ 第53天，村民56缺水！
⚠️ 第53天，村民57食物耗尽！
⚠️ 第53天，村民57缺水！
⚠️ 第53天，村民58食物耗尽！
⚠️ 第53天，村民58缺水！
⚠️ 第53天，村民59食物耗尽！
⚠️ 第53天，村民59缺水！
⚠️ 第53天，村民60食物耗尽！
⚠️ 第53天，村民60缺水！
⚠️ 第53天，村民61食物耗尽！
⚠️ 第53天，村民61缺水！
⚠️ 第53天，村民62食物耗尽！
⚠️ 第53天，村民62缺水！
⚠️ 第53天，村民63食物耗尽！
⚠️ 第53天，村民63缺水！
⚠️ 第53天，村民64食物耗尽！
⚠️ 第53天，村民64缺水！
⚠️ 第53天，村民65食物耗尽！
⚠️ 第53天，村民65缺水！
⚠️ 第53天，村民66食物耗尽！
⚠️ 第53天，村民66缺水！
⚠️ 第53天，村民67食物耗尽！
⚠️ 第53天，村民67缺水！
⚠️ 第53天，村民68食物耗尽！
⚠️ 第53天，村民68缺水！
⚠️ 第53天，村民69食物耗尽！
⚠️ 第53天，村民69缺水！
⚠️ 第53天，村民70食物耗尽！
⚠️ 第53天，村民70缺水！
⚠️ 第53天，村民71食物耗尽！
⚠️ 第53天，村民71缺水！
⚠️ 第53天，村民72食物耗尽！
⚠️ 第53天，村民72缺水！
⚠️ 第53天，村民73食物耗尽！
⚠️ 第53天，村民73缺水！
⚠️ 第53天，村民74食物耗尽！
⚠️ 第53天，村民74缺水！
⚠️ 第53天，村民75食物耗尽！
⚠️ 第53天，村民75缺水！
⚠️ 第53天，村民76食物耗尽！
⚠️ 第53天，村民76缺水！
⚠️ 第53天，村民77食物耗尽！
⚠️ 第53天，村民77缺水！
⚠️ 第53天，村民78食物耗尽！
⚠️ 第53天，村民78缺水！
⚠️ 第53天，村民79食物耗尽！
⚠️ 第53天，村民79缺水！
⚠️ 第53天，村民80食物耗尽！
⚠️ 第53天，村民80缺水！
⚠️ 第53天，村民81食物耗尽！
⚠️ 第53天，村民81缺水！
⚠️ 第53天，村民82食物耗尽！
⚠️ 第53天，村民82缺水！
⚠️ 第53天，村民83食物耗尽！
⚠️ 第53天，村民83缺水！
⚠️ 第53天，村民84食物耗尽！
⚠️ 第53天，村民84缺水！
⚠️ 第53天，村民85食物耗尽！
⚠️ 第53天，村民85缺水！
⚠️ 第53天，村民86食物耗尽！
⚠️ 第53天，村民86缺水！
⚠️ 第53天，村民87食物耗尽！
⚠️ 第53天，村民87缺水！
⚠️ 第53天，村民88食物耗尽！
⚠️ 第53天，村民88缺水！
⚠️ 第53天，村民89食物耗尽！
⚠️ 第53天，村民89缺水！
⚠️ 第53天，村民90食物耗尽！
⚠️ 第53天，村民90缺水！
⚠️ 第53天，村民91食物耗尽！
⚠️ 第53天，村民91缺水！
⚠️ 第53天，村民92食物耗尽！
⚠️ 第53天，村民92缺水！
⚠️ 第53天，村民93食物耗尽！
⚠️ 第53天，村民93缺水！
⚠️ 第53天，村民94食物耗尽！
⚠️ 第53天，村民94缺水！
⚠️ 第53天，村民95食物耗尽！
⚠️ 第53天，村民95缺水！
⚠️ 第53天，村民96食物耗尽！
⚠️ 第53天，村民96缺水！
⚠️ 第53天，村民97食物耗尽！
⚠️ 第53天，村民97缺水！
⚠️ 第53天，村民98食物耗尽！
⚠️ 第53天，村民98缺水！
⚠️ 第53天，村民99食物耗尽！
⚠️ 第53天，村民99缺水！
⚠️ 第53天，村民100食物耗尽！
⚠️ 第53天，村民100缺水！
⚠️ 第53天，村民101食物耗尽！
⚠️ 第53天，村民101缺水！
⚠️ 第53天，村民102食物耗尽！
⚠️ 第53天，村民102缺水！
⚠️ 第53天，村民103食物耗尽！
⚠️ 第53天，村民103缺水！
⚠️ 第53天，村民104食物耗尽！
⚠️ 第53天，村民104缺水！
⚠️ 第53天，村民105食物耗尽！
⚠️ 第53天，村民105缺水！
⚠️ 第53天，村民106食物耗尽！
⚠️ 第53天，村民106缺水！
⚠️ 第53天，村民107食物耗尽！
⚠️ 第53天，村民107缺水！
⚠️ 第53天，村民108食物耗尽！
⚠️ 第53天，村民108缺水！
⚠️ 第53天，村民109食物耗尽！
⚠️ 第53天，村民109缺水！
⚠️ 第53天，村民110食物耗尽！
⚠️ 第53天，村民110缺水！
⚠️ 第53天，村民111食物耗尽！
⚠️ 第53天，村民111缺水！
⚠️ 第53天，村民112食物耗尽！
⚠️ 第53天，村民112缺水！
⚠️ 第53天，村民113食物耗尽！
⚠️ 第53天，村民113缺水！
⚠️ 第53天，村民114食物耗尽！
⚠️ 第53天，村民114缺水！
⚠️ 第53天，村民115食物耗尽！
⚠️ 第53天，村民115缺水！
⚠️ 第53天，村民116食物耗尽！
⚠️ 第53天，村民116缺水！
⚠️ 第53天，村民117食物耗尽！
⚠️ 第53天，村民117缺水！
⚠️ 第53天，村民118食物耗尽！
⚠️ 第53天，村民118缺水！
⚠️ 第53天，村民119食物耗尽！
⚠️ 第53天，村民119缺水！
⚠️ 第53天，村民120食物耗尽！
⚠️ 第53天，村民120缺水！
⚠️ 第53天，村民121食物耗尽！
⚠️ 第53天，村民121缺水！
⚠️ 第53天，村民122食物耗尽！
⚠️ 第53天，村民122缺水！
⚠️ 第53天，村民123食物耗尽！
⚠️ 第53天，村民123缺水！
⚠️ 第53天，村民124食物耗尽！
⚠️ 第53天，村民124缺水！
⚠️ 第53天，村民125食物耗尽！
⚠️ 第53天，村民125缺水！
⚠️ 第53天，村民126食物耗尽！
⚠️ 第53天，村民126缺水！
⚠️ 第53天，村民127食物耗尽！
⚠️ 第53天，村民127缺水！
⚠️ 第53天，村民128食物耗尽！
⚠️ 第53天，村民128缺水！
⚠️ 第53天，村民129食物耗尽！
⚠️ 第53天，村民129缺水！
⚠️ 第53天，村民130食物耗尽！
⚠️ 第53天，村民130缺水！
⚠️ 第53天，村民131食物耗尽！
⚠️ 第53天，村民131缺水！
⚠️ 第53天，村民132食物耗尽！
⚠️ 第53天，村民132缺水！
⚠️ 第53天，村民133食物耗尽！
⚠️ 第53天，村民133缺水！
⚠️ 第53天，村民134食物耗尽！
⚠️ 第53天，村民134缺水！
⚠️ 第53天，村民135食物耗尽！
⚠️ 第53天，村民135缺水！
⚠️ 第53天，村民136食物耗尽！
⚠️ 第53天，村民136缺水！
⚠️ 第53天，村民137食物耗尽！
⚠️ 第53天，村民137缺水！
⚠️ 第53天，村民138食物耗尽！
⚠️ 第53天，村民138缺水！
⚠️ 第53天，村民139食物耗尽！
⚠️ 第53天，村民139缺水！
⚠️ 第53天，村民140食物耗尽！
⚠️ 第53天，村民140缺水！
⚠️ 第53天，村民141食物耗尽！
⚠️ 第53天，村民141缺水！
⚠️ 第53天，村民142食物耗尽！
⚠️ 第53天，村民142缺水！
⚠️ 第53天，村民143食物耗尽！
⚠️ 第53天，村民143缺水！
⚠️ 第53天，村民144食物耗尽！
⚠️ 第53天，村民144缺水！
⚠️ 第53天，村民145食物耗尽！
⚠️ 第53天，村民145缺水！
⚠️ 第53天，村民146食物耗尽！
⚠️ 第53天，村民146缺水！
⚠️ 第53天，村民147食物耗尽！
⚠️ 第53天，村民147缺水！
⚠️ 第53天，村民148食物耗尽！
⚠️ 第53天，村民148缺水！
⚠️ 第53天，村民149食物耗尽！
⚠️ 第53天，村民149缺水！
⚠️ 第53天，村民150食物耗尽！
⚠️ 第53天，村民150缺水！
⚠️ 第53天，村民151食物耗尽！
⚠️ 第53天，村民151缺水！
⚠️ 第53天，村民152食物耗尽！
⚠️ 第53天，村民152缺水！
⚠️ 第53天，村民153食物耗尽！
⚠️ 第53天，村民153缺水！
⚠️ 第53天，村民154食物耗尽！
⚠️ 第53天，村民154缺水！
⚠️ 第53天，村民155食物耗尽！
⚠️ 第53天，村民155缺水！
⚠️ 第53天，村民156食物耗尽！
⚠️ 第53天，村民156缺水！
⚠️ 第53天，村民157食物耗尽！
⚠️ 第53天，村民157缺水！
⚠️ 第53天，村民158食物耗尽！
⚠️ 第53天，村民158缺水！
⚠️ 第53天，村民159食物耗尽！
⚠️ 第53天，村民159缺水！
⚠️ 第53天，村民160食物耗尽！
⚠️ 第53天，村民160缺水！
⚠️ 第53天，村民161食物耗尽！
⚠️ 第53天，村民161缺水！
⚠️ 第53天，村民162食物耗尽！
⚠️ 第53天，村民162缺水！
⚠️ 第53天，村民163食物耗尽！
⚠️ 第53天，村民163缺水！
⚠️ 第53天，村民164食物耗尽！
⚠️ 第53天，村民164缺水！
⚠️ 第53天，村民165食物耗尽！
⚠️ 第53天，村民165缺水！
⚠️ 第53天，村民166食物耗尽！
⚠️ 第53天，村民166缺水！
⚠️ 第53天，村民167食物耗尽！
⚠️ 第53天，村民167缺水！
⚠️ 第53天，村民168食物耗尽！
⚠️ 第53天，村民168缺水！
⚠️ 第53天，村民169食物耗尽！
⚠️ 第53天，村民169缺水！
⚠️ 第53天，村民170食物耗尽！
⚠️ 第53天，村民170缺水！
⚠️ 第53天，村民171食物耗尽！
⚠️ 第53天，村民171缺水！
⚠️ 第53天，村民172食物耗尽！
⚠️ 第53天，村民172缺水！
⚠️ 第53天，村民173食物耗尽！
⚠️ 第53天，村民173缺水！
⚠️ 第53天，村民174食物耗尽！
⚠️ 第53天，村民174缺水！
⚠️ 第53天，村民175食物耗尽！
⚠️ 第53天，村民175缺水！
⚠️ 第53天，村民176食物耗尽！
⚠️ 第53天，村民176缺水！
⚠️ 第53天，村民177食物耗尽！
⚠️ 第53天，村民177缺水！
⚠️ 第53天，村民178食物耗尽！
⚠️ 第53天，村民178缺水！
⚠️ 第53天，村民179食物耗尽！
⚠️ 第53天，村民179缺水！
⚠️ 第53天，村民180食物耗尽！
⚠️ 第53天，村民180缺水！
⚠️ 第53天，村民181食物耗尽！
⚠️ 第53天，村民181缺水！
⚠️ 第53天，村民182食物耗尽！
⚠️ 第53天，村民182缺水！
⚠️ 第53天，村民183食物耗尽！
⚠️ 第53天，村民183缺水！
⚠️ 第53天，村民184食物耗尽！
⚠️ 第53天，村民184缺水！
⚠️ 第53天，村民185食物耗尽！
⚠️ 第53天，村民185缺水！
⚠️ 第53天，村民186食物耗尽！
⚠️ 第53天，村民186缺水！
⚠️ 第53天，村民187食物耗尽！
⚠️ 第53天，村民187缺水！
⚠️ 第53天，村民188食物耗尽！
⚠️ 第53天，村民188缺水！
⚠️ 第53天，村民189食物耗尽！
⚠️ 第53天，村民189缺水！
⚠️ 第53天，村民190食物耗尽！
⚠️ 第53天，村民190缺水！
⚠️ 第53天，村民191食物耗尽！
⚠️ 第53天，村民191缺水！
⚠️ 第53天，村民192食物耗尽！
⚠️ 第53天，村民192缺水！
⚠️ 第53天，村民193食物耗尽！
⚠️ 第53天，村民193缺水！
⚠️ 第53天，村民194食物耗尽！
⚠️ 第53天，村民194缺水！
⚠️ 第53天，村民195食物耗尽！
⚠️ 第53天，村民195缺水！
⚠️ 第53天，村民196食物耗尽！
⚠️ 第53天，村民196缺水！
⚠️ 第53天，村民197食物耗尽！
⚠️ 第53天，村民197缺水！
⚠️ 第53天，村民198食物耗尽！
⚠️ 第53天，村民198缺水！
⚠️ 第53天，村民199食物耗尽！
⚠️ 第53天，村民199缺水！
⚠️ 第53天，村民200食物耗尽！
⚠️ 第53天，村民200缺水！
⚠️ 第53天，村民201食物耗尽！
⚠️ 第53天，村民201缺水！
⚠️ 第53天，村民202食物耗尽！
⚠️ 第53天，村民202缺水！
⚠️ 第53天，村民203食物耗尽！
⚠️ 第53天，村民203缺水！
⚠️ 第53天，村民204食物耗尽！
⚠️ 第53天，村民204缺水！
⚠️ 第53天，村民205食物耗尽！
⚠️ 第53天，村民205缺水！
⚠️ 第53天，村民206食物耗尽！
⚠️ 第53天，村民206缺水！
⚠️ 第53天，村民207食物耗尽！
⚠️ 第53天，村民207缺水！
⚠️ 第53天，村民208食物耗尽！
⚠️ 第53天，村民208缺水！
⚠️ 第53天，村民209食物耗尽！
⚠️ 第53天，村民209缺水！
⚠️ 第53天，村民210食物耗尽！
⚠️ 第53天，村民210缺水！
⚠️ 第53天，村民211食物耗尽！
⚠️ 第53天，村民211缺水！
⚠️ 第53天，村民212食物耗尽！
⚠️ 第53天，村民212缺水！
⚠️ 第53天，村民213食物耗尽！
⚠️ 第53天，村民213缺水！
⚠️ 第53天，村民214食物耗尽！
⚠️ 第53天，村民214缺水！
⚠️ 第53天，村民215食物耗尽！
⚠️ 第53天，村民215缺水！
⚠️ 第53天，村民216食物耗尽！
⚠️ 第53天，村民216缺水！
⚠️ 第53天，村民217食物耗尽！
⚠️ 第53天，村民217缺水！
⚠️ 第53天，村民218食物耗尽！
⚠️ 第53天，村民218缺水！
⚠️ 第53天，村民219食物耗尽！
⚠️ 第53天，村民219缺水！
⚠️ 第53天，村民220食物耗尽！
⚠️ 第53天，村民220缺水！
⚠️ 第53天，村民221食物耗尽！
⚠️ 第53天，村民221缺水！
⚠️ 第53天，村民222食物耗尽！
⚠️ 第53天，村民222缺水！
⚠️ 第53天，村民223食物耗尽！
⚠️ 第53天，村民223缺水！
⚠️ 第53天，村民224食物耗尽！
⚠️ 第53天，村民224缺水！
⚠️ 第53天，村民225食物耗尽！
⚠️ 第53天，村民225缺水！
⚠️ 第53天，村民226食物耗尽！
⚠️ 第53天，村民226缺水！
⚠️ 第53天，村民227食物耗尽！
⚠️ 第53天，村民227缺水！
⚠️ 第53天，村民228食物耗尽！
⚠️ 第53天，村民228缺水！
⚠️ 第53天，村民229食物耗尽！
⚠️ 第53天，村民229缺水！
⚠️ 第53天，村民230食物耗尽！
⚠️ 第53天，村民230缺水！
⚠️ 第53天，村民231食物耗尽！
⚠️ 第53天，村民231缺水！
⚠️ 第53天，村民232食物耗尽！
⚠️ 第53天，村民232缺水！
⚠️ 第53天，村民233食物耗尽！
⚠️ 第53天，村民233缺水！
⚠️ 第53天，村民234食物耗尽！
⚠️ 第53天，村民234缺水！
⚠️ 第53天，村民235食物耗尽！
⚠️ 第53天，村民235缺水！
⚠️ 第53天，村民236食物耗尽！
⚠️ 第53天，村民236缺水！
⚠️ 第53天，村民237食物耗尽！
⚠️ 第53天，村民237缺水！
⚠️ 第53天，村民238食物耗尽！
⚠️ 第53天，村民238缺水！
⚠️ 第53天，村民239食物耗尽！
⚠️ 第53天，村民239缺水！
⚠️ 第53天，村民240食物耗尽！
⚠️ 第53天，村民240缺水！
⚠️ 第53天，村民241食物耗尽！
⚠️ 第53天，村民241缺水！
⚠️ 第53天，村民242食物耗尽！
⚠️ 第53天，村民242缺水！
⚠️ 第53天，村民243食物耗尽！
⚠️ 第53天，村民243缺水！
⚠️ 第53天，村民244食物耗尽！
⚠️ 第53天，村民244缺水！
⚠️ 第53天，村民245食物耗尽！
⚠️ 第53天，村民245缺水！
⚠️ 第53天，村民246食物耗尽！
⚠️ 第53天，村民246缺水！
⚠️ 第53天，村民247食物耗尽！
⚠️ 第53天，村民247缺水！
⚠️ 第53天，村民248食物耗尽！
⚠️ 第53天，村民248缺水！
⚠️ 第53天，村民249食物耗尽！
⚠️ 第53天，村民249缺水！
⚠️ 第53天，村民250食物耗尽！
⚠️ 第53天，村民250缺水！
⚠️ 第53天，村民251食物耗尽！
⚠️ 第53天，村民251缺水！
⚠️ 第53天，村民252食物耗尽！
⚠️ 第53天，村民252缺水！
⚠️ 第53天，村民253食物耗尽！
⚠️ 第53天，村民253缺水！
⚠️ 第53天，村民254食物耗尽！
⚠️ 第53天，村民254缺水！
⚠️ 第53天，村民255食物耗尽！
⚠️ 第53天，村民255缺水！
⚠️ 第53天，村民256食物耗尽！
⚠️ 第53天，村民256缺水！
⚠️ 第53天，村民257食物耗尽！
⚠️ 第53天，村民257缺水！
⚠️ 第53天，村民258食物耗尽！
⚠️ 第53天，村民258缺水！
⚠️ 第53天，村民259食物耗尽！
⚠️ 第53天，村民259缺水！
⚠️ 第53天，村民260食物耗尽！
⚠️ 第53天，村民260缺水！
⚠️ 第53天，村民261食物耗尽！
⚠️ 第53天，村民261缺水！
⚠️ 第53天，村民262食物耗尽！
⚠️ 第53天，村民262缺水！
⚠️ 第53天，村民263食物耗尽！
⚠️ 第53天，村民263缺水！
⚠️ 第53天，村民264食物耗尽！
⚠️ 第53天，村民264缺水！
⚠️ 第53天，村民265食物耗尽！
⚠️ 第53天，村民265缺水！
⚠️ 第53天，村民266食物耗尽！
⚠️ 第53天，村民266缺水！
⚠️ 第53天，村民267食物耗尽！
⚠️ 第53天，村民267缺水！
⚠️ 第53天，村民268食物耗尽！
⚠️ 第53天，村民268缺水！
⚠️ 第53天，村民269食物耗尽！
⚠️ 第53天，村民269缺水！
⚠️ 第53天，村民270食物耗尽！
⚠️ 第53天，村民270缺水！
⚠️ 第53天，村民271食物耗尽！
⚠️ 第53天，村民271缺水！
⚠️ 第53天，村民272食物耗尽！
⚠️ 第53天，村民272缺水！
⚠️ 第53天，村民273食物耗尽！
⚠️ 第53天，村民273缺水！
⚠️ 第53天，村民274食物耗尽！
⚠️ 第53天，村民274缺水！
⚠️ 第53天，村民275食物耗尽！
⚠️ 第53天，村民275缺水！
⚠️ 第53天，村民276食物耗尽！
⚠️ 第53天，村民276缺水！
⚠️ 第53天，村民277食物耗尽！
⚠️ 第53天，村民277缺水！
⚠️ 第53天，村民278食物耗尽！
⚠️ 第53天，村民278缺水！
⚠️ 第53天，村民279食物耗尽！
⚠️ 第53天，村民279缺水！
⚠️ 第53天，村民280食物耗尽！
⚠️ 第53天，村民280缺水！
⚠️ 第53天，村民281食物耗尽！
⚠️ 第53天，村民281缺水！
⚠️ 第53天，村民282食物耗尽！
⚠️ 第53天，村民282缺水！
⚠️ 第53天，村民283食物耗尽！
⚠️ 第53天，村民283缺水！
⚠️ 第53天，村民284食物耗尽！
⚠️ 第53天，村民284缺水！
⚠️ 第53天，村民285食物耗尽！
⚠️ 第53天，村民285缺水！
⚠️ 第53天，村民286食物耗尽！
⚠️ 第53天，村民286缺水！
⚠️ 第53天，村民287食物耗尽！
⚠️ 第53天，村民287缺水！
⚠️ 第53天，村民288食物耗尽！
⚠️ 第53天，村民288缺水！
⚠️ 第53天，村民289食物耗尽！
⚠️ 第53天，村民289缺水！
⚠️ 第53天，村民290食物耗尽！
⚠️ 第53天，村民290缺水！
⚠️ 第53天，村民291食物耗尽！
⚠️ 第53天，村民291缺水！
⚠️ 第53天，村民292食物耗尽！
⚠️ 第53天，村民292缺水！
⚠️ 第53天，村民293食物耗尽！
⚠️ 第53天，村民293缺水！
⚠️ 第53天，村民294食物耗尽！
⚠️ 第53天，村民294缺水！
⚠️ 第53天，村民295食物耗尽！
⚠️ 第53天，村民295缺水！
⚠️ 第53天，村民296食物耗尽！
⚠️ 第53天，村民296缺水！
⚠️ 第53天，村民297食物耗尽！
⚠️ 第53天，村民297缺水！
⚠️ 第53天，村民298食物耗尽！
⚠️ 第53天，村民298缺水！
⚠️ 第53天，村民299食物耗尽！
⚠️ 第53天，村民299缺水！
⚠️ 第53天，村民300食物耗尽！
⚠️ 第53天，村民300缺水！
⚠️ 第53天，村民301食物耗尽！
⚠️ 第53天，村民301缺水！
⚠️ 第53天，村民302食物耗尽！
⚠️ 第53天，村民302缺水！
⚠️ 第53天，村民303食物耗尽！
⚠️ 第53天，村民303缺水！
⚠️ 第53天，村民304食物耗尽！
⚠️ 第53天，村民304缺水！
⚠️ 第53天，村民305食物耗尽！
⚠️ 第53天，村民305缺水！
⚠️ 第53天，村民306食物耗尽！
⚠️ 第53天，村民306缺水！
⚠️ 第53天，村民307食物耗尽！
⚠️ 第53天，村民307缺水！
⚠️ 第53天，村民308食物耗尽！
⚠️ 第53天，村民308缺水！
⚠️ 第53天，村民309食物耗尽！
⚠️ 第53天，村民309缺水！
⚠️ 第53天，村民310食物耗尽！
⚠️ 第53天，村民310缺水！
⚠️ 第53天，村民311食物耗尽！
⚠️ 第53天，村民311缺水！
⚠️ 第53天，村民312食物耗尽！
⚠️ 第53天，村民312缺水！
⚠️ 第53天，村民313食物耗尽！
⚠️ 第53天，村民313缺水！
⚠️ 第53天，村民314食物耗尽！
⚠️ 第53天，村民314缺水！
⚠️ 第53天，村民315食物耗尽！
⚠️ 第53天，村民315缺水！
⚠️ 第53天，村民316食物耗尽！
⚠️ 第53天，村民316缺水！
⚠️ 第53天，村民317食物耗尽！
⚠️ 第53天，村民317缺水！
⚠️ 第53天，村民318食物耗尽！
⚠️ 第53天，村民318缺水！
⚠️ 第53天，村民319食物耗尽！
⚠️ 第53天，村民319缺水！
⚠️ 第53天，村民320食物耗尽！
⚠️ 第53天，村民320缺水！
⚠️ 第53天，村民321食物耗尽！
⚠️ 第53天，村民321缺水！
⚠️ 第53天，村民322食物耗尽！
⚠️ 第53天，村民322缺水！
⚠️ 第53天，村民323食物耗尽！
⚠️ 第53天，村民323缺水！
⚠️ 第53天，村民324食物耗尽！
⚠️ 第53天，村民324缺水！
⚠️ 第53天，村民325食物耗尽！
⚠️ 第53天，村民325缺水！
⚠️ 第53天，村民326食物耗尽！
⚠️ 第53天，村民326缺水！
⚠️ 第53天，村民327食物耗尽！
⚠️ 第53天，村民327缺水！
⚠️ 第53天，村民328食物耗尽！
⚠️ 第53天，村民328缺水！
⚠️ 第53天，村民329食物耗尽！
⚠️ 第53天，村民329缺水！
⚠️ 第53天，村民330食物耗尽！
⚠️ 第53天，村民330缺水！
⚠️ 第53天，村民331食物耗尽！
⚠️ 第53天，村民331缺水！
⚠️ 第53天，村民332食物耗尽！
⚠️ 第53天，村民332缺水！
⚠️ 第53天，村民333食物耗尽！
⚠️ 第53天，村民333缺水！
⚠️ 第53天，村民334食物耗尽！
⚠️ 第53天，村民334缺水！
⚠️ 第53天，村民335食物耗尽！
⚠️ 第53天，村民335缺水！
⚠️ 第53天，村民336食物耗尽！
⚠️ 第53天，村民336缺水！
⚠️ 第53天，村民337食物耗尽！
⚠️ 第53天，村民337缺水！
⚠️ 第53天，村民338食物耗尽！
⚠️ 第53天，村民338缺水！
⚠️ 第53天，村民339食物耗尽！
⚠️ 第53天，村民339缺水！
⚠️ 第53天，村民340食物耗尽！
⚠️ 第53天，村民340缺水！
⚠️ 第53天，村民341食物耗尽！
⚠️ 第53天，村民341缺水！
⚠️ 第53天，村民342食物耗尽！
⚠️ 第53天，村民342缺水！
⚠️ 第53天，村民343食物耗尽！
⚠️ 第53天，村民343缺水！
⚠️ 第53天，村民344食物耗尽！
⚠️ 第53天，村民344缺水！
⚠️ 第53天，村民345食物耗尽！
⚠️ 第53天，村民345缺水！
⚠️ 第53天，村民346食物耗尽！
⚠️ 第53天，村民346缺水！
⚠️ 第53天，村民347食物耗尽！
⚠️ 第53天，村民347缺水！
⚠️ 第53天，村民348食物耗尽！
⚠️ 第53天，村民348缺水！
⚠️ 第53天，村民349食物耗尽！
⚠️ 第53天，村民349缺水！
⚠️ 第53天，村民350食物耗尽！
⚠️ 第53天，村民350缺水！
⚠️ 第53天，村民351食物耗尽！
⚠️ 第53天，村民351缺水！
⚠️ 第53天，村民352食物耗尽！
⚠️ 第53天，村民352缺水！
⚠️ 第53天，村民353食物耗尽！
⚠️ 第53天，村民353缺水！
⚠️ 第53天，村民354食物耗尽！
⚠️ 第53天，村民354缺水！
⚠️ 第53天，村民355食物耗尽！
⚠️ 第53天，村民355缺水！
⚠️ 第53天，村民356食物耗尽！
⚠️ 第53天，村民356缺水！
⚠️ 第53天，村民357食物耗尽！
⚠️ 第53天，村民357缺水！
⚠️ 第53天，村民358食物耗尽！
⚠️ 第53天，村民358缺水！
⚠️ 第53天，村民359食物耗尽！
⚠️ 第53天，村民359缺水！
⚠️ 第53天，村民360食物耗尽！
⚠️ 第53天，村民360缺水！
⚠️ 第53天，村民361食物耗尽！
⚠️ 第53天，村民361缺水！
⚠️ 第53天，村民362食物耗尽！
⚠️ 第53天，村民362缺水！
⚠️ 第53天，村民363食物耗尽！
⚠️ 第53天，村民363缺水！
⚠️ 第53天，村民364食物耗尽！
⚠️ 第53天，村民364缺水！
⚠️ 第53天，村民365食物耗尽！
⚠️ 第53天，村民365缺水！
⚠️ 第53天，村民366食物耗尽！
⚠️ 第53天，村民366缺水！
⚠️ 第53天，村民367食物耗尽！
⚠️ 第53天，村民367缺水！
⚠️ 第53天，村民368食物耗尽！
⚠️ 第53天，村民368缺水！
⚠️ 第53天，村民369食物耗尽！
⚠️ 第53天，村民369缺水！
⚠️ 第53天，村民370食物耗尽！
⚠️ 第53天，村民370缺水！
⚠️ 第53天，村民371食物耗尽！
⚠️ 第53天，村民371缺水！
⚠️ 第53天，村民372食物耗尽！
⚠️ 第53天，村民372缺水！
⚠️ 第53天，村民373食物耗尽！
⚠️ 第53天，村民373缺水！
⚠️ 第53天，村民374食物耗尽！
⚠️ 第53天，村民374缺水！
⚠️ 第53天，村民375食物耗尽！
⚠️ 第53天，村民375缺水！
⚠️ 第53天，村民376食物耗尽！
⚠️ 第53天，村民376缺水！
⚠️ 第53天，村民377食物耗尽！
⚠️ 第53天，村民377缺水！
⚠️ 第53天，村民378食物耗尽！
⚠️ 第53天，村民378缺水！
⚠️ 第53天，村民379食物耗尽！
⚠️ 第53天，村民379缺水！
⚠️ 第53天，村民380食物耗尽！
⚠️ 第53天，村民380缺水！
⚠️ 第53天，村民381食物耗尽！
⚠️ 第53天，村民381缺水！
⚠️ 第53天，村民382食物耗尽！
⚠️ 第53天，村民382缺水！
⚠️ 第53天，村民383食物耗尽！
⚠️ 第53天，村民383缺水！
⚠️ 第53天，村民384食物耗尽！
⚠️ 第53天，村民384缺水！
⚠️ 第53天，村民385食物耗尽！
⚠️ 第53天，村民385缺水！
⚠️ 第53天，村民386食物耗尽！
⚠️ 第53天，村民386缺水！
⚠️ 第53天，村民387食物耗尽！
⚠️ 第53天，村民387缺水！
⚠️ 第53天，村民388食物耗尽！
⚠️ 第53天，村民388缺水！
⚠️ 第53天，村民389食物耗尽！
⚠️ 第53天，村民389缺水！
⚠️ 第53天，村民390食物耗尽！
⚠️ 第53天，村民390缺水！
⚠️ 第53天，村民391食物耗尽！
⚠️ 第53天，村民391缺水！
⚠️ 第53天，村民392食物耗尽！
⚠️ 第53天，村民392缺水！
⚠️ 第53天，村民393食物耗尽！
⚠️ 第53天，村民393缺水！
⚠️ 第53天，村民394食物耗尽！
⚠️ 第53天，村民394缺水！
⚠️ 第53天，村民395食物耗尽！
⚠️ 第53天，村民395缺水！
⚠️ 第53天，村民396食物耗尽！
⚠️ 第53天，村民396缺水！
⚠️ 第53天，村民397食物耗尽！
⚠️ 第53天，村民397缺水！
⚠️ 第53天，村民398食物耗尽！
⚠️ 第53天，村民398缺水！
⚠️ 第53天，村民399食物耗尽！
⚠️ 第53天，村民399缺水！
⚠️ 第53天，村民400食物耗尽！
⚠️ 第53天，村民400缺水！
⚠️ 第53天，村民401食物耗尽！
⚠️ 第53天，村民401缺水！
⚠️ 第53天，村民402食物耗尽！
⚠️ 第53天，村民402缺水！
⚠️ 第53天，村民403食物耗尽！
⚠️ 第53天，村民403缺水！
⚠️ 第53天，村民404食物耗尽！
⚠️ 第53天，村民404缺水！
⚠️ 第53天，村民405食物耗尽！
⚠️ 第53天，村民405缺水！
⚠️ 第53天，村民406食物耗尽！
⚠️ 第53天，村民406缺水！
⚠️ 第53天，村民407食物耗尽！
⚠️ 第53天，村民407缺水！
⚠️ 第53天，村民408食物耗尽！
⚠️ 第53天，村民408缺水！
⚠️ 第53天，村民409食物耗尽！
⚠️ 第53天，村民409缺水！
⚠️ 第53天，村民410食物耗尽！
⚠️ 第53天，村民410缺水！
⚠️ 第53天，村民411食物耗尽！
⚠️ 第53天，村民411缺水！
⚠️ 第53天，村民412食物耗尽！
⚠️ 第53天，村民412缺水！
⚠️ 第53天，村民413食物耗尽！
⚠️ 第53天，村民413缺水！
⚠️ 第53天，村民414食物耗尽！
⚠️ 第53天，村民414缺水！
⚠️ 第53天，村民415食物耗尽！
⚠️ 第53天，村民415缺水！
⚠️ 第53天，村民416食物耗尽！
⚠️ 第53天，村民416缺水！
⚠️ 第53天，村民417食物耗尽！
⚠️ 第53天，村民417缺水！
⚠️ 第53天，村民418食物耗尽！
⚠️ 第53天，村民418缺水！
⚠️ 第53天，村民419食物耗尽！
⚠️ 第53天，村民419缺水！
⚠️ 第53天，村民420食物耗尽！
⚠️ 第53天，村民420缺水！
⚠️ 第53天，村民421食物耗尽！
⚠️ 第53天，村民421缺水！
⚠️ 第53天，村民422食物耗尽！
⚠️ 第53天，村民422缺水！
⚠️ 第53天，村民423食物耗尽！
⚠️ 第53天，村民423缺水！
⚠️ 第53天，村民424食物耗尽！
⚠️ 第53天，村民424缺水！
⚠️ 第53天，村民425食物耗尽！
⚠️ 第53天，村民425缺水！
⚠️ 第53天，村民426食物耗尽！
⚠️ 第53天，村民426缺水！
⚠️ 第53天，村民427食物耗尽！
⚠️ 第53天，村民427缺水！
⚠️ 第53天，村民428食物耗尽！
⚠️ 第53天，村民428缺水！
⚠️ 第53天，村民429食物耗尽！
⚠️ 第53天，村民429缺水！
⚠️ 第53天，村民430食物耗尽！
⚠️ 第53天，村民430缺水！
⚠️ 第53天，村民431食物耗尽！
⚠️ 第53天，村民431缺水！
⚠️ 第53天，村民432食物耗尽！
⚠️ 第53天，村民432缺水！
⚠️ 第53天，村民433食物耗尽！
⚠️ 第53天，村民433缺水！
⚠️ 第53天，村民434食物耗尽！
⚠️ 第53天，村民434缺水！
⚠️ 第53天，村民435食物耗尽！
⚠️ 第53天，村民435缺水！
⚠️ 第53天，村民436食物耗尽！
⚠️ 第53天，村民436缺水！
⚠️ 第53天，村民437食物耗尽！
⚠️ 第53天，村民437缺水！
⚠️ 第53天，村民438食物耗尽！
⚠️ 第53天，村民438缺水！
⚠️ 第53天，村民439食物耗尽！
⚠️ 第53天，村民439缺水！
⚠️ 第53天，村民440食物耗尽！
⚠️ 第53天，村民440缺水！
⚠️ 第53天，村民441食物耗尽！
⚠️ 第53天，村民441缺水！
⚠️ 第53天，村民442食物耗尽！
⚠️ 第53天，村民442缺水！
⚠️ 第53天，村民443食物耗尽！
⚠️ 第53天，村民443缺水！
⚠️ 第53天，村民444食物耗尽！
⚠️ 第53天，村民444缺水！
⚠️ 第53天，村民445食物耗尽！
⚠️ 第53天，村民445缺水！
⚠️ 第53天，村民446食物耗尽！
⚠️ 第53天，村民446缺水！
⚠️ 第53天，村民447食物耗尽！
⚠️ 第53天，村民447缺水！
⚠️ 第53天，村民448食物耗尽！
⚠️ 第53天，村民448缺水！
⚠️ 第53天，村民449食物耗尽！
⚠️ 第53天，村民449缺水！
⚠️ 第53天，村民450食物耗尽！
⚠️ 第53天，村民450缺水！
⚠️ 第53天，村民451食物耗尽！
⚠️ 第53天，村民451缺水！
⚠️ 第53天，村民452食物耗尽！
⚠️ 第53天，村民452缺水！
⚠️ 第53天，村民453食物耗尽！
⚠️ 第53天，村民453缺水！
⚠️ 第53天，村民454食物耗尽！
⚠️ 第53天，村民454缺水！
⚠️ 第53天，村民455食物耗尽！
⚠️ 第53天，村民455缺水！
⚠️ 第53天，村民456食物耗尽！
⚠️ 第53天，村民456缺水！
⚠️ 第53天，村民457食物耗尽！
⚠️ 第53天，村民457缺水！
⚠️ 第53天，村民458食物耗尽！
⚠️ 第53天，村民458缺水！
⚠️ 第53天，村民459食物耗尽！
⚠️ 第53天，村民459缺水！
⚠️ 第53天，村民460食物耗尽！
⚠️ 第53天，村民460缺水！
⚠️ 第53天，村民461食物耗尽！
⚠️ 第53天，村民461缺水！
⚠️ 第53天，村民462食物耗尽！
⚠️ 第53天，村民462缺水！
⚠️ 第53天，村民463食物耗尽！
⚠️ 第53天，村民463缺水！
⚠️ 第53天，村民464食物耗尽！
⚠️ 第53天，村民464缺水！
⚠️ 第53天，村民465食物耗尽！
⚠️ 第53天，村民465缺水！
⚠️ 第53天，村民466食物耗尽！
⚠️ 第53天，村民466缺水！
⚠️ 第53天，村民467食物耗尽！
⚠️ 第53天，村民467缺水！
⚠️ 第53天，村民468食物耗尽！
⚠️ 第53天，村民468缺水！
⚠️ 第53天，村民469食物耗尽！
⚠️ 第53天，村民469缺水！
⚠️ 第53天，村民470食物耗尽！
⚠️ 第53天，村民470缺水！
⚠️ 第53天，村民471食物耗尽！
⚠️ 第53天，村民471缺水！
⚠️ 第53天，村民472食物耗尽！
⚠️ 第53天，村民472缺水！
⚠️ 第53天，村民473食物耗尽！
⚠️ 第53天，村民473缺水！
⚠️ 第53天，村民474食物耗尽！
⚠️ 第53天，村民474缺水！
⚠️ 第53天，村民475食物耗尽！
⚠️ 第53天，村民475缺水！
⚠️ 第53天，村民476食物耗尽！
⚠️ 第53天，村民476缺水！
⚠️ 第53天，村民477食物耗尽！
⚠️ 第53天，村民477缺水！
⚠️ 第53天，村民478食物耗尽！
⚠️ 第53天，村民478缺水！
⚠️ 第53天，村民479食物耗尽！
⚠️ 第53天，村民479缺水！
⚠️ 第53天，村民480食物耗尽！
⚠️ 第53天，村民480缺水！
⚠️ 第53天，村民481食物耗尽！
⚠️ 第53天，村民481缺水！
⚠️ 第53天，村民482食物耗尽！
⚠️ 第53天，村民482缺水！
⚠️ 第53天，村民483食物耗尽！
⚠️ 第53天，村民483缺水！
⚠️ 第53天，村民484食物耗尽！
⚠️ 第53天，村民484缺水！
⚠️ 第53天，村民485食物耗尽！
⚠️ 第53天，村民485缺水！
⚠️ 第53天，村民486食物耗尽！
⚠️ 第53天，村民486缺水！
⚠️ 第53天，村民487食物耗尽！
⚠️ 第53天，村民487缺水！
⚠️ 第53天，村民488食物耗尽！
⚠️ 第53天，村民488缺水！
⚠️ 第53天，村民489食物耗尽！
⚠️ 第53天，村民489缺水！
⚠️ 第53天，村民490食物耗尽！
⚠️ 第53天，村民490缺水！
⚠️ 第53天，村民491食物耗尽！
⚠️ 第53天，村民491缺水！
⚠️ 第53天，村民492食物耗尽！
⚠️ 第53天，村民492缺水！
⚠️ 第53天，村民493食物耗尽！
⚠️ 第53天，村民493缺水！
⚠️ 第53天，村民494食物耗尽！
⚠️ 第53天，村民494缺水！
⚠️ 第53天，村民495食物耗尽！
⚠️ 第53天，村民495缺水！
⚠️ 第53天，村民496食物耗尽！
⚠️ 第53天，村民496缺水！
⚠️ 第53天，村民497食物耗尽！
⚠️ 第53天，村民497缺水！
⚠️ 第53天，村民498食物耗尽！
⚠️ 第53天，村民498缺水！
⚠️ 第53天，村民499食物耗尽！
⚠️ 第53天，村民499缺水！
⚠️ 第53天，村民500食物耗尽！
⚠️ 第53天，村民500缺水！
⚠️ 第53天，村民501食物耗尽！
⚠️ 第53天，村民501缺水！
⚠️ 第53天，村民502食物耗尽！
⚠️ 第53天，村民502缺水！
⚠️ 第53天，村民503食物耗尽！
⚠️ 第53天，村民503缺水！
⚠️ 第53天，村民504食物耗尽！
⚠️ 第53天，村民504缺水！
⚠️ 第53天，村民505食物耗尽！
⚠️ 第53天，村民505缺水！
⚠️ 第53天，村民506食物耗尽！
⚠️ 第53天，村民506缺水！
⚠️ 第53天，村民507食物耗尽！
⚠️ 第53天，村民507缺水！
⚠️ 第53天，村民508食物耗尽！
⚠️ 第53天，村民508缺水！
⚠️ 第53天，村民509食物耗尽！
⚠️ 第53天，村民509缺水！
⚠️ 第53天，村民510食物耗尽！
⚠️ 第53天，村民510缺水！
⚠️ 第53天，村民511食物耗尽！
⚠️ 第53天，村民511缺水！
⚠️ 第53天，村民512食物耗尽！
⚠️ 第53天，村民512缺水！
⚠️ 第53天，村民513食物耗尽！
⚠️ 第53天，村民513缺水！
⚠️ 第53天，村民514食物耗尽！
⚠️ 第53天，村民514缺水！
⚠️ 第53天，村民515食物耗尽！
⚠️ 第53天，村民515缺水！
⚠️ 第53天，村民516食物耗尽！
⚠️ 第53天，村民516缺水！
⚠️ 第53天，村民517食物耗尽！
⚠️ 第53天，村民517缺水！
⚠️ 第53天，村民518食物耗尽！
⚠️ 第53天，村民518缺水！
⚠️ 第53天，村民519食物耗尽！
⚠️ 第53天，村民519缺水！
⚠️ 第53天，村民520食物耗尽！
⚠️ 第53天，村民520缺水！
⚠️ 第53天，村民521食物耗尽！
⚠️ 第53天，村民521缺水！
⚠️ 第53天，村民522食物耗尽！
⚠️ 第53天，村民522缺水！
⚠️ 第53天，村民523食物耗尽！
⚠️ 第53天，村民523缺水！
⚠️ 第53天，村民524食物耗尽！
⚠️ 第53天，村民524缺水！
⚠️ 第53天，村民525食物耗尽！
⚠️ 第53天，村民525缺水！
⚠️ 第53天，村民526食物耗尽！
⚠️ 第53天，村民526缺水！
⚠️ 第53天，村民527食物耗尽！
⚠️ 第53天，村民527缺水！
⚠️ 第53天，村民528食物耗尽！
⚠️ 第53天，村民528缺水！
⚠️ 第53天，村民529食物耗尽！
⚠️ 第53天，村民529缺水！
⚠️ 第53天，村民530食物耗尽！
⚠️ 第53天，村民530缺水！
⚠️ 第53天，村民531食物耗尽！
⚠️ 第53天，村民531缺水！
⚠️ 第53天，村民532食物耗尽！
⚠️ 第53天，村民532缺水！
⚠️ 第53天，村民533食物耗尽！
⚠️ 第53天，村民533缺水！
⚠️ 第53天，村民534食物耗尽！
⚠️ 第53天，村民534缺水！
⚠️ 第53天，村民535食物耗尽！
⚠️ 第53天，村民535缺水！
⚠️ 第53天，村民536食物耗尽！
⚠️ 第53天，村民536缺水！
⚠️ 第53天，村民537食物耗尽！
⚠️ 第53天，村民537缺水！
⚠️ 第53天，村民538食物耗尽！
⚠️ 第53天，村民538缺水！
⚠️ 第53天，村民539食物耗尽！
⚠️ 第53天，村民539缺水！
⚠️ 第53天，村民540食物耗尽！
⚠️ 第53天，村民540缺水！
⚠️ 第53天，村民541食物耗尽！
⚠️ 第53天，村民541缺水！
⚠️ 第53天，村民542食物耗尽！
⚠️ 第53天，村民542缺水！
⚠️ 第53天，村民543食物耗尽！
⚠️ 第53天，村民543缺水！
⚠️ 第53天，村民544食物耗尽！
⚠️ 第53天，村民544缺水！
⚠️ 第53天，村民545食物耗尽！
⚠️ 第53天，村民545缺水！
⚠️ 第53天，村民546食物耗尽！
⚠️ 第53天，村民546缺水！
⚠️ 第53天，村民547食物耗尽！
⚠️ 第53天，村民547缺水！
⚠️ 第53天，村民548食物耗尽！
⚠️ 第53天，村民548缺水！
⚠️ 第53天，村民549食物耗尽！
⚠️ 第53天，村民549缺水！
⚠️ 第53天，村民550食物耗尽！
⚠️ 第53天，村民550缺水！
⚠️ 第53天，村民551食物耗尽！
⚠️ 第53天，村民551缺水！
⚠️ 第53天，村民552食物耗尽！
⚠️ 第53天，村民552缺水！
⚠️ 第53天，村民553食物耗尽！
⚠️ 第53天，村民553缺水！
⚠️ 第53天，村民554食物耗尽！
⚠️ 第53天，村民554缺水！
⚠️ 第53天，村民555食物耗尽！
⚠️ 第53天，村民555缺水！
⚠️ 第53天，村民556食物耗尽！
⚠️ 第53天，村民556缺水！
⚠️ 第53天，村民557食物耗尽！
⚠️ 第53天，村民557缺水！
⚠️ 第53天，村民558食物耗尽！
⚠️ 第53天，村民558缺水！
⚠️ 第53天，村民559食物耗尽！
⚠️ 第53天，村民559缺水！
⚠️ 第53天，村民560食物耗尽！
⚠️ 第53天，村民560缺水！
⚠️ 第53天，村民561食物耗尽！
⚠️ 第53天，村民561缺水！
⚠️ 第53天，村民562食物耗尽！
⚠️ 第53天，村民562缺水！
⚠️ 第53天，村民563食物耗尽！
⚠️ 第53天，村民563缺水！
⚠️ 第53天，村民564食物耗尽！
⚠️ 第53天，村民564缺水！
⚠️ 第53天，村民565食物耗尽！
⚠️ 第53天，村民565缺水！
⚠️ 第53天，村民566食物耗尽！
⚠️ 第53天，村民566缺水！
⚠️ 第53天，村民567食物耗尽！
⚠️ 第53天，村民567缺水！
⚠️ 第53天，村民568食物耗尽！
⚠️ 第53天，村民568缺水！
⚠️ 第53天，村民569食物耗尽！
⚠️ 第53天，村民569缺水！
⚠️ 第53天，村民570食物耗尽！
⚠️ 第53天，村民570缺水！
⚠️ 第53天，村民571食物耗尽！
⚠️ 第53天，村民571缺水！
⚠️ 第53天，村民572食物耗尽！
⚠️ 第53天，村民572缺水！
⚠️ 第53天，村民573食物耗尽！
⚠️ 第53天，村民573缺水！
⚠️ 第53天，村民574食物耗尽！
⚠️ 第53天，村民574缺水！
⚠️ 第53天，村民575食物耗尽！
⚠️ 第53天，村民575缺水！
⚠️ 第53天，村民576食物耗尽！
⚠️ 第53天，村民576缺水！
⚠️ 第53天，村民577食物耗尽！
⚠️ 第53天，村民577缺水！
⚠️ 第53天，村民578食物耗尽！
⚠️ 第53天，村民578缺水！
⚠️ 第53天，村民579食物耗尽！
⚠️ 第53天，村民579缺水！
⚠️ 第53天，村民580食物耗尽！
⚠️ 第53天，村民580缺水！
⚠️ 第53天，村民581食物耗尽！
⚠️ 第53天，村民581缺水！
⚠️ 第53天，村民582食物耗尽！
⚠️ 第53天，村民582缺水！
⚠️ 第53天，村民583食物耗尽！
⚠️ 第53天，村民583缺水！
⚠️ 第53天，村民584食物耗尽！
⚠️ 第53天，村民584缺水！
⚠️ 第53天，村民585食物耗尽！
⚠️ 第53天，村民585缺水！
⚠️ 第53天，村民586食物耗尽！
⚠️ 第53天，村民586缺水！
⚠️ 第53天，村民587食物耗尽！
⚠️ 第53天，村民587缺水！
⚠️ 第53天，村民588食物耗尽！
⚠️ 第53天，村民588缺水！
⚠️ 第53天，村民589食物耗尽！
⚠️ 第53天，村民589缺水！
⚠️ 第53天，村民590食物耗尽！
⚠️ 第53天，村民590缺水！
⚠️ 第53天，村民591食物耗尽！
⚠️ 第53天，村民591缺水！
⚠️ 第53天，村民592食物耗尽！
⚠️ 第53天，村民592缺水！
⚠️ 第53天，村民593食物耗尽！
⚠️ 第53天，村民593缺水！
⚠️ 第53天，村民594食物耗尽！
⚠️ 第53天，村民594缺水！
⚠️ 第53天，村民595食物耗尽！
⚠️ 第53天，村民595缺水！
⚠️ 第53天，村民596食物耗尽！
⚠️ 第53天，村民596缺水！
⚠️ 第53天，村民597食物耗尽！
⚠️ 第53天，村民597缺水！
⚠️ 第53天，村民598食物耗尽！
⚠️ 第53天，村民598缺水！
⚠️ 第53天，村民599食物耗尽！
⚠️ 第53天，村民599缺水！
⚠️ 第53天，村民600食物耗尽！
⚠️ 第53天，村民600缺水！
⚠️ 第53天，村民601食物耗尽！
⚠️ 第53天，村民601缺水！
⚠️ 第53天，村民602食物耗尽！
⚠️ 第53天，村民602缺水！
⚠️ 第53天，村民603食物耗尽！
⚠️ 第53天，村民603缺水！
⚠️ 第53天，村民604食物耗尽！
⚠️ 第53天，村民604缺水！
⚠️ 第53天，村民605食物耗尽！
⚠️ 第53天，村民605缺水！
⚠️ 第53天，村民606食物耗尽！
⚠️ 第53天，村民606缺水！
⚠️ 第53天，村民607食物耗尽！
⚠️ 第53天，村民607缺水！
⚠️ 第53天，村民608食物耗尽！
⚠️ 第53天，村民608缺水！
⚠️ 第53天，村民609食物耗尽！
⚠️ 第53天，村民609缺水！
⚠️ 第53天，村民610食物耗尽！
⚠️ 第53天，村民610缺水！
⚠️ 第53天，村民611食物耗尽！
⚠️ 第53天，村民611缺水！
⚠️ 第53天，村民612食物耗尽！
⚠️ 第53天，村民612缺水！
⚠️ 第53天，村民613食物耗尽！
⚠️ 第53天，村民613缺水！
⚠️ 第53天，村民614食物耗尽！
⚠️ 第53天，村民614缺水！
⚠️ 第53天，村民615食物耗尽！
⚠️ 第53天，村民615缺水！
⚠️ 第53天，村民616食物耗尽！
⚠️ 第53天，村民616缺水！
⚠️ 第53天，村民617食物耗尽！
⚠️ 第53天，村民617缺水！
⚠️ 第53天，村民618食物耗尽！
⚠️ 第53天，村民618缺水！
⚠️ 第53天，村民619食物耗尽！
⚠️ 第53天，村民619缺水！
⚠️ 第53天，村民620食物耗尽！
⚠️ 第53天，村民620缺水！
⚠️ 第53天，村民621食物耗尽！
⚠️ 第53天，村民621缺水！
⚠️ 第53天，村民622食物耗尽！
⚠️ 第53天，村民622缺水！
⚠️ 第53天，村民623食物耗尽！
⚠️ 第53天，村民623缺水！
⚠️ 第53天，村民624食物耗尽！
⚠️ 第53天，村民624缺水！
⚠️ 第53天，村民625食物耗尽！
⚠️ 第53天，村民625缺水！
⚠️ 第53天，村民626食物耗尽！
⚠️ 第53天，村民626缺水！
⚠️ 第53天，村民627食物耗尽！
⚠️ 第53天，村民627缺水！
⚠️ 第53天，村民628食物耗尽！
⚠️ 第53天，村民628缺水！
⚠️ 第53天，村民629食物耗尽！
⚠️ 第53天，村民629缺水！
⚠️ 第53天，村民630食物耗尽！
⚠️ 第53天，村民630缺水！
⚠️ 第53天，村民631食物耗尽！
⚠️ 第53天，村民631缺水！
⚠️ 第53天，村民632食物耗尽！
⚠️ 第53天，村民632缺水！
⚠️ 第53天，村民633食物耗尽！
⚠️ 第53天，村民633缺水！
⚠️ 第53天，村民634食物耗尽！
⚠️ 第53天，村民634缺水！
⚠️ 第53天，村民635食物耗尽！
⚠️ 第53天，村民635缺水！
⚠️ 第53天，村民636食物耗尽！
⚠️ 第53天，村民636缺水！
⚠️ 第53天，村民637食物耗尽！
⚠️ 第53天，村民637缺水！
⚠️ 第53天，村民638食物耗尽！
⚠️ 第53天，村民638缺水！
⚠️ 第53天，村民639食物耗尽！
⚠️ 第53天，村民639缺水！
⚠️ 第53天，村民640食物耗尽！
⚠️ 第53天，村民640缺水！
⚠️ 第53天，村民641食物耗尽！
⚠️ 第53天，村民641缺水！
⚠️ 第53天，村民642食物耗尽！
⚠️ 第53天，村民642缺水！
⚠️ 第53天，村民643食物耗尽！
⚠️ 第53天，村民643缺水！
⚠️ 第53天，村民644食物耗尽！
⚠️ 第53天，村民644缺水！
⚠️ 第53天，村民645食物耗尽！
⚠️ 第53天，村民645缺水！
⚠️ 第53天，村民646食物耗尽！
⚠️ 第53天，村民646缺水！
⚠️ 第53天，村民647食物耗尽！
⚠️ 第53天，村民647缺水！
⚠️ 第53天，村民648食物耗尽！
⚠️ 第53天，村民648缺水！
⚠️ 第53天，村民649食物耗尽！
⚠️ 第53天，村民649缺水！
⚠️ 第53天，村民650食物耗尽！
⚠️ 第53天，村民650缺水！
⚠️ 第53天，村民651食物耗尽！
⚠️ 第53天，村民651缺水！
⚠️ 第53天，村民652食物耗尽！
⚠️ 第53天，村民652缺水！
⚠️ 第53天，村民653食物耗尽！
⚠️ 第53天，村民653缺水！
⚠️ 第53天，村民654食物耗尽！
⚠️ 第53天，村民654缺水！
⚠️ 第53天，村民655食物耗尽！
⚠️ 第53天，村民655缺水！
⚠️ 第53天，村民656食物耗尽！
⚠️ 第53天，村民656缺水！
⚠️ 第53天，村民657食物耗尽！
⚠️ 第53天，村民657缺水！
⚠️ 第53天，村民658食物耗尽！
⚠️ 第53天，村民658缺水！
⚠️ 第53天，村民659食物耗尽！
⚠️ 第53天，村民659缺水！
⚠️ 第53天，村民660食物耗尽！
⚠️ 第53天，村民660缺水！
⚠️ 第53天，村民661食物耗尽！
⚠️ 第53天，村民661缺水！
⚠️ 第53天，村民662食物耗尽！
⚠️ 第53天，村民662缺水！
⚠️ 第53天，村民663食物耗尽！
⚠️ 第53天，村民663缺水！
⚠️ 第53天，村民664食物耗尽！
⚠️ 第53天，村民664缺水！
⚠️ 第53天，村民665食物耗尽！
⚠️ 第53天，村民665缺水！
⚠️ 第53天，村民666食物耗尽！
⚠️ 第53天，村民666缺水！
⚠️ 第53天，村民667食物耗尽！
⚠️ 第53天，村民667缺水！
⚠️ 第53天，村民668食物耗尽！
⚠️ 第53天，村民668缺水！
⚠️ 第53天，村民669食物耗尽！
⚠️ 第53天，村民669缺水！
⚠️ 第53天，村民670食物耗尽！
⚠️ 第53天，村民670缺水！
⚠️ 第53天，村民671食物耗尽！
⚠️ 第53天，村民671缺水！
⚠️ 第53天，村民672食物耗尽！
⚠️ 第53天，村民672缺水！
⚠️ 第53天，村民673食物耗尽！
⚠️ 第53天，村民673缺水！
⚠️ 第53天，村民674食物耗尽！
⚠️ 第53天，村民674缺水！
⚠️ 第53天，村民675食物耗尽！
⚠️ 第53天，村民675缺水！
⚠️ 第53天，村民676食物耗尽！
⚠️ 第53天，村民676缺水！
⚠️ 第53天，村民677食物耗尽！
⚠️ 第53天，村民677缺水！
⚠️ 第53天，村民678食物耗尽！
⚠️ 第53天，村民678缺水！
⚠️ 第53天，村民679食物耗尽！
⚠️ 第53天，村民679缺水！
⚠️ 第53天，村民680食物耗尽！
⚠️ 第53天，村民680缺水！
⚠️ 第53天，村民681食物耗尽！
⚠️ 第53天，村民681缺水！
⚠️ 第53天，村民682食物耗尽！
⚠️ 第53天，村民682缺水！
⚠️ 第53天，村民683食物耗尽！
⚠️ 第53天，村民683缺水！
⚠️ 第53天，村民684食物耗尽！
⚠️ 第53天，村民684缺水！
⚠️ 第53天，村民685食物耗尽！
⚠️ 第53天，村民685缺水！
⚠️ 第53天，村民686食物耗尽！
⚠️ 第53天，村民686缺水！
⚠️ 第53天，村民687食物耗尽！
⚠️ 第53天，村民687缺水！
⚠️ 第53天，村民688食物耗尽！
⚠️ 第53天，村民688缺水！
⚠️ 第53天，村民689食物耗尽！
⚠️ 第53天，村民689缺水！
⚠️ 第53天，村民690食物耗尽！
⚠️ 第53天，村民690缺水！
⚠️ 第53天，村民691食物耗尽！
⚠️ 第53天，村民691缺水！
⚠️ 第53天，村民692食物耗尽！
⚠️ 第53天，村民692缺水！
⚠️ 第53天，村民693食物耗尽！
⚠️ 第53天，村民693缺水！
⚠️ 第53天，村民694食物耗尽！
⚠️ 第53天，村民694缺水！
⚠️ 第53天，村民695食物耗尽！
⚠️ 第53天，村民695缺水！
⚠️ 第53天，村民696食物耗尽！
⚠️ 第53天，村民696缺水！
⚠️ 第53天，村民697食物耗尽！
⚠️ 第53天，村民697缺水！
⚠️ 第53天，村民698食物耗尽！
⚠️ 第53天，村民698缺水！
⚠️ 第53天，村民699食物耗尽！
⚠️ 第53天，村民699缺水！
⚠️ 第53天，村民700食物耗尽！
⚠️ 第53天，村民700缺水！
⚠️ 第53天，村民701食物耗尽！
⚠️ 第53天，村民701缺水！
⚠️ 第53天，村民702食物耗尽！
⚠️ 第53天，村民702缺水！
⚠️ 第53天，村民703食物耗尽！
⚠️ 第53天，村民703缺水！
⚠️ 第53天，村民704食物耗尽！
⚠️ 第53天，村民704缺水！
⚠️ 第53天，村民705食物耗尽！
⚠️ 第53天，村民705缺水！
⚠️ 第53天，村民706食物耗尽！
⚠️ 第53天，村民706缺水！
⚠️ 第53天，村民707食物耗尽！
⚠️ 第53天，村民707缺水！
⚠️ 第53天，村民708食物耗尽！
⚠️ 第53天，村民708缺水！
⚠️ 第53天，村民709食物耗尽！
⚠️ 第53天，村民709缺水！
⚠️ 第53天，村民710食物耗尽！
⚠️ 第53天，村民710缺水！
⚠️ 第53天，村民711食物耗尽！
⚠️ 第53天，村民711缺水！
⚠️ 第53天，村民712食物耗尽！
⚠️ 第53天，村民712缺水！
⚠️ 第53天，村民713食物耗尽！
⚠️ 第53天，村民713缺水！
⚠️ 第53天，村民714食物耗尽！
⚠️ 第53天，村民714缺水！
⚠️ 第53天，村民715食物耗尽！
⚠️ 第53天，村民715缺水！
⚠️ 第53天，村民716食物耗尽！
⚠️ 第53天，村民716缺水！
⚠️ 第53天，村民717食物耗尽！
⚠️ 第53天，村民717缺水！
⚠️ 第53天，村民718食物耗尽！
⚠️ 第53天，村民718缺水！
⚠️ 第53天，村民719食物耗尽！
⚠️ 第53天，村民719缺水！
⚠️ 第53天，村民720食物耗尽！
⚠️ 第53天，村民720缺水！
⚠️ 第53天，村民721食物耗尽！
⚠️ 第53天，村民721缺水！
⚠️ 第53天，村民722食物耗尽！
⚠️ 第53天，村民722缺水！
⚠️ 第53天，村民723食物耗尽！
⚠️ 第53天，村民723缺水！
⚠️ 第53天，村民724食物耗尽！
⚠️ 第53天，村民724缺水！
⚠️ 第53天，村民725食物耗尽！
⚠️ 第53天，村民725缺水！
⚠️ 第53天，村民726食物耗尽！
⚠️ 第53天，村民726缺水！
⚠️ 第53天，村民727食物耗尽！
⚠️ 第53天，村民727缺水！
⚠️ 第53天，村民728食物耗尽！
⚠️ 第53天，村民728缺水！
⚠️ 第53天，村民729食物耗尽！
⚠️ 第53天，村民729缺水！
⚠️ 第53天，村民730食物耗尽！
⚠️ 第53天，村民730缺水！
⚠️ 第53天，村民731食物耗尽！
⚠️ 第53天，村民731缺水！
⚠️ 第53天，村民732食物耗尽！
⚠️ 第53天，村民732缺水！
⚠️ 第53天，村民733食物耗尽！
⚠️ 第53天，村民733缺水！
⚠️ 第53天，村民734食物耗尽！
⚠️ 第53天，村民734缺水！
⚠️ 第53天，村民735食物耗尽！
⚠️ 第53天，村民735缺水！
⚠️ 第53天，村民736食物耗尽！
⚠️ 第53天，村民736缺水！
⚠️ 第53天，村民737食物耗尽！
⚠️ 第53天，村民737缺水！
⚠️ 第53天，村民738食物耗尽！
⚠️ 第53天，村民738缺水！
⚠️ 第53天，村民739食物耗尽！
⚠️ 第53天，村民739缺水！
⚠️ 第53天，村民740食物耗尽！
⚠️ 第53天，村民740缺水！
⚠️ 第53天，村民741食物耗尽！
⚠️ 第53天，村民741缺水！
⚠️ 第53天，村民742食物耗尽！
⚠️ 第53天，村民742缺水！
⚠️ 第53天，村民743食物耗尽！
⚠️ 第53天，村民743缺水！
⚠️ 第53天，村民744食物耗尽！
⚠️ 第53天，村民744缺水！
⚠️ 第53天，村民745食物耗尽！
⚠️ 第53天，村民745缺水！
⚠️ 第53天，村民746食物耗尽！
⚠️ 第53天，村民746缺水！
⚠️ 第53天，村民747食物耗尽！
⚠️ 第53天，村民747缺水！
⚠️ 第53天，村民748食物耗尽！
⚠️ 第53天，村民748缺水！
⚠️ 第53天，村民749食物耗尽！
⚠️ 第53天，村民749缺水！
⚠️ 第53天，村民750食物耗尽！
⚠️ 第53天，村民750缺水！
⚠️ 第53天，村民751食物耗尽！
⚠️ 第53天，村民751缺水！
⚠️ 第53天，村民752食物耗尽！
⚠️ 第53天，村民752缺水！
⚠️ 第53天，村民753食物耗尽！
⚠️ 第53天，村民753缺水！
⚠️ 第53天，村民754食物耗尽！
⚠️ 第53天，村民754缺水！
⚠️ 第53天，村民755食物耗尽！
⚠️ 第53天，村民755缺水！
⚠️ 第53天，村民756食物耗尽！
⚠️ 第53天，村民756缺水！
⚠️ 第53天，村民757食物耗尽！
⚠️ 第53天，村民757缺水！
⚠️ 第53天，村民758食物耗尽！
⚠️ 第53天，村民758缺水！
⚠️ 第53天，村民759食物耗尽！
⚠️ 第53天，村民759缺水！
⚠️ 第53天，村民760食物耗尽！
⚠️ 第53天，村民760缺水！
⚠️ 第53天，村民761食物耗尽！
⚠️ 第53天，村民761缺水！
⚠️ 第53天，村民762食物耗尽！
⚠️ 第53天，村民762缺水！
⚠️ 第53天，村民763食物耗尽！
⚠️ 第53天，村民763缺水！
⚠️ 第53天，村民764食物耗尽！
⚠️ 第53天，村民764缺水！
⚠️ 第53天，村民765食物耗尽！
⚠️ 第53天，村民765缺水！
⚠️ 第53天，村民766食物耗尽！
⚠️ 第53天，村民766缺水！
⚠️ 第53天，村民767食物耗尽！
⚠️ 第53天，村民767缺水！
⚠️ 第53天，村民768食物耗尽！
⚠️ 第53天，村民768缺水！
⚠️ 第53天，村民769食物耗尽！
⚠️ 第53天，村民769缺水！
⚠️ 第53天，村民770食物耗尽！
⚠️ 第53天，村民770缺水！
⚠️ 第53天，村民771食物耗尽！
⚠️ 第53天，村民771缺水！
⚠️ 第53天，村民772食物耗尽！
⚠️ 第53天，村民772缺水！
⚠️ 第53天，村民773食物耗尽！
⚠️ 第53天，村民773缺水！
⚠️ 第53天，村民774食物耗尽！
⚠️ 第53天，村民774缺水！
⚠️ 第53天，村民775食物耗尽！
⚠️ 第53天，村民775缺水！
⚠️ 第53天，村民776食物耗尽！
⚠️ 第53天，村民776缺水！
⚠️ 第53天，村民777食物耗尽！
⚠️ 第53天，村民777缺水！
⚠️ 第53天，村民778食物耗尽！
⚠️ 第53天，村民778缺水！
⚠️ 第53天，村民779食物耗尽！
⚠️ 第53天，村民779缺水！
⚠️ 第53天，村民780食物耗尽！
⚠️ 第53天，村民780缺水！
⚠️ 第53天，村民781食物耗尽！
⚠️ 第53天，村民781缺水！
⚠️ 第53天，村民782食物耗尽！
⚠️ 第53天，村民782缺水！
⚠️ 第53天，村民783食物耗尽！
⚠️ 第53天，村民783缺水！
⚠️ 第53天，村民784食物耗尽！
⚠️ 第53天，村民784缺水！
⚠️ 第53天，村民785食物耗尽！
⚠️ 第53天，村民785缺水！
⚠️ 第53天，村民786食物耗尽！
⚠️ 第53天，村民786缺水！
⚠️ 第53天，村民787食物耗尽！
⚠️ 第53天，村民787缺水！
⚠️ 第53天，村民788食物耗尽！
⚠️ 第53天，村民788缺水！
⚠️ 第53天，村民789食物耗尽！
⚠️ 第53天，村民789缺水！
⚠️ 第53天，村民790食物耗尽！
⚠️ 第53天，村民790缺水！
⚠️ 第53天，村民791食物耗尽！
⚠️ 第53天，村民791缺水！
⚠️ 第53天，村民792食物耗尽！
⚠️ 第53天，村民792缺水！
⚠️ 第53天，村民793食物耗尽！
⚠️ 第53天，村民793缺水！
⚠️ 第53天，村民794食物耗尽！
⚠️ 第53天，村民794缺水！
⚠️ 第53天，村民795食物耗尽！
⚠️ 第53天，村民795缺水！
⚠️ 第53天，村民796食物耗尽！
⚠️ 第53天，村民796缺水！
⚠️ 第53天，村民797食物耗尽！
⚠️ 第53天，村民797缺水！
⚠️ 第53天，村民798食物耗尽！
⚠️ 第53天，村民798缺水！
⚠️ 第53天，村民799食物耗尽！
⚠️ 第53天，村民799缺水！
⚠️ 第53天，村民800食物耗尽！
⚠️ 第53天，村民800缺水！
⚠️ 第53天，村民801食物耗尽！
⚠️ 第53天，村民801缺水！
⚠️ 第53天，村民802食物耗尽！
⚠️ 第53天，村民802缺水！
⚠️ 第53天，村民803食物耗尽！
⚠️ 第53天，村民803缺水！
⚠️ 第53天，村民804食物耗尽！
⚠️ 第53天，村民804缺水！
⚠️ 第53天，村民805食物耗尽！
⚠️ 第53天，村民805缺水！
⚠️ 第53天，村民806食物耗尽！
⚠️ 第53天，村民806缺水！
⚠️ 第53天，村民807食物耗尽！
⚠️ 第53天，村民807缺水！
⚠️ 第53天，村民808食物耗尽！
⚠️ 第53天，村民808缺水！
⚠️ 第53天，村民809食物耗尽！
⚠️ 第53天，村民809缺水！
⚠️ 第53天，村民810食物耗尽！
⚠️ 第53天，村民810缺水！
⚠️ 第53天，村民811食物耗尽！
⚠️ 第53天，村民811缺水！
⚠️ 第53天，村民812食物耗尽！
⚠️ 第53天，村民812缺水！
⚠️ 第53天，村民813食物耗尽！
⚠️ 第53天，村民813缺水！
⚠️ 第53天，村民814食物耗尽！
⚠️ 第53天，村民814缺水！
⚠️ 第53天，村民815食物耗尽！
⚠️ 第53天，村民815缺水！
⚠️ 第53天，村民816食物耗尽！
⚠️ 第53天，村民816缺水！
⚠️ 第53天，村民817食物耗尽！
⚠️ 第53天，村民817缺水！
⚠️ 第53天，村民818食物耗尽！
⚠️ 第53天，村民818缺水！
⚠️ 第53天，村民819食物耗尽！
⚠️ 第53天，村民819缺水！
⚠️ 第53天，村民820食物耗尽！
⚠️ 第53天，村民820缺水！
⚠️ 第53天，村民821食物耗尽！
⚠️ 第53天，村民821缺水！
⚠️ 第53天，村民822食物耗尽！
⚠️ 第53天，村民822缺水！
⚠️ 第53天，村民823食物耗尽！
⚠️ 第53天，村民823缺水！
⚠️ 第53天，村民824食物耗尽！
⚠️ 第53天，村民824缺水！
⚠️ 第53天，村民825食物耗尽！
⚠️ 第53天，村民825缺水！
⚠️ 第53天，村民826食物耗尽！
⚠️ 第53天，村民826缺水！
⚠️ 第53天，村民827食物耗尽！
⚠️ 第53天，村民827缺水！
⚠️ 第53天，村民828食物耗尽！
⚠️ 第53天，村民828缺水！
⚠️ 第53天，村民829食物耗尽！
⚠️ 第53天，村民829缺水！
⚠️ 第53天，村民830食物耗尽！
⚠️ 第53天，村民830缺水！
⚠️ 第53天，村民831食物耗尽！
⚠️ 第53天，村民831缺水！
⚠️ 第53天，村民832食物耗尽！
⚠️ 第53天，村民832缺水！
⚠️ 第53天，村民833食物耗尽！
⚠️ 第53天，村民833缺水！
⚠️ 第53天，村民834食物耗尽！
⚠️ 第53天，村民834缺水！
⚠️ 第53天，村民835食物耗尽！
⚠️ 第53天，村民835缺水！
⚠️ 第53天，村民836食物耗尽！
⚠️ 第53天，村民836缺水！
⚠️ 第53天，村民837食物耗尽！
⚠️ 第53天，村民837缺水！
⚠️ 第53天，村民838食物耗尽！
⚠️ 第53天，村民838缺水！
⚠️ 第53天，村民839食物耗尽！
⚠️ 第53天，村民839缺水！
⚠️ 第53天，村民840食物耗尽！
⚠️ 第53天，村民840缺水！
⚠️ 第53天，村民841食物耗尽！
⚠️ 第53天，村民841缺水！
⚠️ 第53天，村民842食物耗尽！
⚠️ 第53天，村民842缺水！
⚠️ 第53天，村民843食物耗尽！
⚠️ 第53天，村民843缺水！
⚠️ 第53天，村民844食物耗尽！
⚠️ 第53天，村民844缺水！
⚠️ 第53天，村民845食物耗尽！
⚠️ 第53天，村民845缺水！
⚠️ 第53天，村民846食物耗尽！
⚠️ 第53天，村民846缺水！
⚠️ 第53天，村民847食物耗尽！
⚠️ 第53天，村民847缺水！
⚠️ 第53天，村民848食物耗尽！
⚠️ 第53天，村民848缺水！
⚠️ 第53天，村民849食物耗尽！
⚠️ 第53天，村民849缺水！
⚠️ 第53天，村民850食物耗尽！
⚠️ 第53天，村民850缺水！
⚠️ 第53天，村民851食物耗尽！
⚠️ 第53天，村民851缺水！
⚠️ 第53天，村民852食物耗尽！
⚠️ 第53天，村民852缺水！
⚠️ 第53天，村民853食物耗尽！
⚠️ 第53天，村民853缺水！
⚠️ 第53天，村民854食物耗尽！
⚠️ 第53天，村民854缺水！
⚠️ 第53天，村民855食物耗尽！
⚠️ 第53天，村民855缺水！
⚠️ 第53天，村民856食物耗尽！
⚠️ 第53天，村民856缺水！
⚠️ 第53天，村民857食物耗尽！
⚠️ 第53天，村民857缺水！
⚠️ 第53天，村民858食物耗尽！
⚠️ 第53天，村民858缺水！
⚠️ 第53天，村民859食物耗尽！
⚠️ 第53天，村民859缺水！
⚠️ 第53天，村民860食物耗尽！
⚠️ 第53天，村民860缺水！
⚠️ 第53天，村民861食物耗尽！
⚠️ 第53天，村民861缺水！
⚠️ 第53天，村民862食物耗尽！
⚠️ 第53天，村民862缺水！
⚠️ 第53天，村民863食物耗尽！
⚠️ 第53天，村民863缺水！
⚠️ 第53天，村民864食物耗尽！
⚠️ 第53天，村民864缺水！
⚠️ 第53天，村民865食物耗尽！
⚠️ 第53天，村民865缺水！
⚠️ 第53天，村民866食物耗尽！
⚠️ 第53天，村民866缺水！
⚠️ 第53天，村民867食物耗尽！
⚠️ 第53天，村民867缺水！
⚠️ 第53天，村民868食物耗尽！
⚠️ 第53天，村民868缺水！
⚠️ 第53天，村民869食物耗尽！
⚠️ 第53天，村民869缺水！
⚠️ 第53天，村民870食物耗尽！
⚠️ 第53天，村民870缺水！
⚠️ 第53天，村民871食物耗尽！
⚠️ 第53天，村民871缺水！
⚠️ 第53天，村民872食物耗尽！
⚠️ 第53天，村民872缺水！
⚠️ 第53天，村民873食物耗尽！
⚠️ 第53天，村民873缺水！
⚠️ 第53天，村民874食物耗尽！
⚠️ 第53天，村民874缺水！
⚠️ 第53天，村民875食物耗尽！
⚠️ 第53天，村民875缺水！
⚠️ 第53天，村民876食物耗尽！
⚠️ 第53天，村民876缺水！
⚠️ 第53天，村民877食物耗尽！
⚠️ 第53天，村民877缺水！
⚠️ 第53天，村民878食物耗尽！
⚠️ 第53天，村民878缺水！
⚠️ 第53天，村民879食物耗尽！
⚠️ 第53天，村民879缺水！
⚠️ 第53天，村民880食物耗尽！
⚠️ 第53天，村民880缺水！
⚠️ 第53天，村民881食物耗尽！
⚠️ 第53天，村民881缺水！
⚠️ 第53天，村民882食物耗尽！
⚠️ 第53天，村民882缺水！
⚠️ 第53天，村民883食物耗尽！
⚠️ 第53天，村民883缺水！
⚠️ 第53天，村民884食物耗尽！
⚠️ 第53天，村民884缺水！
⚠️ 第53天，村民885食物耗尽！
⚠️ 第53天，村民885缺水！
⚠️ 第53天，村民886食物耗尽！
⚠️ 第53天，村民886缺水！
⚠️ 第53天，村民887食物耗尽！
⚠️ 第53天，村民887缺水！
⚠️ 第53天，村民888食物耗尽！
⚠️ 第53天，村民888缺水！
⚠️ 第53天，村民889食物耗尽！
⚠️ 第53天，村民889缺水！
⚠️ 第53天，村民890食物耗尽！
⚠️ 第53天，村民890缺水！
⚠️ 第53天，村民891食物耗尽！
⚠️ 第53天，村民891缺水！
⚠️ 第53天，村民892食物耗尽！
⚠️ 第53天，村民892缺水！
⚠️ 第53天，村民893食物耗尽！
⚠️ 第53天，村民893缺水！
⚠️ 第53天，村民894食物耗尽！
⚠️ 第53天，村民894缺水！
⚠️ 第53天，村民895食物耗尽！
⚠️ 第53天，村民895缺水！
⚠️ 第53天，村民896食物耗尽！
⚠️ 第53天，村民896缺水！
⚠️ 第53天，村民897食物耗尽！
⚠️ 第53天，村民897缺水！
⚠️ 第53天，村民898食物耗尽！
⚠️ 第53天，村民898缺水！
⚠️ 第53天，村民899食物耗尽！
⚠️ 第53天，村民899缺水！
⚠️ 第53天，村民900食物耗尽！
⚠️ 第53天，村民900缺水！
⚠️ 第53天，村民901食物耗尽！
⚠️ 第53天，村民901缺水！
⚠️ 第53天，村民902食物耗尽！
⚠️ 第53天，村民902缺水！
⚠️ 第53天，村民903食物耗尽！
⚠️ 第53天，村民903缺水！
⚠️ 第53天，村民904食物耗尽！
⚠️ 第53天，村民904缺水！
⚠️ 第53天，村民905食物耗尽！
⚠️ 第53天，村民905缺水！
⚠️ 第53天，村民906食物耗尽！
⚠️ 第53天，村民906缺水！
⚠️ 第53天，村民907食物耗尽！
⚠️ 第53天，村民907缺水！
⚠️ 第53天，村民908食物耗尽！
⚠️ 第53天，村民908缺水！
⚠️ 第53天，村民909食物耗尽！
⚠️ 第53天，村民909缺水！
⚠️ 第53天，村民910食物耗尽！
⚠️ 第53天，村民910缺水！
⚠️ 第53天，村民911食物耗尽！
⚠️ 第53天，村民911缺水！
⚠️ 第53天，村民912食物耗尽！
⚠️ 第53天，村民912缺水！
⚠️ 第53天，村民913食物耗尽！
⚠️ 第53天，村民913缺水！
⚠️ 第53天，村民914食物耗尽！
⚠️ 第53天，村民914缺水！
⚠️ 第53天，村民915食物耗尽！
⚠️ 第53天，村民915缺水！
⚠️ 第53天，村民916食物耗尽！
⚠️ 第53天，村民916缺水！
⚠️ 第53天，村民917食物耗尽！
⚠️ 第53天，村民917缺水！
⚠️ 第53天，村民918食物耗尽！
⚠️ 第53天，村民918缺水！
⚠️ 第53天，村民919食物耗尽！
⚠️ 第53天，村民919缺水！
⚠️ 第53天，村民920食物耗尽！
⚠️ 第53天，村民920缺水！
⚠️ 第53天，村民921食物耗尽！
⚠️ 第53天，村民921缺水！
⚠️ 第53天，村民922食物耗尽！
⚠️ 第53天，村民922缺水！
⚠️ 第53天，村民923食物耗尽！
⚠️ 第53天，村民923缺水！
⚠️ 第53天，村民924食物耗尽！
⚠️ 第53天，村民924缺水！
⚠️ 第53天，村民925食物耗尽！
⚠️ 第53天，村民925缺水！
⚠️ 第53天，村民926食物耗尽！
⚠️ 第53天，村民926缺水！
⚠️ 第53天，村民927食物耗尽！
⚠️ 第53天，村民927缺水！
⚠️ 第53天，村民928食物耗尽！
⚠️ 第53天，村民928缺水！
⚠️ 第53天，村民929食物耗尽！
⚠️ 第53天，村民929缺水！
⚠️ 第53天，村民930食物耗尽！
⚠️ 第53天，村民930缺水！
⚠️ 第53天，村民931食物耗尽！
⚠️ 第53天，村民931缺水！
⚠️ 第53天，村民932食物耗尽！
⚠️ 第53天，村民932缺水！
⚠️ 第53天，村民933食物耗尽！
⚠️ 第53天，村民933缺水！
⚠️ 第53天，村民934食物耗尽！
⚠️ 第53天，村民934缺水！
⚠️ 第53天，村民935食物耗尽！
⚠️ 第53天，村民935缺水！
⚠️ 第53天，村民936食物耗尽！
⚠️ 第53天，村民936缺水！
⚠️ 第53天，村民937食物耗尽！
⚠️ 第53天，村民937缺水！
⚠️ 第53天，村民938食物耗尽！
⚠️ 第53天，村民938缺水！
⚠️ 第53天，村民939食物耗尽！
⚠️ 第53天，村民939缺水！
⚠️ 第53天，村民940食物耗尽！
⚠️ 第53天，村民940缺水！
⚠️ 第53天，村民941食物耗尽！
⚠️ 第53天，村民941缺水！
⚠️ 第53天，村民942食物耗尽！
⚠️ 第53天，村民942缺水！
⚠️ 第53天，村民943食物耗尽！
⚠️ 第53天，村民943缺水！
⚠️ 第53天，村民944食物耗尽！
⚠️ 第53天，村民944缺水！
⚠️ 第53天，村民945食物耗尽！
⚠️ 第53天，村民945缺水！
⚠️ 第53天，村民946食物耗尽！
⚠️ 第53天，村民946缺水！
⚠️ 第53天，村民947食物耗尽！
⚠️ 第53天，村民947缺水！
⚠️ 第53天，村民948食物耗尽！
⚠️ 第53天，村民948缺水！
⚠️ 第53天，村民949食物耗尽！
⚠️ 第53天，村民949缺水！
⚠️ 第53天，村民950食物耗尽！
⚠️ 第53天，村民950缺水！
⚠️ 第53天，村民951食物耗尽！
⚠️ 第53天，村民951缺水！
⚠️ 第53天，村民952食物耗尽！
⚠️ 第53天，村民952缺水！
⚠️ 第53天，村民953食物耗尽！
⚠️ 第53天，村民953缺水！
⚠️ 第53天，村民954食物耗尽！
⚠️ 第53天，村民954缺水！
⚠️ 第53天，村民955食物耗尽！
⚠️ 第53天，村民955缺水！
⚠️ 第53天，村民956食物耗尽！
⚠️ 第53天，村民956缺水！
⚠️ 第53天，村民957食物耗尽！
⚠️ 第53天，村民957缺水！
⚠️ 第53天，村民958食物耗尽！
⚠️ 第53天，村民958缺水！
⚠️ 第53天，村民959食物耗尽！
⚠️ 第53天，村民959缺水！
⚠️ 第53天，村民960食物耗尽！
⚠️ 第53天，村民960缺水！
⚠️ 第53天，村民961食物耗尽！
⚠️ 第53天，村民961缺水！
⚠️ 第53天，村民962食物耗尽！
⚠️ 第53天，村民962缺水！
⚠️ 第53天，村民963食物耗尽！
⚠️ 第53天，村民963缺水！
⚠️ 第53天，村民964食物耗尽！
⚠️ 第53天，村民964缺水！
⚠️ 第53天，村民965食物耗尽！
⚠️ 第53天，村民965缺水！
⚠️ 第53天，村民966食物耗尽！
⚠️ 第53天，村民966缺水！
⚠️ 第53天，村民967食物耗尽！
⚠️ 第53天，村民967缺水！
⚠️ 第53天，村民968食物耗尽！
⚠️ 第53天，村民968缺水！
⚠️ 第53天，村民969食物耗尽！
⚠️ 第53天，村民969缺水！
⚠️ 第53天，村民970食物耗尽！
⚠️ 第53天，村民970缺水！
⚠️ 第53天，村民971食物耗尽！
⚠️ 第53天，村民971缺水！
⚠️ 第53天，村民972食物耗尽！
⚠️ 第53天，村民972缺水！
⚠️ 第53天，村民973食物耗尽！
⚠️ 第53天，村民973缺水！
⚠️ 第53天，村民974食物耗尽！
⚠️ 第53天，村民974缺水！
⚠️ 第53天，村民975食物耗尽！
⚠️ 第53天，村民975缺水！
⚠️ 第53天，村民976食物耗尽！
⚠️ 第53天，村民976缺水！
⚠️ 第53天，村民977食物耗尽！
⚠️ 第53天，村民977缺水！
⚠️ 第53天，村民978食物耗尽！
⚠️ 第53天，村民978缺水！
⚠️ 第53天，村民979食物耗尽！
⚠️ 第53天，村民979缺水！
⚠️ 第53天，村民980食物耗尽！
⚠️ 第53天，村民980缺水！
⚠️ 第53天，村民981食物耗尽！
⚠️ 第53天，村民981缺水！
⚠️ 第53天，村民982食物耗尽！
⚠️ 第53天，村民982缺水！
⚠️ 第53天，村民983食物耗尽！
⚠️ 第53天，村民983缺水！
⚠️ 第53天，村民984食物耗尽！
⚠️ 第53天，村民984缺水！
⚠️ 第53天，村民985食物耗尽！
⚠️ 第53天，村民985缺水！
⚠️ 第53天，村民986食物耗尽！
⚠️ 第53天，村民986缺水！
⚠️ 第53天，村民987食物耗尽！
⚠️ 第53天，村民987缺水！
⚠️ 第53天，村民988食物耗尽！
⚠️ 第53天，村民988缺水！
⚠️ 第53天，村民989食物耗尽！
⚠️ 第53天，村民989缺水！
⚠️ 第53天，村民990食物耗尽！
⚠️ 第53天，村民990缺水！
⚠️ 第53天，村民991食物耗尽！
⚠️ 第53天，村民991缺水！
⚠️ 第53天，村民992食物耗尽！
⚠️ 第53天，村民992缺水！
⚠️ 第53天，村民993食物耗尽！
⚠️ 第53天，村民993缺水！
⚠️ 第53天，村民994食物耗尽！
⚠️ 第53天，村民994缺水！
⚠️ 第53天，村民995食物耗尽！
⚠️ 第53天，村民995缺水！
⚠️ 第53天，村民996食物耗尽！
⚠️ 第53天，村民996缺水！
⚠️ 第53天，村民997食物耗尽！
⚠️ 第53天，村民997缺水！
⚠️ 第53天，村民998食物耗尽！
⚠️ 第53天，村民998缺水！
⚠️ 第53天，村民999食物耗尽！
⚠️ 第53天，村民999缺水！
⚠️ 第53天，村民1000食物耗尽！
⚠️ 第53天，村民1000缺水！
⚠️ 第53天，村民1001食物耗尽！
⚠️ 第53天，村民1001缺水！
⚠️ 第53天，村民1002食物耗尽！
⚠️ 第53天，村民1002缺水！
⚠️ 第53天，村民1003食物耗尽！
⚠️ 第53天，村民1003缺水！
⚠️ 第53天，村民1004食物耗尽！
⚠️ 第53天，村民1004缺水！
⚠️ 第53天，村民1005食物耗尽！
⚠️ 第53天，村民1005缺水！
⚠️ 第53天，村民1006食物耗尽！
⚠️ 第53天，村民1006缺水！
⚠️ 第53天，村民1007食物耗尽！
⚠️ 第53天，村民1007缺水！
⚠️ 第53天，村民1008食物耗尽！
⚠️ 第53天，村民1008缺水！
⚠️ 第53天，村民1009食物耗尽！
⚠️ 第53天，村民1009缺水！
⚠️ 第53天，村民1010食物耗尽！
⚠️ 第53天，村民1010缺水！
⚠️ 第53天，村民1011食物耗尽！
⚠️ 第53天，村民1011缺水！
⚠️ 第53天，村民1012食物耗尽！
⚠️ 第53天，村民1012缺水！
⚠️ 第53天，村民1013食物耗尽！
⚠️ 第53天，村民1013缺水！
⚠️ 第53天，村民1014食物耗尽！
⚠️ 第53天，村民1014缺水！
⚠️ 第53天，村民1015食物耗尽！
⚠️ 第53天，村民1015缺水！
⚠️ 第53天，村民1016食物耗尽！
⚠️ 第53天，村民1016缺水！
⚠️ 第53天，村民1017食物耗尽！
⚠️ 第53天，村民1017缺水！
⚠️ 第53天，村民1018食物耗尽！
⚠️ 第53天，村民1018缺水！
⚠️ 第53天，村民1019食物耗尽！
⚠️ 第53天，村民1019缺水！
⚠️ 第53天，村民1020食物耗尽！
⚠️ 第53天，村民1020缺水！
⚠️ 第53天，村民1021食物耗尽！
⚠️ 第53天，村民1021缺水！
⚠️ 第53天，村民1022食物耗尽！
⚠️ 第53天，村民1022缺水！
⚠️ 第53天，村民1023食物耗尽！
⚠️ 第53天，村民1023缺水！
⚠️ 第53天，村民1024食物耗尽！
⚠️ 第53天，村民1024缺水！
⚠️ 第53天，村民1025食物耗尽！
⚠️ 第53天，村民1025缺水！
⚠️ 第53天，村民1026食物耗尽！
⚠️ 第53天，村民1026缺水！
⚠️ 第53天，村民1027食物耗尽！
⚠️ 第53天，村民1027缺水！
⚠️ 第53天，村民1028食物耗尽！
⚠️ 第53天，村民1028缺水！
⚠️ 第53天，村民1029食物耗尽！
⚠️ 第53天，村民1029缺水！
⚠️ 第53天，村民1030食物耗尽！
⚠️ 第53天，村民1030缺水！
⚠️ 第53天，村民1031食物耗尽！
⚠️ 第53天，村民1031缺水！
⚠️ 第53天，村民1032食物耗尽！
⚠️ 第53天，村民1032缺水！
⚠️ 第53天，村民1033食物耗尽！
⚠️ 第53天，村民1033缺水！
⚠️ 第53天，村民1034食物耗尽！
⚠️ 第53天，村民1034缺水！
⚠️ 第53天，村民1035食物耗尽！
⚠️ 第53天，村民1035缺水！
⚠️ 第53天，村民1036食物耗尽！
⚠️ 第53天，村民1036缺水！
⚠️ 第53天，村民1037食物耗尽！
⚠️ 第53天，村民1037缺水！
⚠️ 第53天，村民1038食物耗尽！
⚠️ 第53天，村民1038缺水！
⚠️ 第53天，村民1039食物耗尽！
⚠️ 第53天，村民1039缺水！
⚠️ 第53天，村民1040食物耗尽！
⚠️ 第53天，村民1040缺水！
⚠️ 第53天，村民1041食物耗尽！
⚠️ 第53天，村民1041缺水！
⚠️ 第53天，村民1042食物耗尽！
⚠️ 第53天，村民1042缺水！
⚠️ 第53天，村民1043食物耗尽！
⚠️ 第53天，村民1043缺水！
⚠️ 第53天，村民1044食物耗尽！
⚠️ 第53天，村民1044缺水！
⚠️ 第53天，村民1045食物耗尽！
⚠️ 第53天，村民1045缺水！
⚠️ 第53天，村民1046食物耗尽！
⚠️ 第53天，村民1046缺水！
⚠️ 第53天，村民1047食物耗尽！
⚠️ 第53天，村民1047缺水！
⚠️ 第53天，村民1048食物耗尽！
⚠️ 第53天，村民1048缺水！
⚠️ 第53天，村民1049食物耗尽！
⚠️ 第53天，村民1049缺水！
⚠️ 第53天，村民1050食物耗尽！
⚠️ 第53天，村民1050缺水！
⚠️ 第53天，村民1051食物耗尽！
⚠️ 第53天，村民1051缺水！
⚠️ 第53天，村民1052食物耗尽！
⚠️ 第53天，村民1052缺水！
⚠️ 第53天，村民1053食物耗尽！
⚠️ 第53天，村民1053缺水！
⚠️ 第53天，村民1054食物耗尽！
⚠️ 第53天，村民1054缺水！
⚠️ 第53天，村民1055食物耗尽！
⚠️ 第53天，村民1055缺水！
⚠️ 第53天，村民1056食物耗尽！
⚠️ 第53天，村民1056缺水！
⚠️ 第53天，村民1057食物耗尽！
⚠️ 第53天，村民1057缺水！
⚠️ 第53天，村民1058食物耗尽！
⚠️ 第53天，村民1058缺水！
⚠️ 第53天，村民1059食物耗尽！
⚠️ 第53天，村民1059缺水！
⚠️ 第53天，村民1060食物耗尽！
⚠️ 第53天，村民1060缺水！
⚠️ 第53天，村民1061食物耗尽！
⚠️ 第53天，村民1061缺水！
⚠️ 第53天，村民1062食物耗尽！
⚠️ 第53天，村民1062缺水！
⚠️ 第53天，村民1063食物耗尽！
⚠️ 第53天，村民1063缺水！
⚠️ 第53天，村民1064食物耗尽！
⚠️ 第53天，村民1064缺水！
⚠️ 第53天，村民1065食物耗尽！
⚠️ 第53天，村民1065缺水！
⚠️ 第53天，村民1066食物耗尽！
⚠️ 第53天，村民1066缺水！
⚠️ 第53天，村民1067食物耗尽！
⚠️ 第53天，村民1067缺水！
⚠️ 第53天，村民1068食物耗尽！
⚠️ 第53天，村民1068缺水！
⚠️ 第53天，村民1069食物耗尽！
⚠️ 第53天，村民1069缺水！
⚠️ 第53天，村民1070食物耗尽！
⚠️ 第53天，村民1070缺水！
⚠️ 第53天，村民1071食物耗尽！
⚠️ 第53天，村民1071缺水！
⚠️ 第53天，村民1072食物耗尽！
⚠️ 第53天，村民1072缺水！
⚠️ 第53天，村民1073食物耗尽！
⚠️ 第53天，村民1073缺水！
⚠️ 第53天，村民1074食物耗尽！
⚠️ 第53天，村民1074缺水！
⚠️ 第53天，村民1075食物耗尽！
⚠️ 第53天，村民1075缺水！
⚠️ 第53天，村民1076食物耗尽！
⚠️ 第53天，村民1076缺水！
⚠️ 第53天，村民1077食物耗尽！
⚠️ 第53天，村民1077缺水！
⚠️ 第53天，村民1078食物耗尽！
⚠️ 第53天，村民1078缺水！
⚠️ 第53天，村民1079食物耗尽！
⚠️ 第53天，村民1079缺水！
⚠️ 第53天，村民1080食物耗尽！
⚠️ 第53天，村民1080缺水！
⚠️ 第53天，村民1081食物耗尽！
⚠️ 第53天，村民1081缺水！
⚠️ 第53天，村民1082食物耗尽！
⚠️ 第53天，村民1082缺水！
⚠️ 第53天，村民1083食物耗尽！
⚠️ 第53天，村民1083缺水！
⚠️ 第53天，村民1084食物耗尽！
⚠️ 第53天，村民1084缺水！
⚠️ 第53天，村民1085食物耗尽！
⚠️ 第53天，村民1085缺水！
⚠️ 第53天，村民1086食物耗尽！
⚠️ 第53天，村民1086缺水！
⚠️ 第53天，村民1087食物耗尽！
⚠️ 第53天，村民1087缺水！
⚠️ 第53天，村民1088食物耗尽！
⚠️ 第53天，村民1088缺水！
⚠️ 第53天，村民1089食物耗尽！
⚠️ 第53天，村民1089缺水！
⚠️ 第53天，村民1090食物耗尽！
⚠️ 第53天，村民1090缺水！
⚠️ 第53天，村民1091食物耗尽！
⚠️ 第53天，村民1091缺水！
⚠️ 第53天，村民1092食物耗尽！
⚠️ 第53天，村民1092缺水！
⚠️ 第53天，村民1093食物耗尽！
⚠️ 第53天，村民1093缺水！
⚠️ 第53天，村民1094食物耗尽！
⚠️ 第53天，村民1094缺水！
⚠️ 第53天，村民1095食物耗尽！
⚠️ 第53天，村民1095缺水！
⚠️ 第53天，村民1096食物耗尽！
⚠️ 第53天，村民1096缺水！
⚠️ 第53天，村民1097食物耗尽！
⚠️ 第53天，村民1097缺水！
⚠️ 第53天，村民1098食物耗尽！
⚠️ 第53天，村民1098缺水！
⚠️ 第53天，村民1099食物耗尽！
⚠️ 第53天，村民1099缺水！
⚠️ 第53天，村民1100食物耗尽！
⚠️ 第53天，村民1100缺水！
⚠️ 第53天，村民1101食物耗尽！
⚠️ 第53天，村民1101缺水！
⚠️ 第53天，村民1102食物耗尽！
⚠️ 第53天，村民1102缺水！
⚠️ 第53天，村民1103食物耗尽！
⚠️ 第53天，村民1103缺水！
⚠️ 第53天，村民1104食物耗尽！
⚠️ 第53天，村民1104缺水！
⚠️ 第53天，村民1105食物耗尽！
⚠️ 第53天，村民1105缺水！
⚠️ 第53天，村民1106食物耗尽！
⚠️ 第53天，村民1106缺水！
⚠️ 第53天，村民1107食物耗尽！
⚠️ 第53天，村民1107缺水！
⚠️ 第53天，村民1108食物耗尽！
⚠️ 第53天，村民1108缺水！
⚠️ 第53天，村民1109食物耗尽！
⚠️ 第53天，村民1109缺水！
⚠️ 第53天，村民1110食物耗尽！
⚠️ 第53天，村民1110缺水！
⚠️ 第53天，村民1111食物耗尽！
⚠️ 第53天，村民1111缺水！
⚠️ 第53天，村民1112食物耗尽！
⚠️ 第53天，村民1112缺水！
⚠️ 第53天，村民1113食物耗尽！
⚠️ 第53天，村民1113缺水！
⚠️ 第53天，村民1114食物耗尽！
⚠️ 第53天，村民1114缺水！
⚠️ 第53天，村民1115食物耗尽！
⚠️ 第53天，村民1115缺水！
⚠️ 第53天，村民1116食物耗尽！
⚠️ 第53天，村民1116缺水！
⚠️ 第53天，村民1117食物耗尽！
⚠️ 第53天，村民1117缺水！
⚠️ 第53天，村民1118食物耗尽！
⚠️ 第53天，村民1118缺水！
⚠️ 第53天，村民1119食物耗尽！
⚠️ 第53天，村民1119缺水！
⚠️ 第53天，村民1120食物耗尽！
⚠️ 第53天，村民1120缺水！
⚠️ 第53天，村民1121食物耗尽！
⚠️ 第53天，村民1121缺水！
⚠️ 第53天，村民1122食物耗尽！
⚠️ 第53天，村民1122缺水！
⚠️ 第53天，村民1123食物耗尽！
⚠️ 第53天，村民1123缺水！
⚠️ 第53天，村民1124食物耗尽！
⚠️ 第53天，村民1124缺水！
⚠️ 第53天，村民1125食物耗尽！
⚠️ 第53天，村民1125缺水！
⚠️ 第53天，村民1126食物耗尽！
⚠️ 第53天，村民1126缺水！
⚠️ 第53天，村民1127食物耗尽！
⚠️ 第53天，村民1127缺水！
⚠️ 第53天，村民1128食物耗尽！
⚠️ 第53天，村民1128缺水！
⚠️ 第53天，村民1129食物耗尽！
⚠️ 第53天，村民1129缺水！
⚠️ 第53天，村民1130食物耗尽！
⚠️ 第53天，村民1130缺水！
⚠️ 第53天，村民1131食物耗尽！
⚠️ 第53天，村民1131缺水！
⚠️ 第53天，村民1132食物耗尽！
⚠️ 第53天，村民1132缺水！
⚠️ 第53天，村民1133食物耗尽！
⚠️ 第53天，村民1133缺水！
⚠️ 第53天，村民1134食物耗尽！
⚠️ 第53天，村民1134缺水！
⚠️ 第53天，村民1135食物耗尽！
⚠️ 第53天，村民1135缺水！
⚠️ 第53天，村民1136食物耗尽！
⚠️ 第53天，村民1136缺水！
⚠️ 第53天，村民1137食物耗尽！
⚠️ 第53天，村民1137缺水！
⚠️ 第53天，村民1138食物耗尽！
⚠️ 第53天，村民1138缺水！
⚠️ 第53天，村民1139食物耗尽！
⚠️ 第53天，村民1139缺水！
⚠️ 第53天，村民1140食物耗尽！
⚠️ 第53天，村民1140缺水！
⚠️ 第53天，村民1141食物耗尽！
⚠️ 第53天，村民1141缺水！
⚠️ 第53天，村民1142食物耗尽！
⚠️ 第53天，村民1142缺水！
⚠️ 第53天，村民1143食物耗尽！
⚠️ 第53天，村民1143缺水！
⚠️ 第53天，村民1144食物耗尽！
⚠️ 第53天，村民1144缺水！
⚠️ 第53天，村民1145食物耗尽！
⚠️ 第53天，村民1145缺水！
⚠️ 第53天，村民1146食物耗尽！
⚠️ 第53天，村民1146缺水！
⚠️ 第53天，村民1147食物耗尽！
⚠️ 第53天，村民1147缺水！
⚠️ 第53天，村民1148食物耗尽！
⚠️ 第53天，村民1148缺水！
⚠️ 第53天，村民1149食物耗尽！
⚠️ 第53天，村民1149缺水！
⚠️ 第53天，村民1150食物耗尽！
⚠️ 第53天，村民1150缺水！
⚠️ 第53天，村民1151食物耗尽！
⚠️ 第53天，村民1151缺水！
⚠️ 第53天，村民1152食物耗尽！
⚠️ 第53天，村民1152缺水！
⚠️ 第53天，村民1153食物耗尽！
⚠️ 第53天，村民1153缺水！
⚠️ 第53天，村民1154食物耗尽！
⚠️ 第53天，村民1154缺水！
⚠️ 第53天，村民1155食物耗尽！
⚠️ 第53天，村民1155缺水！
⚠️ 第53天，村民1156食物耗尽！
⚠️ 第53天，村民1156缺水！
⚠️ 第53天，村民1157食物耗尽！
⚠️ 第53天，村民1157缺水！
⚠️ 第53天，村民1158食物耗尽！
⚠️ 第53天，村民1158缺水！
⚠️ 第53天，村民1159食物耗尽！
⚠️ 第53天，村民1159缺水！
⚠️ 第53天，村民1160食物耗尽！
⚠️ 第53天，村民1160缺水！
⚠️ 第53天，村民1161食物耗尽！
⚠️ 第53天，村民1161缺水！
⚠️ 第53天，村民1162食物耗尽！
⚠️ 第53天，村民1162缺水！
⚠️ 第53天，村民1163食物耗尽！
⚠️ 第53天，村民1163缺水！
⚠️ 第53天，村民1164食物耗尽！
⚠️ 第53天，村民1164缺水！
⚠️ 第53天，村民1165食物耗尽！
⚠️ 第53天，村民1165缺水！
⚠️ 第53天，村民1166食物耗尽！
⚠️ 第53天，村民1166缺水！
⚠️ 第53天，村民1167食物耗尽！
⚠️ 第53天，村民1167缺水！
⚠️ 第53天，村民1168食物耗尽！
⚠️ 第53天，村民1168缺水！
⚠️ 第53天，村民1169食物耗尽！
⚠️ 第53天，村民1169缺水！
⚠️ 第53天，村民1170食物耗尽！
⚠️ 第53天，村民1170缺水！
⚠️ 第53天，村民1171食物耗尽！
⚠️ 第53天，村民1171缺水！
⚠️ 第53天，村民1172食物耗尽！
⚠️ 第53天，村民1172缺水！
⚠️ 第53天，村民1173食物耗尽！
⚠️ 第53天，村民1173缺水！
⚠️ 第53天，村民1174食物耗尽！
⚠️ 第53天，村民1174缺水！
⚠️ 第53天，村民1175食物耗尽！
⚠️ 第53天，村民1175缺水！
⚠️ 第53天，村民1176食物耗尽！
⚠️ 第53天，村民1176缺水！
⚠️ 第53天，村民1177食物耗尽！
⚠️ 第53天，村民1177缺水！
⚠️ 第53天，村民1178食物耗尽！
⚠️ 第53天，村民1178缺水！
⚠️ 第53天，村民1179食物耗尽！
⚠️ 第53天，村民1179缺水！
⚠️ 第53天，村民1180食物耗尽！
⚠️ 第53天，村民1180缺水！
⚠️ 第53天，村民1181食物耗尽！
⚠️ 第53天，村民1181缺水！
⚠️ 第53天，村民1182食物耗尽！
⚠️ 第53天，村民1182缺水！
⚠️ 第53天，村民1183食物耗尽！
⚠️ 第53天，村民1183缺水！
⚠️ 第53天，村民1184食物耗尽！
⚠️ 第53天，村民1184缺水！
⚠️ 第53天，村民1185食物耗尽！
⚠️ 第53天，村民1185缺水！
⚠️ 第53天，村民1186食物耗尽！
⚠️ 第53天，村民1186缺水！
⚠️ 第53天，村民1187食物耗尽！
⚠️ 第53天，村民1187缺水！
⚠️ 第53天，村民1188食物耗尽！
⚠️ 第53天，村民1188缺水！
⚠️ 第53天，村民1189食物耗尽！
⚠️ 第53天，村民1189缺水！
⚠️ 第53天，村民1190食物耗尽！
⚠️ 第53天，村民1190缺水！
⚠️ 第53天，村民1191食物耗尽！
⚠️ 第53天，村民1191缺水！
⚠️ 第53天，村民1192食物耗尽！
⚠️ 第53天，村民1192缺水！
⚠️ 第53天，村民1193食物耗尽！
⚠️ 第53天，村民1193缺水！
⚠️ 第53天，村民1194食物耗尽！
⚠️ 第53天，村民1194缺水！
⚠️ 第53天，村民1195食物耗尽！
⚠️ 第53天，村民1195缺水！
⚠️ 第53天，村民1196食物耗尽！
⚠️ 第53天，村民1196缺水！
⚠️ 第53天，村民1197食物耗尽！
⚠️ 第53天，村民1197缺水！
⚠️ 第53天，村民1198食物耗尽！
⚠️ 第53天，村民1198缺水！
⚠️ 第53天，村民1199食物耗尽！
⚠️ 第53天，村民1199缺水！
⚠️ 第53天，村民1200食物耗尽！
⚠️ 第53天，村民1200缺水！
⚠️ 第53天，村民1201食物耗尽！
⚠️ 第53天，村民1201缺水！
⚠️ 第53天，村民1202食物耗尽！
⚠️ 第53天，村民1202缺水！
⚠️ 第53天，村民1203食物耗尽！
⚠️ 第53天，村民1203缺水！
⚠️ 第53天，村民1204食物耗尽！
⚠️ 第53天，村民1204缺水！
⚠️ 第53天，村民1205食物耗尽！
⚠️ 第53天，村民1205缺水！
⚠️ 第53天，村民1206食物耗尽！
⚠️ 第53天，村民1206缺水！
⚠️ 第53天，村民1207食物耗尽！
⚠️ 第53天，村民1207缺水！
⚠️ 第53天，村民1208食物耗尽！
⚠️ 第53天，村民1208缺水！
⚠️ 第53天，村民1209食物耗尽！
⚠️ 第53天，村民1209缺水！
⚠️ 第53天，村民1210食物耗尽！
⚠️ 第53天，村民1210缺水！
⚠️ 第53天，村民1211食物耗尽！
⚠️ 第53天，村民1211缺水！
⚠️ 第53天，村民1212食物耗尽！
⚠️ 第53天，村民1212缺水！
⚠️ 第53天，村民1213食物耗尽！
⚠️ 第53天，村民1213缺水！
⚠️ 第53天，村民1214食物耗尽！
⚠️ 第53天，村民1214缺水！
⚠️ 第53天，村民1215食物耗尽！
⚠️ 第53天，村民1215缺水！
⚠️ 第53天，村民1216食物耗尽！
⚠️ 第53天，村民1216缺水！
⚠️ 第53天，村民1217食物耗尽！
⚠️ 第53天，村民1217缺水！
⚠️ 第53天，村民1218食物耗尽！
⚠️ 第53天，村民1218缺水！
⚠️ 第53天，村民1219食物耗尽！
⚠️ 第53天，村民1219缺水！
⚠️ 第53天，村民1220食物耗尽！
⚠️ 第53天，村民1220缺水！
⚠️ 第53天，村民1221食物耗尽！
⚠️ 第53天，村民1221缺水！
⚠️ 第53天，村民1222食物耗尽！
⚠️ 第53天，村民1222缺水！
⚠️ 第53天，村民1223食物耗尽！
⚠️ 第53天，村民1223缺水！
⚠️ 第53天，村民1224食物耗尽！
⚠️ 第53天，村民1224缺水！
⚠️ 第53天，村民1225食物耗尽！
⚠️ 第53天，村民1225缺水！
⚠️ 第53天，村民1226食物耗尽！
⚠️ 第53天，村民1226缺水！
⚠️ 第53天，村民1227食物耗尽！
⚠️ 第53天，村民1227缺水！
⚠️ 第53天，村民1228食物耗尽！
⚠️ 第53天，村民1228缺水！
⚠️ 第53天，村民1229食物耗尽！
⚠️ 第53天，村民1229缺水！
⚠️ 第53天，村民1230食物耗尽！
⚠️ 第53天，村民1230缺水！
⚠️ 第53天，村民1231食物耗尽！
⚠️ 第53天，村民1231缺水！
⚠️ 第53天，村民1232食物耗尽！
⚠️ 第53天，村民1232缺水！
⚠️ 第53天，村民1233食物耗尽！
⚠️ 第53天，村民1233缺水！
⚠️ 第53天，村民1234食物耗尽！
⚠️ 第53天，村民1234缺水！
⚠️ 第53天，村民1235食物耗尽！
⚠️ 第53天，村民1235缺水！
⚠️ 第53天，村民1236食物耗尽！
⚠️ 第53天，村民1236缺水！
⚠️ 第53天，村民1237食物耗尽！
⚠️ 第53天，村民1237缺水！
⚠️ 第53天，村民1238食物耗尽！
⚠️ 第53天，村民1238缺水！
⚠️ 第53天，村民1239食物耗尽！
⚠️ 第53天，村民1239缺水！
⚠️ 第53天，村民1240食物耗尽！
⚠️ 第53天，村民1240缺水！
⚠️ 第53天，村民1241食物耗尽！
⚠️ 第53天，村民1241缺水！
⚠️ 第53天，村民1242食物耗尽！
⚠️ 第53天，村民1242缺水！
⚠️ 第53天，村民1243食物耗尽！
⚠️ 第53天，村民1243缺水！
⚠️ 第53天，村民1244食物耗尽！
⚠️ 第53天，村民1244缺水！
⚠️ 第53天，村民1245食物耗尽！
⚠️ 第53天，村民1245缺水！
⚠️ 第53天，村民1246食物耗尽！
⚠️ 第53天，村民1246缺水！
⚠️ 第53天，村民1247食物耗尽！
⚠️ 第53天，村民1247缺水！
⚠️ 第53天，村民1248食物耗尽！
⚠️ 第53天，村民1248缺水！
⚠️ 第53天，村民1249食物耗尽！
⚠️ 第53天，村民1249缺水！
⚠️ 第53天，村民1250食物耗尽！
⚠️ 第53天，村民1250缺水！
⚠️ 第53天，村民1251食物耗尽！
⚠️ 第53天，村民1251缺水！
⚠️ 第53天，村民1252食物耗尽！
⚠️ 第53天，村民1252缺水！
⚠️ 第53天，村民1253食物耗尽！
⚠️ 第53天，村民1253缺水！
⚠️ 第53天，村民1254食物耗尽！
⚠️ 第53天，村民1254缺水！
⚠️ 第53天，村民1255食物耗尽！
⚠️ 第53天，村民1255缺水！
⚠️ 第53天，村民1256食物耗尽！
⚠️ 第53天，村民1256缺水！
⚠️ 第53天，村民1257食物耗尽！
⚠️ 第53天，村民1257缺水！
⚠️ 第53天，村民1258食物耗尽！
⚠️ 第53天，村民1258缺水！
⚠️ 第53天，村民1259食物耗尽！
⚠️ 第53天，村民1259缺水！
⚠️ 第53天，村民1260食物耗尽！
⚠️ 第53天，村民1260缺水！
⚠️ 第53天，村民1261食物耗尽！
⚠️ 第53天，村民1261缺水！
⚠️ 第53天，村民1262食物耗尽！
⚠️ 第53天，村民1262缺水！
⚠️ 第53天，村民1263食物耗尽！
⚠️ 第53天，村民1263缺水！
⚠️ 第53天，村民1264食物耗尽！
⚠️ 第53天，村民1264缺水！
⚠️ 第53天，村民1265食物耗尽！
⚠️ 第53天，村民1265缺水！
⚠️ 第53天，村民1266食物耗尽！
⚠️ 第53天，村民1266缺水！
⚠️ 第53天，村民1267食物耗尽！
⚠️ 第53天，村民1267缺水！
⚠️ 第53天，村民1268食物耗尽！
⚠️ 第53天，村民1268缺水！
⚠️ 第53天，村民1269食物耗尽！
⚠️ 第53天，村民1269缺水！
⚠️ 第53天，村民1270食物耗尽！
⚠️ 第53天，村民1270缺水！
⚠️ 第53天，村民1271食物耗尽！
⚠️ 第53天，村民1271缺水！
⚠️ 第53天，村民1272食物耗尽！
⚠️ 第53天，村民1272缺水！
⚠️ 第53天，村民1273食物耗尽！
⚠️ 第53天，村民1273缺水！
⚠️ 第53天，村民1274食物耗尽！
⚠️ 第53天，村民1274缺水！
⚠️ 第53天，村民1275食物耗尽！
⚠️ 第53天，村民1275缺水！
⚠️ 第53天，村民1276食物耗尽！
⚠️ 第53天，村民1276缺水！
⚠️ 第53天，村民1277食物耗尽！
⚠️ 第53天，村民1277缺水！
⚠️ 第53天，村民1278食物耗尽！
⚠️ 第53天，村民1278缺水！
⚠️ 第53天，村民1279食物耗尽！
⚠️ 第53天，村民1279缺水！
⚠️ 第53天，村民1280食物耗尽！
⚠️ 第53天，村民1280缺水！
⚠️ 第53天，村民1281食物耗尽！
⚠️ 第53天，村民1281缺水！
⚠️ 第53天，村民1282食物耗尽！
⚠️ 第53天，村民1282缺水！
⚠️ 第53天，村民1283食物耗尽！
⚠️ 第53天，村民1283缺水！
⚠️ 第53天，村民1284食物耗尽！
⚠️ 第53天，村民1284缺水！
⚠️ 第53天，村民1285食物耗尽！
⚠️ 第53天，村民1285缺水！
⚠️ 第53天，村民1286食物耗尽！
⚠️ 第53天，村民1286缺水！
⚠️ 第53天，村民1287食物耗尽！
⚠️ 第53天，村民1287缺水！
⚠️ 第53天，村民1288食物耗尽！
⚠️ 第53天，村民1288缺水！
⚠️ 第53天，村民1289食物耗尽！
⚠️ 第53天，村民1289缺水！
⚠️ 第53天，村民1290食物耗尽！
⚠️ 第53天，村民1290缺水！
⚠️ 第53天，村民1291食物耗尽！
⚠️ 第53天，村民1291缺水！
⚠️ 第53天，村民1292食物耗尽！
⚠️ 第53天，村民1292缺水！
⚠️ 第53天，村民1293食物耗尽！
⚠️ 第53天，村民1293缺水！
⚠️ 第53天，村民1294食物耗尽！
⚠️ 第53天，村民1294缺水！
⚠️ 第53天，村民1295食物耗尽！
⚠️ 第53天，村民1295缺水！
⚠️ 第53天，村民1296食物耗尽！
⚠️ 第53天，村民1296缺水！
⚠️ 第53天，村民1297食物耗尽！
⚠️ 第53天，村民1297缺水！
⚠️ 第53天，村民1298食物耗尽！
⚠️ 第53天，村民1298缺水！
⚠️ 第53天，村民1299食物耗尽！
⚠️ 第53天，村民1299缺水！
⚠️ 第53天，村民1300食物耗尽！
⚠️ 第53天，村民1300缺水！
⚠️ 第53天，村民1301食物耗尽！
⚠️ 第53天，村民1301缺水！
⚠️ 第53天，村民1302食物耗尽！
⚠️ 第53天，村民1302缺水！
⚠️ 第53天，村民1303食物耗尽！
⚠️ 第53天，村民1303缺水！
⚠️ 第53天，村民1304食物耗尽！
⚠️ 第53天，村民1304缺水！
⚠️ 第53天，村民1305食物耗尽！
⚠️ 第53天，村民1305缺水！
⚠️ 第53天，村民1306食物耗尽！
⚠️ 第53天，村民1306缺水！
⚠️ 第53天，村民1307食物耗尽！
⚠️ 第53天，村民1307缺水！
⚠️ 第53天，村民1308食物耗尽！
⚠️ 第53天，村民1308缺水！
⚠️ 第53天，村民1309食物耗尽！
⚠️ 第53天，村民1309缺水！
⚠️ 第53天，村民1310食物耗尽！
⚠️ 第53天，村民1310缺水！
⚠️ 第53天，村民1311食物耗尽！
⚠️ 第53天，村民1311缺水！
⚠️ 第53天，村民1312食物耗尽！
⚠️ 第53天，村民1312缺水！
⚠️ 第53天，村民1313食物耗尽！
⚠️ 第53天，村民1313缺水！
⚠️ 第53天，村民1314食物耗尽！
⚠️ 第53天，村民1314缺水！
⚠️ 第53天，村民1315食物耗尽！
⚠️ 第53天，村民1315缺水！
⚠️ 第53天，村民1316食物耗尽！
⚠️ 第53天，村民1316缺水！
⚠️ 第53天，村民1317食物耗尽！
⚠️ 第53天，村民1317缺水！
⚠️ 第53天，村民1318食物耗尽！
⚠️ 第53天，村民1318缺水！
⚠️ 第53天，村民1319食物耗尽！
⚠️ 第53天，村民1319缺水！
⚠️ 第53天，村民1320食物耗尽！
⚠️ 第53天，村民1320缺水！
⚠️ 第53天，村民1321食物耗尽！
⚠️ 第53天，村民1321缺水！
⚠️ 第53天，村民1322食物耗尽！
⚠️ 第53天，村民1322缺水！
⚠️ 第53天，村民1323食物耗尽！
⚠️ 第53天，村民1323缺水！
⚠️ 第53天，村民1324食物耗尽！
⚠️ 第53天，村民1324缺水！
⚠️ 第53天，村民1325食物耗尽！
⚠️ 第53天，村民1325缺水！
⚠️ 第53天，村民1326食物耗尽！
⚠️ 第53天，村民1326缺水！
⚠️ 第53天，村民1327食物耗尽！
⚠️ 第53天，村民1327缺水！
⚠️ 第53天，村民1328食物耗尽！
⚠️ 第53天，村民1328缺水！
⚠️ 第53天，村民1329食物耗尽！
⚠️ 第53天，村民1329缺水！
⚠️ 第53天，村民1330食物耗尽！
⚠️ 第53天，村民1330缺水！
⚠️ 第53天，村民1331食物耗尽！
⚠️ 第53天，村民1331缺水！
⚠️ 第53天，村民1332食物耗尽！
⚠️ 第53天，村民1332缺水！
⚠️ 第53天，村民1333食物耗尽！
⚠️ 第53天，村民1333缺水！
⚠️ 第53天，村民1334食物耗尽！
⚠️ 第53天，村民1334缺水！
⚠️ 第53天，村民1335食物耗尽！
⚠️ 第53天，村民1335缺水！
⚠️ 第53天，村民1336食物耗尽！
⚠️ 第53天，村民1336缺水！
⚠️ 第53天，村民1337食物耗尽！
⚠️ 第53天，村民1337缺水！
⚠️ 第53天，村民1338食物耗尽！
⚠️ 第53天，村民1338缺水！
⚠️ 第53天，村民1339食物耗尽！
⚠️ 第53天，村民1339缺水！
⚠️ 第53天，村民1340食物耗尽！
⚠️ 第53天，村民1340缺水！
⚠️ 第53天，村民1341食物耗尽！
⚠️ 第53天，村民1341缺水！
⚠️ 第53天，村民1342食物耗尽！
⚠️ 第53天，村民1342缺水！
⚠️ 第53天，村民1343食物耗尽！
⚠️ 第53天，村民1343缺水！
⚠️ 第53天，村民1344食物耗尽！
⚠️ 第53天，村民1344缺水！
⚠️ 第53天，村民1345食物耗尽！
⚠️ 第53天，村民1345缺水！
⚠️ 第53天，村民1346食物耗尽！
⚠️ 第53天，村民1346缺水！
⚠️ 第53天，村民1347食物耗尽！
⚠️ 第53天，村民1347缺水！
⚠️ 第53天，村民1348食物耗尽！
⚠️ 第53天，村民1348缺水！
⚠️ 第53天，村民1349食物耗尽！
⚠️ 第53天，村民1349缺水！
⚠️ 第53天，村民1350食物耗尽！
⚠️ 第53天，村民1350缺水！
⚠️ 第53天，村民1351食物耗尽！
⚠️ 第53天，村民1351缺水！
⚠️ 第53天，村民1352食物耗尽！
⚠️ 第53天，村民1352缺水！
⚠️ 第53天，村民1353食物耗尽！
⚠️ 第53天，村民1353缺水！
⚠️ 第53天，村民1354食物耗尽！
⚠️ 第53天，村民1354缺水！
⚠️ 第53天，村民1355食物耗尽！
⚠️ 第53天，村民1355缺水！
⚠️ 第53天，村民1356食物耗尽！
⚠️ 第53天，村民1356缺水！
⚠️ 第53天，村民1357食物耗尽！
⚠️ 第53天，村民1357缺水！
⚠️ 第53天，村民1358食物耗尽！
⚠️ 第53天，村民1358缺水！
⚠️ 第53天，村民1359食物耗尽！
⚠️ 第53天，村民1359缺水！
⚠️ 第53天，村民1360食物耗尽！
⚠️ 第53天，村民1360缺水！
⚠️ 第53天，村民1361食物耗尽！
⚠️ 第53天，村民1361缺水！
⚠️ 第53天，村民1362食物耗尽！
⚠️ 第53天，村民1362缺水！
⚠️ 第53天，村民1363食物耗尽！
⚠️ 第53天，村民1363缺水！
⚠️ 第53天，村民1364食物耗尽！
⚠️ 第53天，村民1364缺水！
⚠️ 第53天，村民1365食物耗尽！
⚠️ 第53天，村民1365缺水！
⚠️ 第53天，村民1366食物耗尽！
⚠️ 第53天，村民1366缺水！
⚠️ 第53天，村民1367食物耗尽！
⚠️ 第53天，村民1367缺水！
⚠️ 第53天，村民1368食物耗尽！
⚠️ 第53天，村民1368缺水！
⚠️ 第53天，村民1369食物耗尽！
⚠️ 第53天，村民1369缺水！
⚠️ 第53天，村民1370食物耗尽！
⚠️ 第53天，村民1370缺水！
⚠️ 第53天，村民1371食物耗尽！
⚠️ 第53天，村民1371缺水！
⚠️ 第53天，村民1372食物耗尽！
⚠️ 第53天，村民1372缺水！
⚠️ 第53天，村民1373食物耗尽！
⚠️ 第53天，村民1373缺水！
⚠️ 第53天，村民1374食物耗尽！
⚠️ 第53天，村民1374缺水！
⚠️ 第53天，村民1375食物耗尽！
⚠️ 第53天，村民1375缺水！
⚠️ 第53天，村民1376食物耗尽！
⚠️ 第53天，村民1376缺水！
⚠️ 第53天，村民1377食物耗尽！
⚠️ 第53天，村民1377缺水！
⚠️ 第53天，村民1378食物耗尽！
⚠️ 第53天，村民1378缺水！
⚠️ 第53天，村民1379食物耗尽！
⚠️ 第53天，村民1379缺水！
⚠️ 第53天，村民1380食物耗尽！
⚠️ 第53天，村民1380缺水！
⚠️ 第53天，村民1381食物耗尽！
⚠️ 第53天，村民1381缺水！
⚠️ 第53天，村民1382食物耗尽！
⚠️ 第53天，村民1382缺水！
⚠️ 第53天，村民1383食物耗尽！
⚠️ 第53天，村民1383缺水！
⚠️ 第53天，村民1384食物耗尽！
⚠️ 第53天，村民1384缺水！
⚠️ 第53天，村民1385食物耗尽！
⚠️ 第53天，村民1385缺水！
⚠️ 第53天，村民1386食物耗尽！
⚠️ 第53天，村民1386缺水！
⚠️ 第53天，村民1387食物耗尽！
⚠️ 第53天，村民1387缺水！
⚠️ 第53天，村民1388食物耗尽！
⚠️ 第53天，村民1388缺水！
⚠️ 第53天，村民1389食物耗尽！
⚠️ 第53天，村民1389缺水！
⚠️ 第53天，村民1390食物耗尽！
⚠️ 第53天，村民1390缺水！
⚠️ 第53天，村民1391食物耗尽！
⚠️ 第53天，村民1391缺水！
⚠️ 第53天，村民1392食物耗尽！
⚠️ 第53天，村民1392缺水！
⚠️ 第53天，村民1393食物耗尽！
⚠️ 第53天，村民1393缺水！
⚠️ 第53天，村民1394食物耗尽！
⚠️ 第53天，村民1394缺水！
⚠️ 第53天，村民1395食物耗尽！
⚠️ 第53天，村民1395缺水！
⚠️ 第53天，村民1396食物耗尽！
⚠️ 第53天，村民1396缺水！
⚠️ 第53天，村民1397食物耗尽！
⚠️ 第53天，村民1397缺水！
⚠️ 第53天，村民1398食物耗尽！
⚠️ 第53天，村民1398缺水！
⚠️ 第53天，村民1399食物耗尽！
⚠️ 第53天，村民1399缺水！
⚠️ 第53天，村民1400食物耗尽！
⚠️ 第53天，村民1400缺水！
⚠️ 第53天，村民1401食物耗尽！
⚠️ 第53天，村民1401缺水！
⚠️ 第53天，村民1402食物耗尽！
⚠️ 第53天，村民1402缺水！
⚠️ 第53天，村民1403食物耗尽！
⚠️ 第53天，村民1403缺水！
⚠️ 第53天，村民1404食物耗尽！
⚠️ 第53天，村民1404缺水！
⚠️ 第53天，村民1405食物耗尽！
⚠️ 第53天，村民1405缺水！
⚠️ 第53天，村民1406食物耗尽！
⚠️ 第53天，村民1406缺水！
⚠️ 第53天，村民1407食物耗尽！
⚠️ 第53天，村民1407缺水！
⚠️ 第53天，村民1408食物耗尽！
⚠️ 第53天，村民1408缺水！
⚠️ 第53天，村民1409食物耗尽！
⚠️ 第53天，村民1409缺水！
⚠️ 第53天，村民1410食物耗尽！
⚠️ 第53天，村民1410缺水！
⚠️ 第53天，村民1411食物耗尽！
⚠️ 第53天，村民1411缺水！
⚠️ 第53天，村民1412食物耗尽！
⚠️ 第53天，村民1412缺水！
⚠️ 第53天，村民1413食物耗尽！
⚠️ 第53天，村民1413缺水！
⚠️ 第53天，村民1414食物耗尽！
⚠️ 第53天，村民1414缺水！
⚠️ 第53天，村民1415食物耗尽！
⚠️ 第53天，村民1415缺水！
⚠️ 第53天，村民1416食物耗尽！
⚠️ 第53天，村民1416缺水！
⚠️ 第53天，村民1417食物耗尽！
⚠️ 第53天，村民1417缺水！
⚠️ 第53天，村民1418食物耗尽！
⚠️ 第53天，村民1418缺水！
⚠️ 第53天，村民1419食物耗尽！
⚠️ 第53天，村民1419缺水！
⚠️ 第53天，村民1420食物耗尽！
⚠️ 第53天，村民1420缺水！
⚠️ 第53天，村民1421食物耗尽！
⚠️ 第53天，村民1421缺水！
⚠️ 第53天，村民1422食物耗尽！
⚠️ 第53天，村民1422缺水！
⚠️ 第53天，村民1423食物耗尽！
⚠️ 第53天，村民1423缺水！
⚠️ 第53天，村民1424食物耗尽！
⚠️ 第53天，村民1424缺水！
⚠️ 第53天，村民1425食物耗尽！
⚠️ 第53天，村民1425缺水！
⚠️ 第53天，村民1426食物耗尽！
⚠️ 第53天，村民1426缺水！
⚠️ 第53天，村民1427食物耗尽！
⚠️ 第53天，村民1427缺水！
⚠️ 第53天，村民1428食物耗尽！
⚠️ 第53天，村民1428缺水！
⚠️ 第53天，村民1429食物耗尽！
⚠️ 第53天，村民1429缺水！
⚠️ 第53天，村民1430食物耗尽！
⚠️ 第53天，村民1430缺水！
⚠️ 第53天，村民1431食物耗尽！
⚠️ 第53天，村民1431缺水！
⚠️ 第53天，村民1432食物耗尽！
⚠️ 第53天，村民1432缺水！
⚠️ 第53天，村民1433食物耗尽！
⚠️ 第53天，村民1433缺水！
⚠️ 第53天，村民1434食物耗尽！
⚠️ 第53天，村民1434缺水！
⚠️ 第53天，村民1435食物耗尽！
⚠️ 第53天，村民1435缺水！
⚠️ 第53天，村民1436食物耗尽！
⚠️ 第53天，村民1436缺水！
⚠️ 第53天，村民1437食物耗尽！
⚠️ 第53天，村民1437缺水！
⚠️ 第53天，村民1438食物耗尽！
⚠️ 第53天，村民1438缺水！
⚠️ 第53天，村民1439食物耗尽！
⚠️ 第53天，村民1439缺水！
⚠️ 第53天，村民1440食物耗尽！
⚠️ 第53天，村民1440缺水！
⚠️ 第53天，村民1441食物耗尽！
⚠️ 第53天，村民1441缺水！
⚠️ 第53天，村民1442食物耗尽！
⚠️ 第53天，村民1442缺水！
⚠️ 第53天，村民1443食物耗尽！
⚠️ 第53天，村民1443缺水！
⚠️ 第53天，村民1444食物耗尽！
⚠️ 第53天，村民1444缺水！
⚠️ 第53天，村民1445食物耗尽！
⚠️ 第53天，村民1445缺水！
⚠️ 第53天，村民1446食物耗尽！
⚠️ 第53天，村民1446缺水！
⚠️ 第53天，村民1447食物耗尽！
⚠️ 第53天，村民1447缺水！
⚠️ 第53天，村民1448食物耗尽！
⚠️ 第53天，村民1448缺水！
⚠️ 第53天，村民1449食物耗尽！
⚠️ 第53天，村民1449缺水！
⚠️ 第53天，村民1450食物耗尽！
⚠️ 第53天，村民1450缺水！
⚠️ 第53天，村民1451食物耗尽！
⚠️ 第53天，村民1451缺水！
⚠️ 第53天，村民1452食物耗尽！
⚠️ 第53天，村民1452缺水！
⚠️ 第53天，村民1453食物耗尽！
⚠️ 第53天，村民1453缺水！
⚠️ 第53天，村民1454食物耗尽！
⚠️ 第53天，村民1454缺水！
⚠️ 第53天，村民1455食物耗尽！
⚠️ 第53天，村民1455缺水！
⚠️ 第53天，村民1456食物耗尽！
⚠️ 第53天，村民1456缺水！
⚠️ 第53天，村民1457食物耗尽！
⚠️ 第53天，村民1457缺水！
⚠️ 第53天，村民1458食物耗尽！
⚠️ 第53天，村民1458缺水！
⚠️ 第53天，村民1459食物耗尽！
⚠️ 第53天，村民1459缺水！
⚠️ 第53天，村民1460食物耗尽！
⚠️ 第53天，村民1460缺水！
⚠️ 第53天，村民1461食物耗尽！
⚠️ 第53天，村民1461缺水！
⚠️ 第53天，村民1462食物耗尽！
⚠️ 第53天，村民1462缺水！
⚠️ 第53天，村民1463食物耗尽！
⚠️ 第53天，村民1463缺水！
⚠️ 第53天，村民1464食物耗尽！
⚠️ 第53天，村民1464缺水！
⚠️ 第53天，村民1465食物耗尽！
⚠️ 第53天，村民1465缺水！
⚠️ 第53天，村民1466食物耗尽！
⚠️ 第53天，村民1466缺水！
⚠️ 第53天，村民1467食物耗尽！
⚠️ 第53天，村民1467缺水！
⚠️ 第53天，村民1468食物耗尽！
⚠️ 第53天，村民1468缺水！
⚠️ 第53天，村民1469食物耗尽！
⚠️ 第53天，村民1469缺水！
⚠️ 第53天，村民1470食物耗尽！
⚠️ 第53天，村民1470缺水！
⚠️ 第53天，村民1471食物耗尽！
⚠️ 第53天，村民1471缺水！
⚠️ 第53天，村民1472食物耗尽！
⚠️ 第53天，村民1472缺水！
⚠️ 第53天，村民1473食物耗尽！
⚠️ 第53天，村民1473缺水！
⚠️ 第53天，村民1474食物耗尽！
⚠️ 第53天，村民1474缺水！
⚠️ 第53天，村民1475食物耗尽！
⚠️ 第53天，村民1475缺水！
⚠️ 第53天，村民1476食物耗尽！
⚠️ 第53天，村民1476缺水！
⚠️ 第53天，村民1477食物耗尽！
⚠️ 第53天，村民1477缺水！
⚠️ 第53天，村民1478食物耗尽！
⚠️ 第53天，村民1478缺水！
⚠️ 第53天，村民1479食物耗尽！
⚠️ 第53天，村民1479缺水！
⚠️ 第53天，村民1480食物耗尽！
⚠️ 第53天，村民1480缺水！
⚠️ 第53天，村民1481食物耗尽！
⚠️ 第53天，村民1481缺水！
⚠️ 第53天，村民1482食物耗尽！
⚠️ 第53天，村民1482缺水！
⚠️ 第53天，村民1483食物耗尽！
⚠️ 第53天，村民1483缺水！
⚠️ 第53天，村民1484食物耗尽！
⚠️ 第53天，村民1484缺水！
⚠️ 第53天，村民1485食物耗尽！
⚠️ 第53天，村民1485缺水！
⚠️ 第53天，村民1486食物耗尽！
⚠️ 第53天，村民1486缺水！
⚠️ 第53天，村民1487食物耗尽！
⚠️ 第53天，村民1487缺水！
⚠️ 第53天，村民1488食物耗尽！
⚠️ 第53天，村民1488缺水！
⚠️ 第53天，村民1489食物耗尽！
⚠️ 第53天，村民1489缺水！
⚠️ 第53天，村民1490食物耗尽！
⚠️ 第53天，村民1490缺水！
⚠️ 第53天，村民1491食物耗尽！
⚠️ 第53天，村民1491缺水！
⚠️ 第53天，村民1492食物耗尽！
⚠️ 第53天，村民1492缺水！
⚠️ 第53天，村民1493食物耗尽！
⚠️ 第53天，村民1493缺水！
⚠️ 第53天，村民1494食物耗尽！
⚠️ 第53天，村民1494缺水！
⚠️ 第53天，村民1495食物耗尽！
⚠️ 第53天，村民1495缺水！
⚠️ 第53天，村民1496食物耗尽！
⚠️ 第53天，村民1496缺水！
⚠️ 第53天，村民1497食物耗尽！
⚠️ 第53天，村民1497缺水！
⚠️ 第53天，村民1498食物耗尽！
⚠️ 第53天，村民1498缺水！
⚠️ 第53天，村民1499食物耗尽！
⚠️ 第53天，村民1499缺水！
⚠️ 第53天，村民1500食物耗尽！
⚠️ 第53天，村民1500缺水！
⚠️ 第53天，村民1501食物耗尽！
⚠️ 第53天，村民1501缺水！
⚠️ 第53天，村民1502食物耗尽！
⚠️ 第53天，村民1502缺水！
⚠️ 第53天，村民1503食物耗尽！
⚠️ 第53天，村民1503缺水！
⚠️ 第53天，村民1504食物耗尽！
⚠️ 第53天，村民1504缺水！
⚠️ 第53天，村民1505食物耗尽！
⚠️ 第53天，村民1505缺水！
⚠️ 第53天，村民1506食物耗尽！
⚠️ 第53天，村民1506缺水！
⚠️ 第53天，村民1507食物耗尽！
⚠️ 第53天，村民1507缺水！
⚠️ 第53天，村民1508食物耗尽！
⚠️ 第53天，村民1508缺水！
⚠️ 第53天，村民1509食物耗尽！
⚠️ 第53天，村民1509缺水！
⚠️ 第53天，村民1510食物耗尽！
⚠️ 第53天，村民1510缺水！
⚠️ 第53天，村民1511食物耗尽！
⚠️ 第53天，村民1511缺水！
⚠️ 第53天，村民1512食物耗尽！
⚠️ 第53天，村民1512缺水！
⚠️ 第53天，村民1513食物耗尽！
⚠️ 第53天，村民1513缺水！
⚠️ 第53天，村民1514食物耗尽！
⚠️ 第53天，村民1514缺水！
⚠️ 第53天，村民1515食物耗尽！
⚠️ 第53天，村民1515缺水！
⚠️ 第53天，村民1516食物耗尽！
⚠️ 第53天，村民1516缺水！
⚠️ 第53天，村民1517食物耗尽！
⚠️ 第53天，村民1517缺水！
⚠️ 第53天，村民1518食物耗尽！
⚠️ 第53天，村民1518缺水！
⚠️ 第53天，村民1519食物耗尽！
⚠️ 第53天，村民1519缺水！
⚠️ 第53天，村民1520食物耗尽！
⚠️ 第53天，村民1520缺水！
⚠️ 第53天，村民1521食物耗尽！
⚠️ 第53天，村民1521缺水！
⚠️ 第53天，村民1522食物耗尽！
⚠️ 第53天，村民1522缺水！
⚠️ 第53天，村民1523食物耗尽！
⚠️ 第53天，村民1523缺水！
⚠️ 第53天，村民1524食物耗尽！
⚠️ 第53天，村民1524缺水！
⚠️ 第53天，村民1525食物耗尽！
⚠️ 第53天，村民1525缺水！
⚠️ 第53天，村民1526食物耗尽！
⚠️ 第53天，村民1526缺水！
⚠️ 第53天，村民1527食物耗尽！
⚠️ 第53天，村民1527缺水！
⚠️ 第53天，村民1528食物耗尽！
⚠️ 第53天，村民1528缺水！
⚠️ 第53天，村民1529食物耗尽！
⚠️ 第53天，村民1529缺水！
⚠️ 第53天，村民1530食物耗尽！
⚠️ 第53天，村民1530缺水！
⚠️ 第53天，村民1531食物耗尽！
⚠️ 第53天，村民1531缺水！
⚠️ 第53天，村民1532食物耗尽！
⚠️ 第53天，村民1532缺水！
⚠️ 第53天，村民1533食物耗尽！
⚠️ 第53天，村民1533缺水！
⚠️ 第53天，村民1534食物耗尽！
⚠️ 第53天，村民1534缺水！
⚠️ 第53天，村民1535食物耗尽！
⚠️ 第53天，村民1535缺水！
⚠️ 第53天，村民1536食物耗尽！
⚠️ 第53天，村民1536缺水！
⚠️ 第53天，村民1537食物耗尽！
⚠️ 第53天，村民1537缺水！
⚠️ 第53天，村民1538食物耗尽！
⚠️ 第53天，村民1538缺水！
⚠️ 第53天，村民1539食物耗尽！
⚠️ 第53天，村民1539缺水！
⚠️ 第53天，村民1540食物耗尽！
⚠️ 第53天，村民1540缺水！
⚠️ 第53天，村民1541食物耗尽！
⚠️ 第53天，村民1541缺水！
⚠️ 第53天，村民1542食物耗尽！
⚠️ 第53天，村民1542缺水！
⚠️ 第53天，村民1543食物耗尽！
⚠️ 第53天，村民1543缺水！
⚠️ 第53天，村民1544食物耗尽！
⚠️ 第53天，村民1544缺水！
⚠️ 第53天，村民1545食物耗尽！
⚠️ 第53天，村民1545缺水！
⚠️ 第53天，村民1546食物耗尽！
⚠️ 第53天，村民1546缺水！
⚠️ 第53天，村民1547食物耗尽！
⚠️ 第53天，村民1547缺水！
⚠️ 第53天，村民1548食物耗尽！
⚠️ 第53天，村民1548缺水！
⚠️ 第53天，村民1549食物耗尽！
⚠️ 第53天，村民1549缺水！
⚠️ 第53天，村民1550食物耗尽！
⚠️ 第53天，村民1550缺水！
⚠️ 第53天，村民1551食物耗尽！
⚠️ 第53天，村民1551缺水！
⚠️ 第53天，村民1552食物耗尽！
⚠️ 第53天，村民1552缺水！
⚠️ 第53天，村民1553食物耗尽！
⚠️ 第53天，村民1553缺水！
⚠️ 第53天，村民1554食物耗尽！
⚠️ 第53天，村民1554缺水！
⚠️ 第53天，村民1555食物耗尽！
⚠️ 第53天，村民1555缺水！
⚠️ 第53天，村民1556食物耗尽！
⚠️ 第53天，村民1556缺水！
⚠️ 第53天，村民1557食物耗尽！
⚠️ 第53天，村民1557缺水！
⚠️ 第53天，村民1558食物耗尽！
⚠️ 第53天，村民1558缺水！
⚠️ 第53天，村民1559食物耗尽！
⚠️ 第53天，村民1559缺水！
⚠️ 第53天，村民1560食物耗尽！
⚠️ 第53天，村民1560缺水！
⚠️ 第53天，村民1561食物耗尽！
⚠️ 第53天，村民1561缺水！
⚠️ 第53天，村民1562食物耗尽！
⚠️ 第53天，村民1562缺水！
⚠️ 第53天，村民1563食物耗尽！
⚠️ 第53天，村民1563缺水！
⚠️ 第53天，村民1564食物耗尽！
⚠️ 第53天，村民1564缺水！
⚠️ 第53天，村民1565食物耗尽！
⚠️ 第53天，村民1565缺水！
⚠️ 第53天，村民1566食物耗尽！
⚠️ 第53天，村民1566缺水！
⚠️ 第53天，村民1567食物耗尽！
⚠️ 第53天，村民1567缺水！
⚠️ 第53天，村民1568食物耗尽！
⚠️ 第53天，村民1568缺水！
⚠️ 第53天，村民1569食物耗尽！
⚠️ 第53天，村民1569缺水！
⚠️ 第53天，村民1570食物耗尽！
⚠️ 第53天，村民1570缺水！
⚠️ 第53天，村民1571食物耗尽！
⚠️ 第53天，村民1571缺水！
⚠️ 第53天，村民1572食物耗尽！
⚠️ 第53天，村民1572缺水！
⚠️ 第53天，村民1573食物耗尽！
⚠️ 第53天，村民1573缺水！
⚠️ 第53天，村民1574食物耗尽！
⚠️ 第53天，村民1574缺水！
⚠️ 第53天，村民1575食物耗尽！
⚠️ 第53天，村民1575缺水！
⚠️ 第53天，村民1576食物耗尽！
⚠️ 第53天，村民1576缺水！
⚠️ 第53天，村民1577食物耗尽！
⚠️ 第53天，村民1577缺水！
⚠️ 第53天，村民1578食物耗尽！
⚠️ 第53天，村民1578缺水！
⚠️ 第53天，村民1579食物耗尽！
⚠️ 第53天，村民1579缺水！
⚠️ 第53天，村民1580食物耗尽！
⚠️ 第53天，村民1580缺水！
⚠️ 第53天，村民1581食物耗尽！
⚠️ 第53天，村民1581缺水！
⚠️ 第53天，村民1582食物耗尽！
⚠️ 第53天，村民1582缺水！
⚠️ 第53天，村民1583食物耗尽！
⚠️ 第53天，村民1583缺水！
⚠️ 第53天，村民1584食物耗尽！
⚠️ 第53天，村民1584缺水！
⚠️ 第53天，村民1585食物耗尽！
⚠️ 第53天，村民1585缺水！
⚠️ 第53天，村民1586食物耗尽！
⚠️ 第53天，村民1586缺水！
⚠️ 第53天，村民1587食物耗尽！
⚠️ 第53天，村民1587缺水！
⚠️ 第53天，村民1588食物耗尽！
⚠️ 第53天，村民1588缺水！
⚠️ 第53天，村民1589食物耗尽！
⚠️ 第53天，村民1589缺水！
⚠️ 第53天，村民1590食物耗尽！
⚠️ 第53天，村民1590缺水！
⚠️ 第53天，村民1591食物耗尽！
⚠️ 第53天，村民1591缺水！
⚠️ 第53天，村民1592食物耗尽！
⚠️ 第53天，村民1592缺水！
⚠️ 第53天，村民1593食物耗尽！
⚠️ 第53天，村民1593缺水！
⚠️ 第53天，村民1594食物耗尽！
⚠️ 第53天，村民1594缺水！
⚠️ 第53天，村民1595食物耗尽！
⚠️ 第53天，村民1595缺水！
⚠️ 第53天，村民1596食物耗尽！
⚠️ 第53天，村民1596缺水！
⚠️ 第53天，村民1597食物耗尽！
⚠️ 第53天，村民1597缺水！
⚠️ 第53天，村民1598食物耗尽！
⚠️ 第53天，村民1598缺水！
⚠️ 第53天，村民1599食物耗尽！
⚠️ 第53天，村民1599缺水！
⚠️ 第53天，村民1600食物耗尽！
⚠️ 第53天，村民1600缺水！
⚠️ 第53天，村民1601食物耗尽！
⚠️ 第53天，村民1601缺水！
⚠️ 第53天，村民1602食物耗尽！
⚠️ 第53天，村民1602缺水！
⚠️ 第53天，村民1603食物耗尽！
⚠️ 第53天，村民1603缺水！
⚠️ 第53天，村民1604食物耗尽！
⚠️ 第53天，村民1604缺水！
⚠️ 第53天，村民1605食物耗尽！
⚠️ 第53天，村民1605缺水！
⚠️ 第53天，村民1606食物耗尽！
⚠️ 第53天，村民1606缺水！
⚠️ 第53天，村民1607食物耗尽！
⚠️ 第53天，村民1607缺水！
⚠️ 第53天，村民1608食物耗尽！
⚠️ 第53天，村民1608缺水！
⚠️ 第53天，村民1609食物耗尽！
⚠️ 第53天，村民1609缺水！
⚠️ 第53天，村民1610食物耗尽！
⚠️ 第53天，村民1610缺水！
⚠️ 第53天，村民1611食物耗尽！
⚠️ 第53天，村民1611缺水！
⚠️ 第53天，村民1612食物耗尽！
⚠️ 第53天，村民1612缺水！
⚠️ 第53天，村民1613食物耗尽！
⚠️ 第53天，村民1613缺水！
⚠️ 第53天，村民1614食物耗尽！
⚠️ 第53天，村民1614缺水！
⚠️ 第53天，村民1615食物耗尽！
⚠️ 第53天，村民1615缺水！
⚠️ 第53天，村民1616食物耗尽！
⚠️ 第53天，村民1616缺水！
⚠️ 第53天，村民1617食物耗尽！
⚠️ 第53天，村民1617缺水！
⚠️ 第53天，村民1618食物耗尽！
⚠️ 第53天，村民1618缺水！
⚠️ 第53天，村民1619食物耗尽！
⚠️ 第53天，村民1619缺水！
⚠️ 第53天，村民1620食物耗尽！
⚠️ 第53天，村民1620缺水！
⚠️ 第53天，村民1621食物耗尽！
⚠️ 第53天，村民1621缺水！
⚠️ 第53天，村民1622食物耗尽！
⚠️ 第53天，村民1622缺水！
⚠️ 第53天，村民1623食物耗尽！
⚠️ 第53天，村民1623缺水！
⚠️ 第53天，村民1624食物耗尽！
⚠️ 第53天，村民1624缺水！
⚠️ 第53天，村民1625食物耗尽！
⚠️ 第53天，村民1625缺水！
⚠️ 第53天，村民1626食物耗尽！
⚠️ 第53天，村民1626缺水！
⚠️ 第53天，村民1627食物耗尽！
⚠️ 第53天，村民1627缺水！
⚠️ 第53天，村民1628食物耗尽！
⚠️ 第53天，村民1628缺水！
⚠️ 第53天，村民1629食物耗尽！
⚠️ 第53天，村民1629缺水！
⚠️ 第53天，村民1630食物耗尽！
⚠️ 第53天，村民1630缺水！
⚠️ 第53天，村民1631食物耗尽！
⚠️ 第53天，村民1631缺水！
⚠️ 第53天，村民1632食物耗尽！
⚠️ 第53天，村民1632缺水！
⚠️ 第53天，村民1633食物耗尽！
⚠️ 第53天，村民1633缺水！
⚠️ 第53天，村民1634食物耗尽！
⚠️ 第53天，村民1634缺水！
⚠️ 第53天，村民1635食物耗尽！
⚠️ 第53天，村民1635缺水！
⚠️ 第53天，村民1636食物耗尽！
⚠️ 第53天，村民1636缺水！
⚠️ 第53天，村民1637食物耗尽！
⚠️ 第53天，村民1637缺水！
⚠️ 第53天，村民1638食物耗尽！
⚠️ 第53天，村民1638缺水！
⚠️ 第53天，村民1639食物耗尽！
⚠️ 第53天，村民1639缺水！
⚠️ 第53天，村民1640食物耗尽！
⚠️ 第53天，村民1640缺水！
⚠️ 第53天，村民1641食物耗尽！
⚠️ 第53天，村民1641缺水！
⚠️ 第53天，村民1642食物耗尽！
⚠️ 第53天，村民1642缺水！
⚠️ 第53天，村民1643食物耗尽！
⚠️ 第53天，村民1643缺水！
⚠️ 第53天，村民1644食物耗尽！
⚠️ 第53天，村民1644缺水！
⚠️ 第53天，村民1645食物耗尽！
⚠️ 第53天，村民1645缺水！
⚠️ 第53天，村民1646食物耗尽！
⚠️ 第53天，村民1646缺水！
⚠️ 第53天，村民1647食物耗尽！
⚠️ 第53天，村民1647缺水！
⚠️ 第53天，村民1648食物耗尽！
⚠️ 第53天，村民1648缺水！
⚠️ 第53天，村民1649食物耗尽！
⚠️ 第53天，村民1649缺水！
⚠️ 第53天，村民1650食物耗尽！
⚠️ 第53天，村民1650缺水！
⚠️ 第53天，村民1651食物耗尽！
⚠️ 第53天，村民1651缺水！
⚠️ 第53天，村民1652食物耗尽！
⚠️ 第53天，村民1652缺水！
⚠️ 第53天，村民1653食物耗尽！
⚠️ 第53天，村民1653缺水！
⚠️ 第53天，村民1654食物耗尽！
⚠️ 第53天，村民1654缺水！
⚠️ 第53天，村民1655食物耗尽！
⚠️ 第53天，村民1655缺水！
⚠️ 第53天，村民1656食物耗尽！
⚠️ 第53天，村民1656缺水！
⚠️ 第53天，村民1657食物耗尽！
⚠️ 第53天，村民1657缺水！
⚠️ 第53天，村民1658食物耗尽！
⚠️ 第53天，村民1658缺水！
⚠️ 第53天，村民1659食物耗尽！
⚠️ 第53天，村民1659缺水！
⚠️ 第53天，村民1660食物耗尽！
⚠️ 第53天，村民1660缺水！
⚠️ 第53天，村民1661食物耗尽！
⚠️ 第53天，村民1661缺水！
⚠️ 第53天，村民1662食物耗尽！
⚠️ 第53天，村民1662缺水！
⚠️ 第53天，村民1663食物耗尽！
⚠️ 第53天，村民1663缺水！
⚠️ 第53天，村民1664食物耗尽！
⚠️ 第53天，村民1664缺水！
⚠️ 第53天，村民1665食物耗尽！
⚠️ 第53天，村民1665缺水！
⚠️ 第53天，村民1666食物耗尽！
⚠️ 第53天，村民1666缺水！
⚠️ 第53天，村民1667食物耗尽！
⚠️ 第53天，村民1667缺水！
⚠️ 第53天，村民1668食物耗尽！
⚠️ 第53天，村民1668缺水！
⚠️ 第53天，村民1669食物耗尽！
⚠️ 第53天，村民1669缺水！
⚠️ 第53天，村民1670食物耗尽！
⚠️ 第53天，村民1670缺水！
⚠️ 第53天，村民1671食物耗尽！
⚠️ 第53天，村民1671缺水！
⚠️ 第53天，村民1672食物耗尽！
⚠️ 第53天，村民1672缺水！
⚠️ 第53天，村民1673食物耗尽！
⚠️ 第53天，村民1673缺水！
⚠️ 第53天，村民1674食物耗尽！
⚠️ 第53天，村民1674缺水！
⚠️ 第53天，村民1675食物耗尽！
⚠️ 第53天，村民1675缺水！
⚠️ 第53天，村民1676食物耗尽！
⚠️ 第53天，村民1676缺水！
⚠️ 第53天，村民1677食物耗尽！
⚠️ 第53天，村民1677缺水！
⚠️ 第53天，村民1678食物耗尽！
⚠️ 第53天，村民1678缺水！
⚠️ 第53天，村民1679食物耗尽！
⚠️ 第53天，村民1679缺水！
⚠️ 第53天，村民1680食物耗尽！
⚠️ 第53天，村民1680缺水！
⚠️ 第53天，村民1681食物耗尽！
⚠️ 第53天，村民1681缺水！
⚠️ 第53天，村民1682食物耗尽！
⚠️ 第53天，村民1682缺水！
⚠️ 第53天，村民1683食物耗尽！
⚠️ 第53天，村民1683缺水！
⚠️ 第53天，村民1684食物耗尽！
⚠️ 第53天，村民1684缺水！
⚠️ 第53天，村民1685食物耗尽！
⚠️ 第53天，村民1685缺水！
⚠️ 第53天，村民1686食物耗尽！
⚠️ 第53天，村民1686缺水！
⚠️ 第53天，村民1687食物耗尽！
⚠️ 第53天，村民1687缺水！
⚠️ 第53天，村民1688食物耗尽！
⚠️ 第53天，村民1688缺水！
⚠️ 第53天，村民1689食物耗尽！
⚠️ 第53天，村民1689缺水！
⚠️ 第53天，村民1690食物耗尽！
⚠️ 第53天，村民1690缺水！
⚠️ 第53天，村民1691食物耗尽！
⚠️ 第53天，村民1691缺水！
⚠️ 第53天，村民1692食物耗尽！
⚠️ 第53天，村民1692缺水！
⚠️ 第53天，村民1693食物耗尽！
⚠️ 第53天，村民1693缺水！
⚠️ 第53天，村民1694食物耗尽！
⚠️ 第53天，村民1694缺水！
⚠️ 第53天，村民1695食物耗尽！
⚠️ 第53天，村民1695缺水！
⚠️ 第53天，村民1696食物耗尽！
⚠️ 第53天，村民1696缺水！
⚠️ 第53天，村民1697食物耗尽！
⚠️ 第53天，村民1697缺水！
⚠️ 第53天，村民1698食物耗尽！
⚠️ 第53天，村民1698缺水！
⚠️ 第53天，村民1699食物耗尽！
⚠️ 第53天，村民1699缺水！
⚠️ 第53天，村民1700食物耗尽！
⚠️ 第53天，村民1700缺水！
⚠️ 第53天，村民1701食物耗尽！
⚠️ 第53天，村民1701缺水！
⚠️ 第53天，村民1702食物耗尽！
⚠️ 第53天，村民1702缺水！
⚠️ 第53天，村民1703食物耗尽！
⚠️ 第53天，村民1703缺水！
⚠️ 第53天，村民1704食物耗尽！
⚠️ 第53天，村民1704缺水！
⚠️ 第53天，村民1705食物耗尽！
⚠️ 第53天，村民1705缺水！
⚠️ 第53天，村民1706食物耗尽！
⚠️ 第53天，村民1706缺水！
⚠️ 第53天，村民1707食物耗尽！
⚠️ 第53天，村民1707缺水！
⚠️ 第53天，村民1708食物耗尽！
⚠️ 第53天，村民1708缺水！
⚠️ 第53天，村民1709食物耗尽！
⚠️ 第53天，村民1709缺水！
⚠️ 第53天，村民1710食物耗尽！
⚠️ 第53天，村民1710缺水！
⚠️ 第53天，村民1711食物耗尽！
⚠️ 第53天，村民1711缺水！
⚠️ 第53天，村民1712食物耗尽！
⚠️ 第53天，村民1712缺水！
⚠️ 第53天，村民1713食物耗尽！
⚠️ 第53天，村民1713缺水！
⚠️ 第53天，村民1714食物耗尽！
⚠️ 第53天，村民1714缺水！
⚠️ 第53天，村民1715食物耗尽！
⚠️ 第53天，村民1715缺水！
⚠️ 第53天，村民1716食物耗尽！
⚠️ 第53天，村民1716缺水！
⚠️ 第53天，村民1717食物耗尽！
⚠️ 第53天，村民1717缺水！
⚠️ 第53天，村民1718食物耗尽！
⚠️ 第53天，村民1718缺水！
⚠️ 第53天，村民1719食物耗尽！
⚠️ 第53天，村民1719缺水！
⚠️ 第53天，村民1720食物耗尽！
⚠️ 第53天，村民1720缺水！
⚠️ 第53天，村民1721食物耗尽！
⚠️ 第53天，村民1721缺水！
⚠️ 第53天，村民1722食物耗尽！
⚠️ 第53天，村民1722缺水！
⚠️ 第53天，村民1723食物耗尽！
⚠️ 第53天，村民1723缺水！
⚠️ 第53天，村民1724食物耗尽！
⚠️ 第53天，村民1724缺水！
⚠️ 第53天，村民1725食物耗尽！
⚠️ 第53天，村民1725缺水！
⚠️ 第53天，村民1726食物耗尽！
⚠️ 第53天，村民1726缺水！
⚠️ 第53天，村民1727食物耗尽！
⚠️ 第53天，村民1727缺水！
⚠️ 第53天，村民1728食物耗尽！
⚠️ 第53天，村民1728缺水！
⚠️ 第53天，村民1729食物耗尽！
⚠️ 第53天，村民1729缺水！
⚠️ 第53天，村民1730食物耗尽！
⚠️ 第53天，村民1730缺水！
⚠️ 第53天，村民1731食物耗尽！
⚠️ 第53天，村民1731缺水！
⚠️ 第53天，村民1732食物耗尽！
⚠️ 第53天，村民1732缺水！
⚠️ 第53天，村民1733食物耗尽！
⚠️ 第53天，村民1733缺水！
⚠️ 第53天，村民1734食物耗尽！
⚠️ 第53天，村民1734缺水！
⚠️ 第53天，村民1735食物耗尽！
⚠️ 第53天，村民1735缺水！
⚠️ 第53天，村民1736食物耗尽！
⚠️ 第53天，村民1736缺水！
⚠️ 第53天，村民1737食物耗尽！
⚠️ 第53天，村民1737缺水！
⚠️ 第53天，村民1738食物耗尽！
⚠️ 第53天，村民1738缺水！
⚠️ 第53天，村民1739食物耗尽！
⚠️ 第53天，村民1739缺水！
⚠️ 第53天，村民1740食物耗尽！
⚠️ 第53天，村民1740缺水！
⚠️ 第53天，村民1741食物耗尽！
⚠️ 第53天，村民1741缺水！
⚠️ 第53天，村民1742食物耗尽！
⚠️ 第53天，村民1742缺水！
⚠️ 第53天，村民1743食物耗尽！
⚠️ 第53天，村民1743缺水！
⚠️ 第53天，村民1744食物耗尽！
⚠️ 第53天，村民1744缺水！
⚠️ 第53天，村民1745食物耗尽！
⚠️ 第53天，村民1745缺水！
⚠️ 第53天，村民1746食物耗尽！
⚠️ 第53天，村民1746缺水！
⚠️ 第53天，村民1747食物耗尽！
⚠️ 第53天，村民1747缺水！
⚠️ 第53天，村民1748食物耗尽！
⚠️ 第53天，村民1748缺水！
⚠️ 第53天，村民1749食物耗尽！
⚠️ 第53天，村民1749缺水！
⚠️ 第53天，村民1750食物耗尽！
⚠️ 第53天，村民1750缺水！
⚠️ 第53天，村民1751食物耗尽！
⚠️ 第53天，村民1751缺水！
⚠️ 第53天，村民1752食物耗尽！
⚠️ 第53天，村民1752缺水！
⚠️ 第53天，村民1753食物耗尽！
⚠️ 第53天，村民1753缺水！
⚠️ 第53天，村民1754食物耗尽！
⚠️ 第53天，村民1754缺水！
⚠️ 第53天，村民1755食物耗尽！
⚠️ 第53天，村民1755缺水！
⚠️ 第53天，村民1756食物耗尽！
⚠️ 第53天，村民1756缺水！
⚠️ 第53天，村民1757食物耗尽！
⚠️ 第53天，村民1757缺水！
⚠️ 第53天，村民1758食物耗尽！
⚠️ 第53天，村民1758缺水！
⚠️ 第53天，村民1759食物耗尽！
⚠️ 第53天，村民1759缺水！
⚠️ 第53天，村民1760食物耗尽！
⚠️ 第53天，村民1760缺水！
⚠️ 第53天，村民1761食物耗尽！
⚠️ 第53天，村民1761缺水！
⚠️ 第53天，村民1762食物耗尽！
⚠️ 第53天，村民1762缺水！
⚠️ 第53天，村民1763食物耗尽！
⚠️ 第53天，村民1763缺水！
⚠️ 第53天，村民1764食物耗尽！
⚠️ 第53天，村民1764缺水！
⚠️ 第53天，村民1765食物耗尽！
⚠️ 第53天，村民1765缺水！
⚠️ 第53天，村民1766食物耗尽！
⚠️ 第53天，村民1766缺水！
⚠️ 第53天，村民1767食物耗尽！
⚠️ 第53天，村民1767缺水！
⚠️ 第53天，村民1768食物耗尽！
⚠️ 第53天，村民1768缺水！
⚠️ 第53天，村民1769食物耗尽！
⚠️ 第53天，村民1769缺水！
⚠️ 第53天，村民1770食物耗尽！
⚠️ 第53天，村民1770缺水！
⚠️ 第53天，村民1771食物耗尽！
⚠️ 第53天，村民1771缺水！
⚠️ 第53天，村民1772食物耗尽！
⚠️ 第53天，村民1772缺水！
⚠️ 第53天，村民1773食物耗尽！
⚠️ 第53天，村民1773缺水！
⚠️ 第53天，村民1774食物耗尽！
⚠️ 第53天，村民1774缺水！
⚠️ 第53天，村民1775食物耗尽！
⚠️ 第53天，村民1775缺水！
⚠️ 第53天，村民1776食物耗尽！
⚠️ 第53天，村民1776缺水！
⚠️ 第53天，村民1777食物耗尽！
⚠️ 第53天，村民1777缺水！
⚠️ 第53天，村民1778食物耗尽！
⚠️ 第53天，村民1778缺水！
⚠️ 第53天，村民1779食物耗尽！
⚠️ 第53天，村民1779缺水！
⚠️ 第53天，村民1780食物耗尽！
⚠️ 第53天，村民1780缺水！
⚠️ 第53天，村民1781食物耗尽！
⚠️ 第53天，村民1781缺水！
⚠️ 第53天，村民1782食物耗尽！
⚠️ 第53天，村民1782缺水！
⚠️ 第53天，村民1783食物耗尽！
⚠️ 第53天，村民1783缺水！
⚠️ 第53天，村民1784食物耗尽！
⚠️ 第53天，村民1784缺水！
⚠️ 第53天，村民1785食物耗尽！
⚠️ 第53天，村民1785缺水！
⚠️ 第53天，村民1786食物耗尽！
⚠️ 第53天，村民1786缺水！
⚠️ 第53天，村民1787食物耗尽！
⚠️ 第53天，村民1787缺水！
⚠️ 第53天，村民1788食物耗尽！
⚠️ 第53天，村民1788缺水！
⚠️ 第53天，村民1789食物耗尽！
⚠️ 第53天，村民1789缺水！
⚠️ 第53天，村民1790食物耗尽！
⚠️ 第53天，村民1790缺水！
⚠️ 第53天，村民1791食物耗尽！
⚠️ 第53天，村民1791缺水！
⚠️ 第53天，村民1792食物耗尽！
⚠️ 第53天，村民1792缺水！
⚠️ 第53天，村民1793食物耗尽！
⚠️ 第53天，村民1793缺水！
⚠️ 第53天，村民1794食物耗尽！
⚠️ 第53天，村民1794缺水！
⚠️ 第53天，村民1795食物耗尽！
⚠️ 第53天，村民1795缺水！
⚠️ 第53天，村民1796食物耗尽！
⚠️ 第53天，村民1796缺水！
⚠️ 第53天，村民1797食物耗尽！
⚠️ 第53天，村民1797缺水！
⚠️ 第53天，村民1798食物耗尽！
⚠️ 第53天，村民1798缺水！
⚠️ 第53天，村民1799食物耗尽！
⚠️ 第53天，村民1799缺水！
⚠️ 第53天，村民1800食物耗尽！
⚠️ 第53天，村民1800缺水！
⚠️ 第53天，村民1801食物耗尽！
⚠️ 第53天，村民1801缺水！
⚠️ 第53天，村民1802食物耗尽！
⚠️ 第53天，村民1802缺水！
⚠️ 第53天，村民1803食物耗尽！
⚠️ 第53天，村民1803缺水！
⚠️ 第53天，村民1804食物耗尽！
⚠️ 第53天，村民1804缺水！
⚠️ 第53天，村民1805食物耗尽！
⚠️ 第53天，村民1805缺水！
⚠️ 第53天，村民1806食物耗尽！
⚠️ 第53天，村民1806缺水！
⚠️ 第53天，村民1807食物耗尽！
⚠️ 第53天，村民1807缺水！
⚠️ 第53天，村民1808食物耗尽！
⚠️ 第53天，村民1808缺水！
⚠️ 第53天，村民1809食物耗尽！
⚠️ 第53天，村民1809缺水！
⚠️ 第53天，村民1810食物耗尽！
⚠️ 第53天，村民1810缺水！
⚠️ 第53天，村民1811食物耗尽！
⚠️ 第53天，村民1811缺水！
⚠️ 第53天，村民1812食物耗尽！
⚠️ 第53天，村民1812缺水！
⚠️ 第53天，村民1813食物耗尽！
⚠️ 第53天，村民1813缺水！
⚠️ 第53天，村民1814食物耗尽！
⚠️ 第53天，村民1814缺水！
⚠️ 第53天，村民1815食物耗尽！
⚠️ 第53天，村民1815缺水！
⚠️ 第53天，村民1816食物耗尽！
⚠️ 第53天，村民1816缺水！
⚠️ 第53天，村民1817食物耗尽！
⚠️ 第53天，村民1817缺水！
⚠️ 第53天，村民1818食物耗尽！
⚠️ 第53天，村民1818缺水！
⚠️ 第53天，村民1819食物耗尽！
⚠️ 第53天，村民1819缺水！
⚠️ 第53天，村民1820食物耗尽！
⚠️ 第53天，村民1820缺水！
⚠️ 第53天，村民1821食物耗尽！
⚠️ 第53天，村民1821缺水！
⚠️ 第53天，村民1822食物耗尽！
⚠️ 第53天，村民1822缺水！
⚠️ 第53天，村民1823食物耗尽！
⚠️ 第53天，村民1823缺水！
⚠️ 第53天，村民1824食物耗尽！
⚠️ 第53天，村民1824缺水！
⚠️ 第53天，村民1825食物耗尽！
⚠️ 第53天，村民1825缺水！
⚠️ 第53天，村民1826食物耗尽！
⚠️ 第53天，村民1826缺水！
⚠️ 第53天，村民1827食物耗尽！
⚠️ 第53天，村民1827缺水！
⚠️ 第53天，村民1828食物耗尽！
⚠️ 第53天，村民1828缺水！
⚠️ 第53天，村民1829食物耗尽！
⚠️ 第53天，村民1829缺水！
⚠️ 第53天，村民1830食物耗尽！
⚠️ 第53天，村民1830缺水！
⚠️ 第53天，村民1831食物耗尽！
⚠️ 第53天，村民1831缺水！
⚠️ 第53天，村民1832食物耗尽！
⚠️ 第53天，村民1832缺水！
⚠️ 第53天，村民1833食物耗尽！
⚠️ 第53天，村民1833缺水！
⚠️ 第53天，村民1834食物耗尽！
⚠️ 第53天，村民1834缺水！
⚠️ 第53天，村民1835食物耗尽！
⚠️ 第53天，村民1835缺水！
⚠️ 第53天，村民1836食物耗尽！
⚠️ 第53天，村民1836缺水！
⚠️ 第53天，村民1837食物耗尽！
⚠️ 第53天，村民1837缺水！
⚠️ 第53天，村民1838食物耗尽！
⚠️ 第53天，村民1838缺水！
⚠️ 第53天，村民1839食物耗尽！
⚠️ 第53天，村民1839缺水！
⚠️ 第53天，村民1840食物耗尽！
⚠️ 第53天，村民1840缺水！
⚠️ 第53天，村民1841食物耗尽！
⚠️ 第53天，村民1841缺水！
⚠️ 第53天，村民1842食物耗尽！
⚠️ 第53天，村民1842缺水！
⚠️ 第53天，村民1843食物耗尽！
⚠️ 第53天，村民1843缺水！
⚠️ 第53天，村民1844食物耗尽！
⚠️ 第53天，村民1844缺水！
⚠️ 第53天，村民1845食物耗尽！
⚠️ 第53天，村民1845缺水！
⚠️ 第53天，村民1846食物耗尽！
⚠️ 第53天，村民1846缺水！
⚠️ 第53天，村民1847食物耗尽！
⚠️ 第53天，村民1847缺水！
⚠️ 第53天，村民1848食物耗尽！
⚠️ 第53天，村民1848缺水！
⚠️ 第53天，村民1849食物耗尽！
⚠️ 第53天，村民1849缺水！
⚠️ 第53天，村民1850食物耗尽！
⚠️ 第53天，村民1850缺水！
⚠️ 第53天，村民1851食物耗尽！
⚠️ 第53天，村民1851缺水！
⚠️ 第53天，村民1852食物耗尽！
⚠️ 第53天，村民1852缺水！
⚠️ 第53天，村民1853食物耗尽！
⚠️ 第53天，村民1853缺水！
⚠️ 第53天，村民1854食物耗尽！
⚠️ 第53天，村民1854缺水！
⚠️ 第53天，村民1855食物耗尽！
⚠️ 第53天，村民1855缺水！
⚠️ 第53天，村民1856食物耗尽！
⚠️ 第53天，村民1856缺水！
⚠️ 第53天，村民1857食物耗尽！
⚠️ 第53天，村民1857缺水！
⚠️ 第53天，村民1858食物耗尽！
⚠️ 第53天，村民1858缺水！
⚠️ 第53天，村民1859食物耗尽！
⚠️ 第53天，村民1859缺水！
⚠️ 第53天，村民1860食物耗尽！
⚠️ 第53天，村民1860缺水！
⚠️ 第53天，村民1861食物耗尽！
⚠️ 第53天，村民1861缺水！
⚠️ 第53天，村民1862食物耗尽！
⚠️ 第53天，村民1862缺水！
⚠️ 第53天，村民1863食物耗尽！
⚠️ 第53天，村民1863缺水！
⚠️ 第53天，村民1864食物耗尽！
⚠️ 第53天，村民1864缺水！
⚠️ 第53天，村民1865食物耗尽！
⚠️ 第53天，村民1865缺水！
⚠️ 第53天，村民1866食物耗尽！
⚠️ 第53天，村民1866缺水！
⚠️ 第53天，村民1867食物耗尽！
⚠️ 第53天，村民1867缺水！
⚠️ 第53天，村民1868食物耗尽！
⚠️ 第53天，村民1868缺水！
⚠️ 第53天，村民1869食物耗尽！
⚠️ 第53天，村民1869缺水！
⚠️ 第53天，村民1870食物耗尽！
⚠️ 第53天，村民1870缺水！
⚠️ 第53天，村民1871食物耗尽！
⚠️ 第53天，村民1871缺水！
⚠️ 第53天，村民1872食物耗尽！
⚠️ 第53天，村民1872缺水！
⚠️ 第53天，村民1873食物耗尽！
⚠️ 第53天，村民1873缺水！
⚠️ 第53天，村民1874食物耗尽！
⚠️ 第53天，村民1874缺水！
⚠️ 第53天，村民1875食物耗尽！
⚠️ 第53天，村民1875缺水！
⚠️ 第53天，村民1876食物耗尽！
⚠️ 第53天，村民1876缺水！
⚠️ 第53天，村民1877食物耗尽！
⚠️ 第53天，村民1877缺水！
⚠️ 第53天，村民1878食物耗尽！
⚠️ 第53天，村民1878缺水！
⚠️ 第53天，村民1879食物耗尽！
⚠️ 第53天，村民1879缺水！
⚠️ 第53天，村民1880食物耗尽！
⚠️ 第53天，村民1880缺水！
⚠️ 第53天，村民1881食物耗尽！
⚠️ 第53天，村民1881缺水！
⚠️ 第53天，村民1882食物耗尽！
⚠️ 第53天，村民1882缺水！
⚠️ 第53天，村民1883食物耗尽！
⚠️ 第53天，村民1883缺水！
⚠️ 第53天，村民1884食物耗尽！
⚠️ 第53天，村民1884缺水！
⚠️ 第53天，村民1885食物耗尽！
⚠️ 第53天，村民1885缺水！
⚠️ 第53天，村民1886食物耗尽！
⚠️ 第53天，村民1886缺水！
⚠️ 第53天，村民1887食物耗尽！
⚠️ 第53天，村民1887缺水！
⚠️ 第53天，村民1888食物耗尽！
⚠️ 第53天，村民1888缺水！
⚠️ 第53天，村民1889食物耗尽！
⚠️ 第53天，村民1889缺水！
⚠️ 第53天，村民1890食物耗尽！
⚠️ 第53天，村民1890缺水！
⚠️ 第53天，村民1891食物耗尽！
⚠️ 第53天，村民1891缺水！
⚠️ 第53天，村民1892食物耗尽！
⚠️ 第53天，村民1892缺水！
⚠️ 第53天，村民1893食物耗尽！
⚠️ 第53天，村民1893缺水！
⚠️ 第53天，村民1894食物耗尽！
⚠️ 第53天，村民1894缺水！
⚠️ 第53天，村民1895食物耗尽！
⚠️ 第53天，村民1895缺水！
⚠️ 第53天，村民1896食物耗尽！
⚠️ 第53天，村民1896缺水！
⚠️ 第53天，村民1897食物耗尽！
⚠️ 第53天，村民1897缺水！
⚠️ 第53天，村民1898食物耗尽！
⚠️ 第53天，村民1898缺水！
⚠️ 第53天，村民1899食物耗尽！
⚠️ 第53天，村民1899缺水！
⚠️ 第53天，村民1900食物耗尽！
⚠️ 第53天，村民1900缺水！
⚠️ 第53天，村民1901食物耗尽！
⚠️ 第53天，村民1901缺水！
⚠️ 第53天，村民1902食物耗尽！
⚠️ 第53天，村民1902缺水！
⚠️ 第53天，村民1903食物耗尽！
⚠️ 第53天，村民1903缺水！
⚠️ 第53天，村民1904食物耗尽！
⚠️ 第53天，村民1904缺水！
⚠️ 第53天，村民1905食物耗尽！
⚠️ 第53天，村民1905缺水！
⚠️ 第53天，村民1906食物耗尽！
⚠️ 第53天，村民1906缺水！
⚠️ 第53天，村民1907食物耗尽！
⚠️ 第53天，村民1907缺水！
⚠️ 第53天，村民1908食物耗尽！
⚠️ 第53天，村民1908缺水！
⚠️ 第53天，村民1909食物耗尽！
⚠️ 第53天，村民1909缺水！
⚠️ 第53天，村民1910食物耗尽！
⚠️ 第53天，村民1910缺水！
⚠️ 第53天，村民1911食物耗尽！
⚠️ 第53天，村民1911缺水！
⚠️ 第53天，村民1912食物耗尽！
⚠️ 第53天，村民1912缺水！
⚠️ 第53天，村民1913食物耗尽！
⚠️ 第53天，村民1913缺水！
⚠️ 第53天，村民1914食物耗尽！
⚠️ 第53天，村民1914缺水！
⚠️ 第53天，村民1915食物耗尽！
⚠️ 第53天，村民1915缺水！
⚠️ 第53天，村民1916食物耗尽！
⚠️ 第53天，村民1916缺水！
⚠️ 第53天，村民1917食物耗尽！
⚠️ 第53天，村民1917缺水！
⚠️ 第53天，村民1918食物耗尽！
⚠️ 第53天，村民1918缺水！
⚠️ 第53天，村民1919食物耗尽！
⚠️ 第53天，村民1919缺水！
⚠️ 第53天，村民1920食物耗尽！
⚠️ 第53天，村民1920缺水！
⚠️ 第53天，村民1921食物耗尽！
⚠️ 第53天，村民1921缺水！
⚠️ 第53天，村民1922食物耗尽！
⚠️ 第53天，村民1922缺水！
⚠️ 第53天，村民1923食物耗尽！
⚠️ 第53天，村民1923缺水！
⚠️ 第53天，村民1924食物耗尽！
⚠️ 第53天，村民1924缺水！
⚠️ 第53天，村民1925食物耗尽！
⚠️ 第53天，村民1925缺水！
⚠️ 第53天，村民1926食物耗尽！
⚠️ 第53天，村民1926缺水！
⚠️ 第53天，村民1927食物耗尽！
⚠️ 第53天，村民1927缺水！
⚠️ 第53天，村民1928食物耗尽！
⚠️ 第53天，村民1928缺水！
⚠️ 第53天，村民1929食物耗尽！
⚠️ 第53天，村民1929缺水！
⚠️ 第53天，村民1930食物耗尽！
⚠️ 第53天，村民1930缺水！
⚠️ 第53天，村民1931食物耗尽！
⚠️ 第53天，村民1931缺水！
⚠️ 第53天，村民1932食物耗尽！
⚠️ 第53天，村民1932缺水！
⚠️ 第53天，村民1933食物耗尽！
⚠️ 第53天，村民1933缺水！
⚠️ 第53天，村民1934食物耗尽！
⚠️ 第53天，村民1934缺水！
⚠️ 第53天，村民1935食物耗尽！
⚠️ 第53天，村民1935缺水！
⚠️ 第53天，村民1936食物耗尽！
⚠️ 第53天，村民1936缺水！
⚠️ 第53天，村民1937食物耗尽！
⚠️ 第53天，村民1937缺水！
⚠️ 第53天，村民1938食物耗尽！
⚠️ 第53天，村民1938缺水！
⚠️ 第53天，村民1939食物耗尽！
⚠️ 第53天，村民1939缺水！
⚠️ 第53天，村民1940食物耗尽！
⚠️ 第53天，村民1940缺水！
⚠️ 第53天，村民1941食物耗尽！
⚠️ 第53天，村民1941缺水！
⚠️ 第53天，村民1942食物耗尽！
⚠️ 第53天，村民1942缺水！
⚠️ 第53天，村民1943食物耗尽！
⚠️ 第53天，村民1943缺水！
⚠️ 第53天，村民1944食物耗尽！
⚠️ 第53天，村民1944缺水！
⚠️ 第53天，村民1945食物耗尽！
⚠️ 第53天，村民1945缺水！
⚠️ 第53天，村民1946食物耗尽！
⚠️ 第53天，村民1946缺水！
⚠️ 第53天，村民1947食物耗尽！
⚠️ 第53天，村民1947缺水！
⚠️ 第53天，村民1948食物耗尽！
⚠️ 第53天，村民1948缺水！
⚠️ 第53天，村民1949食物耗尽！
⚠️ 第53天，村民1949缺水！
⚠️ 第53天，村民1950食物耗尽！
⚠️ 第53天，村民1950缺水！
⚠️ 第53天，村民1951食物耗尽！
⚠️ 第53天，村民1951缺水！
⚠️ 第53天，村民1952食物耗尽！
⚠️ 第53天，村民1952缺水！
⚠️ 第53天，村民1953食物耗尽！
⚠️ 第53天，村民1953缺水！
⚠️ 第53天，村民1954食物耗尽！
⚠️ 第53天，村民1954缺水！
⚠️ 第53天，村民1955食物耗尽！
⚠️ 第53天，村民1955缺水！
⚠️ 第53天，村民1956食物耗尽！
⚠️ 第53天，村民1956缺水！
⚠️ 第53天，村民1957食物耗尽！
⚠️ 第53天，村民1957缺水！
⚠️ 第53天，村民1958食物耗尽！
⚠️ 第53天，村民1958缺水！
⚠️ 第53天，村民1959食物耗尽！
⚠️ 第53天，村民1959缺水！
⚠️ 第53天，村民1960食物耗尽！
⚠️ 第53天，村民1960缺水！
⚠️ 第53天，村民1961食物耗尽！
⚠️ 第53天，村民1961缺水！
⚠️ 第53天，村民1962食物耗尽！
⚠️ 第53天，村民1962缺水！
⚠️ 第53天，村民1963食物耗尽！
⚠️ 第53天，村民1963缺水！
⚠️ 第53天，村民1964食物耗尽！
⚠️ 第53天，村民1964缺水！
⚠️ 第53天，村民1965食物耗尽！
⚠️ 第53天，村民1965缺水！
⚠️ 第53天，村民1966食物耗尽！
⚠️ 第53天，村民1966缺水！
⚠️ 第53天，村民1967食物耗尽！
⚠️ 第53天，村民1967缺水！
⚠️ 第53天，村民1968食物耗尽！
⚠️ 第53天，村民1968缺水！
⚠️ 第53天，村民1969食物耗尽！
⚠️ 第53天，村民1969缺水！
⚠️ 第53天，村民1970食物耗尽！
⚠️ 第53天，村民1970缺水！
⚠️ 第53天，村民1971食物耗尽！
⚠️ 第53天，村民1971缺水！
⚠️ 第53天，村民1972食物耗尽！
⚠️ 第53天，村民1972缺水！
⚠️ 第53天，村民1973食物耗尽！
⚠️ 第53天，村民1973缺水！
⚠️ 第53天，村民1974食物耗尽！
⚠️ 第53天，村民1974缺水！
⚠️ 第53天，村民1975食物耗尽！
⚠️ 第53天，村民1975缺水！
⚠️ 第53天，村民1976食物耗尽！
⚠️ 第53天，村民1976缺水！
⚠️ 第53天，村民1977食物耗尽！
⚠️ 第53天，村民1977缺水！
⚠️ 第53天，村民1978食物耗尽！
⚠️ 第53天，村民1978缺水！
⚠️ 第53天，村民1979食物耗尽！
⚠️ 第53天，村民1979缺水！
⚠️ 第53天，村民1980食物耗尽！
⚠️ 第53天，村民1980缺水！
⚠️ 第53天，村民1981食物耗尽！
⚠️ 第53天，村民1981缺水！
⚠️ 第53天，村民1982食物耗尽！
⚠️ 第53天，村民1982缺水！
⚠️ 第53天，村民1983食物耗尽！
⚠️ 第53天，村民1983缺水！
⚠️ 第53天，村民1984食物耗尽！
⚠️ 第53天，村民1984缺水！
⚠️ 第53天，村民1985食物耗尽！
⚠️ 第53天，村民1985缺水！
⚠️ 第53天，村民1986食物耗尽！
⚠️ 第53天，村民1986缺水！
⚠️ 第53天，村民1987食物耗尽！
⚠️ 第53天，村民1987缺水！
⚠️ 第53天，村民1988食物耗尽！
⚠️ 第53天，村民1988缺水！
⚠️ 第53天，村民1989食物耗尽！
⚠️ 第53天，村民1989缺水！
⚠️ 第53天，村民1990食物耗尽！
⚠️ 第53天，村民1990缺水！
⚠️ 第53天，村民1991食物耗尽！
⚠️ 第53天，村民1991缺水！
⚠️ 第53天，村民1992食物耗尽！
⚠️ 第53天，村民1992缺水！
⚠️ 第53天，村民1993食物耗尽！
⚠️ 第53天，村民1993缺水！
⚠️ 第53天，村民1994食物耗尽！
⚠️ 第53天，村民1994缺水！
⚠️ 第53天，村民1995食物耗尽！
⚠️ 第53天，村民1995缺水！
⚠️ 第53天，村民1996食物耗尽！
⚠️ 第53天，村民1996缺水！
⚠️ 第53天，村民1997食物耗尽！
⚠️ 第53天，村民1997缺水！
⚠️ 第53天，村民1998食物耗尽！
⚠️ 第53天，村民1998缺水！
⚠️ 第53天，村民1999食物耗尽！
⚠️ 第53天，村民1999缺水！
⚠️ 第53天，村民2000食物耗尽！
⚠️ 第53天，村民2000缺水！
📊 第54天结束：当前村庄共有 2000 人存活。
⚠️ 第54天，村民1食物耗尽！
⚠️ 第54天，村民1缺水！
⚠️ 第54天，村民2食物耗尽！
⚠️ 第54天，村民2缺水！
⚠️ 第54天，村民3食物耗尽！
⚠️ 第54天，村民3缺水！
⚠️ 第54天，村民4食物耗尽！
⚠️ 第54天，村民4缺水！
⚠️ 第54天，村民5食物耗尽！
⚠️ 第54天，村民5缺水！
⚠️ 第54天，村民6食物耗尽！
⚠️ 第54天，村民6缺水！
⚠️ 第54天，村民7食物耗尽！
⚠️ 第54天，村民7缺水！
⚠️ 第54天，村民8食物耗尽！
⚠️ 第54天，村民8缺水！
⚠️ 第54天，村民9食物耗尽！
⚠️ 第54天，村民9缺水！
⚠️ 第54天，村民10食物耗尽！
⚠️ 第54天，村民10缺水！
⚠️ 第54天，村民11食物耗尽！
⚠️ 第54天，村民11缺水！
⚠️ 第54天，村民12食物耗尽！
⚠️ 第54天，村民12缺水！
⚠️ 第54天，村民13食物耗尽！
⚠️ 第54天，村民13缺水！
⚠️ 第54天，村民14食物耗尽！
⚠️ 第54天，村民14缺水！
⚠️ 第54天，村民15食物耗尽！
⚠️ 第54天，村民15缺水！
⚠️ 第54天，村民16食物耗尽！
⚠️ 第54天，村民16缺水！
⚠️ 第54天，村民17食物耗尽！
⚠️ 第54天，村民17缺水！
⚠️ 第54天，村民18食物耗尽！
⚠️ 第54天，村民18缺水！
⚠️ 第54天，村民19食物耗尽！
⚠️ 第54天，村民19缺水！
⚠️ 第54天，村民20食物耗尽！
⚠️ 第54天，村民20缺水！
⚠️ 第54天，村民21食物耗尽！
⚠️ 第54天，村民21缺水！
⚠️ 第54天，村民22食物耗尽！
⚠️ 第54天，村民22缺水！
⚠️ 第54天，村民23食物耗尽！
⚠️ 第54天，村民23缺水！
⚠️ 第54天，村民24食物耗尽！
⚠️ 第54天，村民24缺水！
⚠️ 第54天，村民25食物耗尽！
⚠️ 第54天，村民25缺水！
⚠️ 第54天，村民26食物耗尽！
⚠️ 第54天，村民26缺水！
⚠️ 第54天，村民27食物耗尽！
⚠️ 第54天，村民27缺水！
⚠️ 第54天，村民28食物耗尽！
⚠️ 第54天，村民28缺水！
⚠️ 第54天，村民29食物耗尽！
⚠️ 第54天，村民29缺水！
⚠️ 第54天，村民30食物耗尽！
⚠️ 第54天，村民30缺水！
⚠️ 第54天，村民31食物耗尽！
⚠️ 第54天，村民31缺水！
⚠️ 第54天，村民32食物耗尽！
⚠️ 第54天，村民32缺水！
⚠️ 第54天，村民33食物耗尽！
⚠️ 第54天，村民33缺水！
⚠️ 第54天，村民34食物耗尽！
⚠️ 第54天，村民34缺水！
⚠️ 第54天，村民35食物耗尽！
⚠️ 第54天，村民35缺水！
⚠️ 第54天，村民36食物耗尽！
⚠️ 第54天，村民36缺水！
⚠️ 第54天，村民37食物耗尽！
⚠️ 第54天，村民37缺水！
⚠️ 第54天，村民38食物耗尽！
⚠️ 第54天，村民38缺水！
⚠️ 第54天，村民39食物耗尽！
⚠️ 第54天，村民39缺水！
⚠️ 第54天，村民40食物耗尽！
⚠️ 第54天，村民40缺水！
⚠️ 第54天，村民41食物耗尽！
⚠️ 第54天，村民41缺水！
⚠️ 第54天，村民42食物耗尽！
⚠️ 第54天，村民42缺水！
⚠️ 第54天，村民43食物耗尽！
⚠️ 第54天，村民43缺水！
⚠️ 第54天，村民44食物耗尽！
⚠️ 第54天，村民44缺水！
⚠️ 第54天，村民45食物耗尽！
⚠️ 第54天，村民45缺水！
⚠️ 第54天，村民46食物耗尽！
⚠️ 第54天，村民46缺水！
⚠️ 第54天，村民47食物耗尽！
⚠️ 第54天，村民47缺水！
⚠️ 第54天，村民48食物耗尽！
⚠️ 第54天，村民48缺水！
⚠️ 第54天，村民49食物耗尽！
⚠️ 第54天，村民49缺水！
⚠️ 第54天，村民50食物耗尽！
⚠️ 第54天，村民50缺水！
⚠️ 第54天，村民51食物耗尽！
⚠️ 第54天，村民51缺水！
⚠️ 第54天，村民52食物耗尽！
⚠️ 第54天，村民52缺水！
⚠️ 第54天，村民53食物耗尽！
⚠️ 第54天，村民53缺水！
⚠️ 第54天，村民54食物耗尽！
⚠️ 第54天，村民54缺水！
⚠️ 第54天，村民55食物耗尽！
⚠️ 第54天，村民55缺水！
⚠️ 第54天，村民56食物耗尽！
⚠️ 第54天，村民56缺水！
⚠️ 第54天，村民57食物耗尽！
⚠️ 第54天，村民57缺水！
⚠️ 第54天，村民58食物耗尽！
⚠️ 第54天，村民58缺水！
⚠️ 第54天，村民59食物耗尽！
⚠️ 第54天，村民59缺水！
⚠️ 第54天，村民60食物耗尽！
⚠️ 第54天，村民60缺水！
⚠️ 第54天，村民61食物耗尽！
⚠️ 第54天，村民61缺水！
⚠️ 第54天，村民62食物耗尽！
⚠️ 第54天，村民62缺水！
⚠️ 第54天，村民63食物耗尽！
⚠️ 第54天，村民63缺水！
⚠️ 第54天，村民64食物耗尽！
⚠️ 第54天，村民64缺水！
⚠️ 第54天，村民65食物耗尽！
⚠️ 第54天，村民65缺水！
⚠️ 第54天，村民66食物耗尽！
⚠️ 第54天，村民66缺水！
⚠️ 第54天，村民67食物耗尽！
⚠️ 第54天，村民67缺水！
⚠️ 第54天，村民68食物耗尽！
⚠️ 第54天，村民68缺水！
⚠️ 第54天，村民69食物耗尽！
⚠️ 第54天，村民69缺水！
⚠️ 第54天，村民70食物耗尽！
⚠️ 第54天，村民70缺水！
⚠️ 第54天，村民71食物耗尽！
⚠️ 第54天，村民71缺水！
⚠️ 第54天，村民72食物耗尽！
⚠️ 第54天，村民72缺水！
⚠️ 第54天，村民73食物耗尽！
⚠️ 第54天，村民73缺水！
⚠️ 第54天，村民74食物耗尽！
⚠️ 第54天，村民74缺水！
⚠️ 第54天，村民75食物耗尽！
⚠️ 第54天，村民75缺水！
⚠️ 第54天，村民76食物耗尽！
⚠️ 第54天，村民76缺水！
⚠️ 第54天，村民77食物耗尽！
⚠️ 第54天，村民77缺水！
⚠️ 第54天，村民78食物耗尽！
⚠️ 第54天，村民78缺水！
⚠️ 第54天，村民79食物耗尽！
⚠️ 第54天，村民79缺水！
⚠️ 第54天，村民80食物耗尽！
⚠️ 第54天，村民80缺水！
⚠️ 第54天，村民81食物耗尽！
⚠️ 第54天，村民81缺水！
⚠️ 第54天，村民82食物耗尽！
⚠️ 第54天，村民82缺水！
⚠️ 第54天，村民83食物耗尽！
⚠️ 第54天，村民83缺水！
⚠️ 第54天，村民84食物耗尽！
⚠️ 第54天，村民84缺水！
⚠️ 第54天，村民85食物耗尽！
⚠️ 第54天，村民85缺水！
⚠️ 第54天，村民86食物耗尽！
⚠️ 第54天，村民86缺水！
⚠️ 第54天，村民87食物耗尽！
⚠️ 第54天，村民87缺水！
⚠️ 第54天，村民88食物耗尽！
⚠️ 第54天，村民88缺水！
⚠️ 第54天，村民89食物耗尽！
⚠️ 第54天，村民89缺水！
⚠️ 第54天，村民90食物耗尽！
⚠️ 第54天，村民90缺水！
⚠️ 第54天，村民91食物耗尽！
⚠️ 第54天，村民91缺水！
⚠️ 第54天，村民92食物耗尽！
⚠️ 第54天，村民92缺水！
⚠️ 第54天，村民93食物耗尽！
⚠️ 第54天，村民93缺水！
⚠️ 第54天，村民94食物耗尽！
⚠️ 第54天，村民94缺水！
⚠️ 第54天，村民95食物耗尽！
⚠️ 第54天，村民95缺水！
⚠️ 第54天，村民96食物耗尽！
⚠️ 第54天，村民96缺水！
⚠️ 第54天，村民97食物耗尽！
⚠️ 第54天，村民97缺水！
⚠️ 第54天，村民98食物耗尽！
⚠️ 第54天，村民98缺水！
⚠️ 第54天，村民99食物耗尽！
⚠️ 第54天，村民99缺水！
⚠️ 第54天，村民100食物耗尽！
⚠️ 第54天，村民100缺水！
⚠️ 第54天，村民101食物耗尽！
⚠️ 第54天，村民101缺水！
⚠️ 第54天，村民102食物耗尽！
⚠️ 第54天，村民102缺水！
⚠️ 第54天，村民103食物耗尽！
⚠️ 第54天，村民103缺水！
⚠️ 第54天，村民104食物耗尽！
⚠️ 第54天，村民104缺水！
⚠️ 第54天，村民105食物耗尽！
⚠️ 第54天，村民105缺水！
⚠️ 第54天，村民106食物耗尽！
⚠️ 第54天，村民106缺水！
⚠️ 第54天，村民107食物耗尽！
⚠️ 第54天，村民107缺水！
⚠️ 第54天，村民108食物耗尽！
⚠️ 第54天，村民108缺水！
⚠️ 第54天，村民109食物耗尽！
⚠️ 第54天，村民109缺水！
⚠️ 第54天，村民110食物耗尽！
⚠️ 第54天，村民110缺水！
⚠️ 第54天，村民111食物耗尽！
⚠️ 第54天，村民111缺水！
⚠️ 第54天，村民112食物耗尽！
⚠️ 第54天，村民112缺水！
⚠️ 第54天，村民113食物耗尽！
⚠️ 第54天，村民113缺水！
⚠️ 第54天，村民114食物耗尽！
⚠️ 第54天，村民114缺水！
⚠️ 第54天，村民115食物耗尽！
⚠️ 第54天，村民115缺水！
⚠️ 第54天，村民116食物耗尽！
⚠️ 第54天，村民116缺水！
⚠️ 第54天，村民117食物耗尽！
⚠️ 第54天，村民117缺水！
⚠️ 第54天，村民118食物耗尽！
⚠️ 第54天，村民118缺水！
⚠️ 第54天，村民119食物耗尽！
⚠️ 第54天，村民119缺水！
⚠️ 第54天，村民120食物耗尽！
⚠️ 第54天，村民120缺水！
⚠️ 第54天，村民121食物耗尽！
⚠️ 第54天，村民121缺水！
⚠️ 第54天，村民122食物耗尽！
⚠️ 第54天，村民122缺水！
⚠️ 第54天，村民123食物耗尽！
⚠️ 第54天，村民123缺水！
⚠️ 第54天，村民124食物耗尽！
⚠️ 第54天，村民124缺水！
⚠️ 第54天，村民125食物耗尽！
⚠️ 第54天，村民125缺水！
⚠️ 第54天，村民126食物耗尽！
⚠️ 第54天，村民126缺水！
⚠️ 第54天，村民127食物耗尽！
⚠️ 第54天，村民127缺水！
⚠️ 第54天，村民128食物耗尽！
⚠️ 第54天，村民128缺水！
⚠️ 第54天，村民129食物耗尽！
⚠️ 第54天，村民129缺水！
⚠️ 第54天，村民130食物耗尽！
⚠️ 第54天，村民130缺水！
⚠️ 第54天，村民131食物耗尽！
⚠️ 第54天，村民131缺水！
⚠️ 第54天，村民132食物耗尽！
⚠️ 第54天，村民132缺水！
⚠️ 第54天，村民133食物耗尽！
⚠️ 第54天，村民133缺水！
⚠️ 第54天，村民134食物耗尽！
⚠️ 第54天，村民134缺水！
⚠️ 第54天，村民135食物耗尽！
⚠️ 第54天，村民135缺水！
⚠️ 第54天，村民136食物耗尽！
⚠️ 第54天，村民136缺水！
⚠️ 第54天，村民137食物耗尽！
⚠️ 第54天，村民137缺水！
⚠️ 第54天，村民138食物耗尽！
⚠️ 第54天，村民138缺水！
⚠️ 第54天，村民139食物耗尽！
⚠️ 第54天，村民139缺水！
⚠️ 第54天，村民140食物耗尽！
⚠️ 第54天，村民140缺水！
⚠️ 第54天，村民141食物耗尽！
⚠️ 第54天，村民141缺水！
⚠️ 第54天，村民142食物耗尽！
⚠️ 第54天，村民142缺水！
⚠️ 第54天，村民143食物耗尽！
⚠️ 第54天，村民143缺水！
⚠️ 第54天，村民144食物耗尽！
⚠️ 第54天，村民144缺水！
⚠️ 第54天，村民145食物耗尽！
⚠️ 第54天，村民145缺水！
⚠️ 第54天，村民146食物耗尽！
⚠️ 第54天，村民146缺水！
⚠️ 第54天，村民147食物耗尽！
⚠️ 第54天，村民147缺水！
⚠️ 第54天，村民148食物耗尽！
⚠️ 第54天，村民148缺水！
⚠️ 第54天，村民149食物耗尽！
⚠️ 第54天，村民149缺水！
⚠️ 第54天，村民150食物耗尽！
⚠️ 第54天，村民150缺水！
⚠️ 第54天，村民151食物耗尽！
⚠️ 第54天，村民151缺水！
⚠️ 第54天，村民152食物耗尽！
⚠️ 第54天，村民152缺水！
⚠️ 第54天，村民153食物耗尽！
⚠️ 第54天，村民153缺水！
⚠️ 第54天，村民154食物耗尽！
⚠️ 第54天，村民154缺水！
⚠️ 第54天，村民155食物耗尽！
⚠️ 第54天，村民155缺水！
⚠️ 第54天，村民156食物耗尽！
⚠️ 第54天，村民156缺水！
⚠️ 第54天，村民157食物耗尽！
⚠️ 第54天，村民157缺水！
⚠️ 第54天，村民158食物耗尽！
⚠️ 第54天，村民158缺水！
⚠️ 第54天，村民159食物耗尽！
⚠️ 第54天，村民159缺水！
⚠️ 第54天，村民160食物耗尽！
⚠️ 第54天，村民160缺水！
⚠️ 第54天，村民161食物耗尽！
⚠️ 第54天，村民161缺水！
⚠️ 第54天，村民162食物耗尽！
⚠️ 第54天，村民162缺水！
⚠️ 第54天，村民163食物耗尽！
⚠️ 第54天，村民163缺水！
⚠️ 第54天，村民164食物耗尽！
⚠️ 第54天，村民164缺水！
⚠️ 第54天，村民165食物耗尽！
⚠️ 第54天，村民165缺水！
⚠️ 第54天，村民166食物耗尽！
⚠️ 第54天，村民166缺水！
⚠️ 第54天，村民167食物耗尽！
⚠️ 第54天，村民167缺水！
⚠️ 第54天，村民168食物耗尽！
⚠️ 第54天，村民168缺水！
⚠️ 第54天，村民169食物耗尽！
⚠️ 第54天，村民169缺水！
⚠️ 第54天，村民170食物耗尽！
⚠️ 第54天，村民170缺水！
⚠️ 第54天，村民171食物耗尽！
⚠️ 第54天，村民171缺水！
⚠️ 第54天，村民172食物耗尽！
⚠️ 第54天，村民172缺水！
⚠️ 第54天，村民173食物耗尽！
⚠️ 第54天，村民173缺水！
⚠️ 第54天，村民174食物耗尽！
⚠️ 第54天，村民174缺水！
⚠️ 第54天，村民175食物耗尽！
⚠️ 第54天，村民175缺水！
⚠️ 第54天，村民176食物耗尽！
⚠️ 第54天，村民176缺水！
⚠️ 第54天，村民177食物耗尽！
⚠️ 第54天，村民177缺水！
⚠️ 第54天，村民178食物耗尽！
⚠️ 第54天，村民178缺水！
⚠️ 第54天，村民179食物耗尽！
⚠️ 第54天，村民179缺水！
⚠️ 第54天，村民180食物耗尽！
⚠️ 第54天，村民180缺水！
⚠️ 第54天，村民181食物耗尽！
⚠️ 第54天，村民181缺水！
⚠️ 第54天，村民182食物耗尽！
⚠️ 第54天，村民182缺水！
⚠️ 第54天，村民183食物耗尽！
⚠️ 第54天，村民183缺水！
⚠️ 第54天，村民184食物耗尽！
⚠️ 第54天，村民184缺水！
⚠️ 第54天，村民185食物耗尽！
⚠️ 第54天，村民185缺水！
⚠️ 第54天，村民186食物耗尽！
⚠️ 第54天，村民186缺水！
⚠️ 第54天，村民187食物耗尽！
⚠️ 第54天，村民187缺水！
⚠️ 第54天，村民188食物耗尽！
⚠️ 第54天，村民188缺水！
⚠️ 第54天，村民189食物耗尽！
⚠️ 第54天，村民189缺水！
⚠️ 第54天，村民190食物耗尽！
⚠️ 第54天，村民190缺水！
⚠️ 第54天，村民191食物耗尽！
⚠️ 第54天，村民191缺水！
⚠️ 第54天，村民192食物耗尽！
⚠️ 第54天，村民192缺水！
⚠️ 第54天，村民193食物耗尽！
⚠️ 第54天，村民193缺水！
⚠️ 第54天，村民194食物耗尽！
⚠️ 第54天，村民194缺水！
⚠️ 第54天，村民195食物耗尽！
⚠️ 第54天，村民195缺水！
⚠️ 第54天，村民196食物耗尽！
⚠️ 第54天，村民196缺水！
⚠️ 第54天，村民197食物耗尽！
⚠️ 第54天，村民197缺水！
⚠️ 第54天，村民198食物耗尽！
⚠️ 第54天，村民198缺水！
⚠️ 第54天，村民199食物耗尽！
⚠️ 第54天，村民199缺水！
⚠️ 第54天，村民200食物耗尽！
⚠️ 第54天，村民200缺水！
⚠️ 第54天，村民201食物耗尽！
⚠️ 第54天，村民201缺水！
⚠️ 第54天，村民202食物耗尽！
⚠️ 第54天，村民202缺水！
⚠️ 第54天，村民203食物耗尽！
⚠️ 第54天，村民203缺水！
⚠️ 第54天，村民204食物耗尽！
⚠️ 第54天，村民204缺水！
⚠️ 第54天，村民205食物耗尽！
⚠️ 第54天，村民205缺水！
⚠️ 第54天，村民206食物耗尽！
⚠️ 第54天，村民206缺水！
⚠️ 第54天，村民207食物耗尽！
⚠️ 第54天，村民207缺水！
⚠️ 第54天，村民208食物耗尽！
⚠️ 第54天，村民208缺水！
⚠️ 第54天，村民209食物耗尽！
⚠️ 第54天，村民209缺水！
⚠️ 第54天，村民210食物耗尽！
⚠️ 第54天，村民210缺水！
⚠️ 第54天，村民211食物耗尽！
⚠️ 第54天，村民211缺水！
⚠️ 第54天，村民212食物耗尽！
⚠️ 第54天，村民212缺水！
⚠️ 第54天，村民213食物耗尽！
⚠️ 第54天，村民213缺水！
⚠️ 第54天，村民214食物耗尽！
⚠️ 第54天，村民214缺水！
⚠️ 第54天，村民215食物耗尽！
⚠️ 第54天，村民215缺水！
⚠️ 第54天，村民216食物耗尽！
⚠️ 第54天，村民216缺水！
⚠️ 第54天，村民217食物耗尽！
⚠️ 第54天，村民217缺水！
⚠️ 第54天，村民218食物耗尽！
⚠️ 第54天，村民218缺水！
⚠️ 第54天，村民219食物耗尽！
⚠️ 第54天，村民219缺水！
⚠️ 第54天，村民220食物耗尽！
⚠️ 第54天，村民220缺水！
⚠️ 第54天，村民221食物耗尽！
⚠️ 第54天，村民221缺水！
⚠️ 第54天，村民222食物耗尽！
⚠️ 第54天，村民222缺水！
⚠️ 第54天，村民223食物耗尽！
⚠️ 第54天，村民223缺水！
⚠️ 第54天，村民224食物耗尽！
⚠️ 第54天，村民224缺水！
⚠️ 第54天，村民225食物耗尽！
⚠️ 第54天，村民225缺水！
⚠️ 第54天，村民226食物耗尽！
⚠️ 第54天，村民226缺水！
⚠️ 第54天，村民227食物耗尽！
⚠️ 第54天，村民227缺水！
⚠️ 第54天，村民228食物耗尽！
⚠️ 第54天，村民228缺水！
⚠️ 第54天，村民229食物耗尽！
⚠️ 第54天，村民229缺水！
⚠️ 第54天，村民230食物耗尽！
⚠️ 第54天，村民230缺水！
⚠️ 第54天，村民231食物耗尽！
⚠️ 第54天，村民231缺水！
⚠️ 第54天，村民232食物耗尽！
⚠️ 第54天，村民232缺水！
⚠️ 第54天，村民233食物耗尽！
⚠️ 第54天，村民233缺水！
⚠️ 第54天，村民234食物耗尽！
⚠️ 第54天，村民234缺水！
⚠️ 第54天，村民235食物耗尽！
⚠️ 第54天，村民235缺水！
⚠️ 第54天，村民236食物耗尽！
⚠️ 第54天，村民236缺水！
⚠️ 第54天，村民237食物耗尽！
⚠️ 第54天，村民237缺水！
⚠️ 第54天，村民238食物耗尽！
⚠️ 第54天，村民238缺水！
⚠️ 第54天，村民239食物耗尽！
⚠️ 第54天，村民239缺水！
⚠️ 第54天，村民240食物耗尽！
⚠️ 第54天，村民240缺水！
⚠️ 第54天，村民241食物耗尽！
⚠️ 第54天，村民241缺水！
⚠️ 第54天，村民242食物耗尽！
⚠️ 第54天，村民242缺水！
⚠️ 第54天，村民243食物耗尽！
⚠️ 第54天，村民243缺水！
⚠️ 第54天，村民244食物耗尽！
⚠️ 第54天，村民244缺水！
⚠️ 第54天，村民245食物耗尽！
⚠️ 第54天，村民245缺水！
⚠️ 第54天，村民246食物耗尽！
⚠️ 第54天，村民246缺水！
⚠️ 第54天，村民247食物耗尽！
⚠️ 第54天，村民247缺水！
⚠️ 第54天，村民248食物耗尽！
⚠️ 第54天，村民248缺水！
⚠️ 第54天，村民249食物耗尽！
⚠️ 第54天，村民249缺水！
⚠️ 第54天，村民250食物耗尽！
⚠️ 第54天，村民250缺水！
⚠️ 第54天，村民251食物耗尽！
⚠️ 第54天，村民251缺水！
⚠️ 第54天，村民252食物耗尽！
⚠️ 第54天，村民252缺水！
⚠️ 第54天，村民253食物耗尽！
⚠️ 第54天，村民253缺水！
⚠️ 第54天，村民254食物耗尽！
⚠️ 第54天，村民254缺水！
⚠️ 第54天，村民255食物耗尽！
⚠️ 第54天，村民255缺水！
⚠️ 第54天，村民256食物耗尽！
⚠️ 第54天，村民256缺水！
⚠️ 第54天，村民257食物耗尽！
⚠️ 第54天，村民257缺水！
⚠️ 第54天，村民258食物耗尽！
⚠️ 第54天，村民258缺水！
⚠️ 第54天，村民259食物耗尽！
⚠️ 第54天，村民259缺水！
⚠️ 第54天，村民260食物耗尽！
⚠️ 第54天，村民260缺水！
⚠️ 第54天，村民261食物耗尽！
⚠️ 第54天，村民261缺水！
⚠️ 第54天，村民262食物耗尽！
⚠️ 第54天，村民262缺水！
⚠️ 第54天，村民263食物耗尽！
⚠️ 第54天，村民263缺水！
⚠️ 第54天，村民264食物耗尽！
⚠️ 第54天，村民264缺水！
⚠️ 第54天，村民265食物耗尽！
⚠️ 第54天，村民265缺水！
⚠️ 第54天，村民266食物耗尽！
⚠️ 第54天，村民266缺水！
⚠️ 第54天，村民267食物耗尽！
⚠️ 第54天，村民267缺水！
⚠️ 第54天，村民268食物耗尽！
⚠️ 第54天，村民268缺水！
⚠️ 第54天，村民269食物耗尽！
⚠️ 第54天，村民269缺水！
⚠️ 第54天，村民270食物耗尽！
⚠️ 第54天，村民270缺水！
⚠️ 第54天，村民271食物耗尽！
⚠️ 第54天，村民271缺水！
⚠️ 第54天，村民272食物耗尽！
⚠️ 第54天，村民272缺水！
⚠️ 第54天，村民273食物耗尽！
⚠️ 第54天，村民273缺水！
⚠️ 第54天，村民274食物耗尽！
⚠️ 第54天，村民274缺水！
⚠️ 第54天，村民275食物耗尽！
⚠️ 第54天，村民275缺水！
⚠️ 第54天，村民276食物耗尽！
⚠️ 第54天，村民276缺水！
⚠️ 第54天，村民277食物耗尽！
⚠️ 第54天，村民277缺水！
⚠️ 第54天，村民278食物耗尽！
⚠️ 第54天，村民278缺水！
⚠️ 第54天，村民279食物耗尽！
⚠️ 第54天，村民279缺水！
⚠️ 第54天，村民280食物耗尽！
⚠️ 第54天，村民280缺水！
⚠️ 第54天，村民281食物耗尽！
⚠️ 第54天，村民281缺水！
⚠️ 第54天，村民282食物耗尽！
⚠️ 第54天，村民282缺水！
⚠️ 第54天，村民283食物耗尽！
⚠️ 第54天，村民283缺水！
⚠️ 第54天，村民284食物耗尽！
⚠️ 第54天，村民284缺水！
⚠️ 第54天，村民285食物耗尽！
⚠️ 第54天，村民285缺水！
⚠️ 第54天，村民286食物耗尽！
⚠️ 第54天，村民286缺水！
⚠️ 第54天，村民287食物耗尽！
⚠️ 第54天，村民287缺水！
⚠️ 第54天，村民288食物耗尽！
⚠️ 第54天，村民288缺水！
⚠️ 第54天，村民289食物耗尽！
⚠️ 第54天，村民289缺水！
⚠️ 第54天，村民290食物耗尽！
⚠️ 第54天，村民290缺水！
⚠️ 第54天，村民291食物耗尽！
⚠️ 第54天，村民291缺水！
⚠️ 第54天，村民292食物耗尽！
⚠️ 第54天，村民292缺水！
⚠️ 第54天，村民293食物耗尽！
⚠️ 第54天，村民293缺水！
⚠️ 第54天，村民294食物耗尽！
⚠️ 第54天，村民294缺水！
⚠️ 第54天，村民295食物耗尽！
⚠️ 第54天，村民295缺水！
⚠️ 第54天，村民296食物耗尽！
⚠️ 第54天，村民296缺水！
⚠️ 第54天，村民297食物耗尽！
⚠️ 第54天，村民297缺水！
⚠️ 第54天，村民298食物耗尽！
⚠️ 第54天，村民298缺水！
⚠️ 第54天，村民299食物耗尽！
⚠️ 第54天，村民299缺水！
⚠️ 第54天，村民300食物耗尽！
⚠️ 第54天，村民300缺水！
⚠️ 第54天，村民301食物耗尽！
⚠️ 第54天，村民301缺水！
⚠️ 第54天，村民302食物耗尽！
⚠️ 第54天，村民302缺水！
⚠️ 第54天，村民303食物耗尽！
⚠️ 第54天，村民303缺水！
⚠️ 第54天，村民304食物耗尽！
⚠️ 第54天，村民304缺水！
⚠️ 第54天，村民305食物耗尽！
⚠️ 第54天，村民305缺水！
⚠️ 第54天，村民306食物耗尽！
⚠️ 第54天，村民306缺水！
⚠️ 第54天，村民307食物耗尽！
⚠️ 第54天，村民307缺水！
⚠️ 第54天，村民308食物耗尽！
⚠️ 第54天，村民308缺水！
⚠️ 第54天，村民309食物耗尽！
⚠️ 第54天，村民309缺水！
⚠️ 第54天，村民310食物耗尽！
⚠️ 第54天，村民310缺水！
⚠️ 第54天，村民311食物耗尽！
⚠️ 第54天，村民311缺水！
⚠️ 第54天，村民312食物耗尽！
⚠️ 第54天，村民312缺水！
⚠️ 第54天，村民313食物耗尽！
⚠️ 第54天，村民313缺水！
⚠️ 第54天，村民314食物耗尽！
⚠️ 第54天，村民314缺水！
⚠️ 第54天，村民315食物耗尽！
⚠️ 第54天，村民315缺水！
⚠️ 第54天，村民316食物耗尽！
⚠️ 第54天，村民316缺水！
⚠️ 第54天，村民317食物耗尽！
⚠️ 第54天，村民317缺水！
⚠️ 第54天，村民318食物耗尽！
⚠️ 第54天，村民318缺水！
⚠️ 第54天，村民319食物耗尽！
⚠️ 第54天，村民319缺水！
⚠️ 第54天，村民320食物耗尽！
⚠️ 第54天，村民320缺水！
⚠️ 第54天，村民321食物耗尽！
⚠️ 第54天，村民321缺水！
⚠️ 第54天，村民322食物耗尽！
⚠️ 第54天，村民322缺水！
⚠️ 第54天，村民323食物耗尽！
⚠️ 第54天，村民323缺水！
⚠️ 第54天，村民324食物耗尽！
⚠️ 第54天，村民324缺水！
⚠️ 第54天，村民325食物耗尽！
⚠️ 第54天，村民325缺水！
⚠️ 第54天，村民326食物耗尽！
⚠️ 第54天，村民326缺水！
⚠️ 第54天，村民327食物耗尽！
⚠️ 第54天，村民327缺水！
⚠️ 第54天，村民328食物耗尽！
⚠️ 第54天，村民328缺水！
⚠️ 第54天，村民329食物耗尽！
⚠️ 第54天，村民329缺水！
⚠️ 第54天，村民330食物耗尽！
⚠️ 第54天，村民330缺水！
⚠️ 第54天，村民331食物耗尽！
⚠️ 第54天，村民331缺水！
⚠️ 第54天，村民332食物耗尽！
⚠️ 第54天，村民332缺水！
⚠️ 第54天，村民333食物耗尽！
⚠️ 第54天，村民333缺水！
⚠️ 第54天，村民334食物耗尽！
⚠️ 第54天，村民334缺水！
⚠️ 第54天，村民335食物耗尽！
⚠️ 第54天，村民335缺水！
⚠️ 第54天，村民336食物耗尽！
⚠️ 第54天，村民336缺水！
⚠️ 第54天，村民337食物耗尽！
⚠️ 第54天，村民337缺水！
⚠️ 第54天，村民338食物耗尽！
⚠️ 第54天，村民338缺水！
⚠️ 第54天，村民339食物耗尽！
⚠️ 第54天，村民339缺水！
⚠️ 第54天，村民340食物耗尽！
⚠️ 第54天，村民340缺水！
⚠️ 第54天，村民341食物耗尽！
⚠️ 第54天，村民341缺水！
⚠️ 第54天，村民342食物耗尽！
⚠️ 第54天，村民342缺水！
⚠️ 第54天，村民343食物耗尽！
⚠️ 第54天，村民343缺水！
⚠️ 第54天，村民344食物耗尽！
⚠️ 第54天，村民344缺水！
⚠️ 第54天，村民345食物耗尽！
⚠️ 第54天，村民345缺水！
⚠️ 第54天，村民346食物耗尽！
⚠️ 第54天，村民346缺水！
⚠️ 第54天，村民347食物耗尽！
⚠️ 第54天，村民347缺水！
⚠️ 第54天，村民348食物耗尽！
⚠️ 第54天，村民348缺水！
⚠️ 第54天，村民349食物耗尽！
⚠️ 第54天，村民349缺水！
⚠️ 第54天，村民350食物耗尽！
⚠️ 第54天，村民350缺水！
⚠️ 第54天，村民351食物耗尽！
⚠️ 第54天，村民351缺水！
⚠️ 第54天，村民352食物耗尽！
⚠️ 第54天，村民352缺水！
⚠️ 第54天，村民353食物耗尽！
⚠️ 第54天，村民353缺水！
⚠️ 第54天，村民354食物耗尽！
⚠️ 第54天，村民354缺水！
⚠️ 第54天，村民355食物耗尽！
⚠️ 第54天，村民355缺水！
⚠️ 第54天，村民356食物耗尽！
⚠️ 第54天，村民356缺水！
⚠️ 第54天，村民357食物耗尽！
⚠️ 第54天，村民357缺水！
⚠️ 第54天，村民358食物耗尽！
⚠️ 第54天，村民358缺水！
⚠️ 第54天，村民359食物耗尽！
⚠️ 第54天，村民359缺水！
⚠️ 第54天，村民360食物耗尽！
⚠️ 第54天，村民360缺水！
⚠️ 第54天，村民361食物耗尽！
⚠️ 第54天，村民361缺水！
⚠️ 第54天，村民362食物耗尽！
⚠️ 第54天，村民362缺水！
⚠️ 第54天，村民363食物耗尽！
⚠️ 第54天，村民363缺水！
⚠️ 第54天，村民364食物耗尽！
⚠️ 第54天，村民364缺水！
⚠️ 第54天，村民365食物耗尽！
⚠️ 第54天，村民365缺水！
⚠️ 第54天，村民366食物耗尽！
⚠️ 第54天，村民366缺水！
⚠️ 第54天，村民367食物耗尽！
⚠️ 第54天，村民367缺水！
⚠️ 第54天，村民368食物耗尽！
⚠️ 第54天，村民368缺水！
⚠️ 第54天，村民369食物耗尽！
⚠️ 第54天，村民369缺水！
⚠️ 第54天，村民370食物耗尽！
⚠️ 第54天，村民370缺水！
⚠️ 第54天，村民371食物耗尽！
⚠️ 第54天，村民371缺水！
⚠️ 第54天，村民372食物耗尽！
⚠️ 第54天，村民372缺水！
⚠️ 第54天，村民373食物耗尽！
⚠️ 第54天，村民373缺水！
⚠️ 第54天，村民374食物耗尽！
⚠️ 第54天，村民374缺水！
⚠️ 第54天，村民375食物耗尽！
⚠️ 第54天，村民375缺水！
⚠️ 第54天，村民376食物耗尽！
⚠️ 第54天，村民376缺水！
⚠️ 第54天，村民377食物耗尽！
⚠️ 第54天，村民377缺水！
⚠️ 第54天，村民378食物耗尽！
⚠️ 第54天，村民378缺水！
⚠️ 第54天，村民379食物耗尽！
⚠️ 第54天，村民379缺水！
⚠️ 第54天，村民380食物耗尽！
⚠️ 第54天，村民380缺水！
⚠️ 第54天，村民381食物耗尽！
⚠️ 第54天，村民381缺水！
⚠️ 第54天，村民382食物耗尽！
⚠️ 第54天，村民382缺水！
⚠️ 第54天，村民383食物耗尽！
⚠️ 第54天，村民383缺水！
⚠️ 第54天，村民384食物耗尽！
⚠️ 第54天，村民384缺水！
⚠️ 第54天，村民385食物耗尽！
⚠️ 第54天，村民385缺水！
⚠️ 第54天，村民386食物耗尽！
⚠️ 第54天，村民386缺水！
⚠️ 第54天，村民387食物耗尽！
⚠️ 第54天，村民387缺水！
⚠️ 第54天，村民388食物耗尽！
⚠️ 第54天，村民388缺水！
⚠️ 第54天，村民389食物耗尽！
⚠️ 第54天，村民389缺水！
⚠️ 第54天，村民390食物耗尽！
⚠️ 第54天，村民390缺水！
⚠️ 第54天，村民391食物耗尽！
⚠️ 第54天，村民391缺水！
⚠️ 第54天，村民392食物耗尽！
⚠️ 第54天，村民392缺水！
⚠️ 第54天，村民393食物耗尽！
⚠️ 第54天，村民393缺水！
⚠️ 第54天，村民394食物耗尽！
⚠️ 第54天，村民394缺水！
⚠️ 第54天，村民395食物耗尽！
⚠️ 第54天，村民395缺水！
⚠️ 第54天，村民396食物耗尽！
⚠️ 第54天，村民396缺水！
⚠️ 第54天，村民397食物耗尽！
⚠️ 第54天，村民397缺水！
⚠️ 第54天，村民398食物耗尽！
⚠️ 第54天，村民398缺水！
⚠️ 第54天，村民399食物耗尽！
⚠️ 第54天，村民399缺水！
⚠️ 第54天，村民400食物耗尽！
⚠️ 第54天，村民400缺水！
⚠️ 第54天，村民401食物耗尽！
⚠️ 第54天，村民401缺水！
⚠️ 第54天，村民402食物耗尽！
⚠️ 第54天，村民402缺水！
⚠️ 第54天，村民403食物耗尽！
⚠️ 第54天，村民403缺水！
⚠️ 第54天，村民404食物耗尽！
⚠️ 第54天，村民404缺水！
⚠️ 第54天，村民405食物耗尽！
⚠️ 第54天，村民405缺水！
⚠️ 第54天，村民406食物耗尽！
⚠️ 第54天，村民406缺水！
⚠️ 第54天，村民407食物耗尽！
⚠️ 第54天，村民407缺水！
⚠️ 第54天，村民408食物耗尽！
⚠️ 第54天，村民408缺水！
⚠️ 第54天，村民409食物耗尽！
⚠️ 第54天，村民409缺水！
⚠️ 第54天，村民410食物耗尽！
⚠️ 第54天，村民410缺水！
⚠️ 第54天，村民411食物耗尽！
⚠️ 第54天，村民411缺水！
⚠️ 第54天，村民412食物耗尽！
⚠️ 第54天，村民412缺水！
⚠️ 第54天，村民413食物耗尽！
⚠️ 第54天，村民413缺水！
⚠️ 第54天，村民414食物耗尽！
⚠️ 第54天，村民414缺水！
⚠️ 第54天，村民415食物耗尽！
⚠️ 第54天，村民415缺水！
⚠️ 第54天，村民416食物耗尽！
⚠️ 第54天，村民416缺水！
⚠️ 第54天，村民417食物耗尽！
⚠️ 第54天，村民417缺水！
⚠️ 第54天，村民418食物耗尽！
⚠️ 第54天，村民418缺水！
⚠️ 第54天，村民419食物耗尽！
⚠️ 第54天，村民419缺水！
⚠️ 第54天，村民420食物耗尽！
⚠️ 第54天，村民420缺水！
⚠️ 第54天，村民421食物耗尽！
⚠️ 第54天，村民421缺水！
⚠️ 第54天，村民422食物耗尽！
⚠️ 第54天，村民422缺水！
⚠️ 第54天，村民423食物耗尽！
⚠️ 第54天，村民423缺水！
⚠️ 第54天，村民424食物耗尽！
⚠️ 第54天，村民424缺水！
⚠️ 第54天，村民425食物耗尽！
⚠️ 第54天，村民425缺水！
⚠️ 第54天，村民426食物耗尽！
⚠️ 第54天，村民426缺水！
⚠️ 第54天，村民427食物耗尽！
⚠️ 第54天，村民427缺水！
⚠️ 第54天，村民428食物耗尽！
⚠️ 第54天，村民428缺水！
⚠️ 第54天，村民429食物耗尽！
⚠️ 第54天，村民429缺水！
⚠️ 第54天，村民430食物耗尽！
⚠️ 第54天，村民430缺水！
⚠️ 第54天，村民431食物耗尽！
⚠️ 第54天，村民431缺水！
⚠️ 第54天，村民432食物耗尽！
⚠️ 第54天，村民432缺水！
⚠️ 第54天，村民433食物耗尽！
⚠️ 第54天，村民433缺水！
⚠️ 第54天，村民434食物耗尽！
⚠️ 第54天，村民434缺水！
⚠️ 第54天，村民435食物耗尽！
⚠️ 第54天，村民435缺水！
⚠️ 第54天，村民436食物耗尽！
⚠️ 第54天，村民436缺水！
⚠️ 第54天，村民437食物耗尽！
⚠️ 第54天，村民437缺水！
⚠️ 第54天，村民438食物耗尽！
⚠️ 第54天，村民438缺水！
⚠️ 第54天，村民439食物耗尽！
⚠️ 第54天，村民439缺水！
⚠️ 第54天，村民440食物耗尽！
⚠️ 第54天，村民440缺水！
⚠️ 第54天，村民441食物耗尽！
⚠️ 第54天，村民441缺水！
⚠️ 第54天，村民442食物耗尽！
⚠️ 第54天，村民442缺水！
⚠️ 第54天，村民443食物耗尽！
⚠️ 第54天，村民443缺水！
⚠️ 第54天，村民444食物耗尽！
⚠️ 第54天，村民444缺水！
⚠️ 第54天，村民445食物耗尽！
⚠️ 第54天，村民445缺水！
⚠️ 第54天，村民446食物耗尽！
⚠️ 第54天，村民446缺水！
⚠️ 第54天，村民447食物耗尽！
⚠️ 第54天，村民447缺水！
⚠️ 第54天，村民448食物耗尽！
⚠️ 第54天，村民448缺水！
⚠️ 第54天，村民449食物耗尽！
⚠️ 第54天，村民449缺水！
⚠️ 第54天，村民450食物耗尽！
⚠️ 第54天，村民450缺水！
⚠️ 第54天，村民451食物耗尽！
⚠️ 第54天，村民451缺水！
⚠️ 第54天，村民452食物耗尽！
⚠️ 第54天，村民452缺水！
⚠️ 第54天，村民453食物耗尽！
⚠️ 第54天，村民453缺水！
⚠️ 第54天，村民454食物耗尽！
⚠️ 第54天，村民454缺水！
⚠️ 第54天，村民455食物耗尽！
⚠️ 第54天，村民455缺水！
⚠️ 第54天，村民456食物耗尽！
⚠️ 第54天，村民456缺水！
⚠️ 第54天，村民457食物耗尽！
⚠️ 第54天，村民457缺水！
⚠️ 第54天，村民458食物耗尽！
⚠️ 第54天，村民458缺水！
⚠️ 第54天，村民459食物耗尽！
⚠️ 第54天，村民459缺水！
⚠️ 第54天，村民460食物耗尽！
⚠️ 第54天，村民460缺水！
⚠️ 第54天，村民461食物耗尽！
⚠️ 第54天，村民461缺水！
⚠️ 第54天，村民462食物耗尽！
⚠️ 第54天，村民462缺水！
⚠️ 第54天，村民463食物耗尽！
⚠️ 第54天，村民463缺水！
⚠️ 第54天，村民464食物耗尽！
⚠️ 第54天，村民464缺水！
⚠️ 第54天，村民465食物耗尽！
⚠️ 第54天，村民465缺水！
⚠️ 第54天，村民466食物耗尽！
⚠️ 第54天，村民466缺水！
⚠️ 第54天，村民467食物耗尽！
⚠️ 第54天，村民467缺水！
⚠️ 第54天，村民468食物耗尽！
⚠️ 第54天，村民468缺水！
⚠️ 第54天，村民469食物耗尽！
⚠️ 第54天，村民469缺水！
⚠️ 第54天，村民470食物耗尽！
⚠️ 第54天，村民470缺水！
⚠️ 第54天，村民471食物耗尽！
⚠️ 第54天，村民471缺水！
⚠️ 第54天，村民472食物耗尽！
⚠️ 第54天，村民472缺水！
⚠️ 第54天，村民473食物耗尽！
⚠️ 第54天，村民473缺水！
⚠️ 第54天，村民474食物耗尽！
⚠️ 第54天，村民474缺水！
⚠️ 第54天，村民475食物耗尽！
⚠️ 第54天，村民475缺水！
⚠️ 第54天，村民476食物耗尽！
⚠️ 第54天，村民476缺水！
⚠️ 第54天，村民477食物耗尽！
⚠️ 第54天，村民477缺水！
⚠️ 第54天，村民478食物耗尽！
⚠️ 第54天，村民478缺水！
⚠️ 第54天，村民479食物耗尽！
⚠️ 第54天，村民479缺水！
⚠️ 第54天，村民480食物耗尽！
⚠️ 第54天，村民480缺水！
⚠️ 第54天，村民481食物耗尽！
⚠️ 第54天，村民481缺水！
⚠️ 第54天，村民482食物耗尽！
⚠️ 第54天，村民482缺水！
⚠️ 第54天，村民483食物耗尽！
⚠️ 第54天，村民483缺水！
⚠️ 第54天，村民484食物耗尽！
⚠️ 第54天，村民484缺水！
⚠️ 第54天，村民485食物耗尽！
⚠️ 第54天，村民485缺水！
⚠️ 第54天，村民486食物耗尽！
⚠️ 第54天，村民486缺水！
⚠️ 第54天，村民487食物耗尽！
⚠️ 第54天，村民487缺水！
⚠️ 第54天，村民488食物耗尽！
⚠️ 第54天，村民488缺水！
⚠️ 第54天，村民489食物耗尽！
⚠️ 第54天，村民489缺水！
⚠️ 第54天，村民490食物耗尽！
⚠️ 第54天，村民490缺水！
⚠️ 第54天，村民491食物耗尽！
⚠️ 第54天，村民491缺水！
⚠️ 第54天，村民492食物耗尽！
⚠️ 第54天，村民492缺水！
⚠️ 第54天，村民493食物耗尽！
⚠️ 第54天，村民493缺水！
⚠️ 第54天，村民494食物耗尽！
⚠️ 第54天，村民494缺水！
⚠️ 第54天，村民495食物耗尽！
⚠️ 第54天，村民495缺水！
⚠️ 第54天，村民496食物耗尽！
⚠️ 第54天，村民496缺水！
⚠️ 第54天，村民497食物耗尽！
⚠️ 第54天，村民497缺水！
⚠️ 第54天，村民498食物耗尽！
⚠️ 第54天，村民498缺水！
⚠️ 第54天，村民499食物耗尽！
⚠️ 第54天，村民499缺水！
⚠️ 第54天，村民500食物耗尽！
⚠️ 第54天，村民500缺水！
⚠️ 第54天，村民501食物耗尽！
⚠️ 第54天，村民501缺水！
⚠️ 第54天，村民502食物耗尽！
⚠️ 第54天，村民502缺水！
⚠️ 第54天，村民503食物耗尽！
⚠️ 第54天，村民503缺水！
⚠️ 第54天，村民504食物耗尽！
⚠️ 第54天，村民504缺水！
⚠️ 第54天，村民505食物耗尽！
⚠️ 第54天，村民505缺水！
⚠️ 第54天，村民506食物耗尽！
⚠️ 第54天，村民506缺水！
⚠️ 第54天，村民507食物耗尽！
⚠️ 第54天，村民507缺水！
⚠️ 第54天，村民508食物耗尽！
⚠️ 第54天，村民508缺水！
⚠️ 第54天，村民509食物耗尽！
⚠️ 第54天，村民509缺水！
⚠️ 第54天，村民510食物耗尽！
⚠️ 第54天，村民510缺水！
⚠️ 第54天，村民511食物耗尽！
⚠️ 第54天，村民511缺水！
⚠️ 第54天，村民512食物耗尽！
⚠️ 第54天，村民512缺水！
⚠️ 第54天，村民513食物耗尽！
⚠️ 第54天，村民513缺水！
⚠️ 第54天，村民514食物耗尽！
⚠️ 第54天，村民514缺水！
⚠️ 第54天，村民515食物耗尽！
⚠️ 第54天，村民515缺水！
⚠️ 第54天，村民516食物耗尽！
⚠️ 第54天，村民516缺水！
⚠️ 第54天，村民517食物耗尽！
⚠️ 第54天，村民517缺水！
⚠️ 第54天，村民518食物耗尽！
⚠️ 第54天，村民518缺水！
⚠️ 第54天，村民519食物耗尽！
⚠️ 第54天，村民519缺水！
⚠️ 第54天，村民520食物耗尽！
⚠️ 第54天，村民520缺水！
⚠️ 第54天，村民521食物耗尽！
⚠️ 第54天，村民521缺水！
⚠️ 第54天，村民522食物耗尽！
⚠️ 第54天，村民522缺水！
⚠️ 第54天，村民523食物耗尽！
⚠️ 第54天，村民523缺水！
⚠️ 第54天，村民524食物耗尽！
⚠️ 第54天，村民524缺水！
⚠️ 第54天，村民525食物耗尽！
⚠️ 第54天，村民525缺水！
⚠️ 第54天，村民526食物耗尽！
⚠️ 第54天，村民526缺水！
⚠️ 第54天，村民527食物耗尽！
⚠️ 第54天，村民527缺水！
⚠️ 第54天，村民528食物耗尽！
⚠️ 第54天，村民528缺水！
⚠️ 第54天，村民529食物耗尽！
⚠️ 第54天，村民529缺水！
⚠️ 第54天，村民530食物耗尽！
⚠️ 第54天，村民530缺水！
⚠️ 第54天，村民531食物耗尽！
⚠️ 第54天，村民531缺水！
⚠️ 第54天，村民532食物耗尽！
⚠️ 第54天，村民532缺水！
⚠️ 第54天，村民533食物耗尽！
⚠️ 第54天，村民533缺水！
⚠️ 第54天，村民534食物耗尽！
⚠️ 第54天，村民534缺水！
⚠️ 第54天，村民535食物耗尽！
⚠️ 第54天，村民535缺水！
⚠️ 第54天，村民536食物耗尽！
⚠️ 第54天，村民536缺水！
⚠️ 第54天，村民537食物耗尽！
⚠️ 第54天，村民537缺水！
⚠️ 第54天，村民538食物耗尽！
⚠️ 第54天，村民538缺水！
⚠️ 第54天，村民539食物耗尽！
⚠️ 第54天，村民539缺水！
⚠️ 第54天，村民540食物耗尽！
⚠️ 第54天，村民540缺水！
⚠️ 第54天，村民541食物耗尽！
⚠️ 第54天，村民541缺水！
⚠️ 第54天，村民542食物耗尽！
⚠️ 第54天，村民542缺水！
⚠️ 第54天，村民543食物耗尽！
⚠️ 第54天，村民543缺水！
⚠️ 第54天，村民544食物耗尽！
⚠️ 第54天，村民544缺水！
⚠️ 第54天，村民545食物耗尽！
⚠️ 第54天，村民545缺水！
⚠️ 第54天，村民546食物耗尽！
⚠️ 第54天，村民546缺水！
⚠️ 第54天，村民547食物耗尽！
⚠️ 第54天，村民547缺水！
⚠️ 第54天，村民548食物耗尽！
⚠️ 第54天，村民548缺水！
⚠️ 第54天，村民549食物耗尽！
⚠️ 第54天，村民549缺水！
⚠️ 第54天，村民550食物耗尽！
⚠️ 第54天，村民550缺水！
⚠️ 第54天，村民551食物耗尽！
⚠️ 第54天，村民551缺水！
⚠️ 第54天，村民552食物耗尽！
⚠️ 第54天，村民552缺水！
⚠️ 第54天，村民553食物耗尽！
⚠️ 第54天，村民553缺水！
⚠️ 第54天，村民554食物耗尽！
⚠️ 第54天，村民554缺水！
⚠️ 第54天，村民555食物耗尽！
⚠️ 第54天，村民555缺水！
⚠️ 第54天，村民556食物耗尽！
⚠️ 第54天，村民556缺水！
⚠️ 第54天，村民557食物耗尽！
⚠️ 第54天，村民557缺水！
⚠️ 第54天，村民558食物耗尽！
⚠️ 第54天，村民558缺水！
⚠️ 第54天，村民559食物耗尽！
⚠️ 第54天，村民559缺水！
⚠️ 第54天，村民560食物耗尽！
⚠️ 第54天，村民560缺水！
⚠️ 第54天，村民561食物耗尽！
⚠️ 第54天，村民561缺水！
⚠️ 第54天，村民562食物耗尽！
⚠️ 第54天，村民562缺水！
⚠️ 第54天，村民563食物耗尽！
⚠️ 第54天，村民563缺水！
⚠️ 第54天，村民564食物耗尽！
⚠️ 第54天，村民564缺水！
⚠️ 第54天，村民565食物耗尽！
⚠️ 第54天，村民565缺水！
⚠️ 第54天，村民566食物耗尽！
⚠️ 第54天，村民566缺水！
⚠️ 第54天，村民567食物耗尽！
⚠️ 第54天，村民567缺水！
⚠️ 第54天，村民568食物耗尽！
⚠️ 第54天，村民568缺水！
⚠️ 第54天，村民569食物耗尽！
⚠️ 第54天，村民569缺水！
⚠️ 第54天，村民570食物耗尽！
⚠️ 第54天，村民570缺水！
⚠️ 第54天，村民571食物耗尽！
⚠️ 第54天，村民571缺水！
⚠️ 第54天，村民572食物耗尽！
⚠️ 第54天，村民572缺水！
⚠️ 第54天，村民573食物耗尽！
⚠️ 第54天，村民573缺水！
⚠️ 第54天，村民574食物耗尽！
⚠️ 第54天，村民574缺水！
⚠️ 第54天，村民575食物耗尽！
⚠️ 第54天，村民575缺水！
⚠️ 第54天，村民576食物耗尽！
⚠️ 第54天，村民576缺水！
⚠️ 第54天，村民577食物耗尽！
⚠️ 第54天，村民577缺水！
⚠️ 第54天，村民578食物耗尽！
⚠️ 第54天，村民578缺水！
⚠️ 第54天，村民579食物耗尽！
⚠️ 第54天，村民579缺水！
⚠️ 第54天，村民580食物耗尽！
⚠️ 第54天，村民580缺水！
⚠️ 第54天，村民581食物耗尽！
⚠️ 第54天，村民581缺水！
⚠️ 第54天，村民582食物耗尽！
⚠️ 第54天，村民582缺水！
⚠️ 第54天，村民583食物耗尽！
⚠️ 第54天，村民583缺水！
⚠️ 第54天，村民584食物耗尽！
⚠️ 第54天，村民584缺水！
⚠️ 第54天，村民585食物耗尽！
⚠️ 第54天，村民585缺水！
⚠️ 第54天，村民586食物耗尽！
⚠️ 第54天，村民586缺水！
⚠️ 第54天，村民587食物耗尽！
⚠️ 第54天，村民587缺水！
⚠️ 第54天，村民588食物耗尽！
⚠️ 第54天，村民588缺水！
⚠️ 第54天，村民589食物耗尽！
⚠️ 第54天，村民589缺水！
⚠️ 第54天，村民590食物耗尽！
⚠️ 第54天，村民590缺水！
⚠️ 第54天，村民591食物耗尽！
⚠️ 第54天，村民591缺水！
⚠️ 第54天，村民592食物耗尽！
⚠️ 第54天，村民592缺水！
⚠️ 第54天，村民593食物耗尽！
⚠️ 第54天，村民593缺水！
⚠️ 第54天，村民594食物耗尽！
⚠️ 第54天，村民594缺水！
⚠️ 第54天，村民595食物耗尽！
⚠️ 第54天，村民595缺水！
⚠️ 第54天，村民596食物耗尽！
⚠️ 第54天，村民596缺水！
⚠️ 第54天，村民597食物耗尽！
⚠️ 第54天，村民597缺水！
⚠️ 第54天，村民598食物耗尽！
⚠️ 第54天，村民598缺水！
⚠️ 第54天，村民599食物耗尽！
⚠️ 第54天，村民599缺水！
⚠️ 第54天，村民600食物耗尽！
⚠️ 第54天，村民600缺水！
⚠️ 第54天，村民601食物耗尽！
⚠️ 第54天，村民601缺水！
⚠️ 第54天，村民602食物耗尽！
⚠️ 第54天，村民602缺水！
⚠️ 第54天，村民603食物耗尽！
⚠️ 第54天，村民603缺水！
⚠️ 第54天，村民604食物耗尽！
⚠️ 第54天，村民604缺水！
⚠️ 第54天，村民605食物耗尽！
⚠️ 第54天，村民605缺水！
⚠️ 第54天，村民606食物耗尽！
⚠️ 第54天，村民606缺水！
⚠️ 第54天，村民607食物耗尽！
⚠️ 第54天，村民607缺水！
⚠️ 第54天，村民608食物耗尽！
⚠️ 第54天，村民608缺水！
⚠️ 第54天，村民609食物耗尽！
⚠️ 第54天，村民609缺水！
⚠️ 第54天，村民610食物耗尽！
⚠️ 第54天，村民610缺水！
⚠️ 第54天，村民611食物耗尽！
⚠️ 第54天，村民611缺水！
⚠️ 第54天，村民612食物耗尽！
⚠️ 第54天，村民612缺水！
⚠️ 第54天，村民613食物耗尽！
⚠️ 第54天，村民613缺水！
⚠️ 第54天，村民614食物耗尽！
⚠️ 第54天，村民614缺水！
⚠️ 第54天，村民615食物耗尽！
⚠️ 第54天，村民615缺水！
⚠️ 第54天，村民616食物耗尽！
⚠️ 第54天，村民616缺水！
⚠️ 第54天，村民617食物耗尽！
⚠️ 第54天，村民617缺水！
⚠️ 第54天，村民618食物耗尽！
⚠️ 第54天，村民618缺水！
⚠️ 第54天，村民619食物耗尽！
⚠️ 第54天，村民619缺水！
⚠️ 第54天，村民620食物耗尽！
⚠️ 第54天，村民620缺水！
⚠️ 第54天，村民621食物耗尽！
⚠️ 第54天，村民621缺水！
⚠️ 第54天，村民622食物耗尽！
⚠️ 第54天，村民622缺水！
⚠️ 第54天，村民623食物耗尽！
⚠️ 第54天，村民623缺水！
⚠️ 第54天，村民624食物耗尽！
⚠️ 第54天，村民624缺水！
⚠️ 第54天，村民625食物耗尽！
⚠️ 第54天，村民625缺水！
⚠️ 第54天，村民626食物耗尽！
⚠️ 第54天，村民626缺水！
⚠️ 第54天，村民627食物耗尽！
⚠️ 第54天，村民627缺水！
⚠️ 第54天，村民628食物耗尽！
⚠️ 第54天，村民628缺水！
⚠️ 第54天，村民629食物耗尽！
⚠️ 第54天，村民629缺水！
⚠️ 第54天，村民630食物耗尽！
⚠️ 第54天，村民630缺水！
⚠️ 第54天，村民631食物耗尽！
⚠️ 第54天，村民631缺水！
⚠️ 第54天，村民632食物耗尽！
⚠️ 第54天，村民632缺水！
⚠️ 第54天，村民633食物耗尽！
⚠️ 第54天，村民633缺水！
⚠️ 第54天，村民634食物耗尽！
⚠️ 第54天，村民634缺水！
⚠️ 第54天，村民635食物耗尽！
⚠️ 第54天，村民635缺水！
⚠️ 第54天，村民636食物耗尽！
⚠️ 第54天，村民636缺水！
⚠️ 第54天，村民637食物耗尽！
⚠️ 第54天，村民637缺水！
⚠️ 第54天，村民638食物耗尽！
⚠️ 第54天，村民638缺水！
⚠️ 第54天，村民639食物耗尽！
⚠️ 第54天，村民639缺水！
⚠️ 第54天，村民640食物耗尽！
⚠️ 第54天，村民640缺水！
⚠️ 第54天，村民641食物耗尽！
⚠️ 第54天，村民641缺水！
⚠️ 第54天，村民642食物耗尽！
⚠️ 第54天，村民642缺水！
⚠️ 第54天，村民643食物耗尽！
⚠️ 第54天，村民643缺水！
⚠️ 第54天，村民644食物耗尽！
⚠️ 第54天，村民644缺水！
⚠️ 第54天，村民645食物耗尽！
⚠️ 第54天，村民645缺水！
⚠️ 第54天，村民646食物耗尽！
⚠️ 第54天，村民646缺水！
⚠️ 第54天，村民647食物耗尽！
⚠️ 第54天，村民647缺水！
⚠️ 第54天，村民648食物耗尽！
⚠️ 第54天，村民648缺水！
⚠️ 第54天，村民649食物耗尽！
⚠️ 第54天，村民649缺水！
⚠️ 第54天，村民650食物耗尽！
⚠️ 第54天，村民650缺水！
⚠️ 第54天，村民651食物耗尽！
⚠️ 第54天，村民651缺水！
⚠️ 第54天，村民652食物耗尽！
⚠️ 第54天，村民652缺水！
⚠️ 第54天，村民653食物耗尽！
⚠️ 第54天，村民653缺水！
⚠️ 第54天，村民654食物耗尽！
⚠️ 第54天，村民654缺水！
⚠️ 第54天，村民655食物耗尽！
⚠️ 第54天，村民655缺水！
⚠️ 第54天，村民656食物耗尽！
⚠️ 第54天，村民656缺水！
⚠️ 第54天，村民657食物耗尽！
⚠️ 第54天，村民657缺水！
⚠️ 第54天，村民658食物耗尽！
⚠️ 第54天，村民658缺水！
⚠️ 第54天，村民659食物耗尽！
⚠️ 第54天，村民659缺水！
⚠️ 第54天，村民660食物耗尽！
⚠️ 第54天，村民660缺水！
⚠️ 第54天，村民661食物耗尽！
⚠️ 第54天，村民661缺水！
⚠️ 第54天，村民662食物耗尽！
⚠️ 第54天，村民662缺水！
⚠️ 第54天，村民663食物耗尽！
⚠️ 第54天，村民663缺水！
⚠️ 第54天，村民664食物耗尽！
⚠️ 第54天，村民664缺水！
⚠️ 第54天，村民665食物耗尽！
⚠️ 第54天，村民665缺水！
⚠️ 第54天，村民666食物耗尽！
⚠️ 第54天，村民666缺水！
⚠️ 第54天，村民667食物耗尽！
⚠️ 第54天，村民667缺水！
⚠️ 第54天，村民668食物耗尽！
⚠️ 第54天，村民668缺水！
⚠️ 第54天，村民669食物耗尽！
⚠️ 第54天，村民669缺水！
⚠️ 第54天，村民670食物耗尽！
⚠️ 第54天，村民670缺水！
⚠️ 第54天，村民671食物耗尽！
⚠️ 第54天，村民671缺水！
⚠️ 第54天，村民672食物耗尽！
⚠️ 第54天，村民672缺水！
⚠️ 第54天，村民673食物耗尽！
⚠️ 第54天，村民673缺水！
⚠️ 第54天，村民674食物耗尽！
⚠️ 第54天，村民674缺水！
⚠️ 第54天，村民675食物耗尽！
⚠️ 第54天，村民675缺水！
⚠️ 第54天，村民676食物耗尽！
⚠️ 第54天，村民676缺水！
⚠️ 第54天，村民677食物耗尽！
⚠️ 第54天，村民677缺水！
⚠️ 第54天，村民678食物耗尽！
⚠️ 第54天，村民678缺水！
⚠️ 第54天，村民679食物耗尽！
⚠️ 第54天，村民679缺水！
⚠️ 第54天，村民680食物耗尽！
⚠️ 第54天，村民680缺水！
⚠️ 第54天，村民681食物耗尽！
⚠️ 第54天，村民681缺水！
⚠️ 第54天，村民682食物耗尽！
⚠️ 第54天，村民682缺水！
⚠️ 第54天，村民683食物耗尽！
⚠️ 第54天，村民683缺水！
⚠️ 第54天，村民684食物耗尽！
⚠️ 第54天，村民684缺水！
⚠️ 第54天，村民685食物耗尽！
⚠️ 第54天，村民685缺水！
⚠️ 第54天，村民686食物耗尽！
⚠️ 第54天，村民686缺水！
⚠️ 第54天，村民687食物耗尽！
⚠️ 第54天，村民687缺水！
⚠️ 第54天，村民688食物耗尽！
⚠️ 第54天，村民688缺水！
⚠️ 第54天，村民689食物耗尽！
⚠️ 第54天，村民689缺水！
⚠️ 第54天，村民690食物耗尽！
⚠️ 第54天，村民690缺水！
⚠️ 第54天，村民691食物耗尽！
⚠️ 第54天，村民691缺水！
⚠️ 第54天，村民692食物耗尽！
⚠️ 第54天，村民692缺水！
⚠️ 第54天，村民693食物耗尽！
⚠️ 第54天，村民693缺水！
⚠️ 第54天，村民694食物耗尽！
⚠️ 第54天，村民694缺水！
⚠️ 第54天，村民695食物耗尽！
⚠️ 第54天，村民695缺水！
⚠️ 第54天，村民696食物耗尽！
⚠️ 第54天，村民696缺水！
⚠️ 第54天，村民697食物耗尽！
⚠️ 第54天，村民697缺水！
⚠️ 第54天，村民698食物耗尽！
⚠️ 第54天，村民698缺水！
⚠️ 第54天，村民699食物耗尽！
⚠️ 第54天，村民699缺水！
⚠️ 第54天，村民700食物耗尽！
⚠️ 第54天，村民700缺水！
⚠️ 第54天，村民701食物耗尽！
⚠️ 第54天，村民701缺水！
⚠️ 第54天，村民702食物耗尽！
⚠️ 第54天，村民702缺水！
⚠️ 第54天，村民703食物耗尽！
⚠️ 第54天，村民703缺水！
⚠️ 第54天，村民704食物耗尽！
⚠️ 第54天，村民704缺水！
⚠️ 第54天，村民705食物耗尽！
⚠️ 第54天，村民705缺水！
⚠️ 第54天，村民706食物耗尽！
⚠️ 第54天，村民706缺水！
⚠️ 第54天，村民707食物耗尽！
⚠️ 第54天，村民707缺水！
⚠️ 第54天，村民708食物耗尽！
⚠️ 第54天，村民708缺水！
⚠️ 第54天，村民709食物耗尽！
⚠️ 第54天，村民709缺水！
⚠️ 第54天，村民710食物耗尽！
⚠️ 第54天，村民710缺水！
⚠️ 第54天，村民711食物耗尽！
⚠️ 第54天，村民711缺水！
⚠️ 第54天，村民712食物耗尽！
⚠️ 第54天，村民712缺水！
⚠️ 第54天，村民713食物耗尽！
⚠️ 第54天，村民713缺水！
⚠️ 第54天，村民714食物耗尽！
⚠️ 第54天，村民714缺水！
⚠️ 第54天，村民715食物耗尽！
⚠️ 第54天，村民715缺水！
⚠️ 第54天，村民716食物耗尽！
⚠️ 第54天，村民716缺水！
⚠️ 第54天，村民717食物耗尽！
⚠️ 第54天，村民717缺水！
⚠️ 第54天，村民718食物耗尽！
⚠️ 第54天，村民718缺水！
⚠️ 第54天，村民719食物耗尽！
⚠️ 第54天，村民719缺水！
⚠️ 第54天，村民720食物耗尽！
⚠️ 第54天，村民720缺水！
⚠️ 第54天，村民721食物耗尽！
⚠️ 第54天，村民721缺水！
⚠️ 第54天，村民722食物耗尽！
⚠️ 第54天，村民722缺水！
⚠️ 第54天，村民723食物耗尽！
⚠️ 第54天，村民723缺水！
⚠️ 第54天，村民724食物耗尽！
⚠️ 第54天，村民724缺水！
⚠️ 第54天，村民725食物耗尽！
⚠️ 第54天，村民725缺水！
⚠️ 第54天，村民726食物耗尽！
⚠️ 第54天，村民726缺水！
⚠️ 第54天，村民727食物耗尽！
⚠️ 第54天，村民727缺水！
⚠️ 第54天，村民728食物耗尽！
⚠️ 第54天，村民728缺水！
⚠️ 第54天，村民729食物耗尽！
⚠️ 第54天，村民729缺水！
⚠️ 第54天，村民730食物耗尽！
⚠️ 第54天，村民730缺水！
⚠️ 第54天，村民731食物耗尽！
⚠️ 第54天，村民731缺水！
⚠️ 第54天，村民732食物耗尽！
⚠️ 第54天，村民732缺水！
⚠️ 第54天，村民733食物耗尽！
⚠️ 第54天，村民733缺水！
⚠️ 第54天，村民734食物耗尽！
⚠️ 第54天，村民734缺水！
⚠️ 第54天，村民735食物耗尽！
⚠️ 第54天，村民735缺水！
⚠️ 第54天，村民736食物耗尽！
⚠️ 第54天，村民736缺水！
⚠️ 第54天，村民737食物耗尽！
⚠️ 第54天，村民737缺水！
⚠️ 第54天，村民738食物耗尽！
⚠️ 第54天，村民738缺水！
⚠️ 第54天，村民739食物耗尽！
⚠️ 第54天，村民739缺水！
⚠️ 第54天，村民740食物耗尽！
⚠️ 第54天，村民740缺水！
⚠️ 第54天，村民741食物耗尽！
⚠️ 第54天，村民741缺水！
⚠️ 第54天，村民742食物耗尽！
⚠️ 第54天，村民742缺水！
⚠️ 第54天，村民743食物耗尽！
⚠️ 第54天，村民743缺水！
⚠️ 第54天，村民744食物耗尽！
⚠️ 第54天，村民744缺水！
⚠️ 第54天，村民745食物耗尽！
⚠️ 第54天，村民745缺水！
⚠️ 第54天，村民746食物耗尽！
⚠️ 第54天，村民746缺水！
⚠️ 第54天，村民747食物耗尽！
⚠️ 第54天，村民747缺水！
⚠️ 第54天，村民748食物耗尽！
⚠️ 第54天，村民748缺水！
⚠️ 第54天，村民749食物耗尽！
⚠️ 第54天，村民749缺水！
⚠️ 第54天，村民750食物耗尽！
⚠️ 第54天，村民750缺水！
⚠️ 第54天，村民751食物耗尽！
⚠️ 第54天，村民751缺水！
⚠️ 第54天，村民752食物耗尽！
⚠️ 第54天，村民752缺水！
⚠️ 第54天，村民753食物耗尽！
⚠️ 第54天，村民753缺水！
⚠️ 第54天，村民754食物耗尽！
⚠️ 第54天，村民754缺水！
⚠️ 第54天，村民755食物耗尽！
⚠️ 第54天，村民755缺水！
⚠️ 第54天，村民756食物耗尽！
⚠️ 第54天，村民756缺水！
⚠️ 第54天，村民757食物耗尽！
⚠️ 第54天，村民757缺水！
⚠️ 第54天，村民758食物耗尽！
⚠️ 第54天，村民758缺水！
⚠️ 第54天，村民759食物耗尽！
⚠️ 第54天，村民759缺水！
⚠️ 第54天，村民760食物耗尽！
⚠️ 第54天，村民760缺水！
⚠️ 第54天，村民761食物耗尽！
⚠️ 第54天，村民761缺水！
⚠️ 第54天，村民762食物耗尽！
⚠️ 第54天，村民762缺水！
⚠️ 第54天，村民763食物耗尽！
⚠️ 第54天，村民763缺水！
⚠️ 第54天，村民764食物耗尽！
⚠️ 第54天，村民764缺水！
⚠️ 第54天，村民765食物耗尽！
⚠️ 第54天，村民765缺水！
⚠️ 第54天，村民766食物耗尽！
⚠️ 第54天，村民766缺水！
⚠️ 第54天，村民767食物耗尽！
⚠️ 第54天，村民767缺水！
⚠️ 第54天，村民768食物耗尽！
⚠️ 第54天，村民768缺水！
⚠️ 第54天，村民769食物耗尽！
⚠️ 第54天，村民769缺水！
⚠️ 第54天，村民770食物耗尽！
⚠️ 第54天，村民770缺水！
⚠️ 第54天，村民771食物耗尽！
⚠️ 第54天，村民771缺水！
⚠️ 第54天，村民772食物耗尽！
⚠️ 第54天，村民772缺水！
⚠️ 第54天，村民773食物耗尽！
⚠️ 第54天，村民773缺水！
⚠️ 第54天，村民774食物耗尽！
⚠️ 第54天，村民774缺水！
⚠️ 第54天，村民775食物耗尽！
⚠️ 第54天，村民775缺水！
⚠️ 第54天，村民776食物耗尽！
⚠️ 第54天，村民776缺水！
⚠️ 第54天，村民777食物耗尽！
⚠️ 第54天，村民777缺水！
⚠️ 第54天，村民778食物耗尽！
⚠️ 第54天，村民778缺水！
⚠️ 第54天，村民779食物耗尽！
⚠️ 第54天，村民779缺水！
⚠️ 第54天，村民780食物耗尽！
⚠️ 第54天，村民780缺水！
⚠️ 第54天，村民781食物耗尽！
⚠️ 第54天，村民781缺水！
⚠️ 第54天，村民782食物耗尽！
⚠️ 第54天，村民782缺水！
⚠️ 第54天，村民783食物耗尽！
⚠️ 第54天，村民783缺水！
⚠️ 第54天，村民784食物耗尽！
⚠️ 第54天，村民784缺水！
⚠️ 第54天，村民785食物耗尽！
⚠️ 第54天，村民785缺水！
⚠️ 第54天，村民786食物耗尽！
⚠️ 第54天，村民786缺水！
⚠️ 第54天，村民787食物耗尽！
⚠️ 第54天，村民787缺水！
⚠️ 第54天，村民788食物耗尽！
⚠️ 第54天，村民788缺水！
⚠️ 第54天，村民789食物耗尽！
⚠️ 第54天，村民789缺水！
⚠️ 第54天，村民790食物耗尽！
⚠️ 第54天，村民790缺水！
⚠️ 第54天，村民791食物耗尽！
⚠️ 第54天，村民791缺水！
⚠️ 第54天，村民792食物耗尽！
⚠️ 第54天，村民792缺水！
⚠️ 第54天，村民793食物耗尽！
⚠️ 第54天，村民793缺水！
⚠️ 第54天，村民794食物耗尽！
⚠️ 第54天，村民794缺水！
⚠️ 第54天，村民795食物耗尽！
⚠️ 第54天，村民795缺水！
⚠️ 第54天，村民796食物耗尽！
⚠️ 第54天，村民796缺水！
⚠️ 第54天，村民797食物耗尽！
⚠️ 第54天，村民797缺水！
⚠️ 第54天，村民798食物耗尽！
⚠️ 第54天，村民798缺水！
⚠️ 第54天，村民799食物耗尽！
⚠️ 第54天，村民799缺水！
⚠️ 第54天，村民800食物耗尽！
⚠️ 第54天，村民800缺水！
⚠️ 第54天，村民801食物耗尽！
⚠️ 第54天，村民801缺水！
⚠️ 第54天，村民802食物耗尽！
⚠️ 第54天，村民802缺水！
⚠️ 第54天，村民803食物耗尽！
⚠️ 第54天，村民803缺水！
⚠️ 第54天，村民804食物耗尽！
⚠️ 第54天，村民804缺水！
⚠️ 第54天，村民805食物耗尽！
⚠️ 第54天，村民805缺水！
⚠️ 第54天，村民806食物耗尽！
⚠️ 第54天，村民806缺水！
⚠️ 第54天，村民807食物耗尽！
⚠️ 第54天，村民807缺水！
⚠️ 第54天，村民808食物耗尽！
⚠️ 第54天，村民808缺水！
⚠️ 第54天，村民809食物耗尽！
⚠️ 第54天，村民809缺水！
⚠️ 第54天，村民810食物耗尽！
⚠️ 第54天，村民810缺水！
⚠️ 第54天，村民811食物耗尽！
⚠️ 第54天，村民811缺水！
⚠️ 第54天，村民812食物耗尽！
⚠️ 第54天，村民812缺水！
⚠️ 第54天，村民813食物耗尽！
⚠️ 第54天，村民813缺水！
⚠️ 第54天，村民814食物耗尽！
⚠️ 第54天，村民814缺水！
⚠️ 第54天，村民815食物耗尽！
⚠️ 第54天，村民815缺水！
⚠️ 第54天，村民816食物耗尽！
⚠️ 第54天，村民816缺水！
⚠️ 第54天，村民817食物耗尽！
⚠️ 第54天，村民817缺水！
⚠️ 第54天，村民818食物耗尽！
⚠️ 第54天，村民818缺水！
⚠️ 第54天，村民819食物耗尽！
⚠️ 第54天，村民819缺水！
⚠️ 第54天，村民820食物耗尽！
⚠️ 第54天，村民820缺水！
⚠️ 第54天，村民821食物耗尽！
⚠️ 第54天，村民821缺水！
⚠️ 第54天，村民822食物耗尽！
⚠️ 第54天，村民822缺水！
⚠️ 第54天，村民823食物耗尽！
⚠️ 第54天，村民823缺水！
⚠️ 第54天，村民824食物耗尽！
⚠️ 第54天，村民824缺水！
⚠️ 第54天，村民825食物耗尽！
⚠️ 第54天，村民825缺水！
⚠️ 第54天，村民826食物耗尽！
⚠️ 第54天，村民826缺水！
⚠️ 第54天，村民827食物耗尽！
⚠️ 第54天，村民827缺水！
⚠️ 第54天，村民828食物耗尽！
⚠️ 第54天，村民828缺水！
⚠️ 第54天，村民829食物耗尽！
⚠️ 第54天，村民829缺水！
⚠️ 第54天，村民830食物耗尽！
⚠️ 第54天，村民830缺水！
⚠️ 第54天，村民831食物耗尽！
⚠️ 第54天，村民831缺水！
⚠️ 第54天，村民832食物耗尽！
⚠️ 第54天，村民832缺水！
⚠️ 第54天，村民833食物耗尽！
⚠️ 第54天，村民833缺水！
⚠️ 第54天，村民834食物耗尽！
⚠️ 第54天，村民834缺水！
⚠️ 第54天，村民835食物耗尽！
⚠️ 第54天，村民835缺水！
⚠️ 第54天，村民836食物耗尽！
⚠️ 第54天，村民836缺水！
⚠️ 第54天，村民837食物耗尽！
⚠️ 第54天，村民837缺水！
⚠️ 第54天，村民838食物耗尽！
⚠️ 第54天，村民838缺水！
⚠️ 第54天，村民839食物耗尽！
⚠️ 第54天，村民839缺水！
⚠️ 第54天，村民840食物耗尽！
⚠️ 第54天，村民840缺水！
⚠️ 第54天，村民841食物耗尽！
⚠️ 第54天，村民841缺水！
⚠️ 第54天，村民842食物耗尽！
⚠️ 第54天，村民842缺水！
⚠️ 第54天，村民843食物耗尽！
⚠️ 第54天，村民843缺水！
⚠️ 第54天，村民844食物耗尽！
⚠️ 第54天，村民844缺水！
⚠️ 第54天，村民845食物耗尽！
⚠️ 第54天，村民845缺水！
⚠️ 第54天，村民846食物耗尽！
⚠️ 第54天，村民846缺水！
⚠️ 第54天，村民847食物耗尽！
⚠️ 第54天，村民847缺水！
⚠️ 第54天，村民848食物耗尽！
⚠️ 第54天，村民848缺水！
⚠️ 第54天，村民849食物耗尽！
⚠️ 第54天，村民849缺水！
⚠️ 第54天，村民850食物耗尽！
⚠️ 第54天，村民850缺水！
⚠️ 第54天，村民851食物耗尽！
⚠️ 第54天，村民851缺水！
⚠️ 第54天，村民852食物耗尽！
⚠️ 第54天，村民852缺水！
⚠️ 第54天，村民853食物耗尽！
⚠️ 第54天，村民853缺水！
⚠️ 第54天，村民854食物耗尽！
⚠️ 第54天，村民854缺水！
⚠️ 第54天，村民855食物耗尽！
⚠️ 第54天，村民855缺水！
⚠️ 第54天，村民856食物耗尽！
⚠️ 第54天，村民856缺水！
⚠️ 第54天，村民857食物耗尽！
⚠️ 第54天，村民857缺水！
⚠️ 第54天，村民858食物耗尽！
⚠️ 第54天，村民858缺水！
⚠️ 第54天，村民859食物耗尽！
⚠️ 第54天，村民859缺水！
⚠️ 第54天，村民860食物耗尽！
⚠️ 第54天，村民860缺水！
⚠️ 第54天，村民861食物耗尽！
⚠️ 第54天，村民861缺水！
⚠️ 第54天，村民862食物耗尽！
⚠️ 第54天，村民862缺水！
⚠️ 第54天，村民863食物耗尽！
⚠️ 第54天，村民863缺水！
⚠️ 第54天，村民864食物耗尽！
⚠️ 第54天，村民864缺水！
⚠️ 第54天，村民865食物耗尽！
⚠️ 第54天，村民865缺水！
⚠️ 第54天，村民866食物耗尽！
⚠️ 第54天，村民866缺水！
⚠️ 第54天，村民867食物耗尽！
⚠️ 第54天，村民867缺水！
⚠️ 第54天，村民868食物耗尽！
⚠️ 第54天，村民868缺水！
⚠️ 第54天，村民869食物耗尽！
⚠️ 第54天，村民869缺水！
⚠️ 第54天，村民870食物耗尽！
⚠️ 第54天，村民870缺水！
⚠️ 第54天，村民871食物耗尽！
⚠️ 第54天，村民871缺水！
⚠️ 第54天，村民872食物耗尽！
⚠️ 第54天，村民872缺水！
⚠️ 第54天，村民873食物耗尽！
⚠️ 第54天，村民873缺水！
⚠️ 第54天，村民874食物耗尽！
⚠️ 第54天，村民874缺水！
⚠️ 第54天，村民875食物耗尽！
⚠️ 第54天，村民875缺水！
⚠️ 第54天，村民876食物耗尽！
⚠️ 第54天，村民876缺水！
⚠️ 第54天，村民877食物耗尽！
⚠️ 第54天，村民877缺水！
⚠️ 第54天，村民878食物耗尽！
⚠️ 第54天，村民878缺水！
⚠️ 第54天，村民879食物耗尽！
⚠️ 第54天，村民879缺水！
⚠️ 第54天，村民880食物耗尽！
⚠️ 第54天，村民880缺水！
⚠️ 第54天，村民881食物耗尽！
⚠️ 第54天，村民881缺水！
⚠️ 第54天，村民882食物耗尽！
⚠️ 第54天，村民882缺水！
⚠️ 第54天，村民883食物耗尽！
⚠️ 第54天，村民883缺水！
⚠️ 第54天，村民884食物耗尽！
⚠️ 第54天，村民884缺水！
⚠️ 第54天，村民885食物耗尽！
⚠️ 第54天，村民885缺水！
⚠️ 第54天，村民886食物耗尽！
⚠️ 第54天，村民886缺水！
⚠️ 第54天，村民887食物耗尽！
⚠️ 第54天，村民887缺水！
⚠️ 第54天，村民888食物耗尽！
⚠️ 第54天，村民888缺水！
⚠️ 第54天，村民889食物耗尽！
⚠️ 第54天，村民889缺水！
⚠️ 第54天，村民890食物耗尽！
⚠️ 第54天，村民890缺水！
⚠️ 第54天，村民891食物耗尽！
⚠️ 第54天，村民891缺水！
⚠️ 第54天，村民892食物耗尽！
⚠️ 第54天，村民892缺水！
⚠️ 第54天，村民893食物耗尽！
⚠️ 第54天，村民893缺水！
⚠️ 第54天，村民894食物耗尽！
⚠️ 第54天，村民894缺水！
⚠️ 第54天，村民895食物耗尽！
⚠️ 第54天，村民895缺水！
⚠️ 第54天，村民896食物耗尽！
⚠️ 第54天，村民896缺水！
⚠️ 第54天，村民897食物耗尽！
⚠️ 第54天，村民897缺水！
⚠️ 第54天，村民898食物耗尽！
⚠️ 第54天，村民898缺水！
⚠️ 第54天，村民899食物耗尽！
⚠️ 第54天，村民899缺水！
⚠️ 第54天，村民900食物耗尽！
⚠️ 第54天，村民900缺水！
⚠️ 第54天，村民901食物耗尽！
⚠️ 第54天，村民901缺水！
⚠️ 第54天，村民902食物耗尽！
⚠️ 第54天，村民902缺水！
⚠️ 第54天，村民903食物耗尽！
⚠️ 第54天，村民903缺水！
⚠️ 第54天，村民904食物耗尽！
⚠️ 第54天，村民904缺水！
⚠️ 第54天，村民905食物耗尽！
⚠️ 第54天，村民905缺水！
⚠️ 第54天，村民906食物耗尽！
⚠️ 第54天，村民906缺水！
⚠️ 第54天，村民907食物耗尽！
⚠️ 第54天，村民907缺水！
⚠️ 第54天，村民908食物耗尽！
⚠️ 第54天，村民908缺水！
⚠️ 第54天，村民909食物耗尽！
⚠️ 第54天，村民909缺水！
⚠️ 第54天，村民910食物耗尽！
⚠️ 第54天，村民910缺水！
⚠️ 第54天，村民911食物耗尽！
⚠️ 第54天，村民911缺水！
⚠️ 第54天，村民912食物耗尽！
⚠️ 第54天，村民912缺水！
⚠️ 第54天，村民913食物耗尽！
⚠️ 第54天，村民913缺水！
⚠️ 第54天，村民914食物耗尽！
⚠️ 第54天，村民914缺水！
⚠️ 第54天，村民915食物耗尽！
⚠️ 第54天，村民915缺水！
⚠️ 第54天，村民916食物耗尽！
⚠️ 第54天，村民916缺水！
⚠️ 第54天，村民917食物耗尽！
⚠️ 第54天，村民917缺水！
⚠️ 第54天，村民918食物耗尽！
⚠️ 第54天，村民918缺水！
⚠️ 第54天，村民919食物耗尽！
⚠️ 第54天，村民919缺水！
⚠️ 第54天，村民920食物耗尽！
⚠️ 第54天，村民920缺水！
⚠️ 第54天，村民921食物耗尽！
⚠️ 第54天，村民921缺水！
⚠️ 第54天，村民922食物耗尽！
⚠️ 第54天，村民922缺水！
⚠️ 第54天，村民923食物耗尽！
⚠️ 第54天，村民923缺水！
⚠️ 第54天，村民924食物耗尽！
⚠️ 第54天，村民924缺水！
⚠️ 第54天，村民925食物耗尽！
⚠️ 第54天，村民925缺水！
⚠️ 第54天，村民926食物耗尽！
⚠️ 第54天，村民926缺水！
⚠️ 第54天，村民927食物耗尽！
⚠️ 第54天，村民927缺水！
⚠️ 第54天，村民928食物耗尽！
⚠️ 第54天，村民928缺水！
⚠️ 第54天，村民929食物耗尽！
⚠️ 第54天，村民929缺水！
⚠️ 第54天，村民930食物耗尽！
⚠️ 第54天，村民930缺水！
⚠️ 第54天，村民931食物耗尽！
⚠️ 第54天，村民931缺水！
⚠️ 第54天，村民932食物耗尽！
⚠️ 第54天，村民932缺水！
⚠️ 第54天，村民933食物耗尽！
⚠️ 第54天，村民933缺水！
⚠️ 第54天，村民934食物耗尽！
⚠️ 第54天，村民934缺水！
⚠️ 第54天，村民935食物耗尽！
⚠️ 第54天，村民935缺水！
⚠️ 第54天，村民936食物耗尽！
⚠️ 第54天，村民936缺水！
⚠️ 第54天，村民937食物耗尽！
⚠️ 第54天，村民937缺水！
⚠️ 第54天，村民938食物耗尽！
⚠️ 第54天，村民938缺水！
⚠️ 第54天，村民939食物耗尽！
⚠️ 第54天，村民939缺水！
⚠️ 第54天，村民940食物耗尽！
⚠️ 第54天，村民940缺水！
⚠️ 第54天，村民941食物耗尽！
⚠️ 第54天，村民941缺水！
⚠️ 第54天，村民942食物耗尽！
⚠️ 第54天，村民942缺水！
⚠️ 第54天，村民943食物耗尽！
⚠️ 第54天，村民943缺水！
⚠️ 第54天，村民944食物耗尽！
⚠️ 第54天，村民944缺水！
⚠️ 第54天，村民945食物耗尽！
⚠️ 第54天，村民945缺水！
⚠️ 第54天，村民946食物耗尽！
⚠️ 第54天，村民946缺水！
⚠️ 第54天，村民947食物耗尽！
⚠️ 第54天，村民947缺水！
⚠️ 第54天，村民948食物耗尽！
⚠️ 第54天，村民948缺水！
⚠️ 第54天，村民949食物耗尽！
⚠️ 第54天，村民949缺水！
⚠️ 第54天，村民950食物耗尽！
⚠️ 第54天，村民950缺水！
⚠️ 第54天，村民951食物耗尽！
⚠️ 第54天，村民951缺水！
⚠️ 第54天，村民952食物耗尽！
⚠️ 第54天，村民952缺水！
⚠️ 第54天，村民953食物耗尽！
⚠️ 第54天，村民953缺水！
⚠️ 第54天，村民954食物耗尽！
⚠️ 第54天，村民954缺水！
⚠️ 第54天，村民955食物耗尽！
⚠️ 第54天，村民955缺水！
⚠️ 第54天，村民956食物耗尽！
⚠️ 第54天，村民956缺水！
⚠️ 第54天，村民957食物耗尽！
⚠️ 第54天，村民957缺水！
⚠️ 第54天，村民958食物耗尽！
⚠️ 第54天，村民958缺水！
⚠️ 第54天，村民959食物耗尽！
⚠️ 第54天，村民959缺水！
⚠️ 第54天，村民960食物耗尽！
⚠️ 第54天，村民960缺水！
⚠️ 第54天，村民961食物耗尽！
⚠️ 第54天，村民961缺水！
⚠️ 第54天，村民962食物耗尽！
⚠️ 第54天，村民962缺水！
⚠️ 第54天，村民963食物耗尽！
⚠️ 第54天，村民963缺水！
⚠️ 第54天，村民964食物耗尽！
⚠️ 第54天，村民964缺水！
⚠️ 第54天，村民965食物耗尽！
⚠️ 第54天，村民965缺水！
⚠️ 第54天，村民966食物耗尽！
⚠️ 第54天，村民966缺水！
⚠️ 第54天，村民967食物耗尽！
⚠️ 第54天，村民967缺水！
⚠️ 第54天，村民968食物耗尽！
⚠️ 第54天，村民968缺水！
⚠️ 第54天，村民969食物耗尽！
⚠️ 第54天，村民969缺水！
⚠️ 第54天，村民970食物耗尽！
⚠️ 第54天，村民970缺水！
⚠️ 第54天，村民971食物耗尽！
⚠️ 第54天，村民971缺水！
⚠️ 第54天，村民972食物耗尽！
⚠️ 第54天，村民972缺水！
⚠️ 第54天，村民973食物耗尽！
⚠️ 第54天，村民973缺水！
⚠️ 第54天，村民974食物耗尽！
⚠️ 第54天，村民974缺水！
⚠️ 第54天，村民975食物耗尽！
⚠️ 第54天，村民975缺水！
⚠️ 第54天，村民976食物耗尽！
⚠️ 第54天，村民976缺水！
⚠️ 第54天，村民977食物耗尽！
⚠️ 第54天，村民977缺水！
⚠️ 第54天，村民978食物耗尽！
⚠️ 第54天，村民978缺水！
⚠️ 第54天，村民979食物耗尽！
⚠️ 第54天，村民979缺水！
⚠️ 第54天，村民980食物耗尽！
⚠️ 第54天，村民980缺水！
⚠️ 第54天，村民981食物耗尽！
⚠️ 第54天，村民981缺水！
⚠️ 第54天，村民982食物耗尽！
⚠️ 第54天，村民982缺水！
⚠️ 第54天，村民983食物耗尽！
⚠️ 第54天，村民983缺水！
⚠️ 第54天，村民984食物耗尽！
⚠️ 第54天，村民984缺水！
⚠️ 第54天，村民985食物耗尽！
⚠️ 第54天，村民985缺水！
⚠️ 第54天，村民986食物耗尽！
⚠️ 第54天，村民986缺水！
⚠️ 第54天，村民987食物耗尽！
⚠️ 第54天，村民987缺水！
⚠️ 第54天，村民988食物耗尽！
⚠️ 第54天，村民988缺水！
⚠️ 第54天，村民989食物耗尽！
⚠️ 第54天，村民989缺水！
⚠️ 第54天，村民990食物耗尽！
⚠️ 第54天，村民990缺水！
⚠️ 第54天，村民991食物耗尽！
⚠️ 第54天，村民991缺水！
⚠️ 第54天，村民992食物耗尽！
⚠️ 第54天，村民992缺水！
⚠️ 第54天，村民993食物耗尽！
⚠️ 第54天，村民993缺水！
⚠️ 第54天，村民994食物耗尽！
⚠️ 第54天，村民994缺水！
⚠️ 第54天，村民995食物耗尽！
⚠️ 第54天，村民995缺水！
⚠️ 第54天，村民996食物耗尽！
⚠️ 第54天，村民996缺水！
⚠️ 第54天，村民997食物耗尽！
⚠️ 第54天，村民997缺水！
⚠️ 第54天，村民998食物耗尽！
⚠️ 第54天，村民998缺水！
⚠️ 第54天，村民999食物耗尽！
⚠️ 第54天，村民999缺水！
⚠️ 第54天，村民1000食物耗尽！
⚠️ 第54天，村民1000缺水！
⚠️ 第54天，村民1001食物耗尽！
⚠️ 第54天，村民1001缺水！
⚠️ 第54天，村民1002食物耗尽！
⚠️ 第54天，村民1002缺水！
⚠️ 第54天，村民1003食物耗尽！
⚠️ 第54天，村民1003缺水！
⚠️ 第54天，村民1004食物耗尽！
⚠️ 第54天，村民1004缺水！
⚠️ 第54天，村民1005食物耗尽！
⚠️ 第54天，村民1005缺水！
⚠️ 第54天，村民1006食物耗尽！
⚠️ 第54天，村民1006缺水！
⚠️ 第54天，村民1007食物耗尽！
⚠️ 第54天，村民1007缺水！
⚠️ 第54天，村民1008食物耗尽！
⚠️ 第54天，村民1008缺水！
⚠️ 第54天，村民1009食物耗尽！
⚠️ 第54天，村民1009缺水！
⚠️ 第54天，村民1010食物耗尽！
⚠️ 第54天，村民1010缺水！
⚠️ 第54天，村民1011食物耗尽！
⚠️ 第54天，村民1011缺水！
⚠️ 第54天，村民1012食物耗尽！
⚠️ 第54天，村民1012缺水！
⚠️ 第54天，村民1013食物耗尽！
⚠️ 第54天，村民1013缺水！
⚠️ 第54天，村民1014食物耗尽！
⚠️ 第54天，村民1014缺水！
⚠️ 第54天，村民1015食物耗尽！
⚠️ 第54天，村民1015缺水！
⚠️ 第54天，村民1016食物耗尽！
⚠️ 第54天，村民1016缺水！
⚠️ 第54天，村民1017食物耗尽！
⚠️ 第54天，村民1017缺水！
⚠️ 第54天，村民1018食物耗尽！
⚠️ 第54天，村民1018缺水！
⚠️ 第54天，村民1019食物耗尽！
⚠️ 第54天，村民1019缺水！
⚠️ 第54天，村民1020食物耗尽！
⚠️ 第54天，村民1020缺水！
⚠️ 第54天，村民1021食物耗尽！
⚠️ 第54天，村民1021缺水！
⚠️ 第54天，村民1022食物耗尽！
⚠️ 第54天，村民1022缺水！
⚠️ 第54天，村民1023食物耗尽！
⚠️ 第54天，村民1023缺水！
⚠️ 第54天，村民1024食物耗尽！
⚠️ 第54天，村民1024缺水！
⚠️ 第54天，村民1025食物耗尽！
⚠️ 第54天，村民1025缺水！
⚠️ 第54天，村民1026食物耗尽！
⚠️ 第54天，村民1026缺水！
⚠️ 第54天，村民1027食物耗尽！
⚠️ 第54天，村民1027缺水！
⚠️ 第54天，村民1028食物耗尽！
⚠️ 第54天，村民1028缺水！
⚠️ 第54天，村民1029食物耗尽！
⚠️ 第54天，村民1029缺水！
⚠️ 第54天，村民1030食物耗尽！
⚠️ 第54天，村民1030缺水！
⚠️ 第54天，村民1031食物耗尽！
⚠️ 第54天，村民1031缺水！
⚠️ 第54天，村民1032食物耗尽！
⚠️ 第54天，村民1032缺水！
⚠️ 第54天，村民1033食物耗尽！
⚠️ 第54天，村民1033缺水！
⚠️ 第54天，村民1034食物耗尽！
⚠️ 第54天，村民1034缺水！
⚠️ 第54天，村民1035食物耗尽！
⚠️ 第54天，村民1035缺水！
⚠️ 第54天，村民1036食物耗尽！
⚠️ 第54天，村民1036缺水！
⚠️ 第54天，村民1037食物耗尽！
⚠️ 第54天，村民1037缺水！
⚠️ 第54天，村民1038食物耗尽！
⚠️ 第54天，村民1038缺水！
⚠️ 第54天，村民1039食物耗尽！
⚠️ 第54天，村民1039缺水！
⚠️ 第54天，村民1040食物耗尽！
⚠️ 第54天，村民1040缺水！
⚠️ 第54天，村民1041食物耗尽！
⚠️ 第54天，村民1041缺水！
⚠️ 第54天，村民1042食物耗尽！
⚠️ 第54天，村民1042缺水！
⚠️ 第54天，村民1043食物耗尽！
⚠️ 第54天，村民1043缺水！
⚠️ 第54天，村民1044食物耗尽！
⚠️ 第54天，村民1044缺水！
⚠️ 第54天，村民1045食物耗尽！
⚠️ 第54天，村民1045缺水！
⚠️ 第54天，村民1046食物耗尽！
⚠️ 第54天，村民1046缺水！
⚠️ 第54天，村民1047食物耗尽！
⚠️ 第54天，村民1047缺水！
⚠️ 第54天，村民1048食物耗尽！
⚠️ 第54天，村民1048缺水！
⚠️ 第54天，村民1049食物耗尽！
⚠️ 第54天，村民1049缺水！
⚠️ 第54天，村民1050食物耗尽！
⚠️ 第54天，村民1050缺水！
⚠️ 第54天，村民1051食物耗尽！
⚠️ 第54天，村民1051缺水！
⚠️ 第54天，村民1052食物耗尽！
⚠️ 第54天，村民1052缺水！
⚠️ 第54天，村民1053食物耗尽！
⚠️ 第54天，村民1053缺水！
⚠️ 第54天，村民1054食物耗尽！
⚠️ 第54天，村民1054缺水！
⚠️ 第54天，村民1055食物耗尽！
⚠️ 第54天，村民1055缺水！
⚠️ 第54天，村民1056食物耗尽！
⚠️ 第54天，村民1056缺水！
⚠️ 第54天，村民1057食物耗尽！
⚠️ 第54天，村民1057缺水！
⚠️ 第54天，村民1058食物耗尽！
⚠️ 第54天，村民1058缺水！
⚠️ 第54天，村民1059食物耗尽！
⚠️ 第54天，村民1059缺水！
⚠️ 第54天，村民1060食物耗尽！
⚠️ 第54天，村民1060缺水！
⚠️ 第54天，村民1061食物耗尽！
⚠️ 第54天，村民1061缺水！
⚠️ 第54天，村民1062食物耗尽！
⚠️ 第54天，村民1062缺水！
⚠️ 第54天，村民1063食物耗尽！
⚠️ 第54天，村民1063缺水！
⚠️ 第54天，村民1064食物耗尽！
⚠️ 第54天，村民1064缺水！
⚠️ 第54天，村民1065食物耗尽！
⚠️ 第54天，村民1065缺水！
⚠️ 第54天，村民1066食物耗尽！
⚠️ 第54天，村民1066缺水！
⚠️ 第54天，村民1067食物耗尽！
⚠️ 第54天，村民1067缺水！
⚠️ 第54天，村民1068食物耗尽！
⚠️ 第54天，村民1068缺水！
⚠️ 第54天，村民1069食物耗尽！
⚠️ 第54天，村民1069缺水！
⚠️ 第54天，村民1070食物耗尽！
⚠️ 第54天，村民1070缺水！
⚠️ 第54天，村民1071食物耗尽！
⚠️ 第54天，村民1071缺水！
⚠️ 第54天，村民1072食物耗尽！
⚠️ 第54天，村民1072缺水！
⚠️ 第54天，村民1073食物耗尽！
⚠️ 第54天，村民1073缺水！
⚠️ 第54天，村民1074食物耗尽！
⚠️ 第54天，村民1074缺水！
⚠️ 第54天，村民1075食物耗尽！
⚠️ 第54天，村民1075缺水！
⚠️ 第54天，村民1076食物耗尽！
⚠️ 第54天，村民1076缺水！
⚠️ 第54天，村民1077食物耗尽！
⚠️ 第54天，村民1077缺水！
⚠️ 第54天，村民1078食物耗尽！
⚠️ 第54天，村民1078缺水！
⚠️ 第54天，村民1079食物耗尽！
⚠️ 第54天，村民1079缺水！
⚠️ 第54天，村民1080食物耗尽！
⚠️ 第54天，村民1080缺水！
⚠️ 第54天，村民1081食物耗尽！
⚠️ 第54天，村民1081缺水！
⚠️ 第54天，村民1082食物耗尽！
⚠️ 第54天，村民1082缺水！
⚠️ 第54天，村民1083食物耗尽！
⚠️ 第54天，村民1083缺水！
⚠️ 第54天，村民1084食物耗尽！
⚠️ 第54天，村民1084缺水！
⚠️ 第54天，村民1085食物耗尽！
⚠️ 第54天，村民1085缺水！
⚠️ 第54天，村民1086食物耗尽！
⚠️ 第54天，村民1086缺水！
⚠️ 第54天，村民1087食物耗尽！
⚠️ 第54天，村民1087缺水！
⚠️ 第54天，村民1088食物耗尽！
⚠️ 第54天，村民1088缺水！
⚠️ 第54天，村民1089食物耗尽！
⚠️ 第54天，村民1089缺水！
⚠️ 第54天，村民1090食物耗尽！
⚠️ 第54天，村民1090缺水！
⚠️ 第54天，村民1091食物耗尽！
⚠️ 第54天，村民1091缺水！
⚠️ 第54天，村民1092食物耗尽！
⚠️ 第54天，村民1092缺水！
⚠️ 第54天，村民1093食物耗尽！
⚠️ 第54天，村民1093缺水！
⚠️ 第54天，村民1094食物耗尽！
⚠️ 第54天，村民1094缺水！
⚠️ 第54天，村民1095食物耗尽！
⚠️ 第54天，村民1095缺水！
⚠️ 第54天，村民1096食物耗尽！
⚠️ 第54天，村民1096缺水！
⚠️ 第54天，村民1097食物耗尽！
⚠️ 第54天，村民1097缺水！
⚠️ 第54天，村民1098食物耗尽！
⚠️ 第54天，村民1098缺水！
⚠️ 第54天，村民1099食物耗尽！
⚠️ 第54天，村民1099缺水！
⚠️ 第54天，村民1100食物耗尽！
⚠️ 第54天，村民1100缺水！
⚠️ 第54天，村民1101食物耗尽！
⚠️ 第54天，村民1101缺水！
⚠️ 第54天，村民1102食物耗尽！
⚠️ 第54天，村民1102缺水！
⚠️ 第54天，村民1103食物耗尽！
⚠️ 第54天，村民1103缺水！
⚠️ 第54天，村民1104食物耗尽！
⚠️ 第54天，村民1104缺水！
⚠️ 第54天，村民1105食物耗尽！
⚠️ 第54天，村民1105缺水！
⚠️ 第54天，村民1106食物耗尽！
⚠️ 第54天，村民1106缺水！
⚠️ 第54天，村民1107食物耗尽！
⚠️ 第54天，村民1107缺水！
⚠️ 第54天，村民1108食物耗尽！
⚠️ 第54天，村民1108缺水！
⚠️ 第54天，村民1109食物耗尽！
⚠️ 第54天，村民1109缺水！
⚠️ 第54天，村民1110食物耗尽！
⚠️ 第54天，村民1110缺水！
⚠️ 第54天，村民1111食物耗尽！
⚠️ 第54天，村民1111缺水！
⚠️ 第54天，村民1112食物耗尽！
⚠️ 第54天，村民1112缺水！
⚠️ 第54天，村民1113食物耗尽！
⚠️ 第54天，村民1113缺水！
⚠️ 第54天，村民1114食物耗尽！
⚠️ 第54天，村民1114缺水！
⚠️ 第54天，村民1115食物耗尽！
⚠️ 第54天，村民1115缺水！
⚠️ 第54天，村民1116食物耗尽！
⚠️ 第54天，村民1116缺水！
⚠️ 第54天，村民1117食物耗尽！
⚠️ 第54天，村民1117缺水！
⚠️ 第54天，村民1118食物耗尽！
⚠️ 第54天，村民1118缺水！
⚠️ 第54天，村民1119食物耗尽！
⚠️ 第54天，村民1119缺水！
⚠️ 第54天，村民1120食物耗尽！
⚠️ 第54天，村民1120缺水！
⚠️ 第54天，村民1121食物耗尽！
⚠️ 第54天，村民1121缺水！
⚠️ 第54天，村民1122食物耗尽！
⚠️ 第54天，村民1122缺水！
⚠️ 第54天，村民1123食物耗尽！
⚠️ 第54天，村民1123缺水！
⚠️ 第54天，村民1124食物耗尽！
⚠️ 第54天，村民1124缺水！
⚠️ 第54天，村民1125食物耗尽！
⚠️ 第54天，村民1125缺水！
⚠️ 第54天，村民1126食物耗尽！
⚠️ 第54天，村民1126缺水！
⚠️ 第54天，村民1127食物耗尽！
⚠️ 第54天，村民1127缺水！
⚠️ 第54天，村民1128食物耗尽！
⚠️ 第54天，村民1128缺水！
⚠️ 第54天，村民1129食物耗尽！
⚠️ 第54天，村民1129缺水！
⚠️ 第54天，村民1130食物耗尽！
⚠️ 第54天，村民1130缺水！
⚠️ 第54天，村民1131食物耗尽！
⚠️ 第54天，村民1131缺水！
⚠️ 第54天，村民1132食物耗尽！
⚠️ 第54天，村民1132缺水！
⚠️ 第54天，村民1133食物耗尽！
⚠️ 第54天，村民1133缺水！
⚠️ 第54天，村民1134食物耗尽！
⚠️ 第54天，村民1134缺水！
⚠️ 第54天，村民1135食物耗尽！
⚠️ 第54天，村民1135缺水！
⚠️ 第54天，村民1136食物耗尽！
⚠️ 第54天，村民1136缺水！
⚠️ 第54天，村民1137食物耗尽！
⚠️ 第54天，村民1137缺水！
⚠️ 第54天，村民1138食物耗尽！
⚠️ 第54天，村民1138缺水！
⚠️ 第54天，村民1139食物耗尽！
⚠️ 第54天，村民1139缺水！
⚠️ 第54天，村民1140食物耗尽！
⚠️ 第54天，村民1140缺水！
⚠️ 第54天，村民1141食物耗尽！
⚠️ 第54天，村民1141缺水！
⚠️ 第54天，村民1142食物耗尽！
⚠️ 第54天，村民1142缺水！
⚠️ 第54天，村民1143食物耗尽！
⚠️ 第54天，村民1143缺水！
⚠️ 第54天，村民1144食物耗尽！
⚠️ 第54天，村民1144缺水！
⚠️ 第54天，村民1145食物耗尽！
⚠️ 第54天，村民1145缺水！
⚠️ 第54天，村民1146食物耗尽！
⚠️ 第54天，村民1146缺水！
⚠️ 第54天，村民1147食物耗尽！
⚠️ 第54天，村民1147缺水！
⚠️ 第54天，村民1148食物耗尽！
⚠️ 第54天，村民1148缺水！
⚠️ 第54天，村民1149食物耗尽！
⚠️ 第54天，村民1149缺水！
⚠️ 第54天，村民1150食物耗尽！
⚠️ 第54天，村民1150缺水！
⚠️ 第54天，村民1151食物耗尽！
⚠️ 第54天，村民1151缺水！
⚠️ 第54天，村民1152食物耗尽！
⚠️ 第54天，村民1152缺水！
⚠️ 第54天，村民1153食物耗尽！
⚠️ 第54天，村民1153缺水！
⚠️ 第54天，村民1154食物耗尽！
⚠️ 第54天，村民1154缺水！
⚠️ 第54天，村民1155食物耗尽！
⚠️ 第54天，村民1155缺水！
⚠️ 第54天，村民1156食物耗尽！
⚠️ 第54天，村民1156缺水！
⚠️ 第54天，村民1157食物耗尽！
⚠️ 第54天，村民1157缺水！
⚠️ 第54天，村民1158食物耗尽！
⚠️ 第54天，村民1158缺水！
⚠️ 第54天，村民1159食物耗尽！
⚠️ 第54天，村民1159缺水！
⚠️ 第54天，村民1160食物耗尽！
⚠️ 第54天，村民1160缺水！
⚠️ 第54天，村民1161食物耗尽！
⚠️ 第54天，村民1161缺水！
⚠️ 第54天，村民1162食物耗尽！
⚠️ 第54天，村民1162缺水！
⚠️ 第54天，村民1163食物耗尽！
⚠️ 第54天，村民1163缺水！
⚠️ 第54天，村民1164食物耗尽！
⚠️ 第54天，村民1164缺水！
⚠️ 第54天，村民1165食物耗尽！
⚠️ 第54天，村民1165缺水！
⚠️ 第54天，村民1166食物耗尽！
⚠️ 第54天，村民1166缺水！
⚠️ 第54天，村民1167食物耗尽！
⚠️ 第54天，村民1167缺水！
⚠️ 第54天，村民1168食物耗尽！
⚠️ 第54天，村民1168缺水！
⚠️ 第54天，村民1169食物耗尽！
⚠️ 第54天，村民1169缺水！
⚠️ 第54天，村民1170食物耗尽！
⚠️ 第54天，村民1170缺水！
⚠️ 第54天，村民1171食物耗尽！
⚠️ 第54天，村民1171缺水！
⚠️ 第54天，村民1172食物耗尽！
⚠️ 第54天，村民1172缺水！
⚠️ 第54天，村民1173食物耗尽！
⚠️ 第54天，村民1173缺水！
⚠️ 第54天，村民1174食物耗尽！
⚠️ 第54天，村民1174缺水！
⚠️ 第54天，村民1175食物耗尽！
⚠️ 第54天，村民1175缺水！
⚠️ 第54天，村民1176食物耗尽！
⚠️ 第54天，村民1176缺水！
⚠️ 第54天，村民1177食物耗尽！
⚠️ 第54天，村民1177缺水！
⚠️ 第54天，村民1178食物耗尽！
⚠️ 第54天，村民1178缺水！
⚠️ 第54天，村民1179食物耗尽！
⚠️ 第54天，村民1179缺水！
⚠️ 第54天，村民1180食物耗尽！
⚠️ 第54天，村民1180缺水！
⚠️ 第54天，村民1181食物耗尽！
⚠️ 第54天，村民1181缺水！
⚠️ 第54天，村民1182食物耗尽！
⚠️ 第54天，村民1182缺水！
⚠️ 第54天，村民1183食物耗尽！
⚠️ 第54天，村民1183缺水！
⚠️ 第54天，村民1184食物耗尽！
⚠️ 第54天，村民1184缺水！
⚠️ 第54天，村民1185食物耗尽！
⚠️ 第54天，村民1185缺水！
⚠️ 第54天，村民1186食物耗尽！
⚠️ 第54天，村民1186缺水！
⚠️ 第54天，村民1187食物耗尽！
⚠️ 第54天，村民1187缺水！
⚠️ 第54天，村民1188食物耗尽！
⚠️ 第54天，村民1188缺水！
⚠️ 第54天，村民1189食物耗尽！
⚠️ 第54天，村民1189缺水！
⚠️ 第54天，村民1190食物耗尽！
⚠️ 第54天，村民1190缺水！
⚠️ 第54天，村民1191食物耗尽！
⚠️ 第54天，村民1191缺水！
⚠️ 第54天，村民1192食物耗尽！
⚠️ 第54天，村民1192缺水！
⚠️ 第54天，村民1193食物耗尽！
⚠️ 第54天，村民1193缺水！
⚠️ 第54天，村民1194食物耗尽！
⚠️ 第54天，村民1194缺水！
⚠️ 第54天，村民1195食物耗尽！
⚠️ 第54天，村民1195缺水！
⚠️ 第54天，村民1196食物耗尽！
⚠️ 第54天，村民1196缺水！
⚠️ 第54天，村民1197食物耗尽！
⚠️ 第54天，村民1197缺水！
⚠️ 第54天，村民1198食物耗尽！
⚠️ 第54天，村民1198缺水！
⚠️ 第54天，村民1199食物耗尽！
⚠️ 第54天，村民1199缺水！
⚠️ 第54天，村民1200食物耗尽！
⚠️ 第54天，村民1200缺水！
⚠️ 第54天，村民1201食物耗尽！
⚠️ 第54天，村民1201缺水！
⚠️ 第54天，村民1202食物耗尽！
⚠️ 第54天，村民1202缺水！
⚠️ 第54天，村民1203食物耗尽！
⚠️ 第54天，村民1203缺水！
⚠️ 第54天，村民1204食物耗尽！
⚠️ 第54天，村民1204缺水！
⚠️ 第54天，村民1205食物耗尽！
⚠️ 第54天，村民1205缺水！
⚠️ 第54天，村民1206食物耗尽！
⚠️ 第54天，村民1206缺水！
⚠️ 第54天，村民1207食物耗尽！
⚠️ 第54天，村民1207缺水！
⚠️ 第54天，村民1208食物耗尽！
⚠️ 第54天，村民1208缺水！
⚠️ 第54天，村民1209食物耗尽！
⚠️ 第54天，村民1209缺水！
⚠️ 第54天，村民1210食物耗尽！
⚠️ 第54天，村民1210缺水！
⚠️ 第54天，村民1211食物耗尽！
⚠️ 第54天，村民1211缺水！
⚠️ 第54天，村民1212食物耗尽！
⚠️ 第54天，村民1212缺水！
⚠️ 第54天，村民1213食物耗尽！
⚠️ 第54天，村民1213缺水！
⚠️ 第54天，村民1214食物耗尽！
⚠️ 第54天，村民1214缺水！
⚠️ 第54天，村民1215食物耗尽！
⚠️ 第54天，村民1215缺水！
⚠️ 第54天，村民1216食物耗尽！
⚠️ 第54天，村民1216缺水！
⚠️ 第54天，村民1217食物耗尽！
⚠️ 第54天，村民1217缺水！
⚠️ 第54天，村民1218食物耗尽！
⚠️ 第54天，村民1218缺水！
⚠️ 第54天，村民1219食物耗尽！
⚠️ 第54天，村民1219缺水！
⚠️ 第54天，村民1220食物耗尽！
⚠️ 第54天，村民1220缺水！
⚠️ 第54天，村民1221食物耗尽！
⚠️ 第54天，村民1221缺水！
⚠️ 第54天，村民1222食物耗尽！
⚠️ 第54天，村民1222缺水！
⚠️ 第54天，村民1223食物耗尽！
⚠️ 第54天，村民1223缺水！
⚠️ 第54天，村民1224食物耗尽！
⚠️ 第54天，村民1224缺水！
⚠️ 第54天，村民1225食物耗尽！
⚠️ 第54天，村民1225缺水！
⚠️ 第54天，村民1226食物耗尽！
⚠️ 第54天，村民1226缺水！
⚠️ 第54天，村民1227食物耗尽！
⚠️ 第54天，村民1227缺水！
⚠️ 第54天，村民1228食物耗尽！
⚠️ 第54天，村民1228缺水！
⚠️ 第54天，村民1229食物耗尽！
⚠️ 第54天，村民1229缺水！
⚠️ 第54天，村民1230食物耗尽！
⚠️ 第54天，村民1230缺水！
⚠️ 第54天，村民1231食物耗尽！
⚠️ 第54天，村民1231缺水！
⚠️ 第54天，村民1232食物耗尽！
⚠️ 第54天，村民1232缺水！
⚠️ 第54天，村民1233食物耗尽！
⚠️ 第54天，村民1233缺水！
⚠️ 第54天，村民1234食物耗尽！
⚠️ 第54天，村民1234缺水！
⚠️ 第54天，村民1235食物耗尽！
⚠️ 第54天，村民1235缺水！
⚠️ 第54天，村民1236食物耗尽！
⚠️ 第54天，村民1236缺水！
⚠️ 第54天，村民1237食物耗尽！
⚠️ 第54天，村民1237缺水！
⚠️ 第54天，村民1238食物耗尽！
⚠️ 第54天，村民1238缺水！
⚠️ 第54天，村民1239食物耗尽！
⚠️ 第54天，村民1239缺水！
⚠️ 第54天，村民1240食物耗尽！
⚠️ 第54天，村民1240缺水！
⚠️ 第54天，村民1241食物耗尽！
⚠️ 第54天，村民1241缺水！
⚠️ 第54天，村民1242食物耗尽！
⚠️ 第54天，村民1242缺水！
⚠️ 第54天，村民1243食物耗尽！
⚠️ 第54天，村民1243缺水！
⚠️ 第54天，村民1244食物耗尽！
⚠️ 第54天，村民1244缺水！
⚠️ 第54天，村民1245食物耗尽！
⚠️ 第54天，村民1245缺水！
⚠️ 第54天，村民1246食物耗尽！
⚠️ 第54天，村民1246缺水！
⚠️ 第54天，村民1247食物耗尽！
⚠️ 第54天，村民1247缺水！
⚠️ 第54天，村民1248食物耗尽！
⚠️ 第54天，村民1248缺水！
⚠️ 第54天，村民1249食物耗尽！
⚠️ 第54天，村民1249缺水！
⚠️ 第54天，村民1250食物耗尽！
⚠️ 第54天，村民1250缺水！
⚠️ 第54天，村民1251食物耗尽！
⚠️ 第54天，村民1251缺水！
⚠️ 第54天，村民1252食物耗尽！
⚠️ 第54天，村民1252缺水！
⚠️ 第54天，村民1253食物耗尽！
⚠️ 第54天，村民1253缺水！
⚠️ 第54天，村民1254食物耗尽！
⚠️ 第54天，村民1254缺水！
⚠️ 第54天，村民1255食物耗尽！
⚠️ 第54天，村民1255缺水！
⚠️ 第54天，村民1256食物耗尽！
⚠️ 第54天，村民1256缺水！
⚠️ 第54天，村民1257食物耗尽！
⚠️ 第54天，村民1257缺水！
⚠️ 第54天，村民1258食物耗尽！
⚠️ 第54天，村民1258缺水！
⚠️ 第54天，村民1259食物耗尽！
⚠️ 第54天，村民1259缺水！
⚠️ 第54天，村民1260食物耗尽！
⚠️ 第54天，村民1260缺水！
⚠️ 第54天，村民1261食物耗尽！
⚠️ 第54天，村民1261缺水！
⚠️ 第54天，村民1262食物耗尽！
⚠️ 第54天，村民1262缺水！
⚠️ 第54天，村民1263食物耗尽！
⚠️ 第54天，村民1263缺水！
⚠️ 第54天，村民1264食物耗尽！
⚠️ 第54天，村民1264缺水！
⚠️ 第54天，村民1265食物耗尽！
⚠️ 第54天，村民1265缺水！
⚠️ 第54天，村民1266食物耗尽！
⚠️ 第54天，村民1266缺水！
⚠️ 第54天，村民1267食物耗尽！
⚠️ 第54天，村民1267缺水！
⚠️ 第54天，村民1268食物耗尽！
⚠️ 第54天，村民1268缺水！
⚠️ 第54天，村民1269食物耗尽！
⚠️ 第54天，村民1269缺水！
⚠️ 第54天，村民1270食物耗尽！
⚠️ 第54天，村民1270缺水！
⚠️ 第54天，村民1271食物耗尽！
⚠️ 第54天，村民1271缺水！
⚠️ 第54天，村民1272食物耗尽！
⚠️ 第54天，村民1272缺水！
⚠️ 第54天，村民1273食物耗尽！
⚠️ 第54天，村民1273缺水！
⚠️ 第54天，村民1274食物耗尽！
⚠️ 第54天，村民1274缺水！
⚠️ 第54天，村民1275食物耗尽！
⚠️ 第54天，村民1275缺水！
⚠️ 第54天，村民1276食物耗尽！
⚠️ 第54天，村民1276缺水！
⚠️ 第54天，村民1277食物耗尽！
⚠️ 第54天，村民1277缺水！
⚠️ 第54天，村民1278食物耗尽！
⚠️ 第54天，村民1278缺水！
⚠️ 第54天，村民1279食物耗尽！
⚠️ 第54天，村民1279缺水！
⚠️ 第54天，村民1280食物耗尽！
⚠️ 第54天，村民1280缺水！
⚠️ 第54天，村民1281食物耗尽！
⚠️ 第54天，村民1281缺水！
⚠️ 第54天，村民1282食物耗尽！
⚠️ 第54天，村民1282缺水！
⚠️ 第54天，村民1283食物耗尽！
⚠️ 第54天，村民1283缺水！
⚠️ 第54天，村民1284食物耗尽！
⚠️ 第54天，村民1284缺水！
⚠️ 第54天，村民1285食物耗尽！
⚠️ 第54天，村民1285缺水！
⚠️ 第54天，村民1286食物耗尽！
⚠️ 第54天，村民1286缺水！
⚠️ 第54天，村民1287食物耗尽！
⚠️ 第54天，村民1287缺水！
⚠️ 第54天，村民1288食物耗尽！
⚠️ 第54天，村民1288缺水！
⚠️ 第54天，村民1289食物耗尽！
⚠️ 第54天，村民1289缺水！
⚠️ 第54天，村民1290食物耗尽！
⚠️ 第54天，村民1290缺水！
⚠️ 第54天，村民1291食物耗尽！
⚠️ 第54天，村民1291缺水！
⚠️ 第54天，村民1292食物耗尽！
⚠️ 第54天，村民1292缺水！
⚠️ 第54天，村民1293食物耗尽！
⚠️ 第54天，村民1293缺水！
⚠️ 第54天，村民1294食物耗尽！
⚠️ 第54天，村民1294缺水！
⚠️ 第54天，村民1295食物耗尽！
⚠️ 第54天，村民1295缺水！
⚠️ 第54天，村民1296食物耗尽！
⚠️ 第54天，村民1296缺水！
⚠️ 第54天，村民1297食物耗尽！
⚠️ 第54天，村民1297缺水！
⚠️ 第54天，村民1298食物耗尽！
⚠️ 第54天，村民1298缺水！
⚠️ 第54天，村民1299食物耗尽！
⚠️ 第54天，村民1299缺水！
⚠️ 第54天，村民1300食物耗尽！
⚠️ 第54天，村民1300缺水！
⚠️ 第54天，村民1301食物耗尽！
⚠️ 第54天，村民1301缺水！
⚠️ 第54天，村民1302食物耗尽！
⚠️ 第54天，村民1302缺水！
⚠️ 第54天，村民1303食物耗尽！
⚠️ 第54天，村民1303缺水！
⚠️ 第54天，村民1304食物耗尽！
⚠️ 第54天，村民1304缺水！
⚠️ 第54天，村民1305食物耗尽！
⚠️ 第54天，村民1305缺水！
⚠️ 第54天，村民1306食物耗尽！
⚠️ 第54天，村民1306缺水！
⚠️ 第54天，村民1307食物耗尽！
⚠️ 第54天，村民1307缺水！
⚠️ 第54天，村民1308食物耗尽！
⚠️ 第54天，村民1308缺水！
⚠️ 第54天，村民1309食物耗尽！
⚠️ 第54天，村民1309缺水！
⚠️ 第54天，村民1310食物耗尽！
⚠️ 第54天，村民1310缺水！
⚠️ 第54天，村民1311食物耗尽！
⚠️ 第54天，村民1311缺水！
⚠️ 第54天，村民1312食物耗尽！
⚠️ 第54天，村民1312缺水！
⚠️ 第54天，村民1313食物耗尽！
⚠️ 第54天，村民1313缺水！
⚠️ 第54天，村民1314食物耗尽！
⚠️ 第54天，村民1314缺水！
⚠️ 第54天，村民1315食物耗尽！
⚠️ 第54天，村民1315缺水！
⚠️ 第54天，村民1316食物耗尽！
⚠️ 第54天，村民1316缺水！
⚠️ 第54天，村民1317食物耗尽！
⚠️ 第54天，村民1317缺水！
⚠️ 第54天，村民1318食物耗尽！
⚠️ 第54天，村民1318缺水！
⚠️ 第54天，村民1319食物耗尽！
⚠️ 第54天，村民1319缺水！
⚠️ 第54天，村民1320食物耗尽！
⚠️ 第54天，村民1320缺水！
⚠️ 第54天，村民1321食物耗尽！
⚠️ 第54天，村民1321缺水！
⚠️ 第54天，村民1322食物耗尽！
⚠️ 第54天，村民1322缺水！
⚠️ 第54天，村民1323食物耗尽！
⚠️ 第54天，村民1323缺水！
⚠️ 第54天，村民1324食物耗尽！
⚠️ 第54天，村民1324缺水！
⚠️ 第54天，村民1325食物耗尽！
⚠️ 第54天，村民1325缺水！
⚠️ 第54天，村民1326食物耗尽！
⚠️ 第54天，村民1326缺水！
⚠️ 第54天，村民1327食物耗尽！
⚠️ 第54天，村民1327缺水！
⚠️ 第54天，村民1328食物耗尽！
⚠️ 第54天，村民1328缺水！
⚠️ 第54天，村民1329食物耗尽！
⚠️ 第54天，村民1329缺水！
⚠️ 第54天，村民1330食物耗尽！
⚠️ 第54天，村民1330缺水！
⚠️ 第54天，村民1331食物耗尽！
⚠️ 第54天，村民1331缺水！
⚠️ 第54天，村民1332食物耗尽！
⚠️ 第54天，村民1332缺水！
⚠️ 第54天，村民1333食物耗尽！
⚠️ 第54天，村民1333缺水！
⚠️ 第54天，村民1334食物耗尽！
⚠️ 第54天，村民1334缺水！
⚠️ 第54天，村民1335食物耗尽！
⚠️ 第54天，村民1335缺水！
⚠️ 第54天，村民1336食物耗尽！
⚠️ 第54天，村民1336缺水！
⚠️ 第54天，村民1337食物耗尽！
⚠️ 第54天，村民1337缺水！
⚠️ 第54天，村民1338食物耗尽！
⚠️ 第54天，村民1338缺水！
⚠️ 第54天，村民1339食物耗尽！
⚠️ 第54天，村民1339缺水！
⚠️ 第54天，村民1340食物耗尽！
⚠️ 第54天，村民1340缺水！
⚠️ 第54天，村民1341食物耗尽！
⚠️ 第54天，村民1341缺水！
⚠️ 第54天，村民1342食物耗尽！
⚠️ 第54天，村民1342缺水！
⚠️ 第54天，村民1343食物耗尽！
⚠️ 第54天，村民1343缺水！
⚠️ 第54天，村民1344食物耗尽！
⚠️ 第54天，村民1344缺水！
⚠️ 第54天，村民1345食物耗尽！
⚠️ 第54天，村民1345缺水！
⚠️ 第54天，村民1346食物耗尽！
⚠️ 第54天，村民1346缺水！
⚠️ 第54天，村民1347食物耗尽！
⚠️ 第54天，村民1347缺水！
⚠️ 第54天，村民1348食物耗尽！
⚠️ 第54天，村民1348缺水！
⚠️ 第54天，村民1349食物耗尽！
⚠️ 第54天，村民1349缺水！
⚠️ 第54天，村民1350食物耗尽！
⚠️ 第54天，村民1350缺水！
⚠️ 第54天，村民1351食物耗尽！
⚠️ 第54天，村民1351缺水！
⚠️ 第54天，村民1352食物耗尽！
⚠️ 第54天，村民1352缺水！
⚠️ 第54天，村民1353食物耗尽！
⚠️ 第54天，村民1353缺水！
⚠️ 第54天，村民1354食物耗尽！
⚠️ 第54天，村民1354缺水！
⚠️ 第54天，村民1355食物耗尽！
⚠️ 第54天，村民1355缺水！
⚠️ 第54天，村民1356食物耗尽！
⚠️ 第54天，村民1356缺水！
⚠️ 第54天，村民1357食物耗尽！
⚠️ 第54天，村民1357缺水！
⚠️ 第54天，村民1358食物耗尽！
⚠️ 第54天，村民1358缺水！
⚠️ 第54天，村民1359食物耗尽！
⚠️ 第54天，村民1359缺水！
⚠️ 第54天，村民1360食物耗尽！
⚠️ 第54天，村民1360缺水！
⚠️ 第54天，村民1361食物耗尽！
⚠️ 第54天，村民1361缺水！
⚠️ 第54天，村民1362食物耗尽！
⚠️ 第54天，村民1362缺水！
⚠️ 第54天，村民1363食物耗尽！
⚠️ 第54天，村民1363缺水！
⚠️ 第54天，村民1364食物耗尽！
⚠️ 第54天，村民1364缺水！
⚠️ 第54天，村民1365食物耗尽！
⚠️ 第54天，村民1365缺水！
⚠️ 第54天，村民1366食物耗尽！
⚠️ 第54天，村民1366缺水！
⚠️ 第54天，村民1367食物耗尽！
⚠️ 第54天，村民1367缺水！
⚠️ 第54天，村民1368食物耗尽！
⚠️ 第54天，村民1368缺水！
⚠️ 第54天，村民1369食物耗尽！
⚠️ 第54天，村民1369缺水！
⚠️ 第54天，村民1370食物耗尽！
⚠️ 第54天，村民1370缺水！
⚠️ 第54天，村民1371食物耗尽！
⚠️ 第54天，村民1371缺水！
⚠️ 第54天，村民1372食物耗尽！
⚠️ 第54天，村民1372缺水！
⚠️ 第54天，村民1373食物耗尽！
⚠️ 第54天，村民1373缺水！
⚠️ 第54天，村民1374食物耗尽！
⚠️ 第54天，村民1374缺水！
⚠️ 第54天，村民1375食物耗尽！
⚠️ 第54天，村民1375缺水！
⚠️ 第54天，村民1376食物耗尽！
⚠️ 第54天，村民1376缺水！
⚠️ 第54天，村民1377食物耗尽！
⚠️ 第54天，村民1377缺水！
⚠️ 第54天，村民1378食物耗尽！
⚠️ 第54天，村民1378缺水！
⚠️ 第54天，村民1379食物耗尽！
⚠️ 第54天，村民1379缺水！
⚠️ 第54天，村民1380食物耗尽！
⚠️ 第54天，村民1380缺水！
⚠️ 第54天，村民1381食物耗尽！
⚠️ 第54天，村民1381缺水！
⚠️ 第54天，村民1382食物耗尽！
⚠️ 第54天，村民1382缺水！
⚠️ 第54天，村民1383食物耗尽！
⚠️ 第54天，村民1383缺水！
⚠️ 第54天，村民1384食物耗尽！
⚠️ 第54天，村民1384缺水！
⚠️ 第54天，村民1385食物耗尽！
⚠️ 第54天，村民1385缺水！
⚠️ 第54天，村民1386食物耗尽！
⚠️ 第54天，村民1386缺水！
⚠️ 第54天，村民1387食物耗尽！
⚠️ 第54天，村民1387缺水！
⚠️ 第54天，村民1388食物耗尽！
⚠️ 第54天，村民1388缺水！
⚠️ 第54天，村民1389食物耗尽！
⚠️ 第54天，村民1389缺水！
⚠️ 第54天，村民1390食物耗尽！
⚠️ 第54天，村民1390缺水！
⚠️ 第54天，村民1391食物耗尽！
⚠️ 第54天，村民1391缺水！
⚠️ 第54天，村民1392食物耗尽！
⚠️ 第54天，村民1392缺水！
⚠️ 第54天，村民1393食物耗尽！
⚠️ 第54天，村民1393缺水！
⚠️ 第54天，村民1394食物耗尽！
⚠️ 第54天，村民1394缺水！
⚠️ 第54天，村民1395食物耗尽！
⚠️ 第54天，村民1395缺水！
⚠️ 第54天，村民1396食物耗尽！
⚠️ 第54天，村民1396缺水！
⚠️ 第54天，村民1397食物耗尽！
⚠️ 第54天，村民1397缺水！
⚠️ 第54天，村民1398食物耗尽！
⚠️ 第54天，村民1398缺水！
⚠️ 第54天，村民1399食物耗尽！
⚠️ 第54天，村民1399缺水！
⚠️ 第54天，村民1400食物耗尽！
⚠️ 第54天，村民1400缺水！
⚠️ 第54天，村民1401食物耗尽！
⚠️ 第54天，村民1401缺水！
⚠️ 第54天，村民1402食物耗尽！
⚠️ 第54天，村民1402缺水！
⚠️ 第54天，村民1403食物耗尽！
⚠️ 第54天，村民1403缺水！
⚠️ 第54天，村民1404食物耗尽！
⚠️ 第54天，村民1404缺水！
⚠️ 第54天，村民1405食物耗尽！
⚠️ 第54天，村民1405缺水！
⚠️ 第54天，村民1406食物耗尽！
⚠️ 第54天，村民1406缺水！
⚠️ 第54天，村民1407食物耗尽！
⚠️ 第54天，村民1407缺水！
⚠️ 第54天，村民1408食物耗尽！
⚠️ 第54天，村民1408缺水！
⚠️ 第54天，村民1409食物耗尽！
⚠️ 第54天，村民1409缺水！
⚠️ 第54天，村民1410食物耗尽！
⚠️ 第54天，村民1410缺水！
⚠️ 第54天，村民1411食物耗尽！
⚠️ 第54天，村民1411缺水！
⚠️ 第54天，村民1412食物耗尽！
⚠️ 第54天，村民1412缺水！
⚠️ 第54天，村民1413食物耗尽！
⚠️ 第54天，村民1413缺水！
⚠️ 第54天，村民1414食物耗尽！
⚠️ 第54天，村民1414缺水！
⚠️ 第54天，村民1415食物耗尽！
⚠️ 第54天，村民1415缺水！
⚠️ 第54天，村民1416食物耗尽！
⚠️ 第54天，村民1416缺水！
⚠️ 第54天，村民1417食物耗尽！
⚠️ 第54天，村民1417缺水！
⚠️ 第54天，村民1418食物耗尽！
⚠️ 第54天，村民1418缺水！
⚠️ 第54天，村民1419食物耗尽！
⚠️ 第54天，村民1419缺水！
⚠️ 第54天，村民1420食物耗尽！
⚠️ 第54天，村民1420缺水！
⚠️ 第54天，村民1421食物耗尽！
⚠️ 第54天，村民1421缺水！
⚠️ 第54天，村民1422食物耗尽！
⚠️ 第54天，村民1422缺水！
⚠️ 第54天，村民1423食物耗尽！
⚠️ 第54天，村民1423缺水！
⚠️ 第54天，村民1424食物耗尽！
⚠️ 第54天，村民1424缺水！
⚠️ 第54天，村民1425食物耗尽！
⚠️ 第54天，村民1425缺水！
⚠️ 第54天，村民1426食物耗尽！
⚠️ 第54天，村民1426缺水！
⚠️ 第54天，村民1427食物耗尽！
⚠️ 第54天，村民1427缺水！
⚠️ 第54天，村民1428食物耗尽！
⚠️ 第54天，村民1428缺水！
⚠️ 第54天，村民1429食物耗尽！
⚠️ 第54天，村民1429缺水！
⚠️ 第54天，村民1430食物耗尽！
⚠️ 第54天，村民1430缺水！
⚠️ 第54天，村民1431食物耗尽！
⚠️ 第54天，村民1431缺水！
⚠️ 第54天，村民1432食物耗尽！
⚠️ 第54天，村民1432缺水！
⚠️ 第54天，村民1433食物耗尽！
⚠️ 第54天，村民1433缺水！
⚠️ 第54天，村民1434食物耗尽！
⚠️ 第54天，村民1434缺水！
⚠️ 第54天，村民1435食物耗尽！
⚠️ 第54天，村民1435缺水！
⚠️ 第54天，村民1436食物耗尽！
⚠️ 第54天，村民1436缺水！
⚠️ 第54天，村民1437食物耗尽！
⚠️ 第54天，村民1437缺水！
⚠️ 第54天，村民1438食物耗尽！
⚠️ 第54天，村民1438缺水！
⚠️ 第54天，村民1439食物耗尽！
⚠️ 第54天，村民1439缺水！
⚠️ 第54天，村民1440食物耗尽！
⚠️ 第54天，村民1440缺水！
⚠️ 第54天，村民1441食物耗尽！
⚠️ 第54天，村民1441缺水！
⚠️ 第54天，村民1442食物耗尽！
⚠️ 第54天，村民1442缺水！
⚠️ 第54天，村民1443食物耗尽！
⚠️ 第54天，村民1443缺水！
⚠️ 第54天，村民1444食物耗尽！
⚠️ 第54天，村民1444缺水！
⚠️ 第54天，村民1445食物耗尽！
⚠️ 第54天，村民1445缺水！
⚠️ 第54天，村民1446食物耗尽！
⚠️ 第54天，村民1446缺水！
⚠️ 第54天，村民1447食物耗尽！
⚠️ 第54天，村民1447缺水！
⚠️ 第54天，村民1448食物耗尽！
⚠️ 第54天，村民1448缺水！
⚠️ 第54天，村民1449食物耗尽！
⚠️ 第54天，村民1449缺水！
⚠️ 第54天，村民1450食物耗尽！
⚠️ 第54天，村民1450缺水！
⚠️ 第54天，村民1451食物耗尽！
⚠️ 第54天，村民1451缺水！
⚠️ 第54天，村民1452食物耗尽！
⚠️ 第54天，村民1452缺水！
⚠️ 第54天，村民1453食物耗尽！
⚠️ 第54天，村民1453缺水！
⚠️ 第54天，村民1454食物耗尽！
⚠️ 第54天，村民1454缺水！
⚠️ 第54天，村民1455食物耗尽！
⚠️ 第54天，村民1455缺水！
⚠️ 第54天，村民1456食物耗尽！
⚠️ 第54天，村民1456缺水！
⚠️ 第54天，村民1457食物耗尽！
⚠️ 第54天，村民1457缺水！
⚠️ 第54天，村民1458食物耗尽！
⚠️ 第54天，村民1458缺水！
⚠️ 第54天，村民1459食物耗尽！
⚠️ 第54天，村民1459缺水！
⚠️ 第54天，村民1460食物耗尽！
⚠️ 第54天，村民1460缺水！
⚠️ 第54天，村民1461食物耗尽！
⚠️ 第54天，村民1461缺水！
⚠️ 第54天，村民1462食物耗尽！
⚠️ 第54天，村民1462缺水！
⚠️ 第54天，村民1463食物耗尽！
⚠️ 第54天，村民1463缺水！
⚠️ 第54天，村民1464食物耗尽！
⚠️ 第54天，村民1464缺水！
⚠️ 第54天，村民1465食物耗尽！
⚠️ 第54天，村民1465缺水！
⚠️ 第54天，村民1466食物耗尽！
⚠️ 第54天，村民1466缺水！
⚠️ 第54天，村民1467食物耗尽！
⚠️ 第54天，村民1467缺水！
⚠️ 第54天，村民1468食物耗尽！
⚠️ 第54天，村民1468缺水！
⚠️ 第54天，村民1469食物耗尽！
⚠️ 第54天，村民1469缺水！
⚠️ 第54天，村民1470食物耗尽！
⚠️ 第54天，村民1470缺水！
⚠️ 第54天，村民1471食物耗尽！
⚠️ 第54天，村民1471缺水！
⚠️ 第54天，村民1472食物耗尽！
⚠️ 第54天，村民1472缺水！
⚠️ 第54天，村民1473食物耗尽！
⚠️ 第54天，村民1473缺水！
⚠️ 第54天，村民1474食物耗尽！
⚠️ 第54天，村民1474缺水！
⚠️ 第54天，村民1475食物耗尽！
⚠️ 第54天，村民1475缺水！
⚠️ 第54天，村民1476食物耗尽！
⚠️ 第54天，村民1476缺水！
⚠️ 第54天，村民1477食物耗尽！
⚠️ 第54天，村民1477缺水！
⚠️ 第54天，村民1478食物耗尽！
⚠️ 第54天，村民1478缺水！
⚠️ 第54天，村民1479食物耗尽！
⚠️ 第54天，村民1479缺水！
⚠️ 第54天，村民1480食物耗尽！
⚠️ 第54天，村民1480缺水！
⚠️ 第54天，村民1481食物耗尽！
⚠️ 第54天，村民1481缺水！
⚠️ 第54天，村民1482食物耗尽！
⚠️ 第54天，村民1482缺水！
⚠️ 第54天，村民1483食物耗尽！
⚠️ 第54天，村民1483缺水！
⚠️ 第54天，村民1484食物耗尽！
⚠️ 第54天，村民1484缺水！
⚠️ 第54天，村民1485食物耗尽！
⚠️ 第54天，村民1485缺水！
⚠️ 第54天，村民1486食物耗尽！
⚠️ 第54天，村民1486缺水！
⚠️ 第54天，村民1487食物耗尽！
⚠️ 第54天，村民1487缺水！
⚠️ 第54天，村民1488食物耗尽！
⚠️ 第54天，村民1488缺水！
⚠️ 第54天，村民1489食物耗尽！
⚠️ 第54天，村民1489缺水！
⚠️ 第54天，村民1490食物耗尽！
⚠️ 第54天，村民1490缺水！
⚠️ 第54天，村民1491食物耗尽！
⚠️ 第54天，村民1491缺水！
⚠️ 第54天，村民1492食物耗尽！
⚠️ 第54天，村民1492缺水！
⚠️ 第54天，村民1493食物耗尽！
⚠️ 第54天，村民1493缺水！
⚠️ 第54天，村民1494食物耗尽！
⚠️ 第54天，村民1494缺水！
⚠️ 第54天，村民1495食物耗尽！
⚠️ 第54天，村民1495缺水！
⚠️ 第54天，村民1496食物耗尽！
⚠️ 第54天，村民1496缺水！
⚠️ 第54天，村民1497食物耗尽！
⚠️ 第54天，村民1497缺水！
⚠️ 第54天，村民1498食物耗尽！
⚠️ 第54天，村民1498缺水！
⚠️ 第54天，村民1499食物耗尽！
⚠️ 第54天，村民1499缺水！
⚠️ 第54天，村民1500食物耗尽！
⚠️ 第54天，村民1500缺水！
⚠️ 第54天，村民1501食物耗尽！
⚠️ 第54天，村民1501缺水！
⚠️ 第54天，村民1502食物耗尽！
⚠️ 第54天，村民1502缺水！
⚠️ 第54天，村民1503食物耗尽！
⚠️ 第54天，村民1503缺水！
⚠️ 第54天，村民1504食物耗尽！
⚠️ 第54天，村民1504缺水！
⚠️ 第54天，村民1505食物耗尽！
⚠️ 第54天，村民1505缺水！
⚠️ 第54天，村民1506食物耗尽！
⚠️ 第54天，村民1506缺水！
⚠️ 第54天，村民1507食物耗尽！
⚠️ 第54天，村民1507缺水！
⚠️ 第54天，村民1508食物耗尽！
⚠️ 第54天，村民1508缺水！
⚠️ 第54天，村民1509食物耗尽！
⚠️ 第54天，村民1509缺水！
⚠️ 第54天，村民1510食物耗尽！
⚠️ 第54天，村民1510缺水！
⚠️ 第54天，村民1511食物耗尽！
⚠️ 第54天，村民1511缺水！
⚠️ 第54天，村民1512食物耗尽！
⚠️ 第54天，村民1512缺水！
⚠️ 第54天，村民1513食物耗尽！
⚠️ 第54天，村民1513缺水！
⚠️ 第54天，村民1514食物耗尽！
⚠️ 第54天，村民1514缺水！
⚠️ 第54天，村民1515食物耗尽！
⚠️ 第54天，村民1515缺水！
⚠️ 第54天，村民1516食物耗尽！
⚠️ 第54天，村民1516缺水！
⚠️ 第54天，村民1517食物耗尽！
⚠️ 第54天，村民1517缺水！
⚠️ 第54天，村民1518食物耗尽！
⚠️ 第54天，村民1518缺水！
⚠️ 第54天，村民1519食物耗尽！
⚠️ 第54天，村民1519缺水！
⚠️ 第54天，村民1520食物耗尽！
⚠️ 第54天，村民1520缺水！
⚠️ 第54天，村民1521食物耗尽！
⚠️ 第54天，村民1521缺水！
⚠️ 第54天，村民1522食物耗尽！
⚠️ 第54天，村民1522缺水！
⚠️ 第54天，村民1523食物耗尽！
⚠️ 第54天，村民1523缺水！
⚠️ 第54天，村民1524食物耗尽！
⚠️ 第54天，村民1524缺水！
⚠️ 第54天，村民1525食物耗尽！
⚠️ 第54天，村民1525缺水！
⚠️ 第54天，村民1526食物耗尽！
⚠️ 第54天，村民1526缺水！
⚠️ 第54天，村民1527食物耗尽！
⚠️ 第54天，村民1527缺水！
⚠️ 第54天，村民1528食物耗尽！
⚠️ 第54天，村民1528缺水！
⚠️ 第54天，村民1529食物耗尽！
⚠️ 第54天，村民1529缺水！
⚠️ 第54天，村民1530食物耗尽！
⚠️ 第54天，村民1530缺水！
⚠️ 第54天，村民1531食物耗尽！
⚠️ 第54天，村民1531缺水！
⚠️ 第54天，村民1532食物耗尽！
⚠️ 第54天，村民1532缺水！
⚠️ 第54天，村民1533食物耗尽！
⚠️ 第54天，村民1533缺水！
⚠️ 第54天，村民1534食物耗尽！
⚠️ 第54天，村民1534缺水！
⚠️ 第54天，村民1535食物耗尽！
⚠️ 第54天，村民1535缺水！
⚠️ 第54天，村民1536食物耗尽！
⚠️ 第54天，村民1536缺水！
⚠️ 第54天，村民1537食物耗尽！
⚠️ 第54天，村民1537缺水！
⚠️ 第54天，村民1538食物耗尽！
⚠️ 第54天，村民1538缺水！
⚠️ 第54天，村民1539食物耗尽！
⚠️ 第54天，村民1539缺水！
⚠️ 第54天，村民1540食物耗尽！
⚠️ 第54天，村民1540缺水！
⚠️ 第54天，村民1541食物耗尽！
⚠️ 第54天，村民1541缺水！
⚠️ 第54天，村民1542食物耗尽！
⚠️ 第54天，村民1542缺水！
⚠️ 第54天，村民1543食物耗尽！
⚠️ 第54天，村民1543缺水！
⚠️ 第54天，村民1544食物耗尽！
⚠️ 第54天，村民1544缺水！
⚠️ 第54天，村民1545食物耗尽！
⚠️ 第54天，村民1545缺水！
⚠️ 第54天，村民1546食物耗尽！
⚠️ 第54天，村民1546缺水！
⚠️ 第54天，村民1547食物耗尽！
⚠️ 第54天，村民1547缺水！
⚠️ 第54天，村民1548食物耗尽！
⚠️ 第54天，村民1548缺水！
⚠️ 第54天，村民1549食物耗尽！
⚠️ 第54天，村民1549缺水！
⚠️ 第54天，村民1550食物耗尽！
⚠️ 第54天，村民1550缺水！
⚠️ 第54天，村民1551食物耗尽！
⚠️ 第54天，村民1551缺水！
⚠️ 第54天，村民1552食物耗尽！
⚠️ 第54天，村民1552缺水！
⚠️ 第54天，村民1553食物耗尽！
⚠️ 第54天，村民1553缺水！
⚠️ 第54天，村民1554食物耗尽！
⚠️ 第54天，村民1554缺水！
⚠️ 第54天，村民1555食物耗尽！
⚠️ 第54天，村民1555缺水！
⚠️ 第54天，村民1556食物耗尽！
⚠️ 第54天，村民1556缺水！
⚠️ 第54天，村民1557食物耗尽！
⚠️ 第54天，村民1557缺水！
⚠️ 第54天，村民1558食物耗尽！
⚠️ 第54天，村民1558缺水！
⚠️ 第54天，村民1559食物耗尽！
⚠️ 第54天，村民1559缺水！
⚠️ 第54天，村民1560食物耗尽！
⚠️ 第54天，村民1560缺水！
⚠️ 第54天，村民1561食物耗尽！
⚠️ 第54天，村民1561缺水！
⚠️ 第54天，村民1562食物耗尽！
⚠️ 第54天，村民1562缺水！
⚠️ 第54天，村民1563食物耗尽！
⚠️ 第54天，村民1563缺水！
⚠️ 第54天，村民1564食物耗尽！
⚠️ 第54天，村民1564缺水！
⚠️ 第54天，村民1565食物耗尽！
⚠️ 第54天，村民1565缺水！
⚠️ 第54天，村民1566食物耗尽！
⚠️ 第54天，村民1566缺水！
⚠️ 第54天，村民1567食物耗尽！
⚠️ 第54天，村民1567缺水！
⚠️ 第54天，村民1568食物耗尽！
⚠️ 第54天，村民1568缺水！
⚠️ 第54天，村民1569食物耗尽！
⚠️ 第54天，村民1569缺水！
⚠️ 第54天，村民1570食物耗尽！
⚠️ 第54天，村民1570缺水！
⚠️ 第54天，村民1571食物耗尽！
⚠️ 第54天，村民1571缺水！
⚠️ 第54天，村民1572食物耗尽！
⚠️ 第54天，村民1572缺水！
⚠️ 第54天，村民1573食物耗尽！
⚠️ 第54天，村民1573缺水！
⚠️ 第54天，村民1574食物耗尽！
⚠️ 第54天，村民1574缺水！
⚠️ 第54天，村民1575食物耗尽！
⚠️ 第54天，村民1575缺水！
⚠️ 第54天，村民1576食物耗尽！
⚠️ 第54天，村民1576缺水！
⚠️ 第54天，村民1577食物耗尽！
⚠️ 第54天，村民1577缺水！
⚠️ 第54天，村民1578食物耗尽！
⚠️ 第54天，村民1578缺水！
⚠️ 第54天，村民1579食物耗尽！
⚠️ 第54天，村民1579缺水！
⚠️ 第54天，村民1580食物耗尽！
⚠️ 第54天，村民1580缺水！
⚠️ 第54天，村民1581食物耗尽！
⚠️ 第54天，村民1581缺水！
⚠️ 第54天，村民1582食物耗尽！
⚠️ 第54天，村民1582缺水！
⚠️ 第54天，村民1583食物耗尽！
⚠️ 第54天，村民1583缺水！
⚠️ 第54天，村民1584食物耗尽！
⚠️ 第54天，村民1584缺水！
⚠️ 第54天，村民1585食物耗尽！
⚠️ 第54天，村民1585缺水！
⚠️ 第54天，村民1586食物耗尽！
⚠️ 第54天，村民1586缺水！
⚠️ 第54天，村民1587食物耗尽！
⚠️ 第54天，村民1587缺水！
⚠️ 第54天，村民1588食物耗尽！
⚠️ 第54天，村民1588缺水！
⚠️ 第54天，村民1589食物耗尽！
⚠️ 第54天，村民1589缺水！
⚠️ 第54天，村民1590食物耗尽！
⚠️ 第54天，村民1590缺水！
⚠️ 第54天，村民1591食物耗尽！
⚠️ 第54天，村民1591缺水！
⚠️ 第54天，村民1592食物耗尽！
⚠️ 第54天，村民1592缺水！
⚠️ 第54天，村民1593食物耗尽！
⚠️ 第54天，村民1593缺水！
⚠️ 第54天，村民1594食物耗尽！
⚠️ 第54天，村民1594缺水！
⚠️ 第54天，村民1595食物耗尽！
⚠️ 第54天，村民1595缺水！
⚠️ 第54天，村民1596食物耗尽！
⚠️ 第54天，村民1596缺水！
⚠️ 第54天，村民1597食物耗尽！
⚠️ 第54天，村民1597缺水！
⚠️ 第54天，村民1598食物耗尽！
⚠️ 第54天，村民1598缺水！
⚠️ 第54天，村民1599食物耗尽！
⚠️ 第54天，村民1599缺水！
⚠️ 第54天，村民1600食物耗尽！
⚠️ 第54天，村民1600缺水！
⚠️ 第54天，村民1601食物耗尽！
⚠️ 第54天，村民1601缺水！
⚠️ 第54天，村民1602食物耗尽！
⚠️ 第54天，村民1602缺水！
⚠️ 第54天，村民1603食物耗尽！
⚠️ 第54天，村民1603缺水！
⚠️ 第54天，村民1604食物耗尽！
⚠️ 第54天，村民1604缺水！
⚠️ 第54天，村民1605食物耗尽！
⚠️ 第54天，村民1605缺水！
⚠️ 第54天，村民1606食物耗尽！
⚠️ 第54天，村民1606缺水！
⚠️ 第54天，村民1607食物耗尽！
⚠️ 第54天，村民1607缺水！
⚠️ 第54天，村民1608食物耗尽！
⚠️ 第54天，村民1608缺水！
⚠️ 第54天，村民1609食物耗尽！
⚠️ 第54天，村民1609缺水！
⚠️ 第54天，村民1610食物耗尽！
⚠️ 第54天，村民1610缺水！
⚠️ 第54天，村民1611食物耗尽！
⚠️ 第54天，村民1611缺水！
⚠️ 第54天，村民1612食物耗尽！
⚠️ 第54天，村民1612缺水！
⚠️ 第54天，村民1613食物耗尽！
⚠️ 第54天，村民1613缺水！
⚠️ 第54天，村民1614食物耗尽！
⚠️ 第54天，村民1614缺水！
⚠️ 第54天，村民1615食物耗尽！
⚠️ 第54天，村民1615缺水！
⚠️ 第54天，村民1616食物耗尽！
⚠️ 第54天，村民1616缺水！
⚠️ 第54天，村民1617食物耗尽！
⚠️ 第54天，村民1617缺水！
⚠️ 第54天，村民1618食物耗尽！
⚠️ 第54天，村民1618缺水！
⚠️ 第54天，村民1619食物耗尽！
⚠️ 第54天，村民1619缺水！
⚠️ 第54天，村民1620食物耗尽！
⚠️ 第54天，村民1620缺水！
⚠️ 第54天，村民1621食物耗尽！
⚠️ 第54天，村民1621缺水！
⚠️ 第54天，村民1622食物耗尽！
⚠️ 第54天，村民1622缺水！
⚠️ 第54天，村民1623食物耗尽！
⚠️ 第54天，村民1623缺水！
⚠️ 第54天，村民1624食物耗尽！
⚠️ 第54天，村民1624缺水！
⚠️ 第54天，村民1625食物耗尽！
⚠️ 第54天，村民1625缺水！
⚠️ 第54天，村民1626食物耗尽！
⚠️ 第54天，村民1626缺水！
⚠️ 第54天，村民1627食物耗尽！
⚠️ 第54天，村民1627缺水！
⚠️ 第54天，村民1628食物耗尽！
⚠️ 第54天，村民1628缺水！
⚠️ 第54天，村民1629食物耗尽！
⚠️ 第54天，村民1629缺水！
⚠️ 第54天，村民1630食物耗尽！
⚠️ 第54天，村民1630缺水！
⚠️ 第54天，村民1631食物耗尽！
⚠️ 第54天，村民1631缺水！
⚠️ 第54天，村民1632食物耗尽！
⚠️ 第54天，村民1632缺水！
⚠️ 第54天，村民1633食物耗尽！
⚠️ 第54天，村民1633缺水！
⚠️ 第54天，村民1634食物耗尽！
⚠️ 第54天，村民1634缺水！
⚠️ 第54天，村民1635食物耗尽！
⚠️ 第54天，村民1635缺水！
⚠️ 第54天，村民1636食物耗尽！
⚠️ 第54天，村民1636缺水！
⚠️ 第54天，村民1637食物耗尽！
⚠️ 第54天，村民1637缺水！
⚠️ 第54天，村民1638食物耗尽！
⚠️ 第54天，村民1638缺水！
⚠️ 第54天，村民1639食物耗尽！
⚠️ 第54天，村民1639缺水！
⚠️ 第54天，村民1640食物耗尽！
⚠️ 第54天，村民1640缺水！
⚠️ 第54天，村民1641食物耗尽！
⚠️ 第54天，村民1641缺水！
⚠️ 第54天，村民1642食物耗尽！
⚠️ 第54天，村民1642缺水！
⚠️ 第54天，村民1643食物耗尽！
⚠️ 第54天，村民1643缺水！
⚠️ 第54天，村民1644食物耗尽！
⚠️ 第54天，村民1644缺水！
⚠️ 第54天，村民1645食物耗尽！
⚠️ 第54天，村民1645缺水！
⚠️ 第54天，村民1646食物耗尽！
⚠️ 第54天，村民1646缺水！
⚠️ 第54天，村民1647食物耗尽！
⚠️ 第54天，村民1647缺水！
⚠️ 第54天，村民1648食物耗尽！
⚠️ 第54天，村民1648缺水！
⚠️ 第54天，村民1649食物耗尽！
⚠️ 第54天，村民1649缺水！
⚠️ 第54天，村民1650食物耗尽！
⚠️ 第54天，村民1650缺水！
⚠️ 第54天，村民1651食物耗尽！
⚠️ 第54天，村民1651缺水！
⚠️ 第54天，村民1652食物耗尽！
⚠️ 第54天，村民1652缺水！
⚠️ 第54天，村民1653食物耗尽！
⚠️ 第54天，村民1653缺水！
⚠️ 第54天，村民1654食物耗尽！
⚠️ 第54天，村民1654缺水！
⚠️ 第54天，村民1655食物耗尽！
⚠️ 第54天，村民1655缺水！
⚠️ 第54天，村民1656食物耗尽！
⚠️ 第54天，村民1656缺水！
⚠️ 第54天，村民1657食物耗尽！
⚠️ 第54天，村民1657缺水！
⚠️ 第54天，村民1658食物耗尽！
⚠️ 第54天，村民1658缺水！
⚠️ 第54天，村民1659食物耗尽！
⚠️ 第54天，村民1659缺水！
⚠️ 第54天，村民1660食物耗尽！
⚠️ 第54天，村民1660缺水！
⚠️ 第54天，村民1661食物耗尽！
⚠️ 第54天，村民1661缺水！
⚠️ 第54天，村民1662食物耗尽！
⚠️ 第54天，村民1662缺水！
⚠️ 第54天，村民1663食物耗尽！
⚠️ 第54天，村民1663缺水！
⚠️ 第54天，村民1664食物耗尽！
⚠️ 第54天，村民1664缺水！
⚠️ 第54天，村民1665食物耗尽！
⚠️ 第54天，村民1665缺水！
⚠️ 第54天，村民1666食物耗尽！
⚠️ 第54天，村民1666缺水！
⚠️ 第54天，村民1667食物耗尽！
⚠️ 第54天，村民1667缺水！
⚠️ 第54天，村民1668食物耗尽！
⚠️ 第54天，村民1668缺水！
⚠️ 第54天，村民1669食物耗尽！
⚠️ 第54天，村民1669缺水！
⚠️ 第54天，村民1670食物耗尽！
⚠️ 第54天，村民1670缺水！
⚠️ 第54天，村民1671食物耗尽！
⚠️ 第54天，村民1671缺水！
⚠️ 第54天，村民1672食物耗尽！
⚠️ 第54天，村民1672缺水！
⚠️ 第54天，村民1673食物耗尽！
⚠️ 第54天，村民1673缺水！
⚠️ 第54天，村民1674食物耗尽！
⚠️ 第54天，村民1674缺水！
⚠️ 第54天，村民1675食物耗尽！
⚠️ 第54天，村民1675缺水！
⚠️ 第54天，村民1676食物耗尽！
⚠️ 第54天，村民1676缺水！
⚠️ 第54天，村民1677食物耗尽！
⚠️ 第54天，村民1677缺水！
⚠️ 第54天，村民1678食物耗尽！
⚠️ 第54天，村民1678缺水！
⚠️ 第54天，村民1679食物耗尽！
⚠️ 第54天，村民1679缺水！
⚠️ 第54天，村民1680食物耗尽！
⚠️ 第54天，村民1680缺水！
⚠️ 第54天，村民1681食物耗尽！
⚠️ 第54天，村民1681缺水！
⚠️ 第54天，村民1682食物耗尽！
⚠️ 第54天，村民1682缺水！
⚠️ 第54天，村民1683食物耗尽！
⚠️ 第54天，村民1683缺水！
⚠️ 第54天，村民1684食物耗尽！
⚠️ 第54天，村民1684缺水！
⚠️ 第54天，村民1685食物耗尽！
⚠️ 第54天，村民1685缺水！
⚠️ 第54天，村民1686食物耗尽！
⚠️ 第54天，村民1686缺水！
⚠️ 第54天，村民1687食物耗尽！
⚠️ 第54天，村民1687缺水！
⚠️ 第54天，村民1688食物耗尽！
⚠️ 第54天，村民1688缺水！
⚠️ 第54天，村民1689食物耗尽！
⚠️ 第54天，村民1689缺水！
⚠️ 第54天，村民1690食物耗尽！
⚠️ 第54天，村民1690缺水！
⚠️ 第54天，村民1691食物耗尽！
⚠️ 第54天，村民1691缺水！
⚠️ 第54天，村民1692食物耗尽！
⚠️ 第54天，村民1692缺水！
⚠️ 第54天，村民1693食物耗尽！
⚠️ 第54天，村民1693缺水！
⚠️ 第54天，村民1694食物耗尽！
⚠️ 第54天，村民1694缺水！
⚠️ 第54天，村民1695食物耗尽！
⚠️ 第54天，村民1695缺水！
⚠️ 第54天，村民1696食物耗尽！
⚠️ 第54天，村民1696缺水！
⚠️ 第54天，村民1697食物耗尽！
⚠️ 第54天，村民1697缺水！
⚠️ 第54天，村民1698食物耗尽！
⚠️ 第54天，村民1698缺水！
⚠️ 第54天，村民1699食物耗尽！
⚠️ 第54天，村民1699缺水！
⚠️ 第54天，村民1700食物耗尽！
⚠️ 第54天，村民1700缺水！
⚠️ 第54天，村民1701食物耗尽！
⚠️ 第54天，村民1701缺水！
⚠️ 第54天，村民1702食物耗尽！
⚠️ 第54天，村民1702缺水！
⚠️ 第54天，村民1703食物耗尽！
⚠️ 第54天，村民1703缺水！
⚠️ 第54天，村民1704食物耗尽！
⚠️ 第54天，村民1704缺水！
⚠️ 第54天，村民1705食物耗尽！
⚠️ 第54天，村民1705缺水！
⚠️ 第54天，村民1706食物耗尽！
⚠️ 第54天，村民1706缺水！
⚠️ 第54天，村民1707食物耗尽！
⚠️ 第54天，村民1707缺水！
⚠️ 第54天，村民1708食物耗尽！
⚠️ 第54天，村民1708缺水！
⚠️ 第54天，村民1709食物耗尽！
⚠️ 第54天，村民1709缺水！
⚠️ 第54天，村民1710食物耗尽！
⚠️ 第54天，村民1710缺水！
⚠️ 第54天，村民1711食物耗尽！
⚠️ 第54天，村民1711缺水！
⚠️ 第54天，村民1712食物耗尽！
⚠️ 第54天，村民1712缺水！
⚠️ 第54天，村民1713食物耗尽！
⚠️ 第54天，村民1713缺水！
⚠️ 第54天，村民1714食物耗尽！
⚠️ 第54天，村民1714缺水！
⚠️ 第54天，村民1715食物耗尽！
⚠️ 第54天，村民1715缺水！
⚠️ 第54天，村民1716食物耗尽！
⚠️ 第54天，村民1716缺水！
⚠️ 第54天，村民1717食物耗尽！
⚠️ 第54天，村民1717缺水！
⚠️ 第54天，村民1718食物耗尽！
⚠️ 第54天，村民1718缺水！
⚠️ 第54天，村民1719食物耗尽！
⚠️ 第54天，村民1719缺水！
⚠️ 第54天，村民1720食物耗尽！
⚠️ 第54天，村民1720缺水！
⚠️ 第54天，村民1721食物耗尽！
⚠️ 第54天，村民1721缺水！
⚠️ 第54天，村民1722食物耗尽！
⚠️ 第54天，村民1722缺水！
⚠️ 第54天，村民1723食物耗尽！
⚠️ 第54天，村民1723缺水！
⚠️ 第54天，村民1724食物耗尽！
⚠️ 第54天，村民1724缺水！
⚠️ 第54天，村民1725食物耗尽！
⚠️ 第54天，村民1725缺水！
⚠️ 第54天，村民1726食物耗尽！
⚠️ 第54天，村民1726缺水！
⚠️ 第54天，村民1727食物耗尽！
⚠️ 第54天，村民1727缺水！
⚠️ 第54天，村民1728食物耗尽！
⚠️ 第54天，村民1728缺水！
⚠️ 第54天，村民1729食物耗尽！
⚠️ 第54天，村民1729缺水！
⚠️ 第54天，村民1730食物耗尽！
⚠️ 第54天，村民1730缺水！
⚠️ 第54天，村民1731食物耗尽！
⚠️ 第54天，村民1731缺水！
⚠️ 第54天，村民1732食物耗尽！
⚠️ 第54天，村民1732缺水！
⚠️ 第54天，村民1733食物耗尽！
⚠️ 第54天，村民1733缺水！
⚠️ 第54天，村民1734食物耗尽！
⚠️ 第54天，村民1734缺水！
⚠️ 第54天，村民1735食物耗尽！
⚠️ 第54天，村民1735缺水！
⚠️ 第54天，村民1736食物耗尽！
⚠️ 第54天，村民1736缺水！
⚠️ 第54天，村民1737食物耗尽！
⚠️ 第54天，村民1737缺水！
⚠️ 第54天，村民1738食物耗尽！
⚠️ 第54天，村民1738缺水！
⚠️ 第54天，村民1739食物耗尽！
⚠️ 第54天，村民1739缺水！
⚠️ 第54天，村民1740食物耗尽！
⚠️ 第54天，村民1740缺水！
⚠️ 第54天，村民1741食物耗尽！
⚠️ 第54天，村民1741缺水！
⚠️ 第54天，村民1742食物耗尽！
⚠️ 第54天，村民1742缺水！
⚠️ 第54天，村民1743食物耗尽！
⚠️ 第54天，村民1743缺水！
⚠️ 第54天，村民1744食物耗尽！
⚠️ 第54天，村民1744缺水！
⚠️ 第54天，村民1745食物耗尽！
⚠️ 第54天，村民1745缺水！
⚠️ 第54天，村民1746食物耗尽！
⚠️ 第54天，村民1746缺水！
⚠️ 第54天，村民1747食物耗尽！
⚠️ 第54天，村民1747缺水！
⚠️ 第54天，村民1748食物耗尽！
⚠️ 第54天，村民1748缺水！
⚠️ 第54天，村民1749食物耗尽！
⚠️ 第54天，村民1749缺水！
⚠️ 第54天，村民1750食物耗尽！
⚠️ 第54天，村民1750缺水！
⚠️ 第54天，村民1751食物耗尽！
⚠️ 第54天，村民1751缺水！
⚠️ 第54天，村民1752食物耗尽！
⚠️ 第54天，村民1752缺水！
⚠️ 第54天，村民1753食物耗尽！
⚠️ 第54天，村民1753缺水！
⚠️ 第54天，村民1754食物耗尽！
⚠️ 第54天，村民1754缺水！
⚠️ 第54天，村民1755食物耗尽！
⚠️ 第54天，村民1755缺水！
⚠️ 第54天，村民1756食物耗尽！
⚠️ 第54天，村民1756缺水！
⚠️ 第54天，村民1757食物耗尽！
⚠️ 第54天，村民1757缺水！
⚠️ 第54天，村民1758食物耗尽！
⚠️ 第54天，村民1758缺水！
⚠️ 第54天，村民1759食物耗尽！
⚠️ 第54天，村民1759缺水！
⚠️ 第54天，村民1760食物耗尽！
⚠️ 第54天，村民1760缺水！
⚠️ 第54天，村民1761食物耗尽！
⚠️ 第54天，村民1761缺水！
⚠️ 第54天，村民1762食物耗尽！
⚠️ 第54天，村民1762缺水！
⚠️ 第54天，村民1763食物耗尽！
⚠️ 第54天，村民1763缺水！
⚠️ 第54天，村民1764食物耗尽！
⚠️ 第54天，村民1764缺水！
⚠️ 第54天，村民1765食物耗尽！
⚠️ 第54天，村民1765缺水！
⚠️ 第54天，村民1766食物耗尽！
⚠️ 第54天，村民1766缺水！
⚠️ 第54天，村民1767食物耗尽！
⚠️ 第54天，村民1767缺水！
⚠️ 第54天，村民1768食物耗尽！
⚠️ 第54天，村民1768缺水！
⚠️ 第54天，村民1769食物耗尽！
⚠️ 第54天，村民1769缺水！
⚠️ 第54天，村民1770食物耗尽！
⚠️ 第54天，村民1770缺水！
⚠️ 第54天，村民1771食物耗尽！
⚠️ 第54天，村民1771缺水！
⚠️ 第54天，村民1772食物耗尽！
⚠️ 第54天，村民1772缺水！
⚠️ 第54天，村民1773食物耗尽！
⚠️ 第54天，村民1773缺水！
⚠️ 第54天，村民1774食物耗尽！
⚠️ 第54天，村民1774缺水！
⚠️ 第54天，村民1775食物耗尽！
⚠️ 第54天，村民1775缺水！
⚠️ 第54天，村民1776食物耗尽！
⚠️ 第54天，村民1776缺水！
⚠️ 第54天，村民1777食物耗尽！
⚠️ 第54天，村民1777缺水！
⚠️ 第54天，村民1778食物耗尽！
⚠️ 第54天，村民1778缺水！
⚠️ 第54天，村民1779食物耗尽！
⚠️ 第54天，村民1779缺水！
⚠️ 第54天，村民1780食物耗尽！
⚠️ 第54天，村民1780缺水！
⚠️ 第54天，村民1781食物耗尽！
⚠️ 第54天，村民1781缺水！
⚠️ 第54天，村民1782食物耗尽！
⚠️ 第54天，村民1782缺水！
⚠️ 第54天，村民1783食物耗尽！
⚠️ 第54天，村民1783缺水！
⚠️ 第54天，村民1784食物耗尽！
⚠️ 第54天，村民1784缺水！
⚠️ 第54天，村民1785食物耗尽！
⚠️ 第54天，村民1785缺水！
⚠️ 第54天，村民1786食物耗尽！
⚠️ 第54天，村民1786缺水！
⚠️ 第54天，村民1787食物耗尽！
⚠️ 第54天，村民1787缺水！
⚠️ 第54天，村民1788食物耗尽！
⚠️ 第54天，村民1788缺水！
⚠️ 第54天，村民1789食物耗尽！
⚠️ 第54天，村民1789缺水！
⚠️ 第54天，村民1790食物耗尽！
⚠️ 第54天，村民1790缺水！
⚠️ 第54天，村民1791食物耗尽！
⚠️ 第54天，村民1791缺水！
⚠️ 第54天，村民1792食物耗尽！
⚠️ 第54天，村民1792缺水！
⚠️ 第54天，村民1793食物耗尽！
⚠️ 第54天，村民1793缺水！
⚠️ 第54天，村民1794食物耗尽！
⚠️ 第54天，村民1794缺水！
⚠️ 第54天，村民1795食物耗尽！
⚠️ 第54天，村民1795缺水！
⚠️ 第54天，村民1796食物耗尽！
⚠️ 第54天，村民1796缺水！
⚠️ 第54天，村民1797食物耗尽！
⚠️ 第54天，村民1797缺水！
⚠️ 第54天，村民1798食物耗尽！
⚠️ 第54天，村民1798缺水！
⚠️ 第54天，村民1799食物耗尽！
⚠️ 第54天，村民1799缺水！
⚠️ 第54天，村民1800食物耗尽！
⚠️ 第54天，村民1800缺水！
⚠️ 第54天，村民1801食物耗尽！
⚠️ 第54天，村民1801缺水！
⚠️ 第54天，村民1802食物耗尽！
⚠️ 第54天，村民1802缺水！
⚠️ 第54天，村民1803食物耗尽！
⚠️ 第54天，村民1803缺水！
⚠️ 第54天，村民1804食物耗尽！
⚠️ 第54天，村民1804缺水！
⚠️ 第54天，村民1805食物耗尽！
⚠️ 第54天，村民1805缺水！
⚠️ 第54天，村民1806食物耗尽！
⚠️ 第54天，村民1806缺水！
⚠️ 第54天，村民1807食物耗尽！
⚠️ 第54天，村民1807缺水！
⚠️ 第54天，村民1808食物耗尽！
⚠️ 第54天，村民1808缺水！
⚠️ 第54天，村民1809食物耗尽！
⚠️ 第54天，村民1809缺水！
⚠️ 第54天，村民1810食物耗尽！
⚠️ 第54天，村民1810缺水！
⚠️ 第54天，村民1811食物耗尽！
⚠️ 第54天，村民1811缺水！
⚠️ 第54天，村民1812食物耗尽！
⚠️ 第54天，村民1812缺水！
⚠️ 第54天，村民1813食物耗尽！
⚠️ 第54天，村民1813缺水！
⚠️ 第54天，村民1814食物耗尽！
⚠️ 第54天，村民1814缺水！
⚠️ 第54天，村民1815食物耗尽！
⚠️ 第54天，村民1815缺水！
⚠️ 第54天，村民1816食物耗尽！
⚠️ 第54天，村民1816缺水！
⚠️ 第54天，村民1817食物耗尽！
⚠️ 第54天，村民1817缺水！
⚠️ 第54天，村民1818食物耗尽！
⚠️ 第54天，村民1818缺水！
⚠️ 第54天，村民1819食物耗尽！
⚠️ 第54天，村民1819缺水！
⚠️ 第54天，村民1820食物耗尽！
⚠️ 第54天，村民1820缺水！
⚠️ 第54天，村民1821食物耗尽！
⚠️ 第54天，村民1821缺水！
⚠️ 第54天，村民1822食物耗尽！
⚠️ 第54天，村民1822缺水！
⚠️ 第54天，村民1823食物耗尽！
⚠️ 第54天，村民1823缺水！
⚠️ 第54天，村民1824食物耗尽！
⚠️ 第54天，村民1824缺水！
⚠️ 第54天，村民1825食物耗尽！
⚠️ 第54天，村民1825缺水！
⚠️ 第54天，村民1826食物耗尽！
⚠️ 第54天，村民1826缺水！
⚠️ 第54天，村民1827食物耗尽！
⚠️ 第54天，村民1827缺水！
⚠️ 第54天，村民1828食物耗尽！
⚠️ 第54天，村民1828缺水！
⚠️ 第54天，村民1829食物耗尽！
⚠️ 第54天，村民1829缺水！
⚠️ 第54天，村民1830食物耗尽！
⚠️ 第54天，村民1830缺水！
⚠️ 第54天，村民1831食物耗尽！
⚠️ 第54天，村民1831缺水！
⚠️ 第54天，村民1832食物耗尽！
⚠️ 第54天，村民1832缺水！
⚠️ 第54天，村民1833食物耗尽！
⚠️ 第54天，村民1833缺水！
⚠️ 第54天，村民1834食物耗尽！
⚠️ 第54天，村民1834缺水！
⚠️ 第54天，村民1835食物耗尽！
⚠️ 第54天，村民1835缺水！
⚠️ 第54天，村民1836食物耗尽！
⚠️ 第54天，村民1836缺水！
⚠️ 第54天，村民1837食物耗尽！
⚠️ 第54天，村民1837缺水！
⚠️ 第54天，村民1838食物耗尽！
⚠️ 第54天，村民1838缺水！
⚠️ 第54天，村民1839食物耗尽！
⚠️ 第54天，村民1839缺水！
⚠️ 第54天，村民1840食物耗尽！
⚠️ 第54天，村民1840缺水！
⚠️ 第54天，村民1841食物耗尽！
⚠️ 第54天，村民1841缺水！
⚠️ 第54天，村民1842食物耗尽！
⚠️ 第54天，村民1842缺水！
⚠️ 第54天，村民1843食物耗尽！
⚠️ 第54天，村民1843缺水！
⚠️ 第54天，村民1844食物耗尽！
⚠️ 第54天，村民1844缺水！
⚠️ 第54天，村民1845食物耗尽！
⚠️ 第54天，村民1845缺水！
⚠️ 第54天，村民1846食物耗尽！
⚠️ 第54天，村民1846缺水！
⚠️ 第54天，村民1847食物耗尽！
⚠️ 第54天，村民1847缺水！
⚠️ 第54天，村民1848食物耗尽！
⚠️ 第54天，村民1848缺水！
⚠️ 第54天，村民1849食物耗尽！
⚠️ 第54天，村民1849缺水！
⚠️ 第54天，村民1850食物耗尽！
⚠️ 第54天，村民1850缺水！
⚠️ 第54天，村民1851食物耗尽！
⚠️ 第54天，村民1851缺水！
⚠️ 第54天，村民1852食物耗尽！
⚠️ 第54天，村民1852缺水！
⚠️ 第54天，村民1853食物耗尽！
⚠️ 第54天，村民1853缺水！
⚠️ 第54天，村民1854食物耗尽！
⚠️ 第54天，村民1854缺水！
⚠️ 第54天，村民1855食物耗尽！
⚠️ 第54天，村民1855缺水！
⚠️ 第54天，村民1856食物耗尽！
⚠️ 第54天，村民1856缺水！
⚠️ 第54天，村民1857食物耗尽！
⚠️ 第54天，村民1857缺水！
⚠️ 第54天，村民1858食物耗尽！
⚠️ 第54天，村民1858缺水！
⚠️ 第54天，村民1859食物耗尽！
⚠️ 第54天，村民1859缺水！
⚠️ 第54天，村民1860食物耗尽！
⚠️ 第54天，村民1860缺水！
⚠️ 第54天，村民1861食物耗尽！
⚠️ 第54天，村民1861缺水！
⚠️ 第54天，村民1862食物耗尽！
⚠️ 第54天，村民1862缺水！
⚠️ 第54天，村民1863食物耗尽！
⚠️ 第54天，村民1863缺水！
⚠️ 第54天，村民1864食物耗尽！
⚠️ 第54天，村民1864缺水！
⚠️ 第54天，村民1865食物耗尽！
⚠️ 第54天，村民1865缺水！
⚠️ 第54天，村民1866食物耗尽！
⚠️ 第54天，村民1866缺水！
⚠️ 第54天，村民1867食物耗尽！
⚠️ 第54天，村民1867缺水！
⚠️ 第54天，村民1868食物耗尽！
⚠️ 第54天，村民1868缺水！
⚠️ 第54天，村民1869食物耗尽！
⚠️ 第54天，村民1869缺水！
⚠️ 第54天，村民1870食物耗尽！
⚠️ 第54天，村民1870缺水！
⚠️ 第54天，村民1871食物耗尽！
⚠️ 第54天，村民1871缺水！
⚠️ 第54天，村民1872食物耗尽！
⚠️ 第54天，村民1872缺水！
⚠️ 第54天，村民1873食物耗尽！
⚠️ 第54天，村民1873缺水！
⚠️ 第54天，村民1874食物耗尽！
⚠️ 第54天，村民1874缺水！
⚠️ 第54天，村民1875食物耗尽！
⚠️ 第54天，村民1875缺水！
⚠️ 第54天，村民1876食物耗尽！
⚠️ 第54天，村民1876缺水！
⚠️ 第54天，村民1877食物耗尽！
⚠️ 第54天，村民1877缺水！
⚠️ 第54天，村民1878食物耗尽！
⚠️ 第54天，村民1878缺水！
⚠️ 第54天，村民1879食物耗尽！
⚠️ 第54天，村民1879缺水！
⚠️ 第54天，村民1880食物耗尽！
⚠️ 第54天，村民1880缺水！
⚠️ 第54天，村民1881食物耗尽！
⚠️ 第54天，村民1881缺水！
⚠️ 第54天，村民1882食物耗尽！
⚠️ 第54天，村民1882缺水！
⚠️ 第54天，村民1883食物耗尽！
⚠️ 第54天，村民1883缺水！
⚠️ 第54天，村民1884食物耗尽！
⚠️ 第54天，村民1884缺水！
⚠️ 第54天，村民1885食物耗尽！
⚠️ 第54天，村民1885缺水！
⚠️ 第54天，村民1886食物耗尽！
⚠️ 第54天，村民1886缺水！
⚠️ 第54天，村民1887食物耗尽！
⚠️ 第54天，村民1887缺水！
⚠️ 第54天，村民1888食物耗尽！
⚠️ 第54天，村民1888缺水！
⚠️ 第54天，村民1889食物耗尽！
⚠️ 第54天，村民1889缺水！
⚠️ 第54天，村民1890食物耗尽！
⚠️ 第54天，村民1890缺水！
⚠️ 第54天，村民1891食物耗尽！
⚠️ 第54天，村民1891缺水！
⚠️ 第54天，村民1892食物耗尽！
⚠️ 第54天，村民1892缺水！
⚠️ 第54天，村民1893食物耗尽！
⚠️ 第54天，村民1893缺水！
⚠️ 第54天，村民1894食物耗尽！
⚠️ 第54天，村民1894缺水！
⚠️ 第54天，村民1895食物耗尽！
⚠️ 第54天，村民1895缺水！
⚠️ 第54天，村民1896食物耗尽！
⚠️ 第54天，村民1896缺水！
⚠️ 第54天，村民1897食物耗尽！
⚠️ 第54天，村民1897缺水！
⚠️ 第54天，村民1898食物耗尽！
⚠️ 第54天，村民1898缺水！
⚠️ 第54天，村民1899食物耗尽！
⚠️ 第54天，村民1899缺水！
⚠️ 第54天，村民1900食物耗尽！
⚠️ 第54天，村民1900缺水！
⚠️ 第54天，村民1901食物耗尽！
⚠️ 第54天，村民1901缺水！
⚠️ 第54天，村民1902食物耗尽！
⚠️ 第54天，村民1902缺水！
⚠️ 第54天，村民1903食物耗尽！
⚠️ 第54天，村民1903缺水！
⚠️ 第54天，村民1904食物耗尽！
⚠️ 第54天，村民1904缺水！
⚠️ 第54天，村民1905食物耗尽！
⚠️ 第54天，村民1905缺水！
⚠️ 第54天，村民1906食物耗尽！
⚠️ 第54天，村民1906缺水！
⚠️ 第54天，村民1907食物耗尽！
⚠️ 第54天，村民1907缺水！
⚠️ 第54天，村民1908食物耗尽！
⚠️ 第54天，村民1908缺水！
⚠️ 第54天，村民1909食物耗尽！
⚠️ 第54天，村民1909缺水！
⚠️ 第54天，村民1910食物耗尽！
⚠️ 第54天，村民1910缺水！
⚠️ 第54天，村民1911食物耗尽！
⚠️ 第54天，村民1911缺水！
⚠️ 第54天，村民1912食物耗尽！
⚠️ 第54天，村民1912缺水！
⚠️ 第54天，村民1913食物耗尽！
⚠️ 第54天，村民1913缺水！
⚠️ 第54天，村民1914食物耗尽！
⚠️ 第54天，村民1914缺水！
⚠️ 第54天，村民1915食物耗尽！
⚠️ 第54天，村民1915缺水！
⚠️ 第54天，村民1916食物耗尽！
⚠️ 第54天，村民1916缺水！
⚠️ 第54天，村民1917食物耗尽！
⚠️ 第54天，村民1917缺水！
⚠️ 第54天，村民1918食物耗尽！
⚠️ 第54天，村民1918缺水！
⚠️ 第54天，村民1919食物耗尽！
⚠️ 第54天，村民1919缺水！
⚠️ 第54天，村民1920食物耗尽！
⚠️ 第54天，村民1920缺水！
⚠️ 第54天，村民1921食物耗尽！
⚠️ 第54天，村民1921缺水！
⚠️ 第54天，村民1922食物耗尽！
⚠️ 第54天，村民1922缺水！
⚠️ 第54天，村民1923食物耗尽！
⚠️ 第54天，村民1923缺水！
⚠️ 第54天，村民1924食物耗尽！
⚠️ 第54天，村民1924缺水！
⚠️ 第54天，村民1925食物耗尽！
⚠️ 第54天，村民1925缺水！
⚠️ 第54天，村民1926食物耗尽！
⚠️ 第54天，村民1926缺水！
⚠️ 第54天，村民1927食物耗尽！
⚠️ 第54天，村民1927缺水！
⚠️ 第54天，村民1928食物耗尽！
⚠️ 第54天，村民1928缺水！
⚠️ 第54天，村民1929食物耗尽！
⚠️ 第54天，村民1929缺水！
⚠️ 第54天，村民1930食物耗尽！
⚠️ 第54天，村民1930缺水！
⚠️ 第54天，村民1931食物耗尽！
⚠️ 第54天，村民1931缺水！
⚠️ 第54天，村民1932食物耗尽！
⚠️ 第54天，村民1932缺水！
⚠️ 第54天，村民1933食物耗尽！
⚠️ 第54天，村民1933缺水！
⚠️ 第54天，村民1934食物耗尽！
⚠️ 第54天，村民1934缺水！
⚠️ 第54天，村民1935食物耗尽！
⚠️ 第54天，村民1935缺水！
⚠️ 第54天，村民1936食物耗尽！
⚠️ 第54天，村民1936缺水！
⚠️ 第54天，村民1937食物耗尽！
⚠️ 第54天，村民1937缺水！
⚠️ 第54天，村民1938食物耗尽！
⚠️ 第54天，村民1938缺水！
⚠️ 第54天，村民1939食物耗尽！
⚠️ 第54天，村民1939缺水！
⚠️ 第54天，村民1940食物耗尽！
⚠️ 第54天，村民1940缺水！
⚠️ 第54天，村民1941食物耗尽！
⚠️ 第54天，村民1941缺水！
⚠️ 第54天，村民1942食物耗尽！
⚠️ 第54天，村民1942缺水！
⚠️ 第54天，村民1943食物耗尽！
⚠️ 第54天，村民1943缺水！
⚠️ 第54天，村民1944食物耗尽！
⚠️ 第54天，村民1944缺水！
⚠️ 第54天，村民1945食物耗尽！
⚠️ 第54天，村民1945缺水！
⚠️ 第54天，村民1946食物耗尽！
⚠️ 第54天，村民1946缺水！
⚠️ 第54天，村民1947食物耗尽！
⚠️ 第54天，村民1947缺水！
⚠️ 第54天，村民1948食物耗尽！
⚠️ 第54天，村民1948缺水！
⚠️ 第54天，村民1949食物耗尽！
⚠️ 第54天，村民1949缺水！
⚠️ 第54天，村民1950食物耗尽！
⚠️ 第54天，村民1950缺水！
⚠️ 第54天，村民1951食物耗尽！
⚠️ 第54天，村民1951缺水！
⚠️ 第54天，村民1952食物耗尽！
⚠️ 第54天，村民1952缺水！
⚠️ 第54天，村民1953食物耗尽！
⚠️ 第54天，村民1953缺水！
⚠️ 第54天，村民1954食物耗尽！
⚠️ 第54天，村民1954缺水！
⚠️ 第54天，村民1955食物耗尽！
⚠️ 第54天，村民1955缺水！
⚠️ 第54天，村民1956食物耗尽！
⚠️ 第54天，村民1956缺水！
⚠️ 第54天，村民1957食物耗尽！
⚠️ 第54天，村民1957缺水！
⚠️ 第54天，村民1958食物耗尽！
⚠️ 第54天，村民1958缺水！
⚠️ 第54天，村民1959食物耗尽！
⚠️ 第54天，村民1959缺水！
⚠️ 第54天，村民1960食物耗尽！
⚠️ 第54天，村民1960缺水！
⚠️ 第54天，村民1961食物耗尽！
⚠️ 第54天，村民1961缺水！
⚠️ 第54天，村民1962食物耗尽！
⚠️ 第54天，村民1962缺水！
⚠️ 第54天，村民1963食物耗尽！
⚠️ 第54天，村民1963缺水！
⚠️ 第54天，村民1964食物耗尽！
⚠️ 第54天，村民1964缺水！
⚠️ 第54天，村民1965食物耗尽！
⚠️ 第54天，村民1965缺水！
⚠️ 第54天，村民1966食物耗尽！
⚠️ 第54天，村民1966缺水！
⚠️ 第54天，村民1967食物耗尽！
⚠️ 第54天，村民1967缺水！
⚠️ 第54天，村民1968食物耗尽！
⚠️ 第54天，村民1968缺水！
⚠️ 第54天，村民1969食物耗尽！
⚠️ 第54天，村民1969缺水！
⚠️ 第54天，村民1970食物耗尽！
⚠️ 第54天，村民1970缺水！
⚠️ 第54天，村民1971食物耗尽！
⚠️ 第54天，村民1971缺水！
⚠️ 第54天，村民1972食物耗尽！
⚠️ 第54天，村民1972缺水！
⚠️ 第54天，村民1973食物耗尽！
⚠️ 第54天，村民1973缺水！
⚠️ 第54天，村民1974食物耗尽！
⚠️ 第54天，村民1974缺水！
⚠️ 第54天，村民1975食物耗尽！
⚠️ 第54天，村民1975缺水！
⚠️ 第54天，村民1976食物耗尽！
⚠️ 第54天，村民1976缺水！
⚠️ 第54天，村民1977食物耗尽！
⚠️ 第54天，村民1977缺水！
⚠️ 第54天，村民1978食物耗尽！
⚠️ 第54天，村民1978缺水！
⚠️ 第54天，村民1979食物耗尽！
⚠️ 第54天，村民1979缺水！
⚠️ 第54天，村民1980食物耗尽！
⚠️ 第54天，村民1980缺水！
⚠️ 第54天，村民1981食物耗尽！
⚠️ 第54天，村民1981缺水！
⚠️ 第54天，村民1982食物耗尽！
⚠️ 第54天，村民1982缺水！
⚠️ 第54天，村民1983食物耗尽！
⚠️ 第54天，村民1983缺水！
⚠️ 第54天，村民1984食物耗尽！
⚠️ 第54天，村民1984缺水！
⚠️ 第54天，村民1985食物耗尽！
⚠️ 第54天，村民1985缺水！
⚠️ 第54天，村民1986食物耗尽！
⚠️ 第54天，村民1986缺水！
⚠️ 第54天，村民1987食物耗尽！
⚠️ 第54天，村民1987缺水！
⚠️ 第54天，村民1988食物耗尽！
⚠️ 第54天，村民1988缺水！
⚠️ 第54天，村民1989食物耗尽！
⚠️ 第54天，村民1989缺水！
⚠️ 第54天，村民1990食物耗尽！
⚠️ 第54天，村民1990缺水！
⚠️ 第54天，村民1991食物耗尽！
⚠️ 第54天，村民1991缺水！
⚠️ 第54天，村民1992食物耗尽！
⚠️ 第54天，村民1992缺水！
⚠️ 第54天，村民1993食物耗尽！
⚠️ 第54天，村民1993缺水！
⚠️ 第54天，村民1994食物耗尽！
⚠️ 第54天，村民1994缺水！
⚠️ 第54天，村民1995食物耗尽！
⚠️ 第54天，村民1995缺水！
⚠️ 第54天，村民1996食物耗尽！
⚠️ 第54天，村民1996缺水！
⚠️ 第54天，村民1997食物耗尽！
⚠️ 第54天，村民1997缺水！
⚠️ 第54天，村民1998食物耗尽！
⚠️ 第54天，村民1998缺水！
⚠️ 第54天，村民1999食物耗尽！
⚠️ 第54天，村民1999缺水！
⚠️ 第54天，村民2000食物耗尽！
⚠️ 第54天，村民2000缺水！
📊 第55天结束：当前村庄共有 2000 人存活。
⚠️ 第55天，村民1食物耗尽！
⚠️ 第55天，村民1缺水！
⚠️ 第55天，村民2食物耗尽！
⚠️ 第55天，村民2缺水！
⚠️ 第55天，村民3食物耗尽！
⚠️ 第55天，村民3缺水！
⚠️ 第55天，村民4食物耗尽！
⚠️ 第55天，村民4缺水！
⚠️ 第55天，村民5食物耗尽！
⚠️ 第55天，村民5缺水！
⚠️ 第55天，村民6食物耗尽！
⚠️ 第55天，村民6缺水！
⚠️ 第55天，村民7食物耗尽！
⚠️ 第55天，村民7缺水！
⚠️ 第55天，村民8食物耗尽！
⚠️ 第55天，村民8缺水！
⚠️ 第55天，村民9食物耗尽！
⚠️ 第55天，村民9缺水！
⚠️ 第55天，村民10食物耗尽！
⚠️ 第55天，村民10缺水！
⚠️ 第55天，村民11食物耗尽！
⚠️ 第55天，村民11缺水！
⚠️ 第55天，村民12食物耗尽！
⚠️ 第55天，村民12缺水！
⚠️ 第55天，村民13食物耗尽！
⚠️ 第55天，村民13缺水！
⚠️ 第55天，村民14食物耗尽！
⚠️ 第55天，村民14缺水！
⚠️ 第55天，村民15食物耗尽！
⚠️ 第55天，村民15缺水！
⚠️ 第55天，村民16食物耗尽！
⚠️ 第55天，村民16缺水！
⚠️ 第55天，村民17食物耗尽！
⚠️ 第55天，村民17缺水！
⚠️ 第55天，村民18食物耗尽！
⚠️ 第55天，村民18缺水！
⚠️ 第55天，村民19食物耗尽！
⚠️ 第55天，村民19缺水！
⚠️ 第55天，村民20食物耗尽！
⚠️ 第55天，村民20缺水！
⚠️ 第55天，村民21食物耗尽！
⚠️ 第55天，村民21缺水！
⚠️ 第55天，村民22食物耗尽！
⚠️ 第55天，村民22缺水！
⚠️ 第55天，村民23食物耗尽！
⚠️ 第55天，村民23缺水！
⚠️ 第55天，村民24食物耗尽！
⚠️ 第55天，村民24缺水！
⚠️ 第55天，村民25食物耗尽！
⚠️ 第55天，村民25缺水！
⚠️ 第55天，村民26食物耗尽！
⚠️ 第55天，村民26缺水！
⚠️ 第55天，村民27食物耗尽！
⚠️ 第55天，村民27缺水！
⚠️ 第55天，村民28食物耗尽！
⚠️ 第55天，村民28缺水！
⚠️ 第55天，村民29食物耗尽！
⚠️ 第55天，村民29缺水！
⚠️ 第55天，村民30食物耗尽！
⚠️ 第55天，村民30缺水！
⚠️ 第55天，村民31食物耗尽！
⚠️ 第55天，村民31缺水！
⚠️ 第55天，村民32食物耗尽！
⚠️ 第55天，村民32缺水！
⚠️ 第55天，村民33食物耗尽！
⚠️ 第55天，村民33缺水！
⚠️ 第55天，村民34食物耗尽！
⚠️ 第55天，村民34缺水！
⚠️ 第55天，村民35食物耗尽！
⚠️ 第55天，村民35缺水！
⚠️ 第55天，村民36食物耗尽！
⚠️ 第55天，村民36缺水！
⚠️ 第55天，村民37食物耗尽！
⚠️ 第55天，村民37缺水！
⚠️ 第55天，村民38食物耗尽！
⚠️ 第55天，村民38缺水！
⚠️ 第55天，村民39食物耗尽！
⚠️ 第55天，村民39缺水！
⚠️ 第55天，村民40食物耗尽！
⚠️ 第55天，村民40缺水！
⚠️ 第55天，村民41食物耗尽！
⚠️ 第55天，村民41缺水！
⚠️ 第55天，村民42食物耗尽！
⚠️ 第55天，村民42缺水！
⚠️ 第55天，村民43食物耗尽！
⚠️ 第55天，村民43缺水！
⚠️ 第55天，村民44食物耗尽！
⚠️ 第55天，村民44缺水！
⚠️ 第55天，村民45食物耗尽！
⚠️ 第55天，村民45缺水！
⚠️ 第55天，村民46食物耗尽！
⚠️ 第55天，村民46缺水！
⚠️ 第55天，村民47食物耗尽！
⚠️ 第55天，村民47缺水！
⚠️ 第55天，村民48食物耗尽！
⚠️ 第55天，村民48缺水！
⚠️ 第55天，村民49食物耗尽！
⚠️ 第55天，村民49缺水！
⚠️ 第55天，村民50食物耗尽！
⚠️ 第55天，村民50缺水！
⚠️ 第55天，村民51食物耗尽！
⚠️ 第55天，村民51缺水！
⚠️ 第55天，村民52食物耗尽！
⚠️ 第55天，村民52缺水！
⚠️ 第55天，村民53食物耗尽！
⚠️ 第55天，村民53缺水！
⚠️ 第55天，村民54食物耗尽！
⚠️ 第55天，村民54缺水！
⚠️ 第55天，村民55食物耗尽！
⚠️ 第55天，村民55缺水！
⚠️ 第55天，村民56食物耗尽！
⚠️ 第55天，村民56缺水！
⚠️ 第55天，村民57食物耗尽！
⚠️ 第55天，村民57缺水！
⚠️ 第55天，村民58食物耗尽！
⚠️ 第55天，村民58缺水！
⚠️ 第55天，村民59食物耗尽！
⚠️ 第55天，村民59缺水！
⚠️ 第55天，村民60食物耗尽！
⚠️ 第55天，村民60缺水！
⚠️ 第55天，村民61食物耗尽！
⚠️ 第55天，村民61缺水！
⚠️ 第55天，村民62食物耗尽！
⚠️ 第55天，村民62缺水！
⚠️ 第55天，村民63食物耗尽！
⚠️ 第55天，村民63缺水！
⚠️ 第55天，村民64食物耗尽！
⚠️ 第55天，村民64缺水！
⚠️ 第55天，村民65食物耗尽！
⚠️ 第55天，村民65缺水！
⚠️ 第55天，村民66食物耗尽！
⚠️ 第55天，村民66缺水！
⚠️ 第55天，村民67食物耗尽！
⚠️ 第55天，村民67缺水！
⚠️ 第55天，村民68食物耗尽！
⚠️ 第55天，村民68缺水！
⚠️ 第55天，村民69食物耗尽！
⚠️ 第55天，村民69缺水！
⚠️ 第55天，村民70食物耗尽！
⚠️ 第55天，村民70缺水！
⚠️ 第55天，村民71食物耗尽！
⚠️ 第55天，村民71缺水！
⚠️ 第55天，村民72食物耗尽！
⚠️ 第55天，村民72缺水！
⚠️ 第55天，村民73食物耗尽！
⚠️ 第55天，村民73缺水！
⚠️ 第55天，村民74食物耗尽！
⚠️ 第55天，村民74缺水！
⚠️ 第55天，村民75食物耗尽！
⚠️ 第55天，村民75缺水！
⚠️ 第55天，村民76食物耗尽！
⚠️ 第55天，村民76缺水！
⚠️ 第55天，村民77食物耗尽！
⚠️ 第55天，村民77缺水！
⚠️ 第55天，村民78食物耗尽！
⚠️ 第55天，村民78缺水！
⚠️ 第55天，村民79食物耗尽！
⚠️ 第55天，村民79缺水！
⚠️ 第55天，村民80食物耗尽！
⚠️ 第55天，村民80缺水！
⚠️ 第55天，村民81食物耗尽！
⚠️ 第55天，村民81缺水！
⚠️ 第55天，村民82食物耗尽！
⚠️ 第55天，村民82缺水！
⚠️ 第55天，村民83食物耗尽！
⚠️ 第55天，村民83缺水！
⚠️ 第55天，村民84食物耗尽！
⚠️ 第55天，村民84缺水！
⚠️ 第55天，村民85食物耗尽！
⚠️ 第55天，村民85缺水！
⚠️ 第55天，村民86食物耗尽！
⚠️ 第55天，村民86缺水！
⚠️ 第55天，村民87食物耗尽！
⚠️ 第55天，村民87缺水！
⚠️ 第55天，村民88食物耗尽！
⚠️ 第55天，村民88缺水！
⚠️ 第55天，村民89食物耗尽！
⚠️ 第55天，村民89缺水！
⚠️ 第55天，村民90食物耗尽！
⚠️ 第55天，村民90缺水！
⚠️ 第55天，村民91食物耗尽！
⚠️ 第55天，村民91缺水！
⚠️ 第55天，村民92食物耗尽！
⚠️ 第55天，村民92缺水！
⚠️ 第55天，村民93食物耗尽！
⚠️ 第55天，村民93缺水！
⚠️ 第55天，村民94食物耗尽！
⚠️ 第55天，村民94缺水！
⚠️ 第55天，村民95食物耗尽！
⚠️ 第55天，村民95缺水！
⚠️ 第55天，村民96食物耗尽！
⚠️ 第55天，村民96缺水！
⚠️ 第55天，村民97食物耗尽！
⚠️ 第55天，村民97缺水！
⚠️ 第55天，村民98食物耗尽！
⚠️ 第55天，村民98缺水！
⚠️ 第55天，村民99食物耗尽！
⚠️ 第55天，村民99缺水！
⚠️ 第55天，村民100食物耗尽！
⚠️ 第55天，村民100缺水！
⚠️ 第55天，村民101食物耗尽！
⚠️ 第55天，村民101缺水！
⚠️ 第55天，村民102食物耗尽！
⚠️ 第55天，村民102缺水！
⚠️ 第55天，村民103食物耗尽！
⚠️ 第55天，村民103缺水！
⚠️ 第55天，村民104食物耗尽！
⚠️ 第55天，村民104缺水！
⚠️ 第55天，村民105食物耗尽！
⚠️ 第55天，村民105缺水！
⚠️ 第55天，村民106食物耗尽！
⚠️ 第55天，村民106缺水！
⚠️ 第55天，村民107食物耗尽！
⚠️ 第55天，村民107缺水！
⚠️ 第55天，村民108食物耗尽！
⚠️ 第55天，村民108缺水！
⚠️ 第55天，村民109食物耗尽！
⚠️ 第55天，村民109缺水！
⚠️ 第55天，村民110食物耗尽！
⚠️ 第55天，村民110缺水！
⚠️ 第55天，村民111食物耗尽！
⚠️ 第55天，村民111缺水！
⚠️ 第55天，村民112食物耗尽！
⚠️ 第55天，村民112缺水！
⚠️ 第55天，村民113食物耗尽！
⚠️ 第55天，村民113缺水！
⚠️ 第55天，村民114食物耗尽！
⚠️ 第55天，村民114缺水！
⚠️ 第55天，村民115食物耗尽！
⚠️ 第55天，村民115缺水！
⚠️ 第55天，村民116食物耗尽！
⚠️ 第55天，村民116缺水！
⚠️ 第55天，村民117食物耗尽！
⚠️ 第55天，村民117缺水！
⚠️ 第55天，村民118食物耗尽！
⚠️ 第55天，村民118缺水！
⚠️ 第55天，村民119食物耗尽！
⚠️ 第55天，村民119缺水！
⚠️ 第55天，村民120食物耗尽！
⚠️ 第55天，村民120缺水！
⚠️ 第55天，村民121食物耗尽！
⚠️ 第55天，村民121缺水！
⚠️ 第55天，村民122食物耗尽！
⚠️ 第55天，村民122缺水！
⚠️ 第55天，村民123食物耗尽！
⚠️ 第55天，村民123缺水！
⚠️ 第55天，村民124食物耗尽！
⚠️ 第55天，村民124缺水！
⚠️ 第55天，村民125食物耗尽！
⚠️ 第55天，村民125缺水！
⚠️ 第55天，村民126食物耗尽！
⚠️ 第55天，村民126缺水！
⚠️ 第55天，村民127食物耗尽！
⚠️ 第55天，村民127缺水！
⚠️ 第55天，村民128食物耗尽！
⚠️ 第55天，村民128缺水！
⚠️ 第55天，村民129食物耗尽！
⚠️ 第55天，村民129缺水！
⚠️ 第55天，村民130食物耗尽！
⚠️ 第55天，村民130缺水！
⚠️ 第55天，村民131食物耗尽！
⚠️ 第55天，村民131缺水！
⚠️ 第55天，村民132食物耗尽！
⚠️ 第55天，村民132缺水！
⚠️ 第55天，村民133食物耗尽！
⚠️ 第55天，村民133缺水！
⚠️ 第55天，村民134食物耗尽！
⚠️ 第55天，村民134缺水！
⚠️ 第55天，村民135食物耗尽！
⚠️ 第55天，村民135缺水！
⚠️ 第55天，村民136食物耗尽！
⚠️ 第55天，村民136缺水！
⚠️ 第55天，村民137食物耗尽！
⚠️ 第55天，村民137缺水！
⚠️ 第55天，村民138食物耗尽！
⚠️ 第55天，村民138缺水！
⚠️ 第55天，村民139食物耗尽！
⚠️ 第55天，村民139缺水！
⚠️ 第55天，村民140食物耗尽！
⚠️ 第55天，村民140缺水！
⚠️ 第55天，村民141食物耗尽！
⚠️ 第55天，村民141缺水！
⚠️ 第55天，村民142食物耗尽！
⚠️ 第55天，村民142缺水！
⚠️ 第55天，村民143食物耗尽！
⚠️ 第55天，村民143缺水！
⚠️ 第55天，村民144食物耗尽！
⚠️ 第55天，村民144缺水！
⚠️ 第55天，村民145食物耗尽！
⚠️ 第55天，村民145缺水！
⚠️ 第55天，村民146食物耗尽！
⚠️ 第55天，村民146缺水！
⚠️ 第55天，村民147食物耗尽！
⚠️ 第55天，村民147缺水！
⚠️ 第55天，村民148食物耗尽！
⚠️ 第55天，村民148缺水！
⚠️ 第55天，村民149食物耗尽！
⚠️ 第55天，村民149缺水！
⚠️ 第55天，村民150食物耗尽！
⚠️ 第55天，村民150缺水！
⚠️ 第55天，村民151食物耗尽！
⚠️ 第55天，村民151缺水！
⚠️ 第55天，村民152食物耗尽！
⚠️ 第55天，村民152缺水！
⚠️ 第55天，村民153食物耗尽！
⚠️ 第55天，村民153缺水！
⚠️ 第55天，村民154食物耗尽！
⚠️ 第55天，村民154缺水！
⚠️ 第55天，村民155食物耗尽！
⚠️ 第55天，村民155缺水！
⚠️ 第55天，村民156食物耗尽！
⚠️ 第55天，村民156缺水！
⚠️ 第55天，村民157食物耗尽！
⚠️ 第55天，村民157缺水！
⚠️ 第55天，村民158食物耗尽！
⚠️ 第55天，村民158缺水！
⚠️ 第55天，村民159食物耗尽！
⚠️ 第55天，村民159缺水！
⚠️ 第55天，村民160食物耗尽！
⚠️ 第55天，村民160缺水！
⚠️ 第55天，村民161食物耗尽！
⚠️ 第55天，村民161缺水！
⚠️ 第55天，村民162食物耗尽！
⚠️ 第55天，村民162缺水！
⚠️ 第55天，村民163食物耗尽！
⚠️ 第55天，村民163缺水！
⚠️ 第55天，村民164食物耗尽！
⚠️ 第55天，村民164缺水！
⚠️ 第55天，村民165食物耗尽！
⚠️ 第55天，村民165缺水！
⚠️ 第55天，村民166食物耗尽！
⚠️ 第55天，村民166缺水！
⚠️ 第55天，村民167食物耗尽！
⚠️ 第55天，村民167缺水！
⚠️ 第55天，村民168食物耗尽！
⚠️ 第55天，村民168缺水！
⚠️ 第55天，村民169食物耗尽！
⚠️ 第55天，村民169缺水！
⚠️ 第55天，村民170食物耗尽！
⚠️ 第55天，村民170缺水！
⚠️ 第55天，村民171食物耗尽！
⚠️ 第55天，村民171缺水！
⚠️ 第55天，村民172食物耗尽！
⚠️ 第55天，村民172缺水！
⚠️ 第55天，村民173食物耗尽！
⚠️ 第55天，村民173缺水！
⚠️ 第55天，村民174食物耗尽！
⚠️ 第55天，村民174缺水！
⚠️ 第55天，村民175食物耗尽！
⚠️ 第55天，村民175缺水！
⚠️ 第55天，村民176食物耗尽！
⚠️ 第55天，村民176缺水！
⚠️ 第55天，村民177食物耗尽！
⚠️ 第55天，村民177缺水！
⚠️ 第55天，村民178食物耗尽！
⚠️ 第55天，村民178缺水！
⚠️ 第55天，村民179食物耗尽！
⚠️ 第55天，村民179缺水！
⚠️ 第55天，村民180食物耗尽！
⚠️ 第55天，村民180缺水！
⚠️ 第55天，村民181食物耗尽！
⚠️ 第55天，村民181缺水！
⚠️ 第55天，村民182食物耗尽！
⚠️ 第55天，村民182缺水！
⚠️ 第55天，村民183食物耗尽！
⚠️ 第55天，村民183缺水！
⚠️ 第55天，村民184食物耗尽！
⚠️ 第55天，村民184缺水！
⚠️ 第55天，村民185食物耗尽！
⚠️ 第55天，村民185缺水！
⚠️ 第55天，村民186食物耗尽！
⚠️ 第55天，村民186缺水！
⚠️ 第55天，村民187食物耗尽！
⚠️ 第55天，村民187缺水！
⚠️ 第55天，村民188食物耗尽！
⚠️ 第55天，村民188缺水！
⚠️ 第55天，村民189食物耗尽！
⚠️ 第55天，村民189缺水！
⚠️ 第55天，村民190食物耗尽！
⚠️ 第55天，村民190缺水！
⚠️ 第55天，村民191食物耗尽！
⚠️ 第55天，村民191缺水！
⚠️ 第55天，村民192食物耗尽！
⚠️ 第55天，村民192缺水！
⚠️ 第55天，村民193食物耗尽！
⚠️ 第55天，村民193缺水！
⚠️ 第55天，村民194食物耗尽！
⚠️ 第55天，村民194缺水！
⚠️ 第55天，村民195食物耗尽！
⚠️ 第55天，村民195缺水！
⚠️ 第55天，村民196食物耗尽！
⚠️ 第55天，村民196缺水！
⚠️ 第55天，村民197食物耗尽！
⚠️ 第55天，村民197缺水！
⚠️ 第55天，村民198食物耗尽！
⚠️ 第55天，村民198缺水！
⚠️ 第55天，村民199食物耗尽！
⚠️ 第55天，村民199缺水！
⚠️ 第55天，村民200食物耗尽！
⚠️ 第55天，村民200缺水！
⚠️ 第55天，村民201食物耗尽！
⚠️ 第55天，村民201缺水！
⚠️ 第55天，村民202食物耗尽！
⚠️ 第55天，村民202缺水！
⚠️ 第55天，村民203食物耗尽！
⚠️ 第55天，村民203缺水！
⚠️ 第55天，村民204食物耗尽！
⚠️ 第55天，村民204缺水！
⚠️ 第55天，村民205食物耗尽！
⚠️ 第55天，村民205缺水！
⚠️ 第55天，村民206食物耗尽！
⚠️ 第55天，村民206缺水！
⚠️ 第55天，村民207食物耗尽！
⚠️ 第55天，村民207缺水！
⚠️ 第55天，村民208食物耗尽！
⚠️ 第55天，村民208缺水！
⚠️ 第55天，村民209食物耗尽！
⚠️ 第55天，村民209缺水！
⚠️ 第55天，村民210食物耗尽！
⚠️ 第55天，村民210缺水！
⚠️ 第55天，村民211食物耗尽！
⚠️ 第55天，村民211缺水！
⚠️ 第55天，村民212食物耗尽！
⚠️ 第55天，村民212缺水！
⚠️ 第55天，村民213食物耗尽！
⚠️ 第55天，村民213缺水！
⚠️ 第55天，村民214食物耗尽！
⚠️ 第55天，村民214缺水！
⚠️ 第55天，村民215食物耗尽！
⚠️ 第55天，村民215缺水！
⚠️ 第55天，村民216食物耗尽！
⚠️ 第55天，村民216缺水！
⚠️ 第55天，村民217食物耗尽！
⚠️ 第55天，村民217缺水！
⚠️ 第55天，村民218食物耗尽！
⚠️ 第55天，村民218缺水！
⚠️ 第55天，村民219食物耗尽！
⚠️ 第55天，村民219缺水！
⚠️ 第55天，村民220食物耗尽！
⚠️ 第55天，村民220缺水！
⚠️ 第55天，村民221食物耗尽！
⚠️ 第55天，村民221缺水！
⚠️ 第55天，村民222食物耗尽！
⚠️ 第55天，村民222缺水！
⚠️ 第55天，村民223食物耗尽！
⚠️ 第55天，村民223缺水！
⚠️ 第55天，村民224食物耗尽！
⚠️ 第55天，村民224缺水！
⚠️ 第55天，村民225食物耗尽！
⚠️ 第55天，村民225缺水！
⚠️ 第55天，村民226食物耗尽！
⚠️ 第55天，村民226缺水！
⚠️ 第55天，村民227食物耗尽！
⚠️ 第55天，村民227缺水！
⚠️ 第55天，村民228食物耗尽！
⚠️ 第55天，村民228缺水！
⚠️ 第55天，村民229食物耗尽！
⚠️ 第55天，村民229缺水！
⚠️ 第55天，村民230食物耗尽！
⚠️ 第55天，村民230缺水！
⚠️ 第55天，村民231食物耗尽！
⚠️ 第55天，村民231缺水！
⚠️ 第55天，村民232食物耗尽！
⚠️ 第55天，村民232缺水！
⚠️ 第55天，村民233食物耗尽！
⚠️ 第55天，村民233缺水！
⚠️ 第55天，村民234食物耗尽！
⚠️ 第55天，村民234缺水！
⚠️ 第55天，村民235食物耗尽！
⚠️ 第55天，村民235缺水！
⚠️ 第55天，村民236食物耗尽！
⚠️ 第55天，村民236缺水！
⚠️ 第55天，村民237食物耗尽！
⚠️ 第55天，村民237缺水！
⚠️ 第55天，村民238食物耗尽！
⚠️ 第55天，村民238缺水！
⚠️ 第55天，村民239食物耗尽！
⚠️ 第55天，村民239缺水！
⚠️ 第55天，村民240食物耗尽！
⚠️ 第55天，村民240缺水！
⚠️ 第55天，村民241食物耗尽！
⚠️ 第55天，村民241缺水！
⚠️ 第55天，村民242食物耗尽！
⚠️ 第55天，村民242缺水！
⚠️ 第55天，村民243食物耗尽！
⚠️ 第55天，村民243缺水！
⚠️ 第55天，村民244食物耗尽！
⚠️ 第55天，村民244缺水！
⚠️ 第55天，村民245食物耗尽！
⚠️ 第55天，村民245缺水！
⚠️ 第55天，村民246食物耗尽！
⚠️ 第55天，村民246缺水！
⚠️ 第55天，村民247食物耗尽！
⚠️ 第55天，村民247缺水！
⚠️ 第55天，村民248食物耗尽！
⚠️ 第55天，村民248缺水！
⚠️ 第55天，村民249食物耗尽！
⚠️ 第55天，村民249缺水！
⚠️ 第55天，村民250食物耗尽！
⚠️ 第55天，村民250缺水！
⚠️ 第55天，村民251食物耗尽！
⚠️ 第55天，村民251缺水！
⚠️ 第55天，村民252食物耗尽！
⚠️ 第55天，村民252缺水！
⚠️ 第55天，村民253食物耗尽！
⚠️ 第55天，村民253缺水！
⚠️ 第55天，村民254食物耗尽！
⚠️ 第55天，村民254缺水！
⚠️ 第55天，村民255食物耗尽！
⚠️ 第55天，村民255缺水！
⚠️ 第55天，村民256食物耗尽！
⚠️ 第55天，村民256缺水！
⚠️ 第55天，村民257食物耗尽！
⚠️ 第55天，村民257缺水！
⚠️ 第55天，村民258食物耗尽！
⚠️ 第55天，村民258缺水！
⚠️ 第55天，村民259食物耗尽！
⚠️ 第55天，村民259缺水！
⚠️ 第55天，村民260食物耗尽！
⚠️ 第55天，村民260缺水！
⚠️ 第55天，村民261食物耗尽！
⚠️ 第55天，村民261缺水！
⚠️ 第55天，村民262食物耗尽！
⚠️ 第55天，村民262缺水！
⚠️ 第55天，村民263食物耗尽！
⚠️ 第55天，村民263缺水！
⚠️ 第55天，村民264食物耗尽！
⚠️ 第55天，村民264缺水！
⚠️ 第55天，村民265食物耗尽！
⚠️ 第55天，村民265缺水！
⚠️ 第55天，村民266食物耗尽！
⚠️ 第55天，村民266缺水！
⚠️ 第55天，村民267食物耗尽！
⚠️ 第55天，村民267缺水！
⚠️ 第55天，村民268食物耗尽！
⚠️ 第55天，村民268缺水！
⚠️ 第55天，村民269食物耗尽！
⚠️ 第55天，村民269缺水！
⚠️ 第55天，村民270食物耗尽！
⚠️ 第55天，村民270缺水！
⚠️ 第55天，村民271食物耗尽！
⚠️ 第55天，村民271缺水！
⚠️ 第55天，村民272食物耗尽！
⚠️ 第55天，村民272缺水！
⚠️ 第55天，村民273食物耗尽！
⚠️ 第55天，村民273缺水！
⚠️ 第55天，村民274食物耗尽！
⚠️ 第55天，村民274缺水！
⚠️ 第55天，村民275食物耗尽！
⚠️ 第55天，村民275缺水！
⚠️ 第55天，村民276食物耗尽！
⚠️ 第55天，村民276缺水！
⚠️ 第55天，村民277食物耗尽！
⚠️ 第55天，村民277缺水！
⚠️ 第55天，村民278食物耗尽！
⚠️ 第55天，村民278缺水！
⚠️ 第55天，村民279食物耗尽！
⚠️ 第55天，村民279缺水！
⚠️ 第55天，村民280食物耗尽！
⚠️ 第55天，村民280缺水！
⚠️ 第55天，村民281食物耗尽！
⚠️ 第55天，村民281缺水！
⚠️ 第55天，村民282食物耗尽！
⚠️ 第55天，村民282缺水！
⚠️ 第55天，村民283食物耗尽！
⚠️ 第55天，村民283缺水！
⚠️ 第55天，村民284食物耗尽！
⚠️ 第55天，村民284缺水！
⚠️ 第55天，村民285食物耗尽！
⚠️ 第55天，村民285缺水！
⚠️ 第55天，村民286食物耗尽！
⚠️ 第55天，村民286缺水！
⚠️ 第55天，村民287食物耗尽！
⚠️ 第55天，村民287缺水！
⚠️ 第55天，村民288食物耗尽！
⚠️ 第55天，村民288缺水！
⚠️ 第55天，村民289食物耗尽！
⚠️ 第55天，村民289缺水！
⚠️ 第55天，村民290食物耗尽！
⚠️ 第55天，村民290缺水！
⚠️ 第55天，村民291食物耗尽！
⚠️ 第55天，村民291缺水！
⚠️ 第55天，村民292食物耗尽！
⚠️ 第55天，村民292缺水！
⚠️ 第55天，村民293食物耗尽！
⚠️ 第55天，村民293缺水！
⚠️ 第55天，村民294食物耗尽！
⚠️ 第55天，村民294缺水！
⚠️ 第55天，村民295食物耗尽！
⚠️ 第55天，村民295缺水！
⚠️ 第55天，村民296食物耗尽！
⚠️ 第55天，村民296缺水！
⚠️ 第55天，村民297食物耗尽！
⚠️ 第55天，村民297缺水！
⚠️ 第55天，村民298食物耗尽！
⚠️ 第55天，村民298缺水！
⚠️ 第55天，村民299食物耗尽！
⚠️ 第55天，村民299缺水！
⚠️ 第55天，村民300食物耗尽！
⚠️ 第55天，村民300缺水！
⚠️ 第55天，村民301食物耗尽！
⚠️ 第55天，村民301缺水！
⚠️ 第55天，村民302食物耗尽！
⚠️ 第55天，村民302缺水！
⚠️ 第55天，村民303食物耗尽！
⚠️ 第55天，村民303缺水！
⚠️ 第55天，村民304食物耗尽！
⚠️ 第55天，村民304缺水！
⚠️ 第55天，村民305食物耗尽！
⚠️ 第55天，村民305缺水！
⚠️ 第55天，村民306食物耗尽！
⚠️ 第55天，村民306缺水！
⚠️ 第55天，村民307食物耗尽！
⚠️ 第55天，村民307缺水！
⚠️ 第55天，村民308食物耗尽！
⚠️ 第55天，村民308缺水！
⚠️ 第55天，村民309食物耗尽！
⚠️ 第55天，村民309缺水！
⚠️ 第55天，村民310食物耗尽！
⚠️ 第55天，村民310缺水！
⚠️ 第55天，村民311食物耗尽！
⚠️ 第55天，村民311缺水！
⚠️ 第55天，村民312食物耗尽！
⚠️ 第55天，村民312缺水！
⚠️ 第55天，村民313食物耗尽！
⚠️ 第55天，村民313缺水！
⚠️ 第55天，村民314食物耗尽！
⚠️ 第55天，村民314缺水！
⚠️ 第55天，村民315食物耗尽！
⚠️ 第55天，村民315缺水！
⚠️ 第55天，村民316食物耗尽！
⚠️ 第55天，村民316缺水！
⚠️ 第55天，村民317食物耗尽！
⚠️ 第55天，村民317缺水！
⚠️ 第55天，村民318食物耗尽！
⚠️ 第55天，村民318缺水！
⚠️ 第55天，村民319食物耗尽！
⚠️ 第55天，村民319缺水！
⚠️ 第55天，村民320食物耗尽！
⚠️ 第55天，村民320缺水！
⚠️ 第55天，村民321食物耗尽！
⚠️ 第55天，村民321缺水！
⚠️ 第55天，村民322食物耗尽！
⚠️ 第55天，村民322缺水！
⚠️ 第55天，村民323食物耗尽！
⚠️ 第55天，村民323缺水！
⚠️ 第55天，村民324食物耗尽！
⚠️ 第55天，村民324缺水！
⚠️ 第55天，村民325食物耗尽！
⚠️ 第55天，村民325缺水！
⚠️ 第55天，村民326食物耗尽！
⚠️ 第55天，村民326缺水！
⚠️ 第55天，村民327食物耗尽！
⚠️ 第55天，村民327缺水！
⚠️ 第55天，村民328食物耗尽！
⚠️ 第55天，村民328缺水！
⚠️ 第55天，村民329食物耗尽！
⚠️ 第55天，村民329缺水！
⚠️ 第55天，村民330食物耗尽！
⚠️ 第55天，村民330缺水！
⚠️ 第55天，村民331食物耗尽！
⚠️ 第55天，村民331缺水！
⚠️ 第55天，村民332食物耗尽！
⚠️ 第55天，村民332缺水！
⚠️ 第55天，村民333食物耗尽！
⚠️ 第55天，村民333缺水！
⚠️ 第55天，村民334食物耗尽！
⚠️ 第55天，村民334缺水！
⚠️ 第55天，村民335食物耗尽！
⚠️ 第55天，村民335缺水！
⚠️ 第55天，村民336食物耗尽！
⚠️ 第55天，村民336缺水！
⚠️ 第55天，村民337食物耗尽！
⚠️ 第55天，村民337缺水！
⚠️ 第55天，村民338食物耗尽！
⚠️ 第55天，村民338缺水！
⚠️ 第55天，村民339食物耗尽！
⚠️ 第55天，村民339缺水！
⚠️ 第55天，村民340食物耗尽！
⚠️ 第55天，村民340缺水！
⚠️ 第55天，村民341食物耗尽！
⚠️ 第55天，村民341缺水！
⚠️ 第55天，村民342食物耗尽！
⚠️ 第55天，村民342缺水！
⚠️ 第55天，村民343食物耗尽！
⚠️ 第55天，村民343缺水！
⚠️ 第55天，村民344食物耗尽！
⚠️ 第55天，村民344缺水！
⚠️ 第55天，村民345食物耗尽！
⚠️ 第55天，村民345缺水！
⚠️ 第55天，村民346食物耗尽！
⚠️ 第55天，村民346缺水！
⚠️ 第55天，村民347食物耗尽！
⚠️ 第55天，村民347缺水！
⚠️ 第55天，村民348食物耗尽！
⚠️ 第55天，村民348缺水！
⚠️ 第55天，村民349食物耗尽！
⚠️ 第55天，村民349缺水！
⚠️ 第55天，村民350食物耗尽！
⚠️ 第55天，村民350缺水！
⚠️ 第55天，村民351食物耗尽！
⚠️ 第55天，村民351缺水！
⚠️ 第55天，村民352食物耗尽！
⚠️ 第55天，村民352缺水！
⚠️ 第55天，村民353食物耗尽！
⚠️ 第55天，村民353缺水！
⚠️ 第55天，村民354食物耗尽！
⚠️ 第55天，村民354缺水！
⚠️ 第55天，村民355食物耗尽！
⚠️ 第55天，村民355缺水！
⚠️ 第55天，村民356食物耗尽！
⚠️ 第55天，村民356缺水！
⚠️ 第55天，村民357食物耗尽！
⚠️ 第55天，村民357缺水！
⚠️ 第55天，村民358食物耗尽！
⚠️ 第55天，村民358缺水！
⚠️ 第55天，村民359食物耗尽！
⚠️ 第55天，村民359缺水！
⚠️ 第55天，村民360食物耗尽！
⚠️ 第55天，村民360缺水！
⚠️ 第55天，村民361食物耗尽！
⚠️ 第55天，村民361缺水！
⚠️ 第55天，村民362食物耗尽！
⚠️ 第55天，村民362缺水！
⚠️ 第55天，村民363食物耗尽！
⚠️ 第55天，村民363缺水！
⚠️ 第55天，村民364食物耗尽！
⚠️ 第55天，村民364缺水！
⚠️ 第55天，村民365食物耗尽！
⚠️ 第55天，村民365缺水！
⚠️ 第55天，村民366食物耗尽！
⚠️ 第55天，村民366缺水！
⚠️ 第55天，村民367食物耗尽！
⚠️ 第55天，村民367缺水！
⚠️ 第55天，村民368食物耗尽！
⚠️ 第55天，村民368缺水！
⚠️ 第55天，村民369食物耗尽！
⚠️ 第55天，村民369缺水！
⚠️ 第55天，村民370食物耗尽！
⚠️ 第55天，村民370缺水！
⚠️ 第55天，村民371食物耗尽！
⚠️ 第55天，村民371缺水！
⚠️ 第55天，村民372食物耗尽！
⚠️ 第55天，村民372缺水！
⚠️ 第55天，村民373食物耗尽！
⚠️ 第55天，村民373缺水！
⚠️ 第55天，村民374食物耗尽！
⚠️ 第55天，村民374缺水！
⚠️ 第55天，村民375食物耗尽！
⚠️ 第55天，村民375缺水！
⚠️ 第55天，村民376食物耗尽！
⚠️ 第55天，村民376缺水！
⚠️ 第55天，村民377食物耗尽！
⚠️ 第55天，村民377缺水！
⚠️ 第55天，村民378食物耗尽！
⚠️ 第55天，村民378缺水！
⚠️ 第55天，村民379食物耗尽！
⚠️ 第55天，村民379缺水！
⚠️ 第55天，村民380食物耗尽！
⚠️ 第55天，村民380缺水！
⚠️ 第55天，村民381食物耗尽！
⚠️ 第55天，村民381缺水！
⚠️ 第55天，村民382食物耗尽！
⚠️ 第55天，村民382缺水！
⚠️ 第55天，村民383食物耗尽！
⚠️ 第55天，村民383缺水！
⚠️ 第55天，村民384食物耗尽！
⚠️ 第55天，村民384缺水！
⚠️ 第55天，村民385食物耗尽！
⚠️ 第55天，村民385缺水！
⚠️ 第55天，村民386食物耗尽！
⚠️ 第55天，村民386缺水！
⚠️ 第55天，村民387食物耗尽！
⚠️ 第55天，村民387缺水！
⚠️ 第55天，村民388食物耗尽！
⚠️ 第55天，村民388缺水！
⚠️ 第55天，村民389食物耗尽！
⚠️ 第55天，村民389缺水！
⚠️ 第55天，村民390食物耗尽！
⚠️ 第55天，村民390缺水！
⚠️ 第55天，村民391食物耗尽！
⚠️ 第55天，村民391缺水！
⚠️ 第55天，村民392食物耗尽！
⚠️ 第55天，村民392缺水！
⚠️ 第55天，村民393食物耗尽！
⚠️ 第55天，村民393缺水！
⚠️ 第55天，村民394食物耗尽！
⚠️ 第55天，村民394缺水！
⚠️ 第55天，村民395食物耗尽！
⚠️ 第55天，村民395缺水！
⚠️ 第55天，村民396食物耗尽！
⚠️ 第55天，村民396缺水！
⚠️ 第55天，村民397食物耗尽！
⚠️ 第55天，村民397缺水！
⚠️ 第55天，村民398食物耗尽！
⚠️ 第55天，村民398缺水！
⚠️ 第55天，村民399食物耗尽！
⚠️ 第55天，村民399缺水！
⚠️ 第55天，村民400食物耗尽！
⚠️ 第55天，村民400缺水！
⚠️ 第55天，村民401食物耗尽！
⚠️ 第55天，村民401缺水！
⚠️ 第55天，村民402食物耗尽！
⚠️ 第55天，村民402缺水！
⚠️ 第55天，村民403食物耗尽！
⚠️ 第55天，村民403缺水！
⚠️ 第55天，村民404食物耗尽！
⚠️ 第55天，村民404缺水！
⚠️ 第55天，村民405食物耗尽！
⚠️ 第55天，村民405缺水！
⚠️ 第55天，村民406食物耗尽！
⚠️ 第55天，村民406缺水！
⚠️ 第55天，村民407食物耗尽！
⚠️ 第55天，村民407缺水！
⚠️ 第55天，村民408食物耗尽！
⚠️ 第55天，村民408缺水！
⚠️ 第55天，村民409食物耗尽！
⚠️ 第55天，村民409缺水！
⚠️ 第55天，村民410食物耗尽！
⚠️ 第55天，村民410缺水！
⚠️ 第55天，村民411食物耗尽！
⚠️ 第55天，村民411缺水！
⚠️ 第55天，村民412食物耗尽！
⚠️ 第55天，村民412缺水！
⚠️ 第55天，村民413食物耗尽！
⚠️ 第55天，村民413缺水！
⚠️ 第55天，村民414食物耗尽！
⚠️ 第55天，村民414缺水！
⚠️ 第55天，村民415食物耗尽！
⚠️ 第55天，村民415缺水！
⚠️ 第55天，村民416食物耗尽！
⚠️ 第55天，村民416缺水！
⚠️ 第55天，村民417食物耗尽！
⚠️ 第55天，村民417缺水！
⚠️ 第55天，村民418食物耗尽！
⚠️ 第55天，村民418缺水！
⚠️ 第55天，村民419食物耗尽！
⚠️ 第55天，村民419缺水！
⚠️ 第55天，村民420食物耗尽！
⚠️ 第55天，村民420缺水！
⚠️ 第55天，村民421食物耗尽！
⚠️ 第55天，村民421缺水！
⚠️ 第55天，村民422食物耗尽！
⚠️ 第55天，村民422缺水！
⚠️ 第55天，村民423食物耗尽！
⚠️ 第55天，村民423缺水！
⚠️ 第55天，村民424食物耗尽！
⚠️ 第55天，村民424缺水！
⚠️ 第55天，村民425食物耗尽！
⚠️ 第55天，村民425缺水！
⚠️ 第55天，村民426食物耗尽！
⚠️ 第55天，村民426缺水！
⚠️ 第55天，村民427食物耗尽！
⚠️ 第55天，村民427缺水！
⚠️ 第55天，村民428食物耗尽！
⚠️ 第55天，村民428缺水！
⚠️ 第55天，村民429食物耗尽！
⚠️ 第55天，村民429缺水！
⚠️ 第55天，村民430食物耗尽！
⚠️ 第55天，村民430缺水！
⚠️ 第55天，村民431食物耗尽！
⚠️ 第55天，村民431缺水！
⚠️ 第55天，村民432食物耗尽！
⚠️ 第55天，村民432缺水！
⚠️ 第55天，村民433食物耗尽！
⚠️ 第55天，村民433缺水！
⚠️ 第55天，村民434食物耗尽！
⚠️ 第55天，村民434缺水！
⚠️ 第55天，村民435食物耗尽！
⚠️ 第55天，村民435缺水！
⚠️ 第55天，村民436食物耗尽！
⚠️ 第55天，村民436缺水！
⚠️ 第55天，村民437食物耗尽！
⚠️ 第55天，村民437缺水！
⚠️ 第55天，村民438食物耗尽！
⚠️ 第55天，村民438缺水！
⚠️ 第55天，村民439食物耗尽！
⚠️ 第55天，村民439缺水！
⚠️ 第55天，村民440食物耗尽！
⚠️ 第55天，村民440缺水！
⚠️ 第55天，村民441食物耗尽！
⚠️ 第55天，村民441缺水！
⚠️ 第55天，村民442食物耗尽！
⚠️ 第55天，村民442缺水！
⚠️ 第55天，村民443食物耗尽！
⚠️ 第55天，村民443缺水！
⚠️ 第55天，村民444食物耗尽！
⚠️ 第55天，村民444缺水！
⚠️ 第55天，村民445食物耗尽！
⚠️ 第55天，村民445缺水！
⚠️ 第55天，村民446食物耗尽！
⚠️ 第55天，村民446缺水！
⚠️ 第55天，村民447食物耗尽！
⚠️ 第55天，村民447缺水！
⚠️ 第55天，村民448食物耗尽！
⚠️ 第55天，村民448缺水！
⚠️ 第55天，村民449食物耗尽！
⚠️ 第55天，村民449缺水！
⚠️ 第55天，村民450食物耗尽！
⚠️ 第55天，村民450缺水！
⚠️ 第55天，村民451食物耗尽！
⚠️ 第55天，村民451缺水！
⚠️ 第55天，村民452食物耗尽！
⚠️ 第55天，村民452缺水！
⚠️ 第55天，村民453食物耗尽！
⚠️ 第55天，村民453缺水！
⚠️ 第55天，村民454食物耗尽！
⚠️ 第55天，村民454缺水！
⚠️ 第55天，村民455食物耗尽！
⚠️ 第55天，村民455缺水！
⚠️ 第55天，村民456食物耗尽！
⚠️ 第55天，村民456缺水！
⚠️ 第55天，村民457食物耗尽！
⚠️ 第55天，村民457缺水！
⚠️ 第55天，村民458食物耗尽！
⚠️ 第55天，村民458缺水！
⚠️ 第55天，村民459食物耗尽！
⚠️ 第55天，村民459缺水！
⚠️ 第55天，村民460食物耗尽！
⚠️ 第55天，村民460缺水！
⚠️ 第55天，村民461食物耗尽！
⚠️ 第55天，村民461缺水！
⚠️ 第55天，村民462食物耗尽！
⚠️ 第55天，村民462缺水！
⚠️ 第55天，村民463食物耗尽！
⚠️ 第55天，村民463缺水！
⚠️ 第55天，村民464食物耗尽！
⚠️ 第55天，村民464缺水！
⚠️ 第55天，村民465食物耗尽！
⚠️ 第55天，村民465缺水！
⚠️ 第55天，村民466食物耗尽！
⚠️ 第55天，村民466缺水！
⚠️ 第55天，村民467食物耗尽！
⚠️ 第55天，村民467缺水！
⚠️ 第55天，村民468食物耗尽！
⚠️ 第55天，村民468缺水！
⚠️ 第55天，村民469食物耗尽！
⚠️ 第55天，村民469缺水！
⚠️ 第55天，村民470食物耗尽！
⚠️ 第55天，村民470缺水！
⚠️ 第55天，村民471食物耗尽！
⚠️ 第55天，村民471缺水！
⚠️ 第55天，村民472食物耗尽！
⚠️ 第55天，村民472缺水！
⚠️ 第55天，村民473食物耗尽！
⚠️ 第55天，村民473缺水！
⚠️ 第55天，村民474食物耗尽！
⚠️ 第55天，村民474缺水！
⚠️ 第55天，村民475食物耗尽！
⚠️ 第55天，村民475缺水！
⚠️ 第55天，村民476食物耗尽！
⚠️ 第55天，村民476缺水！
⚠️ 第55天，村民477食物耗尽！
⚠️ 第55天，村民477缺水！
⚠️ 第55天，村民478食物耗尽！
⚠️ 第55天，村民478缺水！
⚠️ 第55天，村民479食物耗尽！
⚠️ 第55天，村民479缺水！
⚠️ 第55天，村民480食物耗尽！
⚠️ 第55天，村民480缺水！
⚠️ 第55天，村民481食物耗尽！
⚠️ 第55天，村民481缺水！
⚠️ 第55天，村民482食物耗尽！
⚠️ 第55天，村民482缺水！
⚠️ 第55天，村民483食物耗尽！
⚠️ 第55天，村民483缺水！
⚠️ 第55天，村民484食物耗尽！
⚠️ 第55天，村民484缺水！
⚠️ 第55天，村民485食物耗尽！
⚠️ 第55天，村民485缺水！
⚠️ 第55天，村民486食物耗尽！
⚠️ 第55天，村民486缺水！
⚠️ 第55天，村民487食物耗尽！
⚠️ 第55天，村民487缺水！
⚠️ 第55天，村民488食物耗尽！
⚠️ 第55天，村民488缺水！
⚠️ 第55天，村民489食物耗尽！
⚠️ 第55天，村民489缺水！
⚠️ 第55天，村民490食物耗尽！
⚠️ 第55天，村民490缺水！
⚠️ 第55天，村民491食物耗尽！
⚠️ 第55天，村民491缺水！
⚠️ 第55天，村民492食物耗尽！
⚠️ 第55天，村民492缺水！
⚠️ 第55天，村民493食物耗尽！
⚠️ 第55天，村民493缺水！
⚠️ 第55天，村民494食物耗尽！
⚠️ 第55天，村民494缺水！
⚠️ 第55天，村民495食物耗尽！
⚠️ 第55天，村民495缺水！
⚠️ 第55天，村民496食物耗尽！
⚠️ 第55天，村民496缺水！
⚠️ 第55天，村民497食物耗尽！
⚠️ 第55天，村民497缺水！
⚠️ 第55天，村民498食物耗尽！
⚠️ 第55天，村民498缺水！
⚠️ 第55天，村民499食物耗尽！
⚠️ 第55天，村民499缺水！
⚠️ 第55天，村民500食物耗尽！
⚠️ 第55天，村民500缺水！
⚠️ 第55天，村民501食物耗尽！
⚠️ 第55天，村民501缺水！
⚠️ 第55天，村民502食物耗尽！
⚠️ 第55天，村民502缺水！
⚠️ 第55天，村民503食物耗尽！
⚠️ 第55天，村民503缺水！
⚠️ 第55天，村民504食物耗尽！
⚠️ 第55天，村民504缺水！
⚠️ 第55天，村民505食物耗尽！
⚠️ 第55天，村民505缺水！
⚠️ 第55天，村民506食物耗尽！
⚠️ 第55天，村民506缺水！
⚠️ 第55天，村民507食物耗尽！
⚠️ 第55天，村民507缺水！
⚠️ 第55天，村民508食物耗尽！
⚠️ 第55天，村民508缺水！
⚠️ 第55天，村民509食物耗尽！
⚠️ 第55天，村民509缺水！
⚠️ 第55天，村民510食物耗尽！
⚠️ 第55天，村民510缺水！
⚠️ 第55天，村民511食物耗尽！
⚠️ 第55天，村民511缺水！
⚠️ 第55天，村民512食物耗尽！
⚠️ 第55天，村民512缺水！
⚠️ 第55天，村民513食物耗尽！
⚠️ 第55天，村民513缺水！
⚠️ 第55天，村民514食物耗尽！
⚠️ 第55天，村民514缺水！
⚠️ 第55天，村民515食物耗尽！
⚠️ 第55天，村民515缺水！
⚠️ 第55天，村民516食物耗尽！
⚠️ 第55天，村民516缺水！
⚠️ 第55天，村民517食物耗尽！
⚠️ 第55天，村民517缺水！
⚠️ 第55天，村民518食物耗尽！
⚠️ 第55天，村民518缺水！
⚠️ 第55天，村民519食物耗尽！
⚠️ 第55天，村民519缺水！
⚠️ 第55天，村民520食物耗尽！
⚠️ 第55天，村民520缺水！
⚠️ 第55天，村民521食物耗尽！
⚠️ 第55天，村民521缺水！
⚠️ 第55天，村民522食物耗尽！
⚠️ 第55天，村民522缺水！
⚠️ 第55天，村民523食物耗尽！
⚠️ 第55天，村民523缺水！
⚠️ 第55天，村民524食物耗尽！
⚠️ 第55天，村民524缺水！
⚠️ 第55天，村民525食物耗尽！
⚠️ 第55天，村民525缺水！
⚠️ 第55天，村民526食物耗尽！
⚠️ 第55天，村民526缺水！
⚠️ 第55天，村民527食物耗尽！
⚠️ 第55天，村民527缺水！
⚠️ 第55天，村民528食物耗尽！
⚠️ 第55天，村民528缺水！
⚠️ 第55天，村民529食物耗尽！
⚠️ 第55天，村民529缺水！
⚠️ 第55天，村民530食物耗尽！
⚠️ 第55天，村民530缺水！
⚠️ 第55天，村民531食物耗尽！
⚠️ 第55天，村民531缺水！
⚠️ 第55天，村民532食物耗尽！
⚠️ 第55天，村民532缺水！
⚠️ 第55天，村民533食物耗尽！
⚠️ 第55天，村民533缺水！
⚠️ 第55天，村民534食物耗尽！
⚠️ 第55天，村民534缺水！
⚠️ 第55天，村民535食物耗尽！
⚠️ 第55天，村民535缺水！
⚠️ 第55天，村民536食物耗尽！
⚠️ 第55天，村民536缺水！
⚠️ 第55天，村民537食物耗尽！
⚠️ 第55天，村民537缺水！
⚠️ 第55天，村民538食物耗尽！
⚠️ 第55天，村民538缺水！
⚠️ 第55天，村民539食物耗尽！
⚠️ 第55天，村民539缺水！
⚠️ 第55天，村民540食物耗尽！
⚠️ 第55天，村民540缺水！
⚠️ 第55天，村民541食物耗尽！
⚠️ 第55天，村民541缺水！
⚠️ 第55天，村民542食物耗尽！
⚠️ 第55天，村民542缺水！
⚠️ 第55天，村民543食物耗尽！
⚠️ 第55天，村民543缺水！
⚠️ 第55天，村民544食物耗尽！
⚠️ 第55天，村民544缺水！
⚠️ 第55天，村民545食物耗尽！
⚠️ 第55天，村民545缺水！
⚠️ 第55天，村民546食物耗尽！
⚠️ 第55天，村民546缺水！
⚠️ 第55天，村民547食物耗尽！
⚠️ 第55天，村民547缺水！
⚠️ 第55天，村民548食物耗尽！
⚠️ 第55天，村民548缺水！
⚠️ 第55天，村民549食物耗尽！
⚠️ 第55天，村民549缺水！
⚠️ 第55天，村民550食物耗尽！
⚠️ 第55天，村民550缺水！
⚠️ 第55天，村民551食物耗尽！
⚠️ 第55天，村民551缺水！
⚠️ 第55天，村民552食物耗尽！
⚠️ 第55天，村民552缺水！
⚠️ 第55天，村民553食物耗尽！
⚠️ 第55天，村民553缺水！
⚠️ 第55天，村民554食物耗尽！
⚠️ 第55天，村民554缺水！
⚠️ 第55天，村民555食物耗尽！
⚠️ 第55天，村民555缺水！
⚠️ 第55天，村民556食物耗尽！
⚠️ 第55天，村民556缺水！
⚠️ 第55天，村民557食物耗尽！
⚠️ 第55天，村民557缺水！
⚠️ 第55天，村民558食物耗尽！
⚠️ 第55天，村民558缺水！
⚠️ 第55天，村民559食物耗尽！
⚠️ 第55天，村民559缺水！
⚠️ 第55天，村民560食物耗尽！
⚠️ 第55天，村民560缺水！
⚠️ 第55天，村民561食物耗尽！
⚠️ 第55天，村民561缺水！
⚠️ 第55天，村民562食物耗尽！
⚠️ 第55天，村民562缺水！
⚠️ 第55天，村民563食物耗尽！
⚠️ 第55天，村民563缺水！
⚠️ 第55天，村民564食物耗尽！
⚠️ 第55天，村民564缺水！
⚠️ 第55天，村民565食物耗尽！
⚠️ 第55天，村民565缺水！
⚠️ 第55天，村民566食物耗尽！
⚠️ 第55天，村民566缺水！
⚠️ 第55天，村民567食物耗尽！
⚠️ 第55天，村民567缺水！
⚠️ 第55天，村民568食物耗尽！
⚠️ 第55天，村民568缺水！
⚠️ 第55天，村民569食物耗尽！
⚠️ 第55天，村民569缺水！
⚠️ 第55天，村民570食物耗尽！
⚠️ 第55天，村民570缺水！
⚠️ 第55天，村民571食物耗尽！
⚠️ 第55天，村民571缺水！
⚠️ 第55天，村民572食物耗尽！
⚠️ 第55天，村民572缺水！
⚠️ 第55天，村民573食物耗尽！
⚠️ 第55天，村民573缺水！
⚠️ 第55天，村民574食物耗尽！
⚠️ 第55天，村民574缺水！
⚠️ 第55天，村民575食物耗尽！
⚠️ 第55天，村民575缺水！
⚠️ 第55天，村民576食物耗尽！
⚠️ 第55天，村民576缺水！
⚠️ 第55天，村民577食物耗尽！
⚠️ 第55天，村民577缺水！
⚠️ 第55天，村民578食物耗尽！
⚠️ 第55天，村民578缺水！
⚠️ 第55天，村民579食物耗尽！
⚠️ 第55天，村民579缺水！
⚠️ 第55天，村民580食物耗尽！
⚠️ 第55天，村民580缺水！
⚠️ 第55天，村民581食物耗尽！
⚠️ 第55天，村民581缺水！
⚠️ 第55天，村民582食物耗尽！
⚠️ 第55天，村民582缺水！
⚠️ 第55天，村民583食物耗尽！
⚠️ 第55天，村民583缺水！
⚠️ 第55天，村民584食物耗尽！
⚠️ 第55天，村民584缺水！
⚠️ 第55天，村民585食物耗尽！
⚠️ 第55天，村民585缺水！
⚠️ 第55天，村民586食物耗尽！
⚠️ 第55天，村民586缺水！
⚠️ 第55天，村民587食物耗尽！
⚠️ 第55天，村民587缺水！
⚠️ 第55天，村民588食物耗尽！
⚠️ 第55天，村民588缺水！
⚠️ 第55天，村民589食物耗尽！
⚠️ 第55天，村民589缺水！
⚠️ 第55天，村民590食物耗尽！
⚠️ 第55天，村民590缺水！
⚠️ 第55天，村民591食物耗尽！
⚠️ 第55天，村民591缺水！
⚠️ 第55天，村民592食物耗尽！
⚠️ 第55天，村民592缺水！
⚠️ 第55天，村民593食物耗尽！
⚠️ 第55天，村民593缺水！
⚠️ 第55天，村民594食物耗尽！
⚠️ 第55天，村民594缺水！
⚠️ 第55天，村民595食物耗尽！
⚠️ 第55天，村民595缺水！
⚠️ 第55天，村民596食物耗尽！
⚠️ 第55天，村民596缺水！
⚠️ 第55天，村民597食物耗尽！
⚠️ 第55天，村民597缺水！
⚠️ 第55天，村民598食物耗尽！
⚠️ 第55天，村民598缺水！
⚠️ 第55天，村民599食物耗尽！
⚠️ 第55天，村民599缺水！
⚠️ 第55天，村民600食物耗尽！
⚠️ 第55天，村民600缺水！
⚠️ 第55天，村民601食物耗尽！
⚠️ 第55天，村民601缺水！
⚠️ 第55天，村民602食物耗尽！
⚠️ 第55天，村民602缺水！
⚠️ 第55天，村民603食物耗尽！
⚠️ 第55天，村民603缺水！
⚠️ 第55天，村民604食物耗尽！
⚠️ 第55天，村民604缺水！
⚠️ 第55天，村民605食物耗尽！
⚠️ 第55天，村民605缺水！
⚠️ 第55天，村民606食物耗尽！
⚠️ 第55天，村民606缺水！
⚠️ 第55天，村民607食物耗尽！
⚠️ 第55天，村民607缺水！
⚠️ 第55天，村民608食物耗尽！
⚠️ 第55天，村民608缺水！
⚠️ 第55天，村民609食物耗尽！
⚠️ 第55天，村民609缺水！
⚠️ 第55天，村民610食物耗尽！
⚠️ 第55天，村民610缺水！
⚠️ 第55天，村民611食物耗尽！
⚠️ 第55天，村民611缺水！
⚠️ 第55天，村民612食物耗尽！
⚠️ 第55天，村民612缺水！
⚠️ 第55天，村民613食物耗尽！
⚠️ 第55天，村民613缺水！
⚠️ 第55天，村民614食物耗尽！
⚠️ 第55天，村民614缺水！
⚠️ 第55天，村民615食物耗尽！
⚠️ 第55天，村民615缺水！
⚠️ 第55天，村民616食物耗尽！
⚠️ 第55天，村民616缺水！
⚠️ 第55天，村民617食物耗尽！
⚠️ 第55天，村民617缺水！
⚠️ 第55天，村民618食物耗尽！
⚠️ 第55天，村民618缺水！
⚠️ 第55天，村民619食物耗尽！
⚠️ 第55天，村民619缺水！
⚠️ 第55天，村民620食物耗尽！
⚠️ 第55天，村民620缺水！
⚠️ 第55天，村民621食物耗尽！
⚠️ 第55天，村民621缺水！
⚠️ 第55天，村民622食物耗尽！
⚠️ 第55天，村民622缺水！
⚠️ 第55天，村民623食物耗尽！
⚠️ 第55天，村民623缺水！
⚠️ 第55天，村民624食物耗尽！
⚠️ 第55天，村民624缺水！
⚠️ 第55天，村民625食物耗尽！
⚠️ 第55天，村民625缺水！
⚠️ 第55天，村民626食物耗尽！
⚠️ 第55天，村民626缺水！
⚠️ 第55天，村民627食物耗尽！
⚠️ 第55天，村民627缺水！
⚠️ 第55天，村民628食物耗尽！
⚠️ 第55天，村民628缺水！
⚠️ 第55天，村民629食物耗尽！
⚠️ 第55天，村民629缺水！
⚠️ 第55天，村民630食物耗尽！
⚠️ 第55天，村民630缺水！
⚠️ 第55天，村民631食物耗尽！
⚠️ 第55天，村民631缺水！
⚠️ 第55天，村民632食物耗尽！
⚠️ 第55天，村民632缺水！
⚠️ 第55天，村民633食物耗尽！
⚠️ 第55天，村民633缺水！
⚠️ 第55天，村民634食物耗尽！
⚠️ 第55天，村民634缺水！
⚠️ 第55天，村民635食物耗尽！
⚠️ 第55天，村民635缺水！
⚠️ 第55天，村民636食物耗尽！
⚠️ 第55天，村民636缺水！
⚠️ 第55天，村民637食物耗尽！
⚠️ 第55天，村民637缺水！
⚠️ 第55天，村民638食物耗尽！
⚠️ 第55天，村民638缺水！
⚠️ 第55天，村民639食物耗尽！
⚠️ 第55天，村民639缺水！
⚠️ 第55天，村民640食物耗尽！
⚠️ 第55天，村民640缺水！
⚠️ 第55天，村民641食物耗尽！
⚠️ 第55天，村民641缺水！
⚠️ 第55天，村民642食物耗尽！
⚠️ 第55天，村民642缺水！
⚠️ 第55天，村民643食物耗尽！
⚠️ 第55天，村民643缺水！
⚠️ 第55天，村民644食物耗尽！
⚠️ 第55天，村民644缺水！
⚠️ 第55天，村民645食物耗尽！
⚠️ 第55天，村民645缺水！
⚠️ 第55天，村民646食物耗尽！
⚠️ 第55天，村民646缺水！
⚠️ 第55天，村民647食物耗尽！
⚠️ 第55天，村民647缺水！
⚠️ 第55天，村民648食物耗尽！
⚠️ 第55天，村民648缺水！
⚠️ 第55天，村民649食物耗尽！
⚠️ 第55天，村民649缺水！
⚠️ 第55天，村民650食物耗尽！
⚠️ 第55天，村民650缺水！
⚠️ 第55天，村民651食物耗尽！
⚠️ 第55天，村民651缺水！
⚠️ 第55天，村民652食物耗尽！
⚠️ 第55天，村民652缺水！
⚠️ 第55天，村民653食物耗尽！
⚠️ 第55天，村民653缺水！
⚠️ 第55天，村民654食物耗尽！
⚠️ 第55天，村民654缺水！
⚠️ 第55天，村民655食物耗尽！
⚠️ 第55天，村民655缺水！
⚠️ 第55天，村民656食物耗尽！
⚠️ 第55天，村民656缺水！
⚠️ 第55天，村民657食物耗尽！
⚠️ 第55天，村民657缺水！
⚠️ 第55天，村民658食物耗尽！
⚠️ 第55天，村民658缺水！
⚠️ 第55天，村民659食物耗尽！
⚠️ 第55天，村民659缺水！
⚠️ 第55天，村民660食物耗尽！
⚠️ 第55天，村民660缺水！
⚠️ 第55天，村民661食物耗尽！
⚠️ 第55天，村民661缺水！
⚠️ 第55天，村民662食物耗尽！
⚠️ 第55天，村民662缺水！
⚠️ 第55天，村民663食物耗尽！
⚠️ 第55天，村民663缺水！
⚠️ 第55天，村民664食物耗尽！
⚠️ 第55天，村民664缺水！
⚠️ 第55天，村民665食物耗尽！
⚠️ 第55天，村民665缺水！
⚠️ 第55天，村民666食物耗尽！
⚠️ 第55天，村民666缺水！
⚠️ 第55天，村民667食物耗尽！
⚠️ 第55天，村民667缺水！
⚠️ 第55天，村民668食物耗尽！
⚠️ 第55天，村民668缺水！
⚠️ 第55天，村民669食物耗尽！
⚠️ 第55天，村民669缺水！
⚠️ 第55天，村民670食物耗尽！
⚠️ 第55天，村民670缺水！
⚠️ 第55天，村民671食物耗尽！
⚠️ 第55天，村民671缺水！
⚠️ 第55天，村民672食物耗尽！
⚠️ 第55天，村民672缺水！
⚠️ 第55天，村民673食物耗尽！
⚠️ 第55天，村民673缺水！
⚠️ 第55天，村民674食物耗尽！
⚠️ 第55天，村民674缺水！
⚠️ 第55天，村民675食物耗尽！
⚠️ 第55天，村民675缺水！
⚠️ 第55天，村民676食物耗尽！
⚠️ 第55天，村民676缺水！
⚠️ 第55天，村民677食物耗尽！
⚠️ 第55天，村民677缺水！
⚠️ 第55天，村民678食物耗尽！
⚠️ 第55天，村民678缺水！
⚠️ 第55天，村民679食物耗尽！
⚠️ 第55天，村民679缺水！
⚠️ 第55天，村民680食物耗尽！
⚠️ 第55天，村民680缺水！
⚠️ 第55天，村民681食物耗尽！
⚠️ 第55天，村民681缺水！
⚠️ 第55天，村民682食物耗尽！
⚠️ 第55天，村民682缺水！
⚠️ 第55天，村民683食物耗尽！
⚠️ 第55天，村民683缺水！
⚠️ 第55天，村民684食物耗尽！
⚠️ 第55天，村民684缺水！
⚠️ 第55天，村民685食物耗尽！
⚠️ 第55天，村民685缺水！
⚠️ 第55天，村民686食物耗尽！
⚠️ 第55天，村民686缺水！
⚠️ 第55天，村民687食物耗尽！
⚠️ 第55天，村民687缺水！
⚠️ 第55天，村民688食物耗尽！
⚠️ 第55天，村民688缺水！
⚠️ 第55天，村民689食物耗尽！
⚠️ 第55天，村民689缺水！
⚠️ 第55天，村民690食物耗尽！
⚠️ 第55天，村民690缺水！
⚠️ 第55天，村民691食物耗尽！
⚠️ 第55天，村民691缺水！
⚠️ 第55天，村民692食物耗尽！
⚠️ 第55天，村民692缺水！
⚠️ 第55天，村民693食物耗尽！
⚠️ 第55天，村民693缺水！
⚠️ 第55天，村民694食物耗尽！
⚠️ 第55天，村民694缺水！
⚠️ 第55天，村民695食物耗尽！
⚠️ 第55天，村民695缺水！
⚠️ 第55天，村民696食物耗尽！
⚠️ 第55天，村民696缺水！
⚠️ 第55天，村民697食物耗尽！
⚠️ 第55天，村民697缺水！
⚠️ 第55天，村民698食物耗尽！
⚠️ 第55天，村民698缺水！
⚠️ 第55天，村民699食物耗尽！
⚠️ 第55天，村民699缺水！
⚠️ 第55天，村民700食物耗尽！
⚠️ 第55天，村民700缺水！
⚠️ 第55天，村民701食物耗尽！
⚠️ 第55天，村民701缺水！
⚠️ 第55天，村民702食物耗尽！
⚠️ 第55天，村民702缺水！
⚠️ 第55天，村民703食物耗尽！
⚠️ 第55天，村民703缺水！
⚠️ 第55天，村民704食物耗尽！
⚠️ 第55天，村民704缺水！
⚠️ 第55天，村民705食物耗尽！
⚠️ 第55天，村民705缺水！
⚠️ 第55天，村民706食物耗尽！
⚠️ 第55天，村民706缺水！
⚠️ 第55天，村民707食物耗尽！
⚠️ 第55天，村民707缺水！
⚠️ 第55天，村民708食物耗尽！
⚠️ 第55天，村民708缺水！
⚠️ 第55天，村民709食物耗尽！
⚠️ 第55天，村民709缺水！
⚠️ 第55天，村民710食物耗尽！
⚠️ 第55天，村民710缺水！
⚠️ 第55天，村民711食物耗尽！
⚠️ 第55天，村民711缺水！
⚠️ 第55天，村民712食物耗尽！
⚠️ 第55天，村民712缺水！
⚠️ 第55天，村民713食物耗尽！
⚠️ 第55天，村民713缺水！
⚠️ 第55天，村民714食物耗尽！
⚠️ 第55天，村民714缺水！
⚠️ 第55天，村民715食物耗尽！
⚠️ 第55天，村民715缺水！
⚠️ 第55天，村民716食物耗尽！
⚠️ 第55天，村民716缺水！
⚠️ 第55天，村民717食物耗尽！
⚠️ 第55天，村民717缺水！
⚠️ 第55天，村民718食物耗尽！
⚠️ 第55天，村民718缺水！
⚠️ 第55天，村民719食物耗尽！
⚠️ 第55天，村民719缺水！
⚠️ 第55天，村民720食物耗尽！
⚠️ 第55天，村民720缺水！
⚠️ 第55天，村民721食物耗尽！
⚠️ 第55天，村民721缺水！
⚠️ 第55天，村民722食物耗尽！
⚠️ 第55天，村民722缺水！
⚠️ 第55天，村民723食物耗尽！
⚠️ 第55天，村民723缺水！
⚠️ 第55天，村民724食物耗尽！
⚠️ 第55天，村民724缺水！
⚠️ 第55天，村民725食物耗尽！
⚠️ 第55天，村民725缺水！
⚠️ 第55天，村民726食物耗尽！
⚠️ 第55天，村民726缺水！
⚠️ 第55天，村民727食物耗尽！
⚠️ 第55天，村民727缺水！
⚠️ 第55天，村民728食物耗尽！
⚠️ 第55天，村民728缺水！
⚠️ 第55天，村民729食物耗尽！
⚠️ 第55天，村民729缺水！
⚠️ 第55天，村民730食物耗尽！
⚠️ 第55天，村民730缺水！
⚠️ 第55天，村民731食物耗尽！
⚠️ 第55天，村民731缺水！
⚠️ 第55天，村民732食物耗尽！
⚠️ 第55天，村民732缺水！
⚠️ 第55天，村民733食物耗尽！
⚠️ 第55天，村民733缺水！
⚠️ 第55天，村民734食物耗尽！
⚠️ 第55天，村民734缺水！
⚠️ 第55天，村民735食物耗尽！
⚠️ 第55天，村民735缺水！
⚠️ 第55天，村民736食物耗尽！
⚠️ 第55天，村民736缺水！
⚠️ 第55天，村民737食物耗尽！
⚠️ 第55天，村民737缺水！
⚠️ 第55天，村民738食物耗尽！
⚠️ 第55天，村民738缺水！
⚠️ 第55天，村民739食物耗尽！
⚠️ 第55天，村民739缺水！
⚠️ 第55天，村民740食物耗尽！
⚠️ 第55天，村民740缺水！
⚠️ 第55天，村民741食物耗尽！
⚠️ 第55天，村民741缺水！
⚠️ 第55天，村民742食物耗尽！
⚠️ 第55天，村民742缺水！
⚠️ 第55天，村民743食物耗尽！
⚠️ 第55天，村民743缺水！
⚠️ 第55天，村民744食物耗尽！
⚠️ 第55天，村民744缺水！
⚠️ 第55天，村民745食物耗尽！
⚠️ 第55天，村民745缺水！
⚠️ 第55天，村民746食物耗尽！
⚠️ 第55天，村民746缺水！
⚠️ 第55天，村民747食物耗尽！
⚠️ 第55天，村民747缺水！
⚠️ 第55天，村民748食物耗尽！
⚠️ 第55天，村民748缺水！
⚠️ 第55天，村民749食物耗尽！
⚠️ 第55天，村民749缺水！
⚠️ 第55天，村民750食物耗尽！
⚠️ 第55天，村民750缺水！
⚠️ 第55天，村民751食物耗尽！
⚠️ 第55天，村民751缺水！
⚠️ 第55天，村民752食物耗尽！
⚠️ 第55天，村民752缺水！
⚠️ 第55天，村民753食物耗尽！
⚠️ 第55天，村民753缺水！
⚠️ 第55天，村民754食物耗尽！
⚠️ 第55天，村民754缺水！
⚠️ 第55天，村民755食物耗尽！
⚠️ 第55天，村民755缺水！
⚠️ 第55天，村民756食物耗尽！
⚠️ 第55天，村民756缺水！
⚠️ 第55天，村民757食物耗尽！
⚠️ 第55天，村民757缺水！
⚠️ 第55天，村民758食物耗尽！
⚠️ 第55天，村民758缺水！
⚠️ 第55天，村民759食物耗尽！
⚠️ 第55天，村民759缺水！
⚠️ 第55天，村民760食物耗尽！
⚠️ 第55天，村民760缺水！
⚠️ 第55天，村民761食物耗尽！
⚠️ 第55天，村民761缺水！
⚠️ 第55天，村民762食物耗尽！
⚠️ 第55天，村民762缺水！
⚠️ 第55天，村民763食物耗尽！
⚠️ 第55天，村民763缺水！
⚠️ 第55天，村民764食物耗尽！
⚠️ 第55天，村民764缺水！
⚠️ 第55天，村民765食物耗尽！
⚠️ 第55天，村民765缺水！
⚠️ 第55天，村民766食物耗尽！
⚠️ 第55天，村民766缺水！
⚠️ 第55天，村民767食物耗尽！
⚠️ 第55天，村民767缺水！
⚠️ 第55天，村民768食物耗尽！
⚠️ 第55天，村民768缺水！
⚠️ 第55天，村民769食物耗尽！
⚠️ 第55天，村民769缺水！
⚠️ 第55天，村民770食物耗尽！
⚠️ 第55天，村民770缺水！
⚠️ 第55天，村民771食物耗尽！
⚠️ 第55天，村民771缺水！
⚠️ 第55天，村民772食物耗尽！
⚠️ 第55天，村民772缺水！
⚠️ 第55天，村民773食物耗尽！
⚠️ 第55天，村民773缺水！
⚠️ 第55天，村民774食物耗尽！
⚠️ 第55天，村民774缺水！
⚠️ 第55天，村民775食物耗尽！
⚠️ 第55天，村民775缺水！
⚠️ 第55天，村民776食物耗尽！
⚠️ 第55天，村民776缺水！
⚠️ 第55天，村民777食物耗尽！
⚠️ 第55天，村民777缺水！
⚠️ 第55天，村民778食物耗尽！
⚠️ 第55天，村民778缺水！
⚠️ 第55天，村民779食物耗尽！
⚠️ 第55天，村民779缺水！
⚠️ 第55天，村民780食物耗尽！
⚠️ 第55天，村民780缺水！
⚠️ 第55天，村民781食物耗尽！
⚠️ 第55天，村民781缺水！
⚠️ 第55天，村民782食物耗尽！
⚠️ 第55天，村民782缺水！
⚠️ 第55天，村民783食物耗尽！
⚠️ 第55天，村民783缺水！
⚠️ 第55天，村民784食物耗尽！
⚠️ 第55天，村民784缺水！
⚠️ 第55天，村民785食物耗尽！
⚠️ 第55天，村民785缺水！
⚠️ 第55天，村民786食物耗尽！
⚠️ 第55天，村民786缺水！
⚠️ 第55天，村民787食物耗尽！
⚠️ 第55天，村民787缺水！
⚠️ 第55天，村民788食物耗尽！
⚠️ 第55天，村民788缺水！
⚠️ 第55天，村民789食物耗尽！
⚠️ 第55天，村民789缺水！
⚠️ 第55天，村民790食物耗尽！
⚠️ 第55天，村民790缺水！
⚠️ 第55天，村民791食物耗尽！
⚠️ 第55天，村民791缺水！
⚠️ 第55天，村民792食物耗尽！
⚠️ 第55天，村民792缺水！
⚠️ 第55天，村民793食物耗尽！
⚠️ 第55天，村民793缺水！
⚠️ 第55天，村民794食物耗尽！
⚠️ 第55天，村民794缺水！
⚠️ 第55天，村民795食物耗尽！
⚠️ 第55天，村民795缺水！
⚠️ 第55天，村民796食物耗尽！
⚠️ 第55天，村民796缺水！
⚠️ 第55天，村民797食物耗尽！
⚠️ 第55天，村民797缺水！
⚠️ 第55天，村民798食物耗尽！
⚠️ 第55天，村民798缺水！
⚠️ 第55天，村民799食物耗尽！
⚠️ 第55天，村民799缺水！
⚠️ 第55天，村民800食物耗尽！
⚠️ 第55天，村民800缺水！
⚠️ 第55天，村民801食物耗尽！
⚠️ 第55天，村民801缺水！
⚠️ 第55天，村民802食物耗尽！
⚠️ 第55天，村民802缺水！
⚠️ 第55天，村民803食物耗尽！
⚠️ 第55天，村民803缺水！
⚠️ 第55天，村民804食物耗尽！
⚠️ 第55天，村民804缺水！
⚠️ 第55天，村民805食物耗尽！
⚠️ 第55天，村民805缺水！
⚠️ 第55天，村民806食物耗尽！
⚠️ 第55天，村民806缺水！
⚠️ 第55天，村民807食物耗尽！
⚠️ 第55天，村民807缺水！
⚠️ 第55天，村民808食物耗尽！
⚠️ 第55天，村民808缺水！
⚠️ 第55天，村民809食物耗尽！
⚠️ 第55天，村民809缺水！
⚠️ 第55天，村民810食物耗尽！
⚠️ 第55天，村民810缺水！
⚠️ 第55天，村民811食物耗尽！
⚠️ 第55天，村民811缺水！
⚠️ 第55天，村民812食物耗尽！
⚠️ 第55天，村民812缺水！
⚠️ 第55天，村民813食物耗尽！
⚠️ 第55天，村民813缺水！
⚠️ 第55天，村民814食物耗尽！
⚠️ 第55天，村民814缺水！
⚠️ 第55天，村民815食物耗尽！
⚠️ 第55天，村民815缺水！
⚠️ 第55天，村民816食物耗尽！
⚠️ 第55天，村民816缺水！
⚠️ 第55天，村民817食物耗尽！
⚠️ 第55天，村民817缺水！
⚠️ 第55天，村民818食物耗尽！
⚠️ 第55天，村民818缺水！
⚠️ 第55天，村民819食物耗尽！
⚠️ 第55天，村民819缺水！
⚠️ 第55天，村民820食物耗尽！
⚠️ 第55天，村民820缺水！
⚠️ 第55天，村民821食物耗尽！
⚠️ 第55天，村民821缺水！
⚠️ 第55天，村民822食物耗尽！
⚠️ 第55天，村民822缺水！
⚠️ 第55天，村民823食物耗尽！
⚠️ 第55天，村民823缺水！
⚠️ 第55天，村民824食物耗尽！
⚠️ 第55天，村民824缺水！
⚠️ 第55天，村民825食物耗尽！
⚠️ 第55天，村民825缺水！
⚠️ 第55天，村民826食物耗尽！
⚠️ 第55天，村民826缺水！
⚠️ 第55天，村民827食物耗尽！
⚠️ 第55天，村民827缺水！
⚠️ 第55天，村民828食物耗尽！
⚠️ 第55天，村民828缺水！
⚠️ 第55天，村民829食物耗尽！
⚠️ 第55天，村民829缺水！
⚠️ 第55天，村民830食物耗尽！
⚠️ 第55天，村民830缺水！
⚠️ 第55天，村民831食物耗尽！
⚠️ 第55天，村民831缺水！
⚠️ 第55天，村民832食物耗尽！
⚠️ 第55天，村民832缺水！
⚠️ 第55天，村民833食物耗尽！
⚠️ 第55天，村民833缺水！
⚠️ 第55天，村民834食物耗尽！
⚠️ 第55天，村民834缺水！
⚠️ 第55天，村民835食物耗尽！
⚠️ 第55天，村民835缺水！
⚠️ 第55天，村民836食物耗尽！
⚠️ 第55天，村民836缺水！
⚠️ 第55天，村民837食物耗尽！
⚠️ 第55天，村民837缺水！
⚠️ 第55天，村民838食物耗尽！
⚠️ 第55天，村民838缺水！
⚠️ 第55天，村民839食物耗尽！
⚠️ 第55天，村民839缺水！
⚠️ 第55天，村民840食物耗尽！
⚠️ 第55天，村民840缺水！
⚠️ 第55天，村民841食物耗尽！
⚠️ 第55天，村民841缺水！
⚠️ 第55天，村民842食物耗尽！
⚠️ 第55天，村民842缺水！
⚠️ 第55天，村民843食物耗尽！
⚠️ 第55天，村民843缺水！
⚠️ 第55天，村民844食物耗尽！
⚠️ 第55天，村民844缺水！
⚠️ 第55天，村民845食物耗尽！
⚠️ 第55天，村民845缺水！
⚠️ 第55天，村民846食物耗尽！
⚠️ 第55天，村民846缺水！
⚠️ 第55天，村民847食物耗尽！
⚠️ 第55天，村民847缺水！
⚠️ 第55天，村民848食物耗尽！
⚠️ 第55天，村民848缺水！
⚠️ 第55天，村民849食物耗尽！
⚠️ 第55天，村民849缺水！
⚠️ 第55天，村民850食物耗尽！
⚠️ 第55天，村民850缺水！
⚠️ 第55天，村民851食物耗尽！
⚠️ 第55天，村民851缺水！
⚠️ 第55天，村民852食物耗尽！
⚠️ 第55天，村民852缺水！
⚠️ 第55天，村民853食物耗尽！
⚠️ 第55天，村民853缺水！
⚠️ 第55天，村民854食物耗尽！
⚠️ 第55天，村民854缺水！
⚠️ 第55天，村民855食物耗尽！
⚠️ 第55天，村民855缺水！
⚠️ 第55天，村民856食物耗尽！
⚠️ 第55天，村民856缺水！
⚠️ 第55天，村民857食物耗尽！
⚠️ 第55天，村民857缺水！
⚠️ 第55天，村民858食物耗尽！
⚠️ 第55天，村民858缺水！
⚠️ 第55天，村民859食物耗尽！
⚠️ 第55天，村民859缺水！
⚠️ 第55天，村民860食物耗尽！
⚠️ 第55天，村民860缺水！
⚠️ 第55天，村民861食物耗尽！
⚠️ 第55天，村民861缺水！
⚠️ 第55天，村民862食物耗尽！
⚠️ 第55天，村民862缺水！
⚠️ 第55天，村民863食物耗尽！
⚠️ 第55天，村民863缺水！
⚠️ 第55天，村民864食物耗尽！
⚠️ 第55天，村民864缺水！
⚠️ 第55天，村民865食物耗尽！
⚠️ 第55天，村民865缺水！
⚠️ 第55天，村民866食物耗尽！
⚠️ 第55天，村民866缺水！
⚠️ 第55天，村民867食物耗尽！
⚠️ 第55天，村民867缺水！
⚠️ 第55天，村民868食物耗尽！
⚠️ 第55天，村民868缺水！
⚠️ 第55天，村民869食物耗尽！
⚠️ 第55天，村民869缺水！
⚠️ 第55天，村民870食物耗尽！
⚠️ 第55天，村民870缺水！
⚠️ 第55天，村民871食物耗尽！
⚠️ 第55天，村民871缺水！
⚠️ 第55天，村民872食物耗尽！
⚠️ 第55天，村民872缺水！
⚠️ 第55天，村民873食物耗尽！
⚠️ 第55天，村民873缺水！
⚠️ 第55天，村民874食物耗尽！
⚠️ 第55天，村民874缺水！
⚠️ 第55天，村民875食物耗尽！
⚠️ 第55天，村民875缺水！
⚠️ 第55天，村民876食物耗尽！
⚠️ 第55天，村民876缺水！
⚠️ 第55天，村民877食物耗尽！
⚠️ 第55天，村民877缺水！
⚠️ 第55天，村民878食物耗尽！
⚠️ 第55天，村民878缺水！
⚠️ 第55天，村民879食物耗尽！
⚠️ 第55天，村民879缺水！
⚠️ 第55天，村民880食物耗尽！
⚠️ 第55天，村民880缺水！
⚠️ 第55天，村民881食物耗尽！
⚠️ 第55天，村民881缺水！
⚠️ 第55天，村民882食物耗尽！
⚠️ 第55天，村民882缺水！
⚠️ 第55天，村民883食物耗尽！
⚠️ 第55天，村民883缺水！
⚠️ 第55天，村民884食物耗尽！
⚠️ 第55天，村民884缺水！
⚠️ 第55天，村民885食物耗尽！
⚠️ 第55天，村民885缺水！
⚠️ 第55天，村民886食物耗尽！
⚠️ 第55天，村民886缺水！
⚠️ 第55天，村民887食物耗尽！
⚠️ 第55天，村民887缺水！
⚠️ 第55天，村民888食物耗尽！
⚠️ 第55天，村民888缺水！
⚠️ 第55天，村民889食物耗尽！
⚠️ 第55天，村民889缺水！
⚠️ 第55天，村民890食物耗尽！
⚠️ 第55天，村民890缺水！
⚠️ 第55天，村民891食物耗尽！
⚠️ 第55天，村民891缺水！
⚠️ 第55天，村民892食物耗尽！
⚠️ 第55天，村民892缺水！
⚠️ 第55天，村民893食物耗尽！
⚠️ 第55天，村民893缺水！
⚠️ 第55天，村民894食物耗尽！
⚠️ 第55天，村民894缺水！
⚠️ 第55天，村民895食物耗尽！
⚠️ 第55天，村民895缺水！
⚠️ 第55天，村民896食物耗尽！
⚠️ 第55天，村民896缺水！
⚠️ 第55天，村民897食物耗尽！
⚠️ 第55天，村民897缺水！
⚠️ 第55天，村民898食物耗尽！
⚠️ 第55天，村民898缺水！
⚠️ 第55天，村民899食物耗尽！
⚠️ 第55天，村民899缺水！
⚠️ 第55天，村民900食物耗尽！
⚠️ 第55天，村民900缺水！
⚠️ 第55天，村民901食物耗尽！
⚠️ 第55天，村民901缺水！
⚠️ 第55天，村民902食物耗尽！
⚠️ 第55天，村民902缺水！
⚠️ 第55天，村民903食物耗尽！
⚠️ 第55天，村民903缺水！
⚠️ 第55天，村民904食物耗尽！
⚠️ 第55天，村民904缺水！
⚠️ 第55天，村民905食物耗尽！
⚠️ 第55天，村民905缺水！
⚠️ 第55天，村民906食物耗尽！
⚠️ 第55天，村民906缺水！
⚠️ 第55天，村民907食物耗尽！
⚠️ 第55天，村民907缺水！
⚠️ 第55天，村民908食物耗尽！
⚠️ 第55天，村民908缺水！
⚠️ 第55天，村民909食物耗尽！
⚠️ 第55天，村民909缺水！
⚠️ 第55天，村民910食物耗尽！
⚠️ 第55天，村民910缺水！
⚠️ 第55天，村民911食物耗尽！
⚠️ 第55天，村民911缺水！
⚠️ 第55天，村民912食物耗尽！
⚠️ 第55天，村民912缺水！
⚠️ 第55天，村民913食物耗尽！
⚠️ 第55天，村民913缺水！
⚠️ 第55天，村民914食物耗尽！
⚠️ 第55天，村民914缺水！
⚠️ 第55天，村民915食物耗尽！
⚠️ 第55天，村民915缺水！
⚠️ 第55天，村民916食物耗尽！
⚠️ 第55天，村民916缺水！
⚠️ 第55天，村民917食物耗尽！
⚠️ 第55天，村民917缺水！
⚠️ 第55天，村民918食物耗尽！
⚠️ 第55天，村民918缺水！
⚠️ 第55天，村民919食物耗尽！
⚠️ 第55天，村民919缺水！
⚠️ 第55天，村民920食物耗尽！
⚠️ 第55天，村民920缺水！
⚠️ 第55天，村民921食物耗尽！
⚠️ 第55天，村民921缺水！
⚠️ 第55天，村民922食物耗尽！
⚠️ 第55天，村民922缺水！
⚠️ 第55天，村民923食物耗尽！
⚠️ 第55天，村民923缺水！
⚠️ 第55天，村民924食物耗尽！
⚠️ 第55天，村民924缺水！
⚠️ 第55天，村民925食物耗尽！
⚠️ 第55天，村民925缺水！
⚠️ 第55天，村民926食物耗尽！
⚠️ 第55天，村民926缺水！
⚠️ 第55天，村民927食物耗尽！
⚠️ 第55天，村民927缺水！
⚠️ 第55天，村民928食物耗尽！
⚠️ 第55天，村民928缺水！
⚠️ 第55天，村民929食物耗尽！
⚠️ 第55天，村民929缺水！
⚠️ 第55天，村民930食物耗尽！
⚠️ 第55天，村民930缺水！
⚠️ 第55天，村民931食物耗尽！
⚠️ 第55天，村民931缺水！
⚠️ 第55天，村民932食物耗尽！
⚠️ 第55天，村民932缺水！
⚠️ 第55天，村民933食物耗尽！
⚠️ 第55天，村民933缺水！
⚠️ 第55天，村民934食物耗尽！
⚠️ 第55天，村民934缺水！
⚠️ 第55天，村民935食物耗尽！
⚠️ 第55天，村民935缺水！
⚠️ 第55天，村民936食物耗尽！
⚠️ 第55天，村民936缺水！
⚠️ 第55天，村民937食物耗尽！
⚠️ 第55天，村民937缺水！
⚠️ 第55天，村民938食物耗尽！
⚠️ 第55天，村民938缺水！
⚠️ 第55天，村民939食物耗尽！
⚠️ 第55天，村民939缺水！
⚠️ 第55天，村民940食物耗尽！
⚠️ 第55天，村民940缺水！
⚠️ 第55天，村民941食物耗尽！
⚠️ 第55天，村民941缺水！
⚠️ 第55天，村民942食物耗尽！
⚠️ 第55天，村民942缺水！
⚠️ 第55天，村民943食物耗尽！
⚠️ 第55天，村民943缺水！
⚠️ 第55天，村民944食物耗尽！
⚠️ 第55天，村民944缺水！
⚠️ 第55天，村民945食物耗尽！
⚠️ 第55天，村民945缺水！
⚠️ 第55天，村民946食物耗尽！
⚠️ 第55天，村民946缺水！
⚠️ 第55天，村民947食物耗尽！
⚠️ 第55天，村民947缺水！
⚠️ 第55天，村民948食物耗尽！
⚠️ 第55天，村民948缺水！
⚠️ 第55天，村民949食物耗尽！
⚠️ 第55天，村民949缺水！
⚠️ 第55天，村民950食物耗尽！
⚠️ 第55天，村民950缺水！
⚠️ 第55天，村民951食物耗尽！
⚠️ 第55天，村民951缺水！
⚠️ 第55天，村民952食物耗尽！
⚠️ 第55天，村民952缺水！
⚠️ 第55天，村民953食物耗尽！
⚠️ 第55天，村民953缺水！
⚠️ 第55天，村民954食物耗尽！
⚠️ 第55天，村民954缺水！
⚠️ 第55天，村民955食物耗尽！
⚠️ 第55天，村民955缺水！
⚠️ 第55天，村民956食物耗尽！
⚠️ 第55天，村民956缺水！
⚠️ 第55天，村民957食物耗尽！
⚠️ 第55天，村民957缺水！
⚠️ 第55天，村民958食物耗尽！
⚠️ 第55天，村民958缺水！
⚠️ 第55天，村民959食物耗尽！
⚠️ 第55天，村民959缺水！
⚠️ 第55天，村民960食物耗尽！
⚠️ 第55天，村民960缺水！
⚠️ 第55天，村民961食物耗尽！
⚠️ 第55天，村民961缺水！
⚠️ 第55天，村民962食物耗尽！
⚠️ 第55天，村民962缺水！
⚠️ 第55天，村民963食物耗尽！
⚠️ 第55天，村民963缺水！
⚠️ 第55天，村民964食物耗尽！
⚠️ 第55天，村民964缺水！
⚠️ 第55天，村民965食物耗尽！
⚠️ 第55天，村民965缺水！
⚠️ 第55天，村民966食物耗尽！
⚠️ 第55天，村民966缺水！
⚠️ 第55天，村民967食物耗尽！
⚠️ 第55天，村民967缺水！
⚠️ 第55天，村民968食物耗尽！
⚠️ 第55天，村民968缺水！
⚠️ 第55天，村民969食物耗尽！
⚠️ 第55天，村民969缺水！
⚠️ 第55天，村民970食物耗尽！
⚠️ 第55天，村民970缺水！
⚠️ 第55天，村民971食物耗尽！
⚠️ 第55天，村民971缺水！
⚠️ 第55天，村民972食物耗尽！
⚠️ 第55天，村民972缺水！
⚠️ 第55天，村民973食物耗尽！
⚠️ 第55天，村民973缺水！
⚠️ 第55天，村民974食物耗尽！
⚠️ 第55天，村民974缺水！
⚠️ 第55天，村民975食物耗尽！
⚠️ 第55天，村民975缺水！
⚠️ 第55天，村民976食物耗尽！
⚠️ 第55天，村民976缺水！
⚠️ 第55天，村民977食物耗尽！
⚠️ 第55天，村民977缺水！
⚠️ 第55天，村民978食物耗尽！
⚠️ 第55天，村民978缺水！
⚠️ 第55天，村民979食物耗尽！
⚠️ 第55天，村民979缺水！
⚠️ 第55天，村民980食物耗尽！
⚠️ 第55天，村民980缺水！
⚠️ 第55天，村民981食物耗尽！
⚠️ 第55天，村民981缺水！
⚠️ 第55天，村民982食物耗尽！
⚠️ 第55天，村民982缺水！
⚠️ 第55天，村民983食物耗尽！
⚠️ 第55天，村民983缺水！
⚠️ 第55天，村民984食物耗尽！
⚠️ 第55天，村民984缺水！
⚠️ 第55天，村民985食物耗尽！
⚠️ 第55天，村民985缺水！
⚠️ 第55天，村民986食物耗尽！
⚠️ 第55天，村民986缺水！
⚠️ 第55天，村民987食物耗尽！
⚠️ 第55天，村民987缺水！
⚠️ 第55天，村民988食物耗尽！
⚠️ 第55天，村民988缺水！
⚠️ 第55天，村民989食物耗尽！
⚠️ 第55天，村民989缺水！
⚠️ 第55天，村民990食物耗尽！
⚠️ 第55天，村民990缺水！
⚠️ 第55天，村民991食物耗尽！
⚠️ 第55天，村民991缺水！
⚠️ 第55天，村民992食物耗尽！
⚠️ 第55天，村民992缺水！
⚠️ 第55天，村民993食物耗尽！
⚠️ 第55天，村民993缺水！
⚠️ 第55天，村民994食物耗尽！
⚠️ 第55天，村民994缺水！
⚠️ 第55天，村民995食物耗尽！
⚠️ 第55天，村民995缺水！
⚠️ 第55天，村民996食物耗尽！
⚠️ 第55天，村民996缺水！
⚠️ 第55天，村民997食物耗尽！
⚠️ 第55天，村民997缺水！
⚠️ 第55天，村民998食物耗尽！
⚠️ 第55天，村民998缺水！
⚠️ 第55天，村民999食物耗尽！
⚠️ 第55天，村民999缺水！
⚠️ 第55天，村民1000食物耗尽！
⚠️ 第55天，村民1000缺水！
⚠️ 第55天，村民1001食物耗尽！
⚠️ 第55天，村民1001缺水！
⚠️ 第55天，村民1002食物耗尽！
⚠️ 第55天，村民1002缺水！
⚠️ 第55天，村民1003食物耗尽！
⚠️ 第55天，村民1003缺水！
⚠️ 第55天，村民1004食物耗尽！
⚠️ 第55天，村民1004缺水！
⚠️ 第55天，村民1005食物耗尽！
⚠️ 第55天，村民1005缺水！
⚠️ 第55天，村民1006食物耗尽！
⚠️ 第55天，村民1006缺水！
⚠️ 第55天，村民1007食物耗尽！
⚠️ 第55天，村民1007缺水！
⚠️ 第55天，村民1008食物耗尽！
⚠️ 第55天，村民1008缺水！
⚠️ 第55天，村民1009食物耗尽！
⚠️ 第55天，村民1009缺水！
⚠️ 第55天，村民1010食物耗尽！
⚠️ 第55天，村民1010缺水！
⚠️ 第55天，村民1011食物耗尽！
⚠️ 第55天，村民1011缺水！
⚠️ 第55天，村民1012食物耗尽！
⚠️ 第55天，村民1012缺水！
⚠️ 第55天，村民1013食物耗尽！
⚠️ 第55天，村民1013缺水！
⚠️ 第55天，村民1014食物耗尽！
⚠️ 第55天，村民1014缺水！
⚠️ 第55天，村民1015食物耗尽！
⚠️ 第55天，村民1015缺水！
⚠️ 第55天，村民1016食物耗尽！
⚠️ 第55天，村民1016缺水！
⚠️ 第55天，村民1017食物耗尽！
⚠️ 第55天，村民1017缺水！
⚠️ 第55天，村民1018食物耗尽！
⚠️ 第55天，村民1018缺水！
⚠️ 第55天，村民1019食物耗尽！
⚠️ 第55天，村民1019缺水！
⚠️ 第55天，村民1020食物耗尽！
⚠️ 第55天，村民1020缺水！
⚠️ 第55天，村民1021食物耗尽！
⚠️ 第55天，村民1021缺水！
⚠️ 第55天，村民1022食物耗尽！
⚠️ 第55天，村民1022缺水！
⚠️ 第55天，村民1023食物耗尽！
⚠️ 第55天，村民1023缺水！
⚠️ 第55天，村民1024食物耗尽！
⚠️ 第55天，村民1024缺水！
⚠️ 第55天，村民1025食物耗尽！
⚠️ 第55天，村民1025缺水！
⚠️ 第55天，村民1026食物耗尽！
⚠️ 第55天，村民1026缺水！
⚠️ 第55天，村民1027食物耗尽！
⚠️ 第55天，村民1027缺水！
⚠️ 第55天，村民1028食物耗尽！
⚠️ 第55天，村民1028缺水！
⚠️ 第55天，村民1029食物耗尽！
⚠️ 第55天，村民1029缺水！
⚠️ 第55天，村民1030食物耗尽！
⚠️ 第55天，村民1030缺水！
⚠️ 第55天，村民1031食物耗尽！
⚠️ 第55天，村民1031缺水！
⚠️ 第55天，村民1032食物耗尽！
⚠️ 第55天，村民1032缺水！
⚠️ 第55天，村民1033食物耗尽！
⚠️ 第55天，村民1033缺水！
⚠️ 第55天，村民1034食物耗尽！
⚠️ 第55天，村民1034缺水！
⚠️ 第55天，村民1035食物耗尽！
⚠️ 第55天，村民1035缺水！
⚠️ 第55天，村民1036食物耗尽！
⚠️ 第55天，村民1036缺水！
⚠️ 第55天，村民1037食物耗尽！
⚠️ 第55天，村民1037缺水！
⚠️ 第55天，村民1038食物耗尽！
⚠️ 第55天，村民1038缺水！
⚠️ 第55天，村民1039食物耗尽！
⚠️ 第55天，村民1039缺水！
⚠️ 第55天，村民1040食物耗尽！
⚠️ 第55天，村民1040缺水！
⚠️ 第55天，村民1041食物耗尽！
⚠️ 第55天，村民1041缺水！
⚠️ 第55天，村民1042食物耗尽！
⚠️ 第55天，村民1042缺水！
⚠️ 第55天，村民1043食物耗尽！
⚠️ 第55天，村民1043缺水！
⚠️ 第55天，村民1044食物耗尽！
⚠️ 第55天，村民1044缺水！
⚠️ 第55天，村民1045食物耗尽！
⚠️ 第55天，村民1045缺水！
⚠️ 第55天，村民1046食物耗尽！
⚠️ 第55天，村民1046缺水！
⚠️ 第55天，村民1047食物耗尽！
⚠️ 第55天，村民1047缺水！
⚠️ 第55天，村民1048食物耗尽！
⚠️ 第55天，村民1048缺水！
⚠️ 第55天，村民1049食物耗尽！
⚠️ 第55天，村民1049缺水！
⚠️ 第55天，村民1050食物耗尽！
⚠️ 第55天，村民1050缺水！
⚠️ 第55天，村民1051食物耗尽！
⚠️ 第55天，村民1051缺水！
⚠️ 第55天，村民1052食物耗尽！
⚠️ 第55天，村民1052缺水！
⚠️ 第55天，村民1053食物耗尽！
⚠️ 第55天，村民1053缺水！
⚠️ 第55天，村民1054食物耗尽！
⚠️ 第55天，村民1054缺水！
⚠️ 第55天，村民1055食物耗尽！
⚠️ 第55天，村民1055缺水！
⚠️ 第55天，村民1056食物耗尽！
⚠️ 第55天，村民1056缺水！
⚠️ 第55天，村民1057食物耗尽！
⚠️ 第55天，村民1057缺水！
⚠️ 第55天，村民1058食物耗尽！
⚠️ 第55天，村民1058缺水！
⚠️ 第55天，村民1059食物耗尽！
⚠️ 第55天，村民1059缺水！
⚠️ 第55天，村民1060食物耗尽！
⚠️ 第55天，村民1060缺水！
⚠️ 第55天，村民1061食物耗尽！
⚠️ 第55天，村民1061缺水！
⚠️ 第55天，村民1062食物耗尽！
⚠️ 第55天，村民1062缺水！
⚠️ 第55天，村民1063食物耗尽！
⚠️ 第55天，村民1063缺水！
⚠️ 第55天，村民1064食物耗尽！
⚠️ 第55天，村民1064缺水！
⚠️ 第55天，村民1065食物耗尽！
⚠️ 第55天，村民1065缺水！
⚠️ 第55天，村民1066食物耗尽！
⚠️ 第55天，村民1066缺水！
⚠️ 第55天，村民1067食物耗尽！
⚠️ 第55天，村民1067缺水！
⚠️ 第55天，村民1068食物耗尽！
⚠️ 第55天，村民1068缺水！
⚠️ 第55天，村民1069食物耗尽！
⚠️ 第55天，村民1069缺水！
⚠️ 第55天，村民1070食物耗尽！
⚠️ 第55天，村民1070缺水！
⚠️ 第55天，村民1071食物耗尽！
⚠️ 第55天，村民1071缺水！
⚠️ 第55天，村民1072食物耗尽！
⚠️ 第55天，村民1072缺水！
⚠️ 第55天，村民1073食物耗尽！
⚠️ 第55天，村民1073缺水！
⚠️ 第55天，村民1074食物耗尽！
⚠️ 第55天，村民1074缺水！
⚠️ 第55天，村民1075食物耗尽！
⚠️ 第55天，村民1075缺水！
⚠️ 第55天，村民1076食物耗尽！
⚠️ 第55天，村民1076缺水！
⚠️ 第55天，村民1077食物耗尽！
⚠️ 第55天，村民1077缺水！
⚠️ 第55天，村民1078食物耗尽！
⚠️ 第55天，村民1078缺水！
⚠️ 第55天，村民1079食物耗尽！
⚠️ 第55天，村民1079缺水！
⚠️ 第55天，村民1080食物耗尽！
⚠️ 第55天，村民1080缺水！
⚠️ 第55天，村民1081食物耗尽！
⚠️ 第55天，村民1081缺水！
⚠️ 第55天，村民1082食物耗尽！
⚠️ 第55天，村民1082缺水！
⚠️ 第55天，村民1083食物耗尽！
⚠️ 第55天，村民1083缺水！
⚠️ 第55天，村民1084食物耗尽！
⚠️ 第55天，村民1084缺水！
⚠️ 第55天，村民1085食物耗尽！
⚠️ 第55天，村民1085缺水！
⚠️ 第55天，村民1086食物耗尽！
⚠️ 第55天，村民1086缺水！
⚠️ 第55天，村民1087食物耗尽！
⚠️ 第55天，村民1087缺水！
⚠️ 第55天，村民1088食物耗尽！
⚠️ 第55天，村民1088缺水！
⚠️ 第55天，村民1089食物耗尽！
⚠️ 第55天，村民1089缺水！
⚠️ 第55天，村民1090食物耗尽！
⚠️ 第55天，村民1090缺水！
⚠️ 第55天，村民1091食物耗尽！
⚠️ 第55天，村民1091缺水！
⚠️ 第55天，村民1092食物耗尽！
⚠️ 第55天，村民1092缺水！
⚠️ 第55天，村民1093食物耗尽！
⚠️ 第55天，村民1093缺水！
⚠️ 第55天，村民1094食物耗尽！
⚠️ 第55天，村民1094缺水！
⚠️ 第55天，村民1095食物耗尽！
⚠️ 第55天，村民1095缺水！
⚠️ 第55天，村民1096食物耗尽！
⚠️ 第55天，村民1096缺水！
⚠️ 第55天，村民1097食物耗尽！
⚠️ 第55天，村民1097缺水！
⚠️ 第55天，村民1098食物耗尽！
⚠️ 第55天，村民1098缺水！
⚠️ 第55天，村民1099食物耗尽！
⚠️ 第55天，村民1099缺水！
⚠️ 第55天，村民1100食物耗尽！
⚠️ 第55天，村民1100缺水！
⚠️ 第55天，村民1101食物耗尽！
⚠️ 第55天，村民1101缺水！
⚠️ 第55天，村民1102食物耗尽！
⚠️ 第55天，村民1102缺水！
⚠️ 第55天，村民1103食物耗尽！
⚠️ 第55天，村民1103缺水！
⚠️ 第55天，村民1104食物耗尽！
⚠️ 第55天，村民1104缺水！
⚠️ 第55天，村民1105食物耗尽！
⚠️ 第55天，村民1105缺水！
⚠️ 第55天，村民1106食物耗尽！
⚠️ 第55天，村民1106缺水！
⚠️ 第55天，村民1107食物耗尽！
⚠️ 第55天，村民1107缺水！
⚠️ 第55天，村民1108食物耗尽！
⚠️ 第55天，村民1108缺水！
⚠️ 第55天，村民1109食物耗尽！
⚠️ 第55天，村民1109缺水！
⚠️ 第55天，村民1110食物耗尽！
⚠️ 第55天，村民1110缺水！
⚠️ 第55天，村民1111食物耗尽！
⚠️ 第55天，村民1111缺水！
⚠️ 第55天，村民1112食物耗尽！
⚠️ 第55天，村民1112缺水！
⚠️ 第55天，村民1113食物耗尽！
⚠️ 第55天，村民1113缺水！
⚠️ 第55天，村民1114食物耗尽！
⚠️ 第55天，村民1114缺水！
⚠️ 第55天，村民1115食物耗尽！
⚠️ 第55天，村民1115缺水！
⚠️ 第55天，村民1116食物耗尽！
⚠️ 第55天，村民1116缺水！
⚠️ 第55天，村民1117食物耗尽！
⚠️ 第55天，村民1117缺水！
⚠️ 第55天，村民1118食物耗尽！
⚠️ 第55天，村民1118缺水！
⚠️ 第55天，村民1119食物耗尽！
⚠️ 第55天，村民1119缺水！
⚠️ 第55天，村民1120食物耗尽！
⚠️ 第55天，村民1120缺水！
⚠️ 第55天，村民1121食物耗尽！
⚠️ 第55天，村民1121缺水！
⚠️ 第55天，村民1122食物耗尽！
⚠️ 第55天，村民1122缺水！
⚠️ 第55天，村民1123食物耗尽！
⚠️ 第55天，村民1123缺水！
⚠️ 第55天，村民1124食物耗尽！
⚠️ 第55天，村民1124缺水！
⚠️ 第55天，村民1125食物耗尽！
⚠️ 第55天，村民1125缺水！
⚠️ 第55天，村民1126食物耗尽！
⚠️ 第55天，村民1126缺水！
⚠️ 第55天，村民1127食物耗尽！
⚠️ 第55天，村民1127缺水！
⚠️ 第55天，村民1128食物耗尽！
⚠️ 第55天，村民1128缺水！
⚠️ 第55天，村民1129食物耗尽！
⚠️ 第55天，村民1129缺水！
⚠️ 第55天，村民1130食物耗尽！
⚠️ 第55天，村民1130缺水！
⚠️ 第55天，村民1131食物耗尽！
⚠️ 第55天，村民1131缺水！
⚠️ 第55天，村民1132食物耗尽！
⚠️ 第55天，村民1132缺水！
⚠️ 第55天，村民1133食物耗尽！
⚠️ 第55天，村民1133缺水！
⚠️ 第55天，村民1134食物耗尽！
⚠️ 第55天，村民1134缺水！
⚠️ 第55天，村民1135食物耗尽！
⚠️ 第55天，村民1135缺水！
⚠️ 第55天，村民1136食物耗尽！
⚠️ 第55天，村民1136缺水！
⚠️ 第55天，村民1137食物耗尽！
⚠️ 第55天，村民1137缺水！
⚠️ 第55天，村民1138食物耗尽！
⚠️ 第55天，村民1138缺水！
⚠️ 第55天，村民1139食物耗尽！
⚠️ 第55天，村民1139缺水！
⚠️ 第55天，村民1140食物耗尽！
⚠️ 第55天，村民1140缺水！
⚠️ 第55天，村民1141食物耗尽！
⚠️ 第55天，村民1141缺水！
⚠️ 第55天，村民1142食物耗尽！
⚠️ 第55天，村民1142缺水！
⚠️ 第55天，村民1143食物耗尽！
⚠️ 第55天，村民1143缺水！
⚠️ 第55天，村民1144食物耗尽！
⚠️ 第55天，村民1144缺水！
⚠️ 第55天，村民1145食物耗尽！
⚠️ 第55天，村民1145缺水！
⚠️ 第55天，村民1146食物耗尽！
⚠️ 第55天，村民1146缺水！
⚠️ 第55天，村民1147食物耗尽！
⚠️ 第55天，村民1147缺水！
⚠️ 第55天，村民1148食物耗尽！
⚠️ 第55天，村民1148缺水！
⚠️ 第55天，村民1149食物耗尽！
⚠️ 第55天，村民1149缺水！
⚠️ 第55天，村民1150食物耗尽！
⚠️ 第55天，村民1150缺水！
⚠️ 第55天，村民1151食物耗尽！
⚠️ 第55天，村民1151缺水！
⚠️ 第55天，村民1152食物耗尽！
⚠️ 第55天，村民1152缺水！
⚠️ 第55天，村民1153食物耗尽！
⚠️ 第55天，村民1153缺水！
⚠️ 第55天，村民1154食物耗尽！
⚠️ 第55天，村民1154缺水！
⚠️ 第55天，村民1155食物耗尽！
⚠️ 第55天，村民1155缺水！
⚠️ 第55天，村民1156食物耗尽！
⚠️ 第55天，村民1156缺水！
⚠️ 第55天，村民1157食物耗尽！
⚠️ 第55天，村民1157缺水！
⚠️ 第55天，村民1158食物耗尽！
⚠️ 第55天，村民1158缺水！
⚠️ 第55天，村民1159食物耗尽！
⚠️ 第55天，村民1159缺水！
⚠️ 第55天，村民1160食物耗尽！
⚠️ 第55天，村民1160缺水！
⚠️ 第55天，村民1161食物耗尽！
⚠️ 第55天，村民1161缺水！
⚠️ 第55天，村民1162食物耗尽！
⚠️ 第55天，村民1162缺水！
⚠️ 第55天，村民1163食物耗尽！
⚠️ 第55天，村民1163缺水！
⚠️ 第55天，村民1164食物耗尽！
⚠️ 第55天，村民1164缺水！
⚠️ 第55天，村民1165食物耗尽！
⚠️ 第55天，村民1165缺水！
⚠️ 第55天，村民1166食物耗尽！
⚠️ 第55天，村民1166缺水！
⚠️ 第55天，村民1167食物耗尽！
⚠️ 第55天，村民1167缺水！
⚠️ 第55天，村民1168食物耗尽！
⚠️ 第55天，村民1168缺水！
⚠️ 第55天，村民1169食物耗尽！
⚠️ 第55天，村民1169缺水！
⚠️ 第55天，村民1170食物耗尽！
⚠️ 第55天，村民1170缺水！
⚠️ 第55天，村民1171食物耗尽！
⚠️ 第55天，村民1171缺水！
⚠️ 第55天，村民1172食物耗尽！
⚠️ 第55天，村民1172缺水！
⚠️ 第55天，村民1173食物耗尽！
⚠️ 第55天，村民1173缺水！
⚠️ 第55天，村民1174食物耗尽！
⚠️ 第55天，村民1174缺水！
⚠️ 第55天，村民1175食物耗尽！
⚠️ 第55天，村民1175缺水！
⚠️ 第55天，村民1176食物耗尽！
⚠️ 第55天，村民1176缺水！
⚠️ 第55天，村民1177食物耗尽！
⚠️ 第55天，村民1177缺水！
⚠️ 第55天，村民1178食物耗尽！
⚠️ 第55天，村民1178缺水！
⚠️ 第55天，村民1179食物耗尽！
⚠️ 第55天，村民1179缺水！
⚠️ 第55天，村民1180食物耗尽！
⚠️ 第55天，村民1180缺水！
⚠️ 第55天，村民1181食物耗尽！
⚠️ 第55天，村民1181缺水！
⚠️ 第55天，村民1182食物耗尽！
⚠️ 第55天，村民1182缺水！
⚠️ 第55天，村民1183食物耗尽！
⚠️ 第55天，村民1183缺水！
⚠️ 第55天，村民1184食物耗尽！
⚠️ 第55天，村民1184缺水！
⚠️ 第55天，村民1185食物耗尽！
⚠️ 第55天，村民1185缺水！
⚠️ 第55天，村民1186食物耗尽！
⚠️ 第55天，村民1186缺水！
⚠️ 第55天，村民1187食物耗尽！
⚠️ 第55天，村民1187缺水！
⚠️ 第55天，村民1188食物耗尽！
⚠️ 第55天，村民1188缺水！
⚠️ 第55天，村民1189食物耗尽！
⚠️ 第55天，村民1189缺水！
⚠️ 第55天，村民1190食物耗尽！
⚠️ 第55天，村民1190缺水！
⚠️ 第55天，村民1191食物耗尽！
⚠️ 第55天，村民1191缺水！
⚠️ 第55天，村民1192食物耗尽！
⚠️ 第55天，村民1192缺水！
⚠️ 第55天，村民1193食物耗尽！
⚠️ 第55天，村民1193缺水！
⚠️ 第55天，村民1194食物耗尽！
⚠️ 第55天，村民1194缺水！
⚠️ 第55天，村民1195食物耗尽！
⚠️ 第55天，村民1195缺水！
⚠️ 第55天，村民1196食物耗尽！
⚠️ 第55天，村民1196缺水！
⚠️ 第55天，村民1197食物耗尽！
⚠️ 第55天，村民1197缺水！
⚠️ 第55天，村民1198食物耗尽！
⚠️ 第55天，村民1198缺水！
⚠️ 第55天，村民1199食物耗尽！
⚠️ 第55天，村民1199缺水！
⚠️ 第55天，村民1200食物耗尽！
⚠️ 第55天，村民1200缺水！
⚠️ 第55天，村民1201食物耗尽！
⚠️ 第55天，村民1201缺水！
⚠️ 第55天，村民1202食物耗尽！
⚠️ 第55天，村民1202缺水！
⚠️ 第55天，村民1203食物耗尽！
⚠️ 第55天，村民1203缺水！
⚠️ 第55天，村民1204食物耗尽！
⚠️ 第55天，村民1204缺水！
⚠️ 第55天，村民1205食物耗尽！
⚠️ 第55天，村民1205缺水！
⚠️ 第55天，村民1206食物耗尽！
⚠️ 第55天，村民1206缺水！
⚠️ 第55天，村民1207食物耗尽！
⚠️ 第55天，村民1207缺水！
⚠️ 第55天，村民1208食物耗尽！
⚠️ 第55天，村民1208缺水！
⚠️ 第55天，村民1209食物耗尽！
⚠️ 第55天，村民1209缺水！
⚠️ 第55天，村民1210食物耗尽！
⚠️ 第55天，村民1210缺水！
⚠️ 第55天，村民1211食物耗尽！
⚠️ 第55天，村民1211缺水！
⚠️ 第55天，村民1212食物耗尽！
⚠️ 第55天，村民1212缺水！
⚠️ 第55天，村民1213食物耗尽！
⚠️ 第55天，村民1213缺水！
⚠️ 第55天，村民1214食物耗尽！
⚠️ 第55天，村民1214缺水！
⚠️ 第55天，村民1215食物耗尽！
⚠️ 第55天，村民1215缺水！
⚠️ 第55天，村民1216食物耗尽！
⚠️ 第55天，村民1216缺水！
⚠️ 第55天，村民1217食物耗尽！
⚠️ 第55天，村民1217缺水！
⚠️ 第55天，村民1218食物耗尽！
⚠️ 第55天，村民1218缺水！
⚠️ 第55天，村民1219食物耗尽！
⚠️ 第55天，村民1219缺水！
⚠️ 第55天，村民1220食物耗尽！
⚠️ 第55天，村民1220缺水！
⚠️ 第55天，村民1221食物耗尽！
⚠️ 第55天，村民1221缺水！
⚠️ 第55天，村民1222食物耗尽！
⚠️ 第55天，村民1222缺水！
⚠️ 第55天，村民1223食物耗尽！
⚠️ 第55天，村民1223缺水！
⚠️ 第55天，村民1224食物耗尽！
⚠️ 第55天，村民1224缺水！
⚠️ 第55天，村民1225食物耗尽！
⚠️ 第55天，村民1225缺水！
⚠️ 第55天，村民1226食物耗尽！
⚠️ 第55天，村民1226缺水！
⚠️ 第55天，村民1227食物耗尽！
⚠️ 第55天，村民1227缺水！
⚠️ 第55天，村民1228食物耗尽！
⚠️ 第55天，村民1228缺水！
⚠️ 第55天，村民1229食物耗尽！
⚠️ 第55天，村民1229缺水！
⚠️ 第55天，村民1230食物耗尽！
⚠️ 第55天，村民1230缺水！
⚠️ 第55天，村民1231食物耗尽！
⚠️ 第55天，村民1231缺水！
⚠️ 第55天，村民1232食物耗尽！
⚠️ 第55天，村民1232缺水！
⚠️ 第55天，村民1233食物耗尽！
⚠️ 第55天，村民1233缺水！
⚠️ 第55天，村民1234食物耗尽！
⚠️ 第55天，村民1234缺水！
⚠️ 第55天，村民1235食物耗尽！
⚠️ 第55天，村民1235缺水！
⚠️ 第55天，村民1236食物耗尽！
⚠️ 第55天，村民1236缺水！
⚠️ 第55天，村民1237食物耗尽！
⚠️ 第55天，村民1237缺水！
⚠️ 第55天，村民1238食物耗尽！
⚠️ 第55天，村民1238缺水！
⚠️ 第55天，村民1239食物耗尽！
⚠️ 第55天，村民1239缺水！
⚠️ 第55天，村民1240食物耗尽！
⚠️ 第55天，村民1240缺水！
⚠️ 第55天，村民1241食物耗尽！
⚠️ 第55天，村民1241缺水！
⚠️ 第55天，村民1242食物耗尽！
⚠️ 第55天，村民1242缺水！
⚠️ 第55天，村民1243食物耗尽！
⚠️ 第55天，村民1243缺水！
⚠️ 第55天，村民1244食物耗尽！
⚠️ 第55天，村民1244缺水！
⚠️ 第55天，村民1245食物耗尽！
⚠️ 第55天，村民1245缺水！
⚠️ 第55天，村民1246食物耗尽！
⚠️ 第55天，村民1246缺水！
⚠️ 第55天，村民1247食物耗尽！
⚠️ 第55天，村民1247缺水！
⚠️ 第55天，村民1248食物耗尽！
⚠️ 第55天，村民1248缺水！
⚠️ 第55天，村民1249食物耗尽！
⚠️ 第55天，村民1249缺水！
⚠️ 第55天，村民1250食物耗尽！
⚠️ 第55天，村民1250缺水！
⚠️ 第55天，村民1251食物耗尽！
⚠️ 第55天，村民1251缺水！
⚠️ 第55天，村民1252食物耗尽！
⚠️ 第55天，村民1252缺水！
⚠️ 第55天，村民1253食物耗尽！
⚠️ 第55天，村民1253缺水！
⚠️ 第55天，村民1254食物耗尽！
⚠️ 第55天，村民1254缺水！
⚠️ 第55天，村民1255食物耗尽！
⚠️ 第55天，村民1255缺水！
⚠️ 第55天，村民1256食物耗尽！
⚠️ 第55天，村民1256缺水！
⚠️ 第55天，村民1257食物耗尽！
⚠️ 第55天，村民1257缺水！
⚠️ 第55天，村民1258食物耗尽！
⚠️ 第55天，村民1258缺水！
⚠️ 第55天，村民1259食物耗尽！
⚠️ 第55天，村民1259缺水！
⚠️ 第55天，村民1260食物耗尽！
⚠️ 第55天，村民1260缺水！
⚠️ 第55天，村民1261食物耗尽！
⚠️ 第55天，村民1261缺水！
⚠️ 第55天，村民1262食物耗尽！
⚠️ 第55天，村民1262缺水！
⚠️ 第55天，村民1263食物耗尽！
⚠️ 第55天，村民1263缺水！
⚠️ 第55天，村民1264食物耗尽！
⚠️ 第55天，村民1264缺水！
⚠️ 第55天，村民1265食物耗尽！
⚠️ 第55天，村民1265缺水！
⚠️ 第55天，村民1266食物耗尽！
⚠️ 第55天，村民1266缺水！
⚠️ 第55天，村民1267食物耗尽！
⚠️ 第55天，村民1267缺水！
⚠️ 第55天，村民1268食物耗尽！
⚠️ 第55天，村民1268缺水！
⚠️ 第55天，村民1269食物耗尽！
⚠️ 第55天，村民1269缺水！
⚠️ 第55天，村民1270食物耗尽！
⚠️ 第55天，村民1270缺水！
⚠️ 第55天，村民1271食物耗尽！
⚠️ 第55天，村民1271缺水！
⚠️ 第55天，村民1272食物耗尽！
⚠️ 第55天，村民1272缺水！
⚠️ 第55天，村民1273食物耗尽！
⚠️ 第55天，村民1273缺水！
⚠️ 第55天，村民1274食物耗尽！
⚠️ 第55天，村民1274缺水！
⚠️ 第55天，村民1275食物耗尽！
⚠️ 第55天，村民1275缺水！
⚠️ 第55天，村民1276食物耗尽！
⚠️ 第55天，村民1276缺水！
⚠️ 第55天，村民1277食物耗尽！
⚠️ 第55天，村民1277缺水！
⚠️ 第55天，村民1278食物耗尽！
⚠️ 第55天，村民1278缺水！
⚠️ 第55天，村民1279食物耗尽！
⚠️ 第55天，村民1279缺水！
⚠️ 第55天，村民1280食物耗尽！
⚠️ 第55天，村民1280缺水！
⚠️ 第55天，村民1281食物耗尽！
⚠️ 第55天，村民1281缺水！
⚠️ 第55天，村民1282食物耗尽！
⚠️ 第55天，村民1282缺水！
⚠️ 第55天，村民1283食物耗尽！
⚠️ 第55天，村民1283缺水！
⚠️ 第55天，村民1284食物耗尽！
⚠️ 第55天，村民1284缺水！
⚠️ 第55天，村民1285食物耗尽！
⚠️ 第55天，村民1285缺水！
⚠️ 第55天，村民1286食物耗尽！
⚠️ 第55天，村民1286缺水！
⚠️ 第55天，村民1287食物耗尽！
⚠️ 第55天，村民1287缺水！
⚠️ 第55天，村民1288食物耗尽！
⚠️ 第55天，村民1288缺水！
⚠️ 第55天，村民1289食物耗尽！
⚠️ 第55天，村民1289缺水！
⚠️ 第55天，村民1290食物耗尽！
⚠️ 第55天，村民1290缺水！
⚠️ 第55天，村民1291食物耗尽！
⚠️ 第55天，村民1291缺水！
⚠️ 第55天，村民1292食物耗尽！
⚠️ 第55天，村民1292缺水！
⚠️ 第55天，村民1293食物耗尽！
⚠️ 第55天，村民1293缺水！
⚠️ 第55天，村民1294食物耗尽！
⚠️ 第55天，村民1294缺水！
⚠️ 第55天，村民1295食物耗尽！
⚠️ 第55天，村民1295缺水！
⚠️ 第55天，村民1296食物耗尽！
⚠️ 第55天，村民1296缺水！
⚠️ 第55天，村民1297食物耗尽！
⚠️ 第55天，村民1297缺水！
⚠️ 第55天，村民1298食物耗尽！
⚠️ 第55天，村民1298缺水！
⚠️ 第55天，村民1299食物耗尽！
⚠️ 第55天，村民1299缺水！
⚠️ 第55天，村民1300食物耗尽！
⚠️ 第55天，村民1300缺水！
⚠️ 第55天，村民1301食物耗尽！
⚠️ 第55天，村民1301缺水！
⚠️ 第55天，村民1302食物耗尽！
⚠️ 第55天，村民1302缺水！
⚠️ 第55天，村民1303食物耗尽！
⚠️ 第55天，村民1303缺水！
⚠️ 第55天，村民1304食物耗尽！
⚠️ 第55天，村民1304缺水！
⚠️ 第55天，村民1305食物耗尽！
⚠️ 第55天，村民1305缺水！
⚠️ 第55天，村民1306食物耗尽！
⚠️ 第55天，村民1306缺水！
⚠️ 第55天，村民1307食物耗尽！
⚠️ 第55天，村民1307缺水！
⚠️ 第55天，村民1308食物耗尽！
⚠️ 第55天，村民1308缺水！
⚠️ 第55天，村民1309食物耗尽！
⚠️ 第55天，村民1309缺水！
⚠️ 第55天，村民1310食物耗尽！
⚠️ 第55天，村民1310缺水！
⚠️ 第55天，村民1311食物耗尽！
⚠️ 第55天，村民1311缺水！
⚠️ 第55天，村民1312食物耗尽！
⚠️ 第55天，村民1312缺水！
⚠️ 第55天，村民1313食物耗尽！
⚠️ 第55天，村民1313缺水！
⚠️ 第55天，村民1314食物耗尽！
⚠️ 第55天，村民1314缺水！
⚠️ 第55天，村民1315食物耗尽！
⚠️ 第55天，村民1315缺水！
⚠️ 第55天，村民1316食物耗尽！
⚠️ 第55天，村民1316缺水！
⚠️ 第55天，村民1317食物耗尽！
⚠️ 第55天，村民1317缺水！
⚠️ 第55天，村民1318食物耗尽！
⚠️ 第55天，村民1318缺水！
⚠️ 第55天，村民1319食物耗尽！
⚠️ 第55天，村民1319缺水！
⚠️ 第55天，村民1320食物耗尽！
⚠️ 第55天，村民1320缺水！
⚠️ 第55天，村民1321食物耗尽！
⚠️ 第55天，村民1321缺水！
⚠️ 第55天，村民1322食物耗尽！
⚠️ 第55天，村民1322缺水！
⚠️ 第55天，村民1323食物耗尽！
⚠️ 第55天，村民1323缺水！
⚠️ 第55天，村民1324食物耗尽！
⚠️ 第55天，村民1324缺水！
⚠️ 第55天，村民1325食物耗尽！
⚠️ 第55天，村民1325缺水！
⚠️ 第55天，村民1326食物耗尽！
⚠️ 第55天，村民1326缺水！
⚠️ 第55天，村民1327食物耗尽！
⚠️ 第55天，村民1327缺水！
⚠️ 第55天，村民1328食物耗尽！
⚠️ 第55天，村民1328缺水！
⚠️ 第55天，村民1329食物耗尽！
⚠️ 第55天，村民1329缺水！
⚠️ 第55天，村民1330食物耗尽！
⚠️ 第55天，村民1330缺水！
⚠️ 第55天，村民1331食物耗尽！
⚠️ 第55天，村民1331缺水！
⚠️ 第55天，村民1332食物耗尽！
⚠️ 第55天，村民1332缺水！
⚠️ 第55天，村民1333食物耗尽！
⚠️ 第55天，村民1333缺水！
⚠️ 第55天，村民1334食物耗尽！
⚠️ 第55天，村民1334缺水！
⚠️ 第55天，村民1335食物耗尽！
⚠️ 第55天，村民1335缺水！
⚠️ 第55天，村民1336食物耗尽！
⚠️ 第55天，村民1336缺水！
⚠️ 第55天，村民1337食物耗尽！
⚠️ 第55天，村民1337缺水！
⚠️ 第55天，村民1338食物耗尽！
⚠️ 第55天，村民1338缺水！
⚠️ 第55天，村民1339食物耗尽！
⚠️ 第55天，村民1339缺水！
⚠️ 第55天，村民1340食物耗尽！
⚠️ 第55天，村民1340缺水！
⚠️ 第55天，村民1341食物耗尽！
⚠️ 第55天，村民1341缺水！
⚠️ 第55天，村民1342食物耗尽！
⚠️ 第55天，村民1342缺水！
⚠️ 第55天，村民1343食物耗尽！
⚠️ 第55天，村民1343缺水！
⚠️ 第55天，村民1344食物耗尽！
⚠️ 第55天，村民1344缺水！
⚠️ 第55天，村民1345食物耗尽！
⚠️ 第55天，村民1345缺水！
⚠️ 第55天，村民1346食物耗尽！
⚠️ 第55天，村民1346缺水！
⚠️ 第55天，村民1347食物耗尽！
⚠️ 第55天，村民1347缺水！
⚠️ 第55天，村民1348食物耗尽！
⚠️ 第55天，村民1348缺水！
⚠️ 第55天，村民1349食物耗尽！
⚠️ 第55天，村民1349缺水！
⚠️ 第55天，村民1350食物耗尽！
⚠️ 第55天，村民1350缺水！
⚠️ 第55天，村民1351食物耗尽！
⚠️ 第55天，村民1351缺水！
⚠️ 第55天，村民1352食物耗尽！
⚠️ 第55天，村民1352缺水！
⚠️ 第55天，村民1353食物耗尽！
⚠️ 第55天，村民1353缺水！
⚠️ 第55天，村民1354食物耗尽！
⚠️ 第55天，村民1354缺水！
⚠️ 第55天，村民1355食物耗尽！
⚠️ 第55天，村民1355缺水！
⚠️ 第55天，村民1356食物耗尽！
⚠️ 第55天，村民1356缺水！
⚠️ 第55天，村民1357食物耗尽！
⚠️ 第55天，村民1357缺水！
⚠️ 第55天，村民1358食物耗尽！
⚠️ 第55天，村民1358缺水！
⚠️ 第55天，村民1359食物耗尽！
⚠️ 第55天，村民1359缺水！
⚠️ 第55天，村民1360食物耗尽！
⚠️ 第55天，村民1360缺水！
⚠️ 第55天，村民1361食物耗尽！
⚠️ 第55天，村民1361缺水！
⚠️ 第55天，村民1362食物耗尽！
⚠️ 第55天，村民1362缺水！
⚠️ 第55天，村民1363食物耗尽！
⚠️ 第55天，村民1363缺水！
⚠️ 第55天，村民1364食物耗尽！
⚠️ 第55天，村民1364缺水！
⚠️ 第55天，村民1365食物耗尽！
⚠️ 第55天，村民1365缺水！
⚠️ 第55天，村民1366食物耗尽！
⚠️ 第55天，村民1366缺水！
⚠️ 第55天，村民1367食物耗尽！
⚠️ 第55天，村民1367缺水！
⚠️ 第55天，村民1368食物耗尽！
⚠️ 第55天，村民1368缺水！
⚠️ 第55天，村民1369食物耗尽！
⚠️ 第55天，村民1369缺水！
⚠️ 第55天，村民1370食物耗尽！
⚠️ 第55天，村民1370缺水！
⚠️ 第55天，村民1371食物耗尽！
⚠️ 第55天，村民1371缺水！
⚠️ 第55天，村民1372食物耗尽！
⚠️ 第55天，村民1372缺水！
⚠️ 第55天，村民1373食物耗尽！
⚠️ 第55天，村民1373缺水！
⚠️ 第55天，村民1374食物耗尽！
⚠️ 第55天，村民1374缺水！
⚠️ 第55天，村民1375食物耗尽！
⚠️ 第55天，村民1375缺水！
⚠️ 第55天，村民1376食物耗尽！
⚠️ 第55天，村民1376缺水！
⚠️ 第55天，村民1377食物耗尽！
⚠️ 第55天，村民1377缺水！
⚠️ 第55天，村民1378食物耗尽！
⚠️ 第55天，村民1378缺水！
⚠️ 第55天，村民1379食物耗尽！
⚠️ 第55天，村民1379缺水！
⚠️ 第55天，村民1380食物耗尽！
⚠️ 第55天，村民1380缺水！
⚠️ 第55天，村民1381食物耗尽！
⚠️ 第55天，村民1381缺水！
⚠️ 第55天，村民1382食物耗尽！
⚠️ 第55天，村民1382缺水！
⚠️ 第55天，村民1383食物耗尽！
⚠️ 第55天，村民1383缺水！
⚠️ 第55天，村民1384食物耗尽！
⚠️ 第55天，村民1384缺水！
⚠️ 第55天，村民1385食物耗尽！
⚠️ 第55天，村民1385缺水！
⚠️ 第55天，村民1386食物耗尽！
⚠️ 第55天，村民1386缺水！
⚠️ 第55天，村民1387食物耗尽！
⚠️ 第55天，村民1387缺水！
⚠️ 第55天，村民1388食物耗尽！
⚠️ 第55天，村民1388缺水！
⚠️ 第55天，村民1389食物耗尽！
⚠️ 第55天，村民1389缺水！
⚠️ 第55天，村民1390食物耗尽！
⚠️ 第55天，村民1390缺水！
⚠️ 第55天，村民1391食物耗尽！
⚠️ 第55天，村民1391缺水！
⚠️ 第55天，村民1392食物耗尽！
⚠️ 第55天，村民1392缺水！
⚠️ 第55天，村民1393食物耗尽！
⚠️ 第55天，村民1393缺水！
⚠️ 第55天，村民1394食物耗尽！
⚠️ 第55天，村民1394缺水！
⚠️ 第55天，村民1395食物耗尽！
⚠️ 第55天，村民1395缺水！
⚠️ 第55天，村民1396食物耗尽！
⚠️ 第55天，村民1396缺水！
⚠️ 第55天，村民1397食物耗尽！
⚠️ 第55天，村民1397缺水！
⚠️ 第55天，村民1398食物耗尽！
⚠️ 第55天，村民1398缺水！
⚠️ 第55天，村民1399食物耗尽！
⚠️ 第55天，村民1399缺水！
⚠️ 第55天，村民1400食物耗尽！
⚠️ 第55天，村民1400缺水！
⚠️ 第55天，村民1401食物耗尽！
⚠️ 第55天，村民1401缺水！
⚠️ 第55天，村民1402食物耗尽！
⚠️ 第55天，村民1402缺水！
⚠️ 第55天，村民1403食物耗尽！
⚠️ 第55天，村民1403缺水！
⚠️ 第55天，村民1404食物耗尽！
⚠️ 第55天，村民1404缺水！
⚠️ 第55天，村民1405食物耗尽！
⚠️ 第55天，村民1405缺水！
⚠️ 第55天，村民1406食物耗尽！
⚠️ 第55天，村民1406缺水！
⚠️ 第55天，村民1407食物耗尽！
⚠️ 第55天，村民1407缺水！
⚠️ 第55天，村民1408食物耗尽！
⚠️ 第55天，村民1408缺水！
⚠️ 第55天，村民1409食物耗尽！
⚠️ 第55天，村民1409缺水！
⚠️ 第55天，村民1410食物耗尽！
⚠️ 第55天，村民1410缺水！
⚠️ 第55天，村民1411食物耗尽！
⚠️ 第55天，村民1411缺水！
⚠️ 第55天，村民1412食物耗尽！
⚠️ 第55天，村民1412缺水！
⚠️ 第55天，村民1413食物耗尽！
⚠️ 第55天，村民1413缺水！
⚠️ 第55天，村民1414食物耗尽！
⚠️ 第55天，村民1414缺水！
⚠️ 第55天，村民1415食物耗尽！
⚠️ 第55天，村民1415缺水！
⚠️ 第55天，村民1416食物耗尽！
⚠️ 第55天，村民1416缺水！
⚠️ 第55天，村民1417食物耗尽！
⚠️ 第55天，村民1417缺水！
⚠️ 第55天，村民1418食物耗尽！
⚠️ 第55天，村民1418缺水！
⚠️ 第55天，村民1419食物耗尽！
⚠️ 第55天，村民1419缺水！
⚠️ 第55天，村民1420食物耗尽！
⚠️ 第55天，村民1420缺水！
⚠️ 第55天，村民1421食物耗尽！
⚠️ 第55天，村民1421缺水！
⚠️ 第55天，村民1422食物耗尽！
⚠️ 第55天，村民1422缺水！
⚠️ 第55天，村民1423食物耗尽！
⚠️ 第55天，村民1423缺水！
⚠️ 第55天，村民1424食物耗尽！
⚠️ 第55天，村民1424缺水！
⚠️ 第55天，村民1425食物耗尽！
⚠️ 第55天，村民1425缺水！
⚠️ 第55天，村民1426食物耗尽！
⚠️ 第55天，村民1426缺水！
⚠️ 第55天，村民1427食物耗尽！
⚠️ 第55天，村民1427缺水！
⚠️ 第55天，村民1428食物耗尽！
⚠️ 第55天，村民1428缺水！
⚠️ 第55天，村民1429食物耗尽！
⚠️ 第55天，村民1429缺水！
⚠️ 第55天，村民1430食物耗尽！
⚠️ 第55天，村民1430缺水！
⚠️ 第55天，村民1431食物耗尽！
⚠️ 第55天，村民1431缺水！
⚠️ 第55天，村民1432食物耗尽！
⚠️ 第55天，村民1432缺水！
⚠️ 第55天，村民1433食物耗尽！
⚠️ 第55天，村民1433缺水！
⚠️ 第55天，村民1434食物耗尽！
⚠️ 第55天，村民1434缺水！
⚠️ 第55天，村民1435食物耗尽！
⚠️ 第55天，村民1435缺水！
⚠️ 第55天，村民1436食物耗尽！
⚠️ 第55天，村民1436缺水！
⚠️ 第55天，村民1437食物耗尽！
⚠️ 第55天，村民1437缺水！
⚠️ 第55天，村民1438食物耗尽！
⚠️ 第55天，村民1438缺水！
⚠️ 第55天，村民1439食物耗尽！
⚠️ 第55天，村民1439缺水！
⚠️ 第55天，村民1440食物耗尽！
⚠️ 第55天，村民1440缺水！
⚠️ 第55天，村民1441食物耗尽！
⚠️ 第55天，村民1441缺水！
⚠️ 第55天，村民1442食物耗尽！
⚠️ 第55天，村民1442缺水！
⚠️ 第55天，村民1443食物耗尽！
⚠️ 第55天，村民1443缺水！
⚠️ 第55天，村民1444食物耗尽！
⚠️ 第55天，村民1444缺水！
⚠️ 第55天，村民1445食物耗尽！
⚠️ 第55天，村民1445缺水！
⚠️ 第55天，村民1446食物耗尽！
⚠️ 第55天，村民1446缺水！
⚠️ 第55天，村民1447食物耗尽！
⚠️ 第55天，村民1447缺水！
⚠️ 第55天，村民1448食物耗尽！
⚠️ 第55天，村民1448缺水！
⚠️ 第55天，村民1449食物耗尽！
⚠️ 第55天，村民1449缺水！
⚠️ 第55天，村民1450食物耗尽！
⚠️ 第55天，村民1450缺水！
⚠️ 第55天，村民1451食物耗尽！
⚠️ 第55天，村民1451缺水！
⚠️ 第55天，村民1452食物耗尽！
⚠️ 第55天，村民1452缺水！
⚠️ 第55天，村民1453食物耗尽！
⚠️ 第55天，村民1453缺水！
⚠️ 第55天，村民1454食物耗尽！
⚠️ 第55天，村民1454缺水！
⚠️ 第55天，村民1455食物耗尽！
⚠️ 第55天，村民1455缺水！
⚠️ 第55天，村民1456食物耗尽！
⚠️ 第55天，村民1456缺水！
⚠️ 第55天，村民1457食物耗尽！
⚠️ 第55天，村民1457缺水！
⚠️ 第55天，村民1458食物耗尽！
⚠️ 第55天，村民1458缺水！
⚠️ 第55天，村民1459食物耗尽！
⚠️ 第55天，村民1459缺水！
⚠️ 第55天，村民1460食物耗尽！
⚠️ 第55天，村民1460缺水！
⚠️ 第55天，村民1461食物耗尽！
⚠️ 第55天，村民1461缺水！
⚠️ 第55天，村民1462食物耗尽！
⚠️ 第55天，村民1462缺水！
⚠️ 第55天，村民1463食物耗尽！
⚠️ 第55天，村民1463缺水！
⚠️ 第55天，村民1464食物耗尽！
⚠️ 第55天，村民1464缺水！
⚠️ 第55天，村民1465食物耗尽！
⚠️ 第55天，村民1465缺水！
⚠️ 第55天，村民1466食物耗尽！
⚠️ 第55天，村民1466缺水！
⚠️ 第55天，村民1467食物耗尽！
⚠️ 第55天，村民1467缺水！
⚠️ 第55天，村民1468食物耗尽！
⚠️ 第55天，村民1468缺水！
⚠️ 第55天，村民1469食物耗尽！
⚠️ 第55天，村民1469缺水！
⚠️ 第55天，村民1470食物耗尽！
⚠️ 第55天，村民1470缺水！
⚠️ 第55天，村民1471食物耗尽！
⚠️ 第55天，村民1471缺水！
⚠️ 第55天，村民1472食物耗尽！
⚠️ 第55天，村民1472缺水！
⚠️ 第55天，村民1473食物耗尽！
⚠️ 第55天，村民1473缺水！
⚠️ 第55天，村民1474食物耗尽！
⚠️ 第55天，村民1474缺水！
⚠️ 第55天，村民1475食物耗尽！
⚠️ 第55天，村民1475缺水！
⚠️ 第55天，村民1476食物耗尽！
⚠️ 第55天，村民1476缺水！
⚠️ 第55天，村民1477食物耗尽！
⚠️ 第55天，村民1477缺水！
⚠️ 第55天，村民1478食物耗尽！
⚠️ 第55天，村民1478缺水！
⚠️ 第55天，村民1479食物耗尽！
⚠️ 第55天，村民1479缺水！
⚠️ 第55天，村民1480食物耗尽！
⚠️ 第55天，村民1480缺水！
⚠️ 第55天，村民1481食物耗尽！
⚠️ 第55天，村民1481缺水！
⚠️ 第55天，村民1482食物耗尽！
⚠️ 第55天，村民1482缺水！
⚠️ 第55天，村民1483食物耗尽！
⚠️ 第55天，村民1483缺水！
⚠️ 第55天，村民1484食物耗尽！
⚠️ 第55天，村民1484缺水！
⚠️ 第55天，村民1485食物耗尽！
⚠️ 第55天，村民1485缺水！
⚠️ 第55天，村民1486食物耗尽！
⚠️ 第55天，村民1486缺水！
⚠️ 第55天，村民1487食物耗尽！
⚠️ 第55天，村民1487缺水！
⚠️ 第55天，村民1488食物耗尽！
⚠️ 第55天，村民1488缺水！
⚠️ 第55天，村民1489食物耗尽！
⚠️ 第55天，村民1489缺水！
⚠️ 第55天，村民1490食物耗尽！
⚠️ 第55天，村民1490缺水！
⚠️ 第55天，村民1491食物耗尽！
⚠️ 第55天，村民1491缺水！
⚠️ 第55天，村民1492食物耗尽！
⚠️ 第55天，村民1492缺水！
⚠️ 第55天，村民1493食物耗尽！
⚠️ 第55天，村民1493缺水！
⚠️ 第55天，村民1494食物耗尽！
⚠️ 第55天，村民1494缺水！
⚠️ 第55天，村民1495食物耗尽！
⚠️ 第55天，村民1495缺水！
⚠️ 第55天，村民1496食物耗尽！
⚠️ 第55天，村民1496缺水！
⚠️ 第55天，村民1497食物耗尽！
⚠️ 第55天，村民1497缺水！
⚠️ 第55天，村民1498食物耗尽！
⚠️ 第55天，村民1498缺水！
⚠️ 第55天，村民1499食物耗尽！
⚠️ 第55天，村民1499缺水！
⚠️ 第55天，村民1500食物耗尽！
⚠️ 第55天，村民1500缺水！
⚠️ 第55天，村民1501食物耗尽！
⚠️ 第55天，村民1501缺水！
⚠️ 第55天，村民1502食物耗尽！
⚠️ 第55天，村民1502缺水！
⚠️ 第55天，村民1503食物耗尽！
⚠️ 第55天，村民1503缺水！
⚠️ 第55天，村民1504食物耗尽！
⚠️ 第55天，村民1504缺水！
⚠️ 第55天，村民1505食物耗尽！
⚠️ 第55天，村民1505缺水！
⚠️ 第55天，村民1506食物耗尽！
⚠️ 第55天，村民1506缺水！
⚠️ 第55天，村民1507食物耗尽！
⚠️ 第55天，村民1507缺水！
⚠️ 第55天，村民1508食物耗尽！
⚠️ 第55天，村民1508缺水！
⚠️ 第55天，村民1509食物耗尽！
⚠️ 第55天，村民1509缺水！
⚠️ 第55天，村民1510食物耗尽！
⚠️ 第55天，村民1510缺水！
⚠️ 第55天，村民1511食物耗尽！
⚠️ 第55天，村民1511缺水！
⚠️ 第55天，村民1512食物耗尽！
⚠️ 第55天，村民1512缺水！
⚠️ 第55天，村民1513食物耗尽！
⚠️ 第55天，村民1513缺水！
⚠️ 第55天，村民1514食物耗尽！
⚠️ 第55天，村民1514缺水！
⚠️ 第55天，村民1515食物耗尽！
⚠️ 第55天，村民1515缺水！
⚠️ 第55天，村民1516食物耗尽！
⚠️ 第55天，村民1516缺水！
⚠️ 第55天，村民1517食物耗尽！
⚠️ 第55天，村民1517缺水！
⚠️ 第55天，村民1518食物耗尽！
⚠️ 第55天，村民1518缺水！
⚠️ 第55天，村民1519食物耗尽！
⚠️ 第55天，村民1519缺水！
⚠️ 第55天，村民1520食物耗尽！
⚠️ 第55天，村民1520缺水！
⚠️ 第55天，村民1521食物耗尽！
⚠️ 第55天，村民1521缺水！
⚠️ 第55天，村民1522食物耗尽！
⚠️ 第55天，村民1522缺水！
⚠️ 第55天，村民1523食物耗尽！
⚠️ 第55天，村民1523缺水！
⚠️ 第55天，村民1524食物耗尽！
⚠️ 第55天，村民1524缺水！
⚠️ 第55天，村民1525食物耗尽！
⚠️ 第55天，村民1525缺水！
⚠️ 第55天，村民1526食物耗尽！
⚠️ 第55天，村民1526缺水！
⚠️ 第55天，村民1527食物耗尽！
⚠️ 第55天，村民1527缺水！
⚠️ 第55天，村民1528食物耗尽！
⚠️ 第55天，村民1528缺水！
⚠️ 第55天，村民1529食物耗尽！
⚠️ 第55天，村民1529缺水！
⚠️ 第55天，村民1530食物耗尽！
⚠️ 第55天，村民1530缺水！
⚠️ 第55天，村民1531食物耗尽！
⚠️ 第55天，村民1531缺水！
⚠️ 第55天，村民1532食物耗尽！
⚠️ 第55天，村民1532缺水！
⚠️ 第55天，村民1533食物耗尽！
⚠️ 第55天，村民1533缺水！
⚠️ 第55天，村民1534食物耗尽！
⚠️ 第55天，村民1534缺水！
⚠️ 第55天，村民1535食物耗尽！
⚠️ 第55天，村民1535缺水！
⚠️ 第55天，村民1536食物耗尽！
⚠️ 第55天，村民1536缺水！
⚠️ 第55天，村民1537食物耗尽！
⚠️ 第55天，村民1537缺水！
⚠️ 第55天，村民1538食物耗尽！
⚠️ 第55天，村民1538缺水！
⚠️ 第55天，村民1539食物耗尽！
⚠️ 第55天，村民1539缺水！
⚠️ 第55天，村民1540食物耗尽！
⚠️ 第55天，村民1540缺水！
⚠️ 第55天，村民1541食物耗尽！
⚠️ 第55天，村民1541缺水！
⚠️ 第55天，村民1542食物耗尽！
⚠️ 第55天，村民1542缺水！
⚠️ 第55天，村民1543食物耗尽！
⚠️ 第55天，村民1543缺水！
⚠️ 第55天，村民1544食物耗尽！
⚠️ 第55天，村民1544缺水！
⚠️ 第55天，村民1545食物耗尽！
⚠️ 第55天，村民1545缺水！
⚠️ 第55天，村民1546食物耗尽！
⚠️ 第55天，村民1546缺水！
⚠️ 第55天，村民1547食物耗尽！
⚠️ 第55天，村民1547缺水！
⚠️ 第55天，村民1548食物耗尽！
⚠️ 第55天，村民1548缺水！
⚠️ 第55天，村民1549食物耗尽！
⚠️ 第55天，村民1549缺水！
⚠️ 第55天，村民1550食物耗尽！
⚠️ 第55天，村民1550缺水！
⚠️ 第55天，村民1551食物耗尽！
⚠️ 第55天，村民1551缺水！
⚠️ 第55天，村民1552食物耗尽！
⚠️ 第55天，村民1552缺水！
⚠️ 第55天，村民1553食物耗尽！
⚠️ 第55天，村民1553缺水！
⚠️ 第55天，村民1554食物耗尽！
⚠️ 第55天，村民1554缺水！
⚠️ 第55天，村民1555食物耗尽！
⚠️ 第55天，村民1555缺水！
⚠️ 第55天，村民1556食物耗尽！
⚠️ 第55天，村民1556缺水！
⚠️ 第55天，村民1557食物耗尽！
⚠️ 第55天，村民1557缺水！
⚠️ 第55天，村民1558食物耗尽！
⚠️ 第55天，村民1558缺水！
⚠️ 第55天，村民1559食物耗尽！
⚠️ 第55天，村民1559缺水！
⚠️ 第55天，村民1560食物耗尽！
⚠️ 第55天，村民1560缺水！
⚠️ 第55天，村民1561食物耗尽！
⚠️ 第55天，村民1561缺水！
⚠️ 第55天，村民1562食物耗尽！
⚠️ 第55天，村民1562缺水！
⚠️ 第55天，村民1563食物耗尽！
⚠️ 第55天，村民1563缺水！
⚠️ 第55天，村民1564食物耗尽！
⚠️ 第55天，村民1564缺水！
⚠️ 第55天，村民1565食物耗尽！
⚠️ 第55天，村民1565缺水！
⚠️ 第55天，村民1566食物耗尽！
⚠️ 第55天，村民1566缺水！
⚠️ 第55天，村民1567食物耗尽！
⚠️ 第55天，村民1567缺水！
⚠️ 第55天，村民1568食物耗尽！
⚠️ 第55天，村民1568缺水！
⚠️ 第55天，村民1569食物耗尽！
⚠️ 第55天，村民1569缺水！
⚠️ 第55天，村民1570食物耗尽！
⚠️ 第55天，村民1570缺水！
⚠️ 第55天，村民1571食物耗尽！
⚠️ 第55天，村民1571缺水！
⚠️ 第55天，村民1572食物耗尽！
⚠️ 第55天，村民1572缺水！
⚠️ 第55天，村民1573食物耗尽！
⚠️ 第55天，村民1573缺水！
⚠️ 第55天，村民1574食物耗尽！
⚠️ 第55天，村民1574缺水！
⚠️ 第55天，村民1575食物耗尽！
⚠️ 第55天，村民1575缺水！
⚠️ 第55天，村民1576食物耗尽！
⚠️ 第55天，村民1576缺水！
⚠️ 第55天，村民1577食物耗尽！
⚠️ 第55天，村民1577缺水！
⚠️ 第55天，村民1578食物耗尽！
⚠️ 第55天，村民1578缺水！
⚠️ 第55天，村民1579食物耗尽！
⚠️ 第55天，村民1579缺水！
⚠️ 第55天，村民1580食物耗尽！
⚠️ 第55天，村民1580缺水！
⚠️ 第55天，村民1581食物耗尽！
⚠️ 第55天，村民1581缺水！
⚠️ 第55天，村民1582食物耗尽！
⚠️ 第55天，村民1582缺水！
⚠️ 第55天，村民1583食物耗尽！
⚠️ 第55天，村民1583缺水！
⚠️ 第55天，村民1584食物耗尽！
⚠️ 第55天，村民1584缺水！
⚠️ 第55天，村民1585食物耗尽！
⚠️ 第55天，村民1585缺水！
⚠️ 第55天，村民1586食物耗尽！
⚠️ 第55天，村民1586缺水！
⚠️ 第55天，村民1587食物耗尽！
⚠️ 第55天，村民1587缺水！
⚠️ 第55天，村民1588食物耗尽！
⚠️ 第55天，村民1588缺水！
⚠️ 第55天，村民1589食物耗尽！
⚠️ 第55天，村民1589缺水！
⚠️ 第55天，村民1590食物耗尽！
⚠️ 第55天，村民1590缺水！
⚠️ 第55天，村民1591食物耗尽！
⚠️ 第55天，村民1591缺水！
⚠️ 第55天，村民1592食物耗尽！
⚠️ 第55天，村民1592缺水！
⚠️ 第55天，村民1593食物耗尽！
⚠️ 第55天，村民1593缺水！
⚠️ 第55天，村民1594食物耗尽！
⚠️ 第55天，村民1594缺水！
⚠️ 第55天，村民1595食物耗尽！
⚠️ 第55天，村民1595缺水！
⚠️ 第55天，村民1596食物耗尽！
⚠️ 第55天，村民1596缺水！
⚠️ 第55天，村民1597食物耗尽！
⚠️ 第55天，村民1597缺水！
⚠️ 第55天，村民1598食物耗尽！
⚠️ 第55天，村民1598缺水！
⚠️ 第55天，村民1599食物耗尽！
⚠️ 第55天，村民1599缺水！
⚠️ 第55天，村民1600食物耗尽！
⚠️ 第55天，村民1600缺水！
⚠️ 第55天，村民1601食物耗尽！
⚠️ 第55天，村民1601缺水！
⚠️ 第55天，村民1602食物耗尽！
⚠️ 第55天，村民1602缺水！
⚠️ 第55天，村民1603食物耗尽！
⚠️ 第55天，村民1603缺水！
⚠️ 第55天，村民1604食物耗尽！
⚠️ 第55天，村民1604缺水！
⚠️ 第55天，村民1605食物耗尽！
⚠️ 第55天，村民1605缺水！
⚠️ 第55天，村民1606食物耗尽！
⚠️ 第55天，村民1606缺水！
⚠️ 第55天，村民1607食物耗尽！
⚠️ 第55天，村民1607缺水！
⚠️ 第55天，村民1608食物耗尽！
⚠️ 第55天，村民1608缺水！
⚠️ 第55天，村民1609食物耗尽！
⚠️ 第55天，村民1609缺水！
⚠️ 第55天，村民1610食物耗尽！
⚠️ 第55天，村民1610缺水！
⚠️ 第55天，村民1611食物耗尽！
⚠️ 第55天，村民1611缺水！
⚠️ 第55天，村民1612食物耗尽！
⚠️ 第55天，村民1612缺水！
⚠️ 第55天，村民1613食物耗尽！
⚠️ 第55天，村民1613缺水！
⚠️ 第55天，村民1614食物耗尽！
⚠️ 第55天，村民1614缺水！
⚠️ 第55天，村民1615食物耗尽！
⚠️ 第55天，村民1615缺水！
⚠️ 第55天，村民1616食物耗尽！
⚠️ 第55天，村民1616缺水！
⚠️ 第55天，村民1617食物耗尽！
⚠️ 第55天，村民1617缺水！
⚠️ 第55天，村民1618食物耗尽！
⚠️ 第55天，村民1618缺水！
⚠️ 第55天，村民1619食物耗尽！
⚠️ 第55天，村民1619缺水！
⚠️ 第55天，村民1620食物耗尽！
⚠️ 第55天，村民1620缺水！
⚠️ 第55天，村民1621食物耗尽！
⚠️ 第55天，村民1621缺水！
⚠️ 第55天，村民1622食物耗尽！
⚠️ 第55天，村民1622缺水！
⚠️ 第55天，村民1623食物耗尽！
⚠️ 第55天，村民1623缺水！
⚠️ 第55天，村民1624食物耗尽！
⚠️ 第55天，村民1624缺水！
⚠️ 第55天，村民1625食物耗尽！
⚠️ 第55天，村民1625缺水！
⚠️ 第55天，村民1626食物耗尽！
⚠️ 第55天，村民1626缺水！
⚠️ 第55天，村民1627食物耗尽！
⚠️ 第55天，村民1627缺水！
⚠️ 第55天，村民1628食物耗尽！
⚠️ 第55天，村民1628缺水！
⚠️ 第55天，村民1629食物耗尽！
⚠️ 第55天，村民1629缺水！
⚠️ 第55天，村民1630食物耗尽！
⚠️ 第55天，村民1630缺水！
⚠️ 第55天，村民1631食物耗尽！
⚠️ 第55天，村民1631缺水！
⚠️ 第55天，村民1632食物耗尽！
⚠️ 第55天，村民1632缺水！
⚠️ 第55天，村民1633食物耗尽！
⚠️ 第55天，村民1633缺水！
⚠️ 第55天，村民1634食物耗尽！
⚠️ 第55天，村民1634缺水！
⚠️ 第55天，村民1635食物耗尽！
⚠️ 第55天，村民1635缺水！
⚠️ 第55天，村民1636食物耗尽！
⚠️ 第55天，村民1636缺水！
⚠️ 第55天，村民1637食物耗尽！
⚠️ 第55天，村民1637缺水！
⚠️ 第55天，村民1638食物耗尽！
⚠️ 第55天，村民1638缺水！
⚠️ 第55天，村民1639食物耗尽！
⚠️ 第55天，村民1639缺水！
⚠️ 第55天，村民1640食物耗尽！
⚠️ 第55天，村民1640缺水！
⚠️ 第55天，村民1641食物耗尽！
⚠️ 第55天，村民1641缺水！
⚠️ 第55天，村民1642食物耗尽！
⚠️ 第55天，村民1642缺水！
⚠️ 第55天，村民1643食物耗尽！
⚠️ 第55天，村民1643缺水！
⚠️ 第55天，村民1644食物耗尽！
⚠️ 第55天，村民1644缺水！
⚠️ 第55天，村民1645食物耗尽！
⚠️ 第55天，村民1645缺水！
⚠️ 第55天，村民1646食物耗尽！
⚠️ 第55天，村民1646缺水！
⚠️ 第55天，村民1647食物耗尽！
⚠️ 第55天，村民1647缺水！
⚠️ 第55天，村民1648食物耗尽！
⚠️ 第55天，村民1648缺水！
⚠️ 第55天，村民1649食物耗尽！
⚠️ 第55天，村民1649缺水！
⚠️ 第55天，村民1650食物耗尽！
⚠️ 第55天，村民1650缺水！
⚠️ 第55天，村民1651食物耗尽！
⚠️ 第55天，村民1651缺水！
⚠️ 第55天，村民1652食物耗尽！
⚠️ 第55天，村民1652缺水！
⚠️ 第55天，村民1653食物耗尽！
⚠️ 第55天，村民1653缺水！
⚠️ 第55天，村民1654食物耗尽！
⚠️ 第55天，村民1654缺水！
⚠️ 第55天，村民1655食物耗尽！
⚠️ 第55天，村民1655缺水！
⚠️ 第55天，村民1656食物耗尽！
⚠️ 第55天，村民1656缺水！
⚠️ 第55天，村民1657食物耗尽！
⚠️ 第55天，村民1657缺水！
⚠️ 第55天，村民1658食物耗尽！
⚠️ 第55天，村民1658缺水！
⚠️ 第55天，村民1659食物耗尽！
⚠️ 第55天，村民1659缺水！
⚠️ 第55天，村民1660食物耗尽！
⚠️ 第55天，村民1660缺水！
⚠️ 第55天，村民1661食物耗尽！
⚠️ 第55天，村民1661缺水！
⚠️ 第55天，村民1662食物耗尽！
⚠️ 第55天，村民1662缺水！
⚠️ 第55天，村民1663食物耗尽！
⚠️ 第55天，村民1663缺水！
⚠️ 第55天，村民1664食物耗尽！
⚠️ 第55天，村民1664缺水！
⚠️ 第55天，村民1665食物耗尽！
⚠️ 第55天，村民1665缺水！
⚠️ 第55天，村民1666食物耗尽！
⚠️ 第55天，村民1666缺水！
⚠️ 第55天，村民1667食物耗尽！
⚠️ 第55天，村民1667缺水！
⚠️ 第55天，村民1668食物耗尽！
⚠️ 第55天，村民1668缺水！
⚠️ 第55天，村民1669食物耗尽！
⚠️ 第55天，村民1669缺水！
⚠️ 第55天，村民1670食物耗尽！
⚠️ 第55天，村民1670缺水！
⚠️ 第55天，村民1671食物耗尽！
⚠️ 第55天，村民1671缺水！
⚠️ 第55天，村民1672食物耗尽！
⚠️ 第55天，村民1672缺水！
⚠️ 第55天，村民1673食物耗尽！
⚠️ 第55天，村民1673缺水！
⚠️ 第55天，村民1674食物耗尽！
⚠️ 第55天，村民1674缺水！
⚠️ 第55天，村民1675食物耗尽！
⚠️ 第55天，村民1675缺水！
⚠️ 第55天，村民1676食物耗尽！
⚠️ 第55天，村民1676缺水！
⚠️ 第55天，村民1677食物耗尽！
⚠️ 第55天，村民1677缺水！
⚠️ 第55天，村民1678食物耗尽！
⚠️ 第55天，村民1678缺水！
⚠️ 第55天，村民1679食物耗尽！
⚠️ 第55天，村民1679缺水！
⚠️ 第55天，村民1680食物耗尽！
⚠️ 第55天，村民1680缺水！
⚠️ 第55天，村民1681食物耗尽！
⚠️ 第55天，村民1681缺水！
⚠️ 第55天，村民1682食物耗尽！
⚠️ 第55天，村民1682缺水！
⚠️ 第55天，村民1683食物耗尽！
⚠️ 第55天，村民1683缺水！
⚠️ 第55天，村民1684食物耗尽！
⚠️ 第55天，村民1684缺水！
⚠️ 第55天，村民1685食物耗尽！
⚠️ 第55天，村民1685缺水！
⚠️ 第55天，村民1686食物耗尽！
⚠️ 第55天，村民1686缺水！
⚠️ 第55天，村民1687食物耗尽！
⚠️ 第55天，村民1687缺水！
⚠️ 第55天，村民1688食物耗尽！
⚠️ 第55天，村民1688缺水！
⚠️ 第55天，村民1689食物耗尽！
⚠️ 第55天，村民1689缺水！
⚠️ 第55天，村民1690食物耗尽！
⚠️ 第55天，村民1690缺水！
⚠️ 第55天，村民1691食物耗尽！
⚠️ 第55天，村民1691缺水！
⚠️ 第55天，村民1692食物耗尽！
⚠️ 第55天，村民1692缺水！
⚠️ 第55天，村民1693食物耗尽！
⚠️ 第55天，村民1693缺水！
⚠️ 第55天，村民1694食物耗尽！
⚠️ 第55天，村民1694缺水！
⚠️ 第55天，村民1695食物耗尽！
⚠️ 第55天，村民1695缺水！
⚠️ 第55天，村民1696食物耗尽！
⚠️ 第55天，村民1696缺水！
⚠️ 第55天，村民1697食物耗尽！
⚠️ 第55天，村民1697缺水！
⚠️ 第55天，村民1698食物耗尽！
⚠️ 第55天，村民1698缺水！
⚠️ 第55天，村民1699食物耗尽！
⚠️ 第55天，村民1699缺水！
⚠️ 第55天，村民1700食物耗尽！
⚠️ 第55天，村民1700缺水！
⚠️ 第55天，村民1701食物耗尽！
⚠️ 第55天，村民1701缺水！
⚠️ 第55天，村民1702食物耗尽！
⚠️ 第55天，村民1702缺水！
⚠️ 第55天，村民1703食物耗尽！
⚠️ 第55天，村民1703缺水！
⚠️ 第55天，村民1704食物耗尽！
⚠️ 第55天，村民1704缺水！
⚠️ 第55天，村民1705食物耗尽！
⚠️ 第55天，村民1705缺水！
⚠️ 第55天，村民1706食物耗尽！
⚠️ 第55天，村民1706缺水！
⚠️ 第55天，村民1707食物耗尽！
⚠️ 第55天，村民1707缺水！
⚠️ 第55天，村民1708食物耗尽！
⚠️ 第55天，村民1708缺水！
⚠️ 第55天，村民1709食物耗尽！
⚠️ 第55天，村民1709缺水！
⚠️ 第55天，村民1710食物耗尽！
⚠️ 第55天，村民1710缺水！
⚠️ 第55天，村民1711食物耗尽！
⚠️ 第55天，村民1711缺水！
⚠️ 第55天，村民1712食物耗尽！
⚠️ 第55天，村民1712缺水！
⚠️ 第55天，村民1713食物耗尽！
⚠️ 第55天，村民1713缺水！
⚠️ 第55天，村民1714食物耗尽！
⚠️ 第55天，村民1714缺水！
⚠️ 第55天，村民1715食物耗尽！
⚠️ 第55天，村民1715缺水！
⚠️ 第55天，村民1716食物耗尽！
⚠️ 第55天，村民1716缺水！
⚠️ 第55天，村民1717食物耗尽！
⚠️ 第55天，村民1717缺水！
⚠️ 第55天，村民1718食物耗尽！
⚠️ 第55天，村民1718缺水！
⚠️ 第55天，村民1719食物耗尽！
⚠️ 第55天，村民1719缺水！
⚠️ 第55天，村民1720食物耗尽！
⚠️ 第55天，村民1720缺水！
⚠️ 第55天，村民1721食物耗尽！
⚠️ 第55天，村民1721缺水！
⚠️ 第55天，村民1722食物耗尽！
⚠️ 第55天，村民1722缺水！
⚠️ 第55天，村民1723食物耗尽！
⚠️ 第55天，村民1723缺水！
⚠️ 第55天，村民1724食物耗尽！
⚠️ 第55天，村民1724缺水！
⚠️ 第55天，村民1725食物耗尽！
⚠️ 第55天，村民1725缺水！
⚠️ 第55天，村民1726食物耗尽！
⚠️ 第55天，村民1726缺水！
⚠️ 第55天，村民1727食物耗尽！
⚠️ 第55天，村民1727缺水！
⚠️ 第55天，村民1728食物耗尽！
⚠️ 第55天，村民1728缺水！
⚠️ 第55天，村民1729食物耗尽！
⚠️ 第55天，村民1729缺水！
⚠️ 第55天，村民1730食物耗尽！
⚠️ 第55天，村民1730缺水！
⚠️ 第55天，村民1731食物耗尽！
⚠️ 第55天，村民1731缺水！
⚠️ 第55天，村民1732食物耗尽！
⚠️ 第55天，村民1732缺水！
⚠️ 第55天，村民1733食物耗尽！
⚠️ 第55天，村民1733缺水！
⚠️ 第55天，村民1734食物耗尽！
⚠️ 第55天，村民1734缺水！
⚠️ 第55天，村民1735食物耗尽！
⚠️ 第55天，村民1735缺水！
⚠️ 第55天，村民1736食物耗尽！
⚠️ 第55天，村民1736缺水！
⚠️ 第55天，村民1737食物耗尽！
⚠️ 第55天，村民1737缺水！
⚠️ 第55天，村民1738食物耗尽！
⚠️ 第55天，村民1738缺水！
⚠️ 第55天，村民1739食物耗尽！
⚠️ 第55天，村民1739缺水！
⚠️ 第55天，村民1740食物耗尽！
⚠️ 第55天，村民1740缺水！
⚠️ 第55天，村民1741食物耗尽！
⚠️ 第55天，村民1741缺水！
⚠️ 第55天，村民1742食物耗尽！
⚠️ 第55天，村民1742缺水！
⚠️ 第55天，村民1743食物耗尽！
⚠️ 第55天，村民1743缺水！
⚠️ 第55天，村民1744食物耗尽！
⚠️ 第55天，村民1744缺水！
⚠️ 第55天，村民1745食物耗尽！
⚠️ 第55天，村民1745缺水！
⚠️ 第55天，村民1746食物耗尽！
⚠️ 第55天，村民1746缺水！
⚠️ 第55天，村民1747食物耗尽！
⚠️ 第55天，村民1747缺水！
⚠️ 第55天，村民1748食物耗尽！
⚠️ 第55天，村民1748缺水！
⚠️ 第55天，村民1749食物耗尽！
⚠️ 第55天，村民1749缺水！
⚠️ 第55天，村民1750食物耗尽！
⚠️ 第55天，村民1750缺水！
⚠️ 第55天，村民1751食物耗尽！
⚠️ 第55天，村民1751缺水！
⚠️ 第55天，村民1752食物耗尽！
⚠️ 第55天，村民1752缺水！
⚠️ 第55天，村民1753食物耗尽！
⚠️ 第55天，村民1753缺水！
⚠️ 第55天，村民1754食物耗尽！
⚠️ 第55天，村民1754缺水！
⚠️ 第55天，村民1755食物耗尽！
⚠️ 第55天，村民1755缺水！
⚠️ 第55天，村民1756食物耗尽！
⚠️ 第55天，村民1756缺水！
⚠️ 第55天，村民1757食物耗尽！
⚠️ 第55天，村民1757缺水！
⚠️ 第55天，村民1758食物耗尽！
⚠️ 第55天，村民1758缺水！
⚠️ 第55天，村民1759食物耗尽！
⚠️ 第55天，村民1759缺水！
⚠️ 第55天，村民1760食物耗尽！
⚠️ 第55天，村民1760缺水！
⚠️ 第55天，村民1761食物耗尽！
⚠️ 第55天，村民1761缺水！
⚠️ 第55天，村民1762食物耗尽！
⚠️ 第55天，村民1762缺水！
⚠️ 第55天，村民1763食物耗尽！
⚠️ 第55天，村民1763缺水！
⚠️ 第55天，村民1764食物耗尽！
⚠️ 第55天，村民1764缺水！
⚠️ 第55天，村民1765食物耗尽！
⚠️ 第55天，村民1765缺水！
⚠️ 第55天，村民1766食物耗尽！
⚠️ 第55天，村民1766缺水！
⚠️ 第55天，村民1767食物耗尽！
⚠️ 第55天，村民1767缺水！
⚠️ 第55天，村民1768食物耗尽！
⚠️ 第55天，村民1768缺水！
⚠️ 第55天，村民1769食物耗尽！
⚠️ 第55天，村民1769缺水！
⚠️ 第55天，村民1770食物耗尽！
⚠️ 第55天，村民1770缺水！
⚠️ 第55天，村民1771食物耗尽！
⚠️ 第55天，村民1771缺水！
⚠️ 第55天，村民1772食物耗尽！
⚠️ 第55天，村民1772缺水！
⚠️ 第55天，村民1773食物耗尽！
⚠️ 第55天，村民1773缺水！
⚠️ 第55天，村民1774食物耗尽！
⚠️ 第55天，村民1774缺水！
⚠️ 第55天，村民1775食物耗尽！
⚠️ 第55天，村民1775缺水！
⚠️ 第55天，村民1776食物耗尽！
⚠️ 第55天，村民1776缺水！
⚠️ 第55天，村民1777食物耗尽！
⚠️ 第55天，村民1777缺水！
⚠️ 第55天，村民1778食物耗尽！
⚠️ 第55天，村民1778缺水！
⚠️ 第55天，村民1779食物耗尽！
⚠️ 第55天，村民1779缺水！
⚠️ 第55天，村民1780食物耗尽！
⚠️ 第55天，村民1780缺水！
⚠️ 第55天，村民1781食物耗尽！
⚠️ 第55天，村民1781缺水！
⚠️ 第55天，村民1782食物耗尽！
⚠️ 第55天，村民1782缺水！
⚠️ 第55天，村民1783食物耗尽！
⚠️ 第55天，村民1783缺水！
⚠️ 第55天，村民1784食物耗尽！
⚠️ 第55天，村民1784缺水！
⚠️ 第55天，村民1785食物耗尽！
⚠️ 第55天，村民1785缺水！
⚠️ 第55天，村民1786食物耗尽！
⚠️ 第55天，村民1786缺水！
⚠️ 第55天，村民1787食物耗尽！
⚠️ 第55天，村民1787缺水！
⚠️ 第55天，村民1788食物耗尽！
⚠️ 第55天，村民1788缺水！
⚠️ 第55天，村民1789食物耗尽！
⚠️ 第55天，村民1789缺水！
⚠️ 第55天，村民1790食物耗尽！
⚠️ 第55天，村民1790缺水！
⚠️ 第55天，村民1791食物耗尽！
⚠️ 第55天，村民1791缺水！
⚠️ 第55天，村民1792食物耗尽！
⚠️ 第55天，村民1792缺水！
⚠️ 第55天，村民1793食物耗尽！
⚠️ 第55天，村民1793缺水！
⚠️ 第55天，村民1794食物耗尽！
⚠️ 第55天，村民1794缺水！
⚠️ 第55天，村民1795食物耗尽！
⚠️ 第55天，村民1795缺水！
⚠️ 第55天，村民1796食物耗尽！
⚠️ 第55天，村民1796缺水！
⚠️ 第55天，村民1797食物耗尽！
⚠️ 第55天，村民1797缺水！
⚠️ 第55天，村民1798食物耗尽！
⚠️ 第55天，村民1798缺水！
⚠️ 第55天，村民1799食物耗尽！
⚠️ 第55天，村民1799缺水！
⚠️ 第55天，村民1800食物耗尽！
⚠️ 第55天，村民1800缺水！
⚠️ 第55天，村民1801食物耗尽！
⚠️ 第55天，村民1801缺水！
⚠️ 第55天，村民1802食物耗尽！
⚠️ 第55天，村民1802缺水！
⚠️ 第55天，村民1803食物耗尽！
⚠️ 第55天，村民1803缺水！
⚠️ 第55天，村民1804食物耗尽！
⚠️ 第55天，村民1804缺水！
⚠️ 第55天，村民1805食物耗尽！
⚠️ 第55天，村民1805缺水！
⚠️ 第55天，村民1806食物耗尽！
⚠️ 第55天，村民1806缺水！
⚠️ 第55天，村民1807食物耗尽！
⚠️ 第55天，村民1807缺水！
⚠️ 第55天，村民1808食物耗尽！
⚠️ 第55天，村民1808缺水！
⚠️ 第55天，村民1809食物耗尽！
⚠️ 第55天，村民1809缺水！
⚠️ 第55天，村民1810食物耗尽！
⚠️ 第55天，村民1810缺水！
⚠️ 第55天，村民1811食物耗尽！
⚠️ 第55天，村民1811缺水！
⚠️ 第55天，村民1812食物耗尽！
⚠️ 第55天，村民1812缺水！
⚠️ 第55天，村民1813食物耗尽！
⚠️ 第55天，村民1813缺水！
⚠️ 第55天，村民1814食物耗尽！
⚠️ 第55天，村民1814缺水！
⚠️ 第55天，村民1815食物耗尽！
⚠️ 第55天，村民1815缺水！
⚠️ 第55天，村民1816食物耗尽！
⚠️ 第55天，村民1816缺水！
⚠️ 第55天，村民1817食物耗尽！
⚠️ 第55天，村民1817缺水！
⚠️ 第55天，村民1818食物耗尽！
⚠️ 第55天，村民1818缺水！
⚠️ 第55天，村民1819食物耗尽！
⚠️ 第55天，村民1819缺水！
⚠️ 第55天，村民1820食物耗尽！
⚠️ 第55天，村民1820缺水！
⚠️ 第55天，村民1821食物耗尽！
⚠️ 第55天，村民1821缺水！
⚠️ 第55天，村民1822食物耗尽！
⚠️ 第55天，村民1822缺水！
⚠️ 第55天，村民1823食物耗尽！
⚠️ 第55天，村民1823缺水！
⚠️ 第55天，村民1824食物耗尽！
⚠️ 第55天，村民1824缺水！
⚠️ 第55天，村民1825食物耗尽！
⚠️ 第55天，村民1825缺水！
⚠️ 第55天，村民1826食物耗尽！
⚠️ 第55天，村民1826缺水！
⚠️ 第55天，村民1827食物耗尽！
⚠️ 第55天，村民1827缺水！
⚠️ 第55天，村民1828食物耗尽！
⚠️ 第55天，村民1828缺水！
⚠️ 第55天，村民1829食物耗尽！
⚠️ 第55天，村民1829缺水！
⚠️ 第55天，村民1830食物耗尽！
⚠️ 第55天，村民1830缺水！
⚠️ 第55天，村民1831食物耗尽！
⚠️ 第55天，村民1831缺水！
⚠️ 第55天，村民1832食物耗尽！
⚠️ 第55天，村民1832缺水！
⚠️ 第55天，村民1833食物耗尽！
⚠️ 第55天，村民1833缺水！
⚠️ 第55天，村民1834食物耗尽！
⚠️ 第55天，村民1834缺水！
⚠️ 第55天，村民1835食物耗尽！
⚠️ 第55天，村民1835缺水！
⚠️ 第55天，村民1836食物耗尽！
⚠️ 第55天，村民1836缺水！
⚠️ 第55天，村民1837食物耗尽！
⚠️ 第55天，村民1837缺水！
⚠️ 第55天，村民1838食物耗尽！
⚠️ 第55天，村民1838缺水！
⚠️ 第55天，村民1839食物耗尽！
⚠️ 第55天，村民1839缺水！
⚠️ 第55天，村民1840食物耗尽！
⚠️ 第55天，村民1840缺水！
⚠️ 第55天，村民1841食物耗尽！
⚠️ 第55天，村民1841缺水！
⚠️ 第55天，村民1842食物耗尽！
⚠️ 第55天，村民1842缺水！
⚠️ 第55天，村民1843食物耗尽！
⚠️ 第55天，村民1843缺水！
⚠️ 第55天，村民1844食物耗尽！
⚠️ 第55天，村民1844缺水！
⚠️ 第55天，村民1845食物耗尽！
⚠️ 第55天，村民1845缺水！
⚠️ 第55天，村民1846食物耗尽！
⚠️ 第55天，村民1846缺水！
⚠️ 第55天，村民1847食物耗尽！
⚠️ 第55天，村民1847缺水！
⚠️ 第55天，村民1848食物耗尽！
⚠️ 第55天，村民1848缺水！
⚠️ 第55天，村民1849食物耗尽！
⚠️ 第55天，村民1849缺水！
⚠️ 第55天，村民1850食物耗尽！
⚠️ 第55天，村民1850缺水！
⚠️ 第55天，村民1851食物耗尽！
⚠️ 第55天，村民1851缺水！
⚠️ 第55天，村民1852食物耗尽！
⚠️ 第55天，村民1852缺水！
⚠️ 第55天，村民1853食物耗尽！
⚠️ 第55天，村民1853缺水！
⚠️ 第55天，村民1854食物耗尽！
⚠️ 第55天，村民1854缺水！
⚠️ 第55天，村民1855食物耗尽！
⚠️ 第55天，村民1855缺水！
⚠️ 第55天，村民1856食物耗尽！
⚠️ 第55天，村民1856缺水！
⚠️ 第55天，村民1857食物耗尽！
⚠️ 第55天，村民1857缺水！
⚠️ 第55天，村民1858食物耗尽！
⚠️ 第55天，村民1858缺水！
⚠️ 第55天，村民1859食物耗尽！
⚠️ 第55天，村民1859缺水！
⚠️ 第55天，村民1860食物耗尽！
⚠️ 第55天，村民1860缺水！
⚠️ 第55天，村民1861食物耗尽！
⚠️ 第55天，村民1861缺水！
⚠️ 第55天，村民1862食物耗尽！
⚠️ 第55天，村民1862缺水！
⚠️ 第55天，村民1863食物耗尽！
⚠️ 第55天，村民1863缺水！
⚠️ 第55天，村民1864食物耗尽！
⚠️ 第55天，村民1864缺水！
⚠️ 第55天，村民1865食物耗尽！
⚠️ 第55天，村民1865缺水！
⚠️ 第55天，村民1866食物耗尽！
⚠️ 第55天，村民1866缺水！
⚠️ 第55天，村民1867食物耗尽！
⚠️ 第55天，村民1867缺水！
⚠️ 第55天，村民1868食物耗尽！
⚠️ 第55天，村民1868缺水！
⚠️ 第55天，村民1869食物耗尽！
⚠️ 第55天，村民1869缺水！
⚠️ 第55天，村民1870食物耗尽！
⚠️ 第55天，村民1870缺水！
⚠️ 第55天，村民1871食物耗尽！
⚠️ 第55天，村民1871缺水！
⚠️ 第55天，村民1872食物耗尽！
⚠️ 第55天，村民1872缺水！
⚠️ 第55天，村民1873食物耗尽！
⚠️ 第55天，村民1873缺水！
⚠️ 第55天，村民1874食物耗尽！
⚠️ 第55天，村民1874缺水！
⚠️ 第55天，村民1875食物耗尽！
⚠️ 第55天，村民1875缺水！
⚠️ 第55天，村民1876食物耗尽！
⚠️ 第55天，村民1876缺水！
⚠️ 第55天，村民1877食物耗尽！
⚠️ 第55天，村民1877缺水！
⚠️ 第55天，村民1878食物耗尽！
⚠️ 第55天，村民1878缺水！
⚠️ 第55天，村民1879食物耗尽！
⚠️ 第55天，村民1879缺水！
⚠️ 第55天，村民1880食物耗尽！
⚠️ 第55天，村民1880缺水！
⚠️ 第55天，村民1881食物耗尽！
⚠️ 第55天，村民1881缺水！
⚠️ 第55天，村民1882食物耗尽！
⚠️ 第55天，村民1882缺水！
⚠️ 第55天，村民1883食物耗尽！
⚠️ 第55天，村民1883缺水！
⚠️ 第55天，村民1884食物耗尽！
⚠️ 第55天，村民1884缺水！
⚠️ 第55天，村民1885食物耗尽！
⚠️ 第55天，村民1885缺水！
⚠️ 第55天，村民1886食物耗尽！
⚠️ 第55天，村民1886缺水！
⚠️ 第55天，村民1887食物耗尽！
⚠️ 第55天，村民1887缺水！
⚠️ 第55天，村民1888食物耗尽！
⚠️ 第55天，村民1888缺水！
⚠️ 第55天，村民1889食物耗尽！
⚠️ 第55天，村民1889缺水！
⚠️ 第55天，村民1890食物耗尽！
⚠️ 第55天，村民1890缺水！
⚠️ 第55天，村民1891食物耗尽！
⚠️ 第55天，村民1891缺水！
⚠️ 第55天，村民1892食物耗尽！
⚠️ 第55天，村民1892缺水！
⚠️ 第55天，村民1893食物耗尽！
⚠️ 第55天，村民1893缺水！
⚠️ 第55天，村民1894食物耗尽！
⚠️ 第55天，村民1894缺水！
⚠️ 第55天，村民1895食物耗尽！
⚠️ 第55天，村民1895缺水！
⚠️ 第55天，村民1896食物耗尽！
⚠️ 第55天，村民1896缺水！
⚠️ 第55天，村民1897食物耗尽！
⚠️ 第55天，村民1897缺水！
⚠️ 第55天，村民1898食物耗尽！
⚠️ 第55天，村民1898缺水！
⚠️ 第55天，村民1899食物耗尽！
⚠️ 第55天，村民1899缺水！
⚠️ 第55天，村民1900食物耗尽！
⚠️ 第55天，村民1900缺水！
⚠️ 第55天，村民1901食物耗尽！
⚠️ 第55天，村民1901缺水！
⚠️ 第55天，村民1902食物耗尽！
⚠️ 第55天，村民1902缺水！
⚠️ 第55天，村民1903食物耗尽！
⚠️ 第55天，村民1903缺水！
⚠️ 第55天，村民1904食物耗尽！
⚠️ 第55天，村民1904缺水！
⚠️ 第55天，村民1905食物耗尽！
⚠️ 第55天，村民1905缺水！
⚠️ 第55天，村民1906食物耗尽！
⚠️ 第55天，村民1906缺水！
⚠️ 第55天，村民1907食物耗尽！
⚠️ 第55天，村民1907缺水！
⚠️ 第55天，村民1908食物耗尽！
⚠️ 第55天，村民1908缺水！
⚠️ 第55天，村民1909食物耗尽！
⚠️ 第55天，村民1909缺水！
⚠️ 第55天，村民1910食物耗尽！
⚠️ 第55天，村民1910缺水！
⚠️ 第55天，村民1911食物耗尽！
⚠️ 第55天，村民1911缺水！
⚠️ 第55天，村民1912食物耗尽！
⚠️ 第55天，村民1912缺水！
⚠️ 第55天，村民1913食物耗尽！
⚠️ 第55天，村民1913缺水！
⚠️ 第55天，村民1914食物耗尽！
⚠️ 第55天，村民1914缺水！
⚠️ 第55天，村民1915食物耗尽！
⚠️ 第55天，村民1915缺水！
⚠️ 第55天，村民1916食物耗尽！
⚠️ 第55天，村民1916缺水！
⚠️ 第55天，村民1917食物耗尽！
⚠️ 第55天，村民1917缺水！
⚠️ 第55天，村民1918食物耗尽！
⚠️ 第55天，村民1918缺水！
⚠️ 第55天，村民1919食物耗尽！
⚠️ 第55天，村民1919缺水！
⚠️ 第55天，村民1920食物耗尽！
⚠️ 第55天，村民1920缺水！
⚠️ 第55天，村民1921食物耗尽！
⚠️ 第55天，村民1921缺水！
⚠️ 第55天，村民1922食物耗尽！
⚠️ 第55天，村民1922缺水！
⚠️ 第55天，村民1923食物耗尽！
⚠️ 第55天，村民1923缺水！
⚠️ 第55天，村民1924食物耗尽！
⚠️ 第55天，村民1924缺水！
⚠️ 第55天，村民1925食物耗尽！
⚠️ 第55天，村民1925缺水！
⚠️ 第55天，村民1926食物耗尽！
⚠️ 第55天，村民1926缺水！
⚠️ 第55天，村民1927食物耗尽！
⚠️ 第55天，村民1927缺水！
⚠️ 第55天，村民1928食物耗尽！
⚠️ 第55天，村民1928缺水！
⚠️ 第55天，村民1929食物耗尽！
⚠️ 第55天，村民1929缺水！
⚠️ 第55天，村民1930食物耗尽！
⚠️ 第55天，村民1930缺水！
⚠️ 第55天，村民1931食物耗尽！
⚠️ 第55天，村民1931缺水！
⚠️ 第55天，村民1932食物耗尽！
⚠️ 第55天，村民1932缺水！
⚠️ 第55天，村民1933食物耗尽！
⚠️ 第55天，村民1933缺水！
⚠️ 第55天，村民1934食物耗尽！
⚠️ 第55天，村民1934缺水！
⚠️ 第55天，村民1935食物耗尽！
⚠️ 第55天，村民1935缺水！
⚠️ 第55天，村民1936食物耗尽！
⚠️ 第55天，村民1936缺水！
⚠️ 第55天，村民1937食物耗尽！
⚠️ 第55天，村民1937缺水！
⚠️ 第55天，村民1938食物耗尽！
⚠️ 第55天，村民1938缺水！
⚠️ 第55天，村民1939食物耗尽！
⚠️ 第55天，村民1939缺水！
⚠️ 第55天，村民1940食物耗尽！
⚠️ 第55天，村民1940缺水！
⚠️ 第55天，村民1941食物耗尽！
⚠️ 第55天，村民1941缺水！
⚠️ 第55天，村民1942食物耗尽！
⚠️ 第55天，村民1942缺水！
⚠️ 第55天，村民1943食物耗尽！
⚠️ 第55天，村民1943缺水！
⚠️ 第55天，村民1944食物耗尽！
⚠️ 第55天，村民1944缺水！
⚠️ 第55天，村民1945食物耗尽！
⚠️ 第55天，村民1945缺水！
⚠️ 第55天，村民1946食物耗尽！
⚠️ 第55天，村民1946缺水！
⚠️ 第55天，村民1947食物耗尽！
⚠️ 第55天，村民1947缺水！
⚠️ 第55天，村民1948食物耗尽！
⚠️ 第55天，村民1948缺水！
⚠️ 第55天，村民1949食物耗尽！
⚠️ 第55天，村民1949缺水！
⚠️ 第55天，村民1950食物耗尽！
⚠️ 第55天，村民1950缺水！
⚠️ 第55天，村民1951食物耗尽！
⚠️ 第55天，村民1951缺水！
⚠️ 第55天，村民1952食物耗尽！
⚠️ 第55天，村民1952缺水！
⚠️ 第55天，村民1953食物耗尽！
⚠️ 第55天，村民1953缺水！
⚠️ 第55天，村民1954食物耗尽！
⚠️ 第55天，村民1954缺水！
⚠️ 第55天，村民1955食物耗尽！
⚠️ 第55天，村民1955缺水！
⚠️ 第55天，村民1956食物耗尽！
⚠️ 第55天，村民1956缺水！
⚠️ 第55天，村民1957食物耗尽！
⚠️ 第55天，村民1957缺水！
⚠️ 第55天，村民1958食物耗尽！
⚠️ 第55天，村民1958缺水！
⚠️ 第55天，村民1959食物耗尽！
⚠️ 第55天，村民1959缺水！
⚠️ 第55天，村民1960食物耗尽！
⚠️ 第55天，村民1960缺水！
⚠️ 第55天，村民1961食物耗尽！
⚠️ 第55天，村民1961缺水！
⚠️ 第55天，村民1962食物耗尽！
⚠️ 第55天，村民1962缺水！
⚠️ 第55天，村民1963食物耗尽！
⚠️ 第55天，村民1963缺水！
⚠️ 第55天，村民1964食物耗尽！
⚠️ 第55天，村民1964缺水！
⚠️ 第55天，村民1965食物耗尽！
⚠️ 第55天，村民1965缺水！
⚠️ 第55天，村民1966食物耗尽！
⚠️ 第55天，村民1966缺水！
⚠️ 第55天，村民1967食物耗尽！
⚠️ 第55天，村民1967缺水！
⚠️ 第55天，村民1968食物耗尽！
⚠️ 第55天，村民1968缺水！
⚠️ 第55天，村民1969食物耗尽！
⚠️ 第55天，村民1969缺水！
⚠️ 第55天，村民1970食物耗尽！
⚠️ 第55天，村民1970缺水！
⚠️ 第55天，村民1971食物耗尽！
⚠️ 第55天，村民1971缺水！
⚠️ 第55天，村民1972食物耗尽！
⚠️ 第55天，村民1972缺水！
⚠️ 第55天，村民1973食物耗尽！
⚠️ 第55天，村民1973缺水！
⚠️ 第55天，村民1974食物耗尽！
⚠️ 第55天，村民1974缺水！
⚠️ 第55天，村民1975食物耗尽！
⚠️ 第55天，村民1975缺水！
⚠️ 第55天，村民1976食物耗尽！
⚠️ 第55天，村民1976缺水！
⚠️ 第55天，村民1977食物耗尽！
⚠️ 第55天，村民1977缺水！
⚠️ 第55天，村民1978食物耗尽！
⚠️ 第55天，村民1978缺水！
⚠️ 第55天，村民1979食物耗尽！
⚠️ 第55天，村民1979缺水！
⚠️ 第55天，村民1980食物耗尽！
⚠️ 第55天，村民1980缺水！
⚠️ 第55天，村民1981食物耗尽！
⚠️ 第55天，村民1981缺水！
⚠️ 第55天，村民1982食物耗尽！
⚠️ 第55天，村民1982缺水！
⚠️ 第55天，村民1983食物耗尽！
⚠️ 第55天，村民1983缺水！
⚠️ 第55天，村民1984食物耗尽！
⚠️ 第55天，村民1984缺水！
⚠️ 第55天，村民1985食物耗尽！
⚠️ 第55天，村民1985缺水！
⚠️ 第55天，村民1986食物耗尽！
⚠️ 第55天，村民1986缺水！
⚠️ 第55天，村民1987食物耗尽！
⚠️ 第55天，村民1987缺水！
⚠️ 第55天，村民1988食物耗尽！
⚠️ 第55天，村民1988缺水！
⚠️ 第55天，村民1989食物耗尽！
⚠️ 第55天，村民1989缺水！
⚠️ 第55天，村民1990食物耗尽！
⚠️ 第55天，村民1990缺水！
⚠️ 第55天，村民1991食物耗尽！
⚠️ 第55天，村民1991缺水！
⚠️ 第55天，村民1992食物耗尽！
⚠️ 第55天，村民1992缺水！
⚠️ 第55天，村民1993食物耗尽！
⚠️ 第55天，村民1993缺水！
⚠️ 第55天，村民1994食物耗尽！
⚠️ 第55天，村民1994缺水！
⚠️ 第55天，村民1995食物耗尽！
⚠️ 第55天，村民1995缺水！
⚠️ 第55天，村民1996食物耗尽！
⚠️ 第55天，村民1996缺水！
⚠️ 第55天，村民1997食物耗尽！
⚠️ 第55天，村民1997缺水！
⚠️ 第55天，村民1998食物耗尽！
⚠️ 第55天，村民1998缺水！
⚠️ 第55天，村民1999食物耗尽！
⚠️ 第55天，村民1999缺水！
⚠️ 第55天，村民2000食物耗尽！
⚠️ 第55天，村民2000缺水！
📊 第56天结束：当前村庄共有 2000 人存活。
⚠️ 第56天，村民1食物耗尽！
⚠️ 第56天，村民1缺水！
⚠️ 第56天，村民2食物耗尽！
⚠️ 第56天，村民2缺水！
⚠️ 第56天，村民3食物耗尽！
⚠️ 第56天，村民3缺水！
⚠️ 第56天，村民4食物耗尽！
⚠️ 第56天，村民4缺水！
⚠️ 第56天，村民5食物耗尽！
⚠️ 第56天，村民5缺水！
⚠️ 第56天，村民6食物耗尽！
⚠️ 第56天，村民6缺水！
⚠️ 第56天，村民7食物耗尽！
⚠️ 第56天，村民7缺水！
⚠️ 第56天，村民8食物耗尽！
⚠️ 第56天，村民8缺水！
⚠️ 第56天，村民9食物耗尽！
⚠️ 第56天，村民9缺水！
⚠️ 第56天，村民10食物耗尽！
⚠️ 第56天，村民10缺水！
⚠️ 第56天，村民11食物耗尽！
⚠️ 第56天，村民11缺水！
⚠️ 第56天，村民12食物耗尽！
⚠️ 第56天，村民12缺水！
⚠️ 第56天，村民13食物耗尽！
⚠️ 第56天，村民13缺水！
⚠️ 第56天，村民14食物耗尽！
⚠️ 第56天，村民14缺水！
⚠️ 第56天，村民15食物耗尽！
⚠️ 第56天，村民15缺水！
⚠️ 第56天，村民16食物耗尽！
⚠️ 第56天，村民16缺水！
⚠️ 第56天，村民17食物耗尽！
⚠️ 第56天，村民17缺水！
⚠️ 第56天，村民18食物耗尽！
⚠️ 第56天，村民18缺水！
⚠️ 第56天，村民19食物耗尽！
⚠️ 第56天，村民19缺水！
⚠️ 第56天，村民20食物耗尽！
⚠️ 第56天，村民20缺水！
⚠️ 第56天，村民21食物耗尽！
⚠️ 第56天，村民21缺水！
⚠️ 第56天，村民22食物耗尽！
⚠️ 第56天，村民22缺水！
⚠️ 第56天，村民23食物耗尽！
⚠️ 第56天，村民23缺水！
⚠️ 第56天，村民24食物耗尽！
⚠️ 第56天，村民24缺水！
⚠️ 第56天，村民25食物耗尽！
⚠️ 第56天，村民25缺水！
⚠️ 第56天，村民26食物耗尽！
⚠️ 第56天，村民26缺水！
⚠️ 第56天，村民27食物耗尽！
⚠️ 第56天，村民27缺水！
⚠️ 第56天，村民28食物耗尽！
⚠️ 第56天，村民28缺水！
⚠️ 第56天，村民29食物耗尽！
⚠️ 第56天，村民29缺水！
⚠️ 第56天，村民30食物耗尽！
⚠️ 第56天，村民30缺水！
⚠️ 第56天，村民31食物耗尽！
⚠️ 第56天，村民31缺水！
⚠️ 第56天，村民32食物耗尽！
⚠️ 第56天，村民32缺水！
⚠️ 第56天，村民33食物耗尽！
⚠️ 第56天，村民33缺水！
⚠️ 第56天，村民34食物耗尽！
⚠️ 第56天，村民34缺水！
⚠️ 第56天，村民35食物耗尽！
⚠️ 第56天，村民35缺水！
⚠️ 第56天，村民36食物耗尽！
⚠️ 第56天，村民36缺水！
⚠️ 第56天，村民37食物耗尽！
⚠️ 第56天，村民37缺水！
⚠️ 第56天，村民38食物耗尽！
⚠️ 第56天，村民38缺水！
⚠️ 第56天，村民39食物耗尽！
⚠️ 第56天，村民39缺水！
⚠️ 第56天，村民40食物耗尽！
⚠️ 第56天，村民40缺水！
⚠️ 第56天，村民41食物耗尽！
⚠️ 第56天，村民41缺水！
⚠️ 第56天，村民42食物耗尽！
⚠️ 第56天，村民42缺水！
⚠️ 第56天，村民43食物耗尽！
⚠️ 第56天，村民43缺水！
⚠️ 第56天，村民44食物耗尽！
⚠️ 第56天，村民44缺水！
⚠️ 第56天，村民45食物耗尽！
⚠️ 第56天，村民45缺水！
⚠️ 第56天，村民46食物耗尽！
⚠️ 第56天，村民46缺水！
⚠️ 第56天，村民47食物耗尽！
⚠️ 第56天，村民47缺水！
⚠️ 第56天，村民48食物耗尽！
⚠️ 第56天，村民48缺水！
⚠️ 第56天，村民49食物耗尽！
⚠️ 第56天，村民49缺水！
⚠️ 第56天，村民50食物耗尽！
⚠️ 第56天，村民50缺水！
⚠️ 第56天，村民51食物耗尽！
⚠️ 第56天，村民51缺水！
⚠️ 第56天，村民52食物耗尽！
⚠️ 第56天，村民52缺水！
⚠️ 第56天，村民53食物耗尽！
⚠️ 第56天，村民53缺水！
⚠️ 第56天，村民54食物耗尽！
⚠️ 第56天，村民54缺水！
⚠️ 第56天，村民55食物耗尽！
⚠️ 第56天，村民55缺水！
⚠️ 第56天，村民56食物耗尽！
⚠️ 第56天，村民56缺水！
⚠️ 第56天，村民57食物耗尽！
⚠️ 第56天，村民57缺水！
⚠️ 第56天，村民58食物耗尽！
⚠️ 第56天，村民58缺水！
⚠️ 第56天，村民59食物耗尽！
⚠️ 第56天，村民59缺水！
⚠️ 第56天，村民60食物耗尽！
⚠️ 第56天，村民60缺水！
⚠️ 第56天，村民61食物耗尽！
⚠️ 第56天，村民61缺水！
⚠️ 第56天，村民62食物耗尽！
⚠️ 第56天，村民62缺水！
⚠️ 第56天，村民63食物耗尽！
⚠️ 第56天，村民63缺水！
⚠️ 第56天，村民64食物耗尽！
⚠️ 第56天，村民64缺水！
⚠️ 第56天，村民65食物耗尽！
⚠️ 第56天，村民65缺水！
⚠️ 第56天，村民66食物耗尽！
⚠️ 第56天，村民66缺水！
⚠️ 第56天，村民67食物耗尽！
⚠️ 第56天，村民67缺水！
⚠️ 第56天，村民68食物耗尽！
⚠️ 第56天，村民68缺水！
⚠️ 第56天，村民69食物耗尽！
⚠️ 第56天，村民69缺水！
⚠️ 第56天，村民70食物耗尽！
⚠️ 第56天，村民70缺水！
⚠️ 第56天，村民71食物耗尽！
⚠️ 第56天，村民71缺水！
⚠️ 第56天，村民72食物耗尽！
⚠️ 第56天，村民72缺水！
⚠️ 第56天，村民73食物耗尽！
⚠️ 第56天，村民73缺水！
⚠️ 第56天，村民74食物耗尽！
⚠️ 第56天，村民74缺水！
⚠️ 第56天，村民75食物耗尽！
⚠️ 第56天，村民75缺水！
⚠️ 第56天，村民76食物耗尽！
⚠️ 第56天，村民76缺水！
⚠️ 第56天，村民77食物耗尽！
⚠️ 第56天，村民77缺水！
⚠️ 第56天，村民78食物耗尽！
⚠️ 第56天，村民78缺水！
⚠️ 第56天，村民79食物耗尽！
⚠️ 第56天，村民79缺水！
⚠️ 第56天，村民80食物耗尽！
⚠️ 第56天，村民80缺水！
⚠️ 第56天，村民81食物耗尽！
⚠️ 第56天，村民81缺水！
⚠️ 第56天，村民82食物耗尽！
⚠️ 第56天，村民82缺水！
⚠️ 第56天，村民83食物耗尽！
⚠️ 第56天，村民83缺水！
⚠️ 第56天，村民84食物耗尽！
⚠️ 第56天，村民84缺水！
⚠️ 第56天，村民85食物耗尽！
⚠️ 第56天，村民85缺水！
⚠️ 第56天，村民86食物耗尽！
⚠️ 第56天，村民86缺水！
⚠️ 第56天，村民87食物耗尽！
⚠️ 第56天，村民87缺水！
⚠️ 第56天，村民88食物耗尽！
⚠️ 第56天，村民88缺水！
⚠️ 第56天，村民89食物耗尽！
⚠️ 第56天，村民89缺水！
⚠️ 第56天，村民90食物耗尽！
⚠️ 第56天，村民90缺水！
⚠️ 第56天，村民91食物耗尽！
⚠️ 第56天，村民91缺水！
⚠️ 第56天，村民92食物耗尽！
⚠️ 第56天，村民92缺水！
⚠️ 第56天，村民93食物耗尽！
⚠️ 第56天，村民93缺水！
⚠️ 第56天，村民94食物耗尽！
⚠️ 第56天，村民94缺水！
⚠️ 第56天，村民95食物耗尽！
⚠️ 第56天，村民95缺水！
⚠️ 第56天，村民96食物耗尽！
⚠️ 第56天，村民96缺水！
⚠️ 第56天，村民97食物耗尽！
⚠️ 第56天，村民97缺水！
⚠️ 第56天，村民98食物耗尽！
⚠️ 第56天，村民98缺水！
⚠️ 第56天，村民99食物耗尽！
⚠️ 第56天，村民99缺水！
⚠️ 第56天，村民100食物耗尽！
⚠️ 第56天，村民100缺水！
⚠️ 第56天，村民101食物耗尽！
⚠️ 第56天，村民101缺水！
⚠️ 第56天，村民102食物耗尽！
⚠️ 第56天，村民102缺水！
⚠️ 第56天，村民103食物耗尽！
⚠️ 第56天，村民103缺水！
⚠️ 第56天，村民104食物耗尽！
⚠️ 第56天，村民104缺水！
⚠️ 第56天，村民105食物耗尽！
⚠️ 第56天，村民105缺水！
⚠️ 第56天，村民106食物耗尽！
⚠️ 第56天，村民106缺水！
⚠️ 第56天，村民107食物耗尽！
⚠️ 第56天，村民107缺水！
⚠️ 第56天，村民108食物耗尽！
⚠️ 第56天，村民108缺水！
⚠️ 第56天，村民109食物耗尽！
⚠️ 第56天，村民109缺水！
⚠️ 第56天，村民110食物耗尽！
⚠️ 第56天，村民110缺水！
⚠️ 第56天，村民111食物耗尽！
⚠️ 第56天，村民111缺水！
⚠️ 第56天，村民112食物耗尽！
⚠️ 第56天，村民112缺水！
⚠️ 第56天，村民113食物耗尽！
⚠️ 第56天，村民113缺水！
⚠️ 第56天，村民114食物耗尽！
⚠️ 第56天，村民114缺水！
⚠️ 第56天，村民115食物耗尽！
⚠️ 第56天，村民115缺水！
⚠️ 第56天，村民116食物耗尽！
⚠️ 第56天，村民116缺水！
⚠️ 第56天，村民117食物耗尽！
⚠️ 第56天，村民117缺水！
⚠️ 第56天，村民118食物耗尽！
⚠️ 第56天，村民118缺水！
⚠️ 第56天，村民119食物耗尽！
⚠️ 第56天，村民119缺水！
⚠️ 第56天，村民120食物耗尽！
⚠️ 第56天，村民120缺水！
⚠️ 第56天，村民121食物耗尽！
⚠️ 第56天，村民121缺水！
⚠️ 第56天，村民122食物耗尽！
⚠️ 第56天，村民122缺水！
⚠️ 第56天，村民123食物耗尽！
⚠️ 第56天，村民123缺水！
⚠️ 第56天，村民124食物耗尽！
⚠️ 第56天，村民124缺水！
⚠️ 第56天，村民125食物耗尽！
⚠️ 第56天，村民125缺水！
⚠️ 第56天，村民126食物耗尽！
⚠️ 第56天，村民126缺水！
⚠️ 第56天，村民127食物耗尽！
⚠️ 第56天，村民127缺水！
⚠️ 第56天，村民128食物耗尽！
⚠️ 第56天，村民128缺水！
⚠️ 第56天，村民129食物耗尽！
⚠️ 第56天，村民129缺水！
⚠️ 第56天，村民130食物耗尽！
⚠️ 第56天，村民130缺水！
⚠️ 第56天，村民131食物耗尽！
⚠️ 第56天，村民131缺水！
⚠️ 第56天，村民132食物耗尽！
⚠️ 第56天，村民132缺水！
⚠️ 第56天，村民133食物耗尽！
⚠️ 第56天，村民133缺水！
⚠️ 第56天，村民134食物耗尽！
⚠️ 第56天，村民134缺水！
⚠️ 第56天，村民135食物耗尽！
⚠️ 第56天，村民135缺水！
⚠️ 第56天，村民136食物耗尽！
⚠️ 第56天，村民136缺水！
⚠️ 第56天，村民137食物耗尽！
⚠️ 第56天，村民137缺水！
⚠️ 第56天，村民138食物耗尽！
⚠️ 第56天，村民138缺水！
⚠️ 第56天，村民139食物耗尽！
⚠️ 第56天，村民139缺水！
⚠️ 第56天，村民140食物耗尽！
⚠️ 第56天，村民140缺水！
⚠️ 第56天，村民141食物耗尽！
⚠️ 第56天，村民141缺水！
⚠️ 第56天，村民142食物耗尽！
⚠️ 第56天，村民142缺水！
⚠️ 第56天，村民143食物耗尽！
⚠️ 第56天，村民143缺水！
⚠️ 第56天，村民144食物耗尽！
⚠️ 第56天，村民144缺水！
⚠️ 第56天，村民145食物耗尽！
⚠️ 第56天，村民145缺水！
⚠️ 第56天，村民146食物耗尽！
⚠️ 第56天，村民146缺水！
⚠️ 第56天，村民147食物耗尽！
⚠️ 第56天，村民147缺水！
⚠️ 第56天，村民148食物耗尽！
⚠️ 第56天，村民148缺水！
⚠️ 第56天，村民149食物耗尽！
⚠️ 第56天，村民149缺水！
⚠️ 第56天，村民150食物耗尽！
⚠️ 第56天，村民150缺水！
⚠️ 第56天，村民151食物耗尽！
⚠️ 第56天，村民151缺水！
⚠️ 第56天，村民152食物耗尽！
⚠️ 第56天，村民152缺水！
⚠️ 第56天，村民153食物耗尽！
⚠️ 第56天，村民153缺水！
⚠️ 第56天，村民154食物耗尽！
⚠️ 第56天，村民154缺水！
⚠️ 第56天，村民155食物耗尽！
⚠️ 第56天，村民155缺水！
⚠️ 第56天，村民156食物耗尽！
⚠️ 第56天，村民156缺水！
⚠️ 第56天，村民157食物耗尽！
⚠️ 第56天，村民157缺水！
⚠️ 第56天，村民158食物耗尽！
⚠️ 第56天，村民158缺水！
⚠️ 第56天，村民159食物耗尽！
⚠️ 第56天，村民159缺水！
⚠️ 第56天，村民160食物耗尽！
⚠️ 第56天，村民160缺水！
⚠️ 第56天，村民161食物耗尽！
⚠️ 第56天，村民161缺水！
⚠️ 第56天，村民162食物耗尽！
⚠️ 第56天，村民162缺水！
⚠️ 第56天，村民163食物耗尽！
⚠️ 第56天，村民163缺水！
⚠️ 第56天，村民164食物耗尽！
⚠️ 第56天，村民164缺水！
⚠️ 第56天，村民165食物耗尽！
⚠️ 第56天，村民165缺水！
⚠️ 第56天，村民166食物耗尽！
⚠️ 第56天，村民166缺水！
⚠️ 第56天，村民167食物耗尽！
⚠️ 第56天，村民167缺水！
⚠️ 第56天，村民168食物耗尽！
⚠️ 第56天，村民168缺水！
⚠️ 第56天，村民169食物耗尽！
⚠️ 第56天，村民169缺水！
⚠️ 第56天，村民170食物耗尽！
⚠️ 第56天，村民170缺水！
⚠️ 第56天，村民171食物耗尽！
⚠️ 第56天，村民171缺水！
⚠️ 第56天，村民172食物耗尽！
⚠️ 第56天，村民172缺水！
⚠️ 第56天，村民173食物耗尽！
⚠️ 第56天，村民173缺水！
⚠️ 第56天，村民174食物耗尽！
⚠️ 第56天，村民174缺水！
⚠️ 第56天，村民175食物耗尽！
⚠️ 第56天，村民175缺水！
⚠️ 第56天，村民176食物耗尽！
⚠️ 第56天，村民176缺水！
⚠️ 第56天，村民177食物耗尽！
⚠️ 第56天，村民177缺水！
⚠️ 第56天，村民178食物耗尽！
⚠️ 第56天，村民178缺水！
⚠️ 第56天，村民179食物耗尽！
⚠️ 第56天，村民179缺水！
⚠️ 第56天，村民180食物耗尽！
⚠️ 第56天，村民180缺水！
⚠️ 第56天，村民181食物耗尽！
⚠️ 第56天，村民181缺水！
⚠️ 第56天，村民182食物耗尽！
⚠️ 第56天，村民182缺水！
⚠️ 第56天，村民183食物耗尽！
⚠️ 第56天，村民183缺水！
⚠️ 第56天，村民184食物耗尽！
⚠️ 第56天，村民184缺水！
⚠️ 第56天，村民185食物耗尽！
⚠️ 第56天，村民185缺水！
⚠️ 第56天，村民186食物耗尽！
⚠️ 第56天，村民186缺水！
⚠️ 第56天，村民187食物耗尽！
⚠️ 第56天，村民187缺水！
⚠️ 第56天，村民188食物耗尽！
⚠️ 第56天，村民188缺水！
⚠️ 第56天，村民189食物耗尽！
⚠️ 第56天，村民189缺水！
⚠️ 第56天，村民190食物耗尽！
⚠️ 第56天，村民190缺水！
⚠️ 第56天，村民191食物耗尽！
⚠️ 第56天，村民191缺水！
⚠️ 第56天，村民192食物耗尽！
⚠️ 第56天，村民192缺水！
⚠️ 第56天，村民193食物耗尽！
⚠️ 第56天，村民193缺水！
⚠️ 第56天，村民194食物耗尽！
⚠️ 第56天，村民194缺水！
⚠️ 第56天，村民195食物耗尽！
⚠️ 第56天，村民195缺水！
⚠️ 第56天，村民196食物耗尽！
⚠️ 第56天，村民196缺水！
⚠️ 第56天，村民197食物耗尽！
⚠️ 第56天，村民197缺水！
⚠️ 第56天，村民198食物耗尽！
⚠️ 第56天，村民198缺水！
⚠️ 第56天，村民199食物耗尽！
⚠️ 第56天，村民199缺水！
⚠️ 第56天，村民200食物耗尽！
⚠️ 第56天，村民200缺水！
⚠️ 第56天，村民201食物耗尽！
⚠️ 第56天，村民201缺水！
⚠️ 第56天，村民202食物耗尽！
⚠️ 第56天，村民202缺水！
⚠️ 第56天，村民203食物耗尽！
⚠️ 第56天，村民203缺水！
⚠️ 第56天，村民204食物耗尽！
⚠️ 第56天，村民204缺水！
⚠️ 第56天，村民205食物耗尽！
⚠️ 第56天，村民205缺水！
⚠️ 第56天，村民206食物耗尽！
⚠️ 第56天，村民206缺水！
⚠️ 第56天，村民207食物耗尽！
⚠️ 第56天，村民207缺水！
⚠️ 第56天，村民208食物耗尽！
⚠️ 第56天，村民208缺水！
⚠️ 第56天，村民209食物耗尽！
⚠️ 第56天，村民209缺水！
⚠️ 第56天，村民210食物耗尽！
⚠️ 第56天，村民210缺水！
⚠️ 第56天，村民211食物耗尽！
⚠️ 第56天，村民211缺水！
⚠️ 第56天，村民212食物耗尽！
⚠️ 第56天，村民212缺水！
⚠️ 第56天，村民213食物耗尽！
⚠️ 第56天，村民213缺水！
⚠️ 第56天，村民214食物耗尽！
⚠️ 第56天，村民214缺水！
⚠️ 第56天，村民215食物耗尽！
⚠️ 第56天，村民215缺水！
⚠️ 第56天，村民216食物耗尽！
⚠️ 第56天，村民216缺水！
⚠️ 第56天，村民217食物耗尽！
⚠️ 第56天，村民217缺水！
⚠️ 第56天，村民218食物耗尽！
⚠️ 第56天，村民218缺水！
⚠️ 第56天，村民219食物耗尽！
⚠️ 第56天，村民219缺水！
⚠️ 第56天，村民220食物耗尽！
⚠️ 第56天，村民220缺水！
⚠️ 第56天，村民221食物耗尽！
⚠️ 第56天，村民221缺水！
⚠️ 第56天，村民222食物耗尽！
⚠️ 第56天，村民222缺水！
⚠️ 第56天，村民223食物耗尽！
⚠️ 第56天，村民223缺水！
⚠️ 第56天，村民224食物耗尽！
⚠️ 第56天，村民224缺水！
⚠️ 第56天，村民225食物耗尽！
⚠️ 第56天，村民225缺水！
⚠️ 第56天，村民226食物耗尽！
⚠️ 第56天，村民226缺水！
⚠️ 第56天，村民227食物耗尽！
⚠️ 第56天，村民227缺水！
⚠️ 第56天，村民228食物耗尽！
⚠️ 第56天，村民228缺水！
⚠️ 第56天，村民229食物耗尽！
⚠️ 第56天，村民229缺水！
⚠️ 第56天，村民230食物耗尽！
⚠️ 第56天，村民230缺水！
⚠️ 第56天，村民231食物耗尽！
⚠️ 第56天，村民231缺水！
⚠️ 第56天，村民232食物耗尽！
⚠️ 第56天，村民232缺水！
⚠️ 第56天，村民233食物耗尽！
⚠️ 第56天，村民233缺水！
⚠️ 第56天，村民234食物耗尽！
⚠️ 第56天，村民234缺水！
⚠️ 第56天，村民235食物耗尽！
⚠️ 第56天，村民235缺水！
⚠️ 第56天，村民236食物耗尽！
⚠️ 第56天，村民236缺水！
⚠️ 第56天，村民237食物耗尽！
⚠️ 第56天，村民237缺水！
⚠️ 第56天，村民238食物耗尽！
⚠️ 第56天，村民238缺水！
⚠️ 第56天，村民239食物耗尽！
⚠️ 第56天，村民239缺水！
⚠️ 第56天，村民240食物耗尽！
⚠️ 第56天，村民240缺水！
⚠️ 第56天，村民241食物耗尽！
⚠️ 第56天，村民241缺水！
⚠️ 第56天，村民242食物耗尽！
⚠️ 第56天，村民242缺水！
⚠️ 第56天，村民243食物耗尽！
⚠️ 第56天，村民243缺水！
⚠️ 第56天，村民244食物耗尽！
⚠️ 第56天，村民244缺水！
⚠️ 第56天，村民245食物耗尽！
⚠️ 第56天，村民245缺水！
⚠️ 第56天，村民246食物耗尽！
⚠️ 第56天，村民246缺水！
⚠️ 第56天，村民247食物耗尽！
⚠️ 第56天，村民247缺水！
⚠️ 第56天，村民248食物耗尽！
⚠️ 第56天，村民248缺水！
⚠️ 第56天，村民249食物耗尽！
⚠️ 第56天，村民249缺水！
⚠️ 第56天，村民250食物耗尽！
⚠️ 第56天，村民250缺水！
⚠️ 第56天，村民251食物耗尽！
⚠️ 第56天，村民251缺水！
⚠️ 第56天，村民252食物耗尽！
⚠️ 第56天，村民252缺水！
⚠️ 第56天，村民253食物耗尽！
⚠️ 第56天，村民253缺水！
⚠️ 第56天，村民254食物耗尽！
⚠️ 第56天，村民254缺水！
⚠️ 第56天，村民255食物耗尽！
⚠️ 第56天，村民255缺水！
⚠️ 第56天，村民256食物耗尽！
⚠️ 第56天，村民256缺水！
⚠️ 第56天，村民257食物耗尽！
⚠️ 第56天，村民257缺水！
⚠️ 第56天，村民258食物耗尽！
⚠️ 第56天，村民258缺水！
⚠️ 第56天，村民259食物耗尽！
⚠️ 第56天，村民259缺水！
⚠️ 第56天，村民260食物耗尽！
⚠️ 第56天，村民260缺水！
⚠️ 第56天，村民261食物耗尽！
⚠️ 第56天，村民261缺水！
⚠️ 第56天，村民262食物耗尽！
⚠️ 第56天，村民262缺水！
⚠️ 第56天，村民263食物耗尽！
⚠️ 第56天，村民263缺水！
⚠️ 第56天，村民264食物耗尽！
⚠️ 第56天，村民264缺水！
⚠️ 第56天，村民265食物耗尽！
⚠️ 第56天，村民265缺水！
⚠️ 第56天，村民266食物耗尽！
⚠️ 第56天，村民266缺水！
⚠️ 第56天，村民267食物耗尽！
⚠️ 第56天，村民267缺水！
⚠️ 第56天，村民268食物耗尽！
⚠️ 第56天，村民268缺水！
⚠️ 第56天，村民269食物耗尽！
⚠️ 第56天，村民269缺水！
⚠️ 第56天，村民270食物耗尽！
⚠️ 第56天，村民270缺水！
⚠️ 第56天，村民271食物耗尽！
⚠️ 第56天，村民271缺水！
⚠️ 第56天，村民272食物耗尽！
⚠️ 第56天，村民272缺水！
⚠️ 第56天，村民273食物耗尽！
⚠️ 第56天，村民273缺水！
⚠️ 第56天，村民274食物耗尽！
⚠️ 第56天，村民274缺水！
⚠️ 第56天，村民275食物耗尽！
⚠️ 第56天，村民275缺水！
⚠️ 第56天，村民276食物耗尽！
⚠️ 第56天，村民276缺水！
⚠️ 第56天，村民277食物耗尽！
⚠️ 第56天，村民277缺水！
⚠️ 第56天，村民278食物耗尽！
⚠️ 第56天，村民278缺水！
⚠️ 第56天，村民279食物耗尽！
⚠️ 第56天，村民279缺水！
⚠️ 第56天，村民280食物耗尽！
⚠️ 第56天，村民280缺水！
⚠️ 第56天，村民281食物耗尽！
⚠️ 第56天，村民281缺水！
⚠️ 第56天，村民282食物耗尽！
⚠️ 第56天，村民282缺水！
⚠️ 第56天，村民283食物耗尽！
⚠️ 第56天，村民283缺水！
⚠️ 第56天，村民284食物耗尽！
⚠️ 第56天，村民284缺水！
⚠️ 第56天，村民285食物耗尽！
⚠️ 第56天，村民285缺水！
⚠️ 第56天，村民286食物耗尽！
⚠️ 第56天，村民286缺水！
⚠️ 第56天，村民287食物耗尽！
⚠️ 第56天，村民287缺水！
⚠️ 第56天，村民288食物耗尽！
⚠️ 第56天，村民288缺水！
⚠️ 第56天，村民289食物耗尽！
⚠️ 第56天，村民289缺水！
⚠️ 第56天，村民290食物耗尽！
⚠️ 第56天，村民290缺水！
⚠️ 第56天，村民291食物耗尽！
⚠️ 第56天，村民291缺水！
⚠️ 第56天，村民292食物耗尽！
⚠️ 第56天，村民292缺水！
⚠️ 第56天，村民293食物耗尽！
⚠️ 第56天，村民293缺水！
⚠️ 第56天，村民294食物耗尽！
⚠️ 第56天，村民294缺水！
⚠️ 第56天，村民295食物耗尽！
⚠️ 第56天，村民295缺水！
⚠️ 第56天，村民296食物耗尽！
⚠️ 第56天，村民296缺水！
⚠️ 第56天，村民297食物耗尽！
⚠️ 第56天，村民297缺水！
⚠️ 第56天，村民298食物耗尽！
⚠️ 第56天，村民298缺水！
⚠️ 第56天，村民299食物耗尽！
⚠️ 第56天，村民299缺水！
⚠️ 第56天，村民300食物耗尽！
⚠️ 第56天，村民300缺水！
⚠️ 第56天，村民301食物耗尽！
⚠️ 第56天，村民301缺水！
⚠️ 第56天，村民302食物耗尽！
⚠️ 第56天，村民302缺水！
⚠️ 第56天，村民303食物耗尽！
⚠️ 第56天，村民303缺水！
⚠️ 第56天，村民304食物耗尽！
⚠️ 第56天，村民304缺水！
⚠️ 第56天，村民305食物耗尽！
⚠️ 第56天，村民305缺水！
⚠️ 第56天，村民306食物耗尽！
⚠️ 第56天，村民306缺水！
⚠️ 第56天，村民307食物耗尽！
⚠️ 第56天，村民307缺水！
⚠️ 第56天，村民308食物耗尽！
⚠️ 第56天，村民308缺水！
⚠️ 第56天，村民309食物耗尽！
⚠️ 第56天，村民309缺水！
⚠️ 第56天，村民310食物耗尽！
⚠️ 第56天，村民310缺水！
⚠️ 第56天，村民311食物耗尽！
⚠️ 第56天，村民311缺水！
⚠️ 第56天，村民312食物耗尽！
⚠️ 第56天，村民312缺水！
⚠️ 第56天，村民313食物耗尽！
⚠️ 第56天，村民313缺水！
⚠️ 第56天，村民314食物耗尽！
⚠️ 第56天，村民314缺水！
⚠️ 第56天，村民315食物耗尽！
⚠️ 第56天，村民315缺水！
⚠️ 第56天，村民316食物耗尽！
⚠️ 第56天，村民316缺水！
⚠️ 第56天，村民317食物耗尽！
⚠️ 第56天，村民317缺水！
⚠️ 第56天，村民318食物耗尽！
⚠️ 第56天，村民318缺水！
⚠️ 第56天，村民319食物耗尽！
⚠️ 第56天，村民319缺水！
⚠️ 第56天，村民320食物耗尽！
⚠️ 第56天，村民320缺水！
⚠️ 第56天，村民321食物耗尽！
⚠️ 第56天，村民321缺水！
⚠️ 第56天，村民322食物耗尽！
⚠️ 第56天，村民322缺水！
⚠️ 第56天，村民323食物耗尽！
⚠️ 第56天，村民323缺水！
⚠️ 第56天，村民324食物耗尽！
⚠️ 第56天，村民324缺水！
⚠️ 第56天，村民325食物耗尽！
⚠️ 第56天，村民325缺水！
⚠️ 第56天，村民326食物耗尽！
⚠️ 第56天，村民326缺水！
⚠️ 第56天，村民327食物耗尽！
⚠️ 第56天，村民327缺水！
⚠️ 第56天，村民328食物耗尽！
⚠️ 第56天，村民328缺水！
⚠️ 第56天，村民329食物耗尽！
⚠️ 第56天，村民329缺水！
⚠️ 第56天，村民330食物耗尽！
⚠️ 第56天，村民330缺水！
⚠️ 第56天，村民331食物耗尽！
⚠️ 第56天，村民331缺水！
⚠️ 第56天，村民332食物耗尽！
⚠️ 第56天，村民332缺水！
⚠️ 第56天，村民333食物耗尽！
⚠️ 第56天，村民333缺水！
⚠️ 第56天，村民334食物耗尽！
⚠️ 第56天，村民334缺水！
⚠️ 第56天，村民335食物耗尽！
⚠️ 第56天，村民335缺水！
⚠️ 第56天，村民336食物耗尽！
⚠️ 第56天，村民336缺水！
⚠️ 第56天，村民337食物耗尽！
⚠️ 第56天，村民337缺水！
⚠️ 第56天，村民338食物耗尽！
⚠️ 第56天，村民338缺水！
⚠️ 第56天，村民339食物耗尽！
⚠️ 第56天，村民339缺水！
⚠️ 第56天，村民340食物耗尽！
⚠️ 第56天，村民340缺水！
⚠️ 第56天，村民341食物耗尽！
⚠️ 第56天，村民341缺水！
⚠️ 第56天，村民342食物耗尽！
⚠️ 第56天，村民342缺水！
⚠️ 第56天，村民343食物耗尽！
⚠️ 第56天，村民343缺水！
⚠️ 第56天，村民344食物耗尽！
⚠️ 第56天，村民344缺水！
⚠️ 第56天，村民345食物耗尽！
⚠️ 第56天，村民345缺水！
⚠️ 第56天，村民346食物耗尽！
⚠️ 第56天，村民346缺水！
⚠️ 第56天，村民347食物耗尽！
⚠️ 第56天，村民347缺水！
⚠️ 第56天，村民348食物耗尽！
⚠️ 第56天，村民348缺水！
⚠️ 第56天，村民349食物耗尽！
⚠️ 第56天，村民349缺水！
⚠️ 第56天，村民350食物耗尽！
⚠️ 第56天，村民350缺水！
⚠️ 第56天，村民351食物耗尽！
⚠️ 第56天，村民351缺水！
⚠️ 第56天，村民352食物耗尽！
⚠️ 第56天，村民352缺水！
⚠️ 第56天，村民353食物耗尽！
⚠️ 第56天，村民353缺水！
⚠️ 第56天，村民354食物耗尽！
⚠️ 第56天，村民354缺水！
⚠️ 第56天，村民355食物耗尽！
⚠️ 第56天，村民355缺水！
⚠️ 第56天，村民356食物耗尽！
⚠️ 第56天，村民356缺水！
⚠️ 第56天，村民357食物耗尽！
⚠️ 第56天，村民357缺水！
⚠️ 第56天，村民358食物耗尽！
⚠️ 第56天，村民358缺水！
⚠️ 第56天，村民359食物耗尽！
⚠️ 第56天，村民359缺水！
⚠️ 第56天，村民360食物耗尽！
⚠️ 第56天，村民360缺水！
⚠️ 第56天，村民361食物耗尽！
⚠️ 第56天，村民361缺水！
⚠️ 第56天，村民362食物耗尽！
⚠️ 第56天，村民362缺水！
⚠️ 第56天，村民363食物耗尽！
⚠️ 第56天，村民363缺水！
⚠️ 第56天，村民364食物耗尽！
⚠️ 第56天，村民364缺水！
⚠️ 第56天，村民365食物耗尽！
⚠️ 第56天，村民365缺水！
⚠️ 第56天，村民366食物耗尽！
⚠️ 第56天，村民366缺水！
⚠️ 第56天，村民367食物耗尽！
⚠️ 第56天，村民367缺水！
⚠️ 第56天，村民368食物耗尽！
⚠️ 第56天，村民368缺水！
⚠️ 第56天，村民369食物耗尽！
⚠️ 第56天，村民369缺水！
⚠️ 第56天，村民370食物耗尽！
⚠️ 第56天，村民370缺水！
⚠️ 第56天，村民371食物耗尽！
⚠️ 第56天，村民371缺水！
⚠️ 第56天，村民372食物耗尽！
⚠️ 第56天，村民372缺水！
⚠️ 第56天，村民373食物耗尽！
⚠️ 第56天，村民373缺水！
⚠️ 第56天，村民374食物耗尽！
⚠️ 第56天，村民374缺水！
⚠️ 第56天，村民375食物耗尽！
⚠️ 第56天，村民375缺水！
⚠️ 第56天，村民376食物耗尽！
⚠️ 第56天，村民376缺水！
⚠️ 第56天，村民377食物耗尽！
⚠️ 第56天，村民377缺水！
⚠️ 第56天，村民378食物耗尽！
⚠️ 第56天，村民378缺水！
⚠️ 第56天，村民379食物耗尽！
⚠️ 第56天，村民379缺水！
⚠️ 第56天，村民380食物耗尽！
⚠️ 第56天，村民380缺水！
⚠️ 第56天，村民381食物耗尽！
⚠️ 第56天，村民381缺水！
⚠️ 第56天，村民382食物耗尽！
⚠️ 第56天，村民382缺水！
⚠️ 第56天，村民383食物耗尽！
⚠️ 第56天，村民383缺水！
⚠️ 第56天，村民384食物耗尽！
⚠️ 第56天，村民384缺水！
⚠️ 第56天，村民385食物耗尽！
⚠️ 第56天，村民385缺水！
⚠️ 第56天，村民386食物耗尽！
⚠️ 第56天，村民386缺水！
⚠️ 第56天，村民387食物耗尽！
⚠️ 第56天，村民387缺水！
⚠️ 第56天，村民388食物耗尽！
⚠️ 第56天，村民388缺水！
⚠️ 第56天，村民389食物耗尽！
⚠️ 第56天，村民389缺水！
⚠️ 第56天，村民390食物耗尽！
⚠️ 第56天，村民390缺水！
⚠️ 第56天，村民391食物耗尽！
⚠️ 第56天，村民391缺水！
⚠️ 第56天，村民392食物耗尽！
⚠️ 第56天，村民392缺水！
⚠️ 第56天，村民393食物耗尽！
⚠️ 第56天，村民393缺水！
⚠️ 第56天，村民394食物耗尽！
⚠️ 第56天，村民394缺水！
⚠️ 第56天，村民395食物耗尽！
⚠️ 第56天，村民395缺水！
⚠️ 第56天，村民396食物耗尽！
⚠️ 第56天，村民396缺水！
⚠️ 第56天，村民397食物耗尽！
⚠️ 第56天，村民397缺水！
⚠️ 第56天，村民398食物耗尽！
⚠️ 第56天，村民398缺水！
⚠️ 第56天，村民399食物耗尽！
⚠️ 第56天，村民399缺水！
⚠️ 第56天，村民400食物耗尽！
⚠️ 第56天，村民400缺水！
⚠️ 第56天，村民401食物耗尽！
⚠️ 第56天，村民401缺水！
⚠️ 第56天，村民402食物耗尽！
⚠️ 第56天，村民402缺水！
⚠️ 第56天，村民403食物耗尽！
⚠️ 第56天，村民403缺水！
⚠️ 第56天，村民404食物耗尽！
⚠️ 第56天，村民404缺水！
⚠️ 第56天，村民405食物耗尽！
⚠️ 第56天，村民405缺水！
⚠️ 第56天，村民406食物耗尽！
⚠️ 第56天，村民406缺水！
⚠️ 第56天，村民407食物耗尽！
⚠️ 第56天，村民407缺水！
⚠️ 第56天，村民408食物耗尽！
⚠️ 第56天，村民408缺水！
⚠️ 第56天，村民409食物耗尽！
⚠️ 第56天，村民409缺水！
⚠️ 第56天，村民410食物耗尽！
⚠️ 第56天，村民410缺水！
⚠️ 第56天，村民411食物耗尽！
⚠️ 第56天，村民411缺水！
⚠️ 第56天，村民412食物耗尽！
⚠️ 第56天，村民412缺水！
⚠️ 第56天，村民413食物耗尽！
⚠️ 第56天，村民413缺水！
⚠️ 第56天，村民414食物耗尽！
⚠️ 第56天，村民414缺水！
⚠️ 第56天，村民415食物耗尽！
⚠️ 第56天，村民415缺水！
⚠️ 第56天，村民416食物耗尽！
⚠️ 第56天，村民416缺水！
⚠️ 第56天，村民417食物耗尽！
⚠️ 第56天，村民417缺水！
⚠️ 第56天，村民418食物耗尽！
⚠️ 第56天，村民418缺水！
⚠️ 第56天，村民419食物耗尽！
⚠️ 第56天，村民419缺水！
⚠️ 第56天，村民420食物耗尽！
⚠️ 第56天，村民420缺水！
⚠️ 第56天，村民421食物耗尽！
⚠️ 第56天，村民421缺水！
⚠️ 第56天，村民422食物耗尽！
⚠️ 第56天，村民422缺水！
⚠️ 第56天，村民423食物耗尽！
⚠️ 第56天，村民423缺水！
⚠️ 第56天，村民424食物耗尽！
⚠️ 第56天，村民424缺水！
⚠️ 第56天，村民425食物耗尽！
⚠️ 第56天，村民425缺水！
⚠️ 第56天，村民426食物耗尽！
⚠️ 第56天，村民426缺水！
⚠️ 第56天，村民427食物耗尽！
⚠️ 第56天，村民427缺水！
⚠️ 第56天，村民428食物耗尽！
⚠️ 第56天，村民428缺水！
⚠️ 第56天，村民429食物耗尽！
⚠️ 第56天，村民429缺水！
⚠️ 第56天，村民430食物耗尽！
⚠️ 第56天，村民430缺水！
⚠️ 第56天，村民431食物耗尽！
⚠️ 第56天，村民431缺水！
⚠️ 第56天，村民432食物耗尽！
⚠️ 第56天，村民432缺水！
⚠️ 第56天，村民433食物耗尽！
⚠️ 第56天，村民433缺水！
⚠️ 第56天，村民434食物耗尽！
⚠️ 第56天，村民434缺水！
⚠️ 第56天，村民435食物耗尽！
⚠️ 第56天，村民435缺水！
⚠️ 第56天，村民436食物耗尽！
⚠️ 第56天，村民436缺水！
⚠️ 第56天，村民437食物耗尽！
⚠️ 第56天，村民437缺水！
⚠️ 第56天，村民438食物耗尽！
⚠️ 第56天，村民438缺水！
⚠️ 第56天，村民439食物耗尽！
⚠️ 第56天，村民439缺水！
⚠️ 第56天，村民440食物耗尽！
⚠️ 第56天，村民440缺水！
⚠️ 第56天，村民441食物耗尽！
⚠️ 第56天，村民441缺水！
⚠️ 第56天，村民442食物耗尽！
⚠️ 第56天，村民442缺水！
⚠️ 第56天，村民443食物耗尽！
⚠️ 第56天，村民443缺水！
⚠️ 第56天，村民444食物耗尽！
⚠️ 第56天，村民444缺水！
⚠️ 第56天，村民445食物耗尽！
⚠️ 第56天，村民445缺水！
⚠️ 第56天，村民446食物耗尽！
⚠️ 第56天，村民446缺水！
⚠️ 第56天，村民447食物耗尽！
⚠️ 第56天，村民447缺水！
⚠️ 第56天，村民448食物耗尽！
⚠️ 第56天，村民448缺水！
⚠️ 第56天，村民449食物耗尽！
⚠️ 第56天，村民449缺水！
⚠️ 第56天，村民450食物耗尽！
⚠️ 第56天，村民450缺水！
⚠️ 第56天，村民451食物耗尽！
⚠️ 第56天，村民451缺水！
⚠️ 第56天，村民452食物耗尽！
⚠️ 第56天，村民452缺水！
⚠️ 第56天，村民453食物耗尽！
⚠️ 第56天，村民453缺水！
⚠️ 第56天，村民454食物耗尽！
⚠️ 第56天，村民454缺水！
⚠️ 第56天，村民455食物耗尽！
⚠️ 第56天，村民455缺水！
⚠️ 第56天，村民456食物耗尽！
⚠️ 第56天，村民456缺水！
⚠️ 第56天，村民457食物耗尽！
⚠️ 第56天，村民457缺水！
⚠️ 第56天，村民458食物耗尽！
⚠️ 第56天，村民458缺水！
⚠️ 第56天，村民459食物耗尽！
⚠️ 第56天，村民459缺水！
⚠️ 第56天，村民460食物耗尽！
⚠️ 第56天，村民460缺水！
⚠️ 第56天，村民461食物耗尽！
⚠️ 第56天，村民461缺水！
⚠️ 第56天，村民462食物耗尽！
⚠️ 第56天，村民462缺水！
⚠️ 第56天，村民463食物耗尽！
⚠️ 第56天，村民463缺水！
⚠️ 第56天，村民464食物耗尽！
⚠️ 第56天，村民464缺水！
⚠️ 第56天，村民465食物耗尽！
⚠️ 第56天，村民465缺水！
⚠️ 第56天，村民466食物耗尽！
⚠️ 第56天，村民466缺水！
⚠️ 第56天，村民467食物耗尽！
⚠️ 第56天，村民467缺水！
⚠️ 第56天，村民468食物耗尽！
⚠️ 第56天，村民468缺水！
⚠️ 第56天，村民469食物耗尽！
⚠️ 第56天，村民469缺水！
⚠️ 第56天，村民470食物耗尽！
⚠️ 第56天，村民470缺水！
⚠️ 第56天，村民471食物耗尽！
⚠️ 第56天，村民471缺水！
⚠️ 第56天，村民472食物耗尽！
⚠️ 第56天，村民472缺水！
⚠️ 第56天，村民473食物耗尽！
⚠️ 第56天，村民473缺水！
⚠️ 第56天，村民474食物耗尽！
⚠️ 第56天，村民474缺水！
⚠️ 第56天，村民475食物耗尽！
⚠️ 第56天，村民475缺水！
⚠️ 第56天，村民476食物耗尽！
⚠️ 第56天，村民476缺水！
⚠️ 第56天，村民477食物耗尽！
⚠️ 第56天，村民477缺水！
⚠️ 第56天，村民478食物耗尽！
⚠️ 第56天，村民478缺水！
⚠️ 第56天，村民479食物耗尽！
⚠️ 第56天，村民479缺水！
⚠️ 第56天，村民480食物耗尽！
⚠️ 第56天，村民480缺水！
⚠️ 第56天，村民481食物耗尽！
⚠️ 第56天，村民481缺水！
⚠️ 第56天，村民482食物耗尽！
⚠️ 第56天，村民482缺水！
⚠️ 第56天，村民483食物耗尽！
⚠️ 第56天，村民483缺水！
⚠️ 第56天，村民484食物耗尽！
⚠️ 第56天，村民484缺水！
⚠️ 第56天，村民485食物耗尽！
⚠️ 第56天，村民485缺水！
⚠️ 第56天，村民486食物耗尽！
⚠️ 第56天，村民486缺水！
⚠️ 第56天，村民487食物耗尽！
⚠️ 第56天，村民487缺水！
⚠️ 第56天，村民488食物耗尽！
⚠️ 第56天，村民488缺水！
⚠️ 第56天，村民489食物耗尽！
⚠️ 第56天，村民489缺水！
⚠️ 第56天，村民490食物耗尽！
⚠️ 第56天，村民490缺水！
⚠️ 第56天，村民491食物耗尽！
⚠️ 第56天，村民491缺水！
⚠️ 第56天，村民492食物耗尽！
⚠️ 第56天，村民492缺水！
⚠️ 第56天，村民493食物耗尽！
⚠️ 第56天，村民493缺水！
⚠️ 第56天，村民494食物耗尽！
⚠️ 第56天，村民494缺水！
⚠️ 第56天，村民495食物耗尽！
⚠️ 第56天，村民495缺水！
⚠️ 第56天，村民496食物耗尽！
⚠️ 第56天，村民496缺水！
⚠️ 第56天，村民497食物耗尽！
⚠️ 第56天，村民497缺水！
⚠️ 第56天，村民498食物耗尽！
⚠️ 第56天，村民498缺水！
⚠️ 第56天，村民499食物耗尽！
⚠️ 第56天，村民499缺水！
⚠️ 第56天，村民500食物耗尽！
⚠️ 第56天，村民500缺水！
⚠️ 第56天，村民501食物耗尽！
⚠️ 第56天，村民501缺水！
⚠️ 第56天，村民502食物耗尽！
⚠️ 第56天，村民502缺水！
⚠️ 第56天，村民503食物耗尽！
⚠️ 第56天，村民503缺水！
⚠️ 第56天，村民504食物耗尽！
⚠️ 第56天，村民504缺水！
⚠️ 第56天，村民505食物耗尽！
⚠️ 第56天，村民505缺水！
⚠️ 第56天，村民506食物耗尽！
⚠️ 第56天，村民506缺水！
⚠️ 第56天，村民507食物耗尽！
⚠️ 第56天，村民507缺水！
⚠️ 第56天，村民508食物耗尽！
⚠️ 第56天，村民508缺水！
⚠️ 第56天，村民509食物耗尽！
⚠️ 第56天，村民509缺水！
⚠️ 第56天，村民510食物耗尽！
⚠️ 第56天，村民510缺水！
⚠️ 第56天，村民511食物耗尽！
⚠️ 第56天，村民511缺水！
⚠️ 第56天，村民512食物耗尽！
⚠️ 第56天，村民512缺水！
⚠️ 第56天，村民513食物耗尽！
⚠️ 第56天，村民513缺水！
⚠️ 第56天，村民514食物耗尽！
⚠️ 第56天，村民514缺水！
⚠️ 第56天，村民515食物耗尽！
⚠️ 第56天，村民515缺水！
⚠️ 第56天，村民516食物耗尽！
⚠️ 第56天，村民516缺水！
⚠️ 第56天，村民517食物耗尽！
⚠️ 第56天，村民517缺水！
⚠️ 第56天，村民518食物耗尽！
⚠️ 第56天，村民518缺水！
⚠️ 第56天，村民519食物耗尽！
⚠️ 第56天，村民519缺水！
⚠️ 第56天，村民520食物耗尽！
⚠️ 第56天，村民520缺水！
⚠️ 第56天，村民521食物耗尽！
⚠️ 第56天，村民521缺水！
⚠️ 第56天，村民522食物耗尽！
⚠️ 第56天，村民522缺水！
⚠️ 第56天，村民523食物耗尽！
⚠️ 第56天，村民523缺水！
⚠️ 第56天，村民524食物耗尽！
⚠️ 第56天，村民524缺水！
⚠️ 第56天，村民525食物耗尽！
⚠️ 第56天，村民525缺水！
⚠️ 第56天，村民526食物耗尽！
⚠️ 第56天，村民526缺水！
⚠️ 第56天，村民527食物耗尽！
⚠️ 第56天，村民527缺水！
⚠️ 第56天，村民528食物耗尽！
⚠️ 第56天，村民528缺水！
⚠️ 第56天，村民529食物耗尽！
⚠️ 第56天，村民529缺水！
⚠️ 第56天，村民530食物耗尽！
⚠️ 第56天，村民530缺水！
⚠️ 第56天，村民531食物耗尽！
⚠️ 第56天，村民531缺水！
⚠️ 第56天，村民532食物耗尽！
⚠️ 第56天，村民532缺水！
⚠️ 第56天，村民533食物耗尽！
⚠️ 第56天，村民533缺水！
⚠️ 第56天，村民534食物耗尽！
⚠️ 第56天，村民534缺水！
⚠️ 第56天，村民535食物耗尽！
⚠️ 第56天，村民535缺水！
⚠️ 第56天，村民536食物耗尽！
⚠️ 第56天，村民536缺水！
⚠️ 第56天，村民537食物耗尽！
⚠️ 第56天，村民537缺水！
⚠️ 第56天，村民538食物耗尽！
⚠️ 第56天，村民538缺水！
⚠️ 第56天，村民539食物耗尽！
⚠️ 第56天，村民539缺水！
⚠️ 第56天，村民540食物耗尽！
⚠️ 第56天，村民540缺水！
⚠️ 第56天，村民541食物耗尽！
⚠️ 第56天，村民541缺水！
⚠️ 第56天，村民542食物耗尽！
⚠️ 第56天，村民542缺水！
⚠️ 第56天，村民543食物耗尽！
⚠️ 第56天，村民543缺水！
⚠️ 第56天，村民544食物耗尽！
⚠️ 第56天，村民544缺水！
⚠️ 第56天，村民545食物耗尽！
⚠️ 第56天，村民545缺水！
⚠️ 第56天，村民546食物耗尽！
⚠️ 第56天，村民546缺水！
⚠️ 第56天，村民547食物耗尽！
⚠️ 第56天，村民547缺水！
⚠️ 第56天，村民548食物耗尽！
⚠️ 第56天，村民548缺水！
⚠️ 第56天，村民549食物耗尽！
⚠️ 第56天，村民549缺水！
⚠️ 第56天，村民550食物耗尽！
⚠️ 第56天，村民550缺水！
⚠️ 第56天，村民551食物耗尽！
⚠️ 第56天，村民551缺水！
⚠️ 第56天，村民552食物耗尽！
⚠️ 第56天，村民552缺水！
⚠️ 第56天，村民553食物耗尽！
⚠️ 第56天，村民553缺水！
⚠️ 第56天，村民554食物耗尽！
⚠️ 第56天，村民554缺水！
⚠️ 第56天，村民555食物耗尽！
⚠️ 第56天，村民555缺水！
⚠️ 第56天，村民556食物耗尽！
⚠️ 第56天，村民556缺水！
⚠️ 第56天，村民557食物耗尽！
⚠️ 第56天，村民557缺水！
⚠️ 第56天，村民558食物耗尽！
⚠️ 第56天，村民558缺水！
⚠️ 第56天，村民559食物耗尽！
⚠️ 第56天，村民559缺水！
⚠️ 第56天，村民560食物耗尽！
⚠️ 第56天，村民560缺水！
⚠️ 第56天，村民561食物耗尽！
⚠️ 第56天，村民561缺水！
⚠️ 第56天，村民562食物耗尽！
⚠️ 第56天，村民562缺水！
⚠️ 第56天，村民563食物耗尽！
⚠️ 第56天，村民563缺水！
⚠️ 第56天，村民564食物耗尽！
⚠️ 第56天，村民564缺水！
⚠️ 第56天，村民565食物耗尽！
⚠️ 第56天，村民565缺水！
⚠️ 第56天，村民566食物耗尽！
⚠️ 第56天，村民566缺水！
⚠️ 第56天，村民567食物耗尽！
⚠️ 第56天，村民567缺水！
⚠️ 第56天，村民568食物耗尽！
⚠️ 第56天，村民568缺水！
⚠️ 第56天，村民569食物耗尽！
⚠️ 第56天，村民569缺水！
⚠️ 第56天，村民570食物耗尽！
⚠️ 第56天，村民570缺水！
⚠️ 第56天，村民571食物耗尽！
⚠️ 第56天，村民571缺水！
⚠️ 第56天，村民572食物耗尽！
⚠️ 第56天，村民572缺水！
⚠️ 第56天，村民573食物耗尽！
⚠️ 第56天，村民573缺水！
⚠️ 第56天，村民574食物耗尽！
⚠️ 第56天，村民574缺水！
⚠️ 第56天，村民575食物耗尽！
⚠️ 第56天，村民575缺水！
⚠️ 第56天，村民576食物耗尽！
⚠️ 第56天，村民576缺水！
⚠️ 第56天，村民577食物耗尽！
⚠️ 第56天，村民577缺水！
⚠️ 第56天，村民578食物耗尽！
⚠️ 第56天，村民578缺水！
⚠️ 第56天，村民579食物耗尽！
⚠️ 第56天，村民579缺水！
⚠️ 第56天，村民580食物耗尽！
⚠️ 第56天，村民580缺水！
⚠️ 第56天，村民581食物耗尽！
⚠️ 第56天，村民581缺水！
⚠️ 第56天，村民582食物耗尽！
⚠️ 第56天，村民582缺水！
⚠️ 第56天，村民583食物耗尽！
⚠️ 第56天，村民583缺水！
⚠️ 第56天，村民584食物耗尽！
⚠️ 第56天，村民584缺水！
⚠️ 第56天，村民585食物耗尽！
⚠️ 第56天，村民585缺水！
⚠️ 第56天，村民586食物耗尽！
⚠️ 第56天，村民586缺水！
⚠️ 第56天，村民587食物耗尽！
⚠️ 第56天，村民587缺水！
⚠️ 第56天，村民588食物耗尽！
⚠️ 第56天，村民588缺水！
⚠️ 第56天，村民589食物耗尽！
⚠️ 第56天，村民589缺水！
⚠️ 第56天，村民590食物耗尽！
⚠️ 第56天，村民590缺水！
⚠️ 第56天，村民591食物耗尽！
⚠️ 第56天，村民591缺水！
⚠️ 第56天，村民592食物耗尽！
⚠️ 第56天，村民592缺水！
⚠️ 第56天，村民593食物耗尽！
⚠️ 第56天，村民593缺水！
⚠️ 第56天，村民594食物耗尽！
⚠️ 第56天，村民594缺水！
⚠️ 第56天，村民595食物耗尽！
⚠️ 第56天，村民595缺水！
⚠️ 第56天，村民596食物耗尽！
⚠️ 第56天，村民596缺水！
⚠️ 第56天，村民597食物耗尽！
⚠️ 第56天，村民597缺水！
⚠️ 第56天，村民598食物耗尽！
⚠️ 第56天，村民598缺水！
⚠️ 第56天，村民599食物耗尽！
⚠️ 第56天，村民599缺水！
⚠️ 第56天，村民600食物耗尽！
⚠️ 第56天，村民600缺水！
⚠️ 第56天，村民601食物耗尽！
⚠️ 第56天，村民601缺水！
⚠️ 第56天，村民602食物耗尽！
⚠️ 第56天，村民602缺水！
⚠️ 第56天，村民603食物耗尽！
⚠️ 第56天，村民603缺水！
⚠️ 第56天，村民604食物耗尽！
⚠️ 第56天，村民604缺水！
⚠️ 第56天，村民605食物耗尽！
⚠️ 第56天，村民605缺水！
⚠️ 第56天，村民606食物耗尽！
⚠️ 第56天，村民606缺水！
⚠️ 第56天，村民607食物耗尽！
⚠️ 第56天，村民607缺水！
⚠️ 第56天，村民608食物耗尽！
⚠️ 第56天，村民608缺水！
⚠️ 第56天，村民609食物耗尽！
⚠️ 第56天，村民609缺水！
⚠️ 第56天，村民610食物耗尽！
⚠️ 第56天，村民610缺水！
⚠️ 第56天，村民611食物耗尽！
⚠️ 第56天，村民611缺水！
⚠️ 第56天，村民612食物耗尽！
⚠️ 第56天，村民612缺水！
⚠️ 第56天，村民613食物耗尽！
⚠️ 第56天，村民613缺水！
⚠️ 第56天，村民614食物耗尽！
⚠️ 第56天，村民614缺水！
⚠️ 第56天，村民615食物耗尽！
⚠️ 第56天，村民615缺水！
⚠️ 第56天，村民616食物耗尽！
⚠️ 第56天，村民616缺水！
⚠️ 第56天，村民617食物耗尽！
⚠️ 第56天，村民617缺水！
⚠️ 第56天，村民618食物耗尽！
⚠️ 第56天，村民618缺水！
⚠️ 第56天，村民619食物耗尽！
⚠️ 第56天，村民619缺水！
⚠️ 第56天，村民620食物耗尽！
⚠️ 第56天，村民620缺水！
⚠️ 第56天，村民621食物耗尽！
⚠️ 第56天，村民621缺水！
⚠️ 第56天，村民622食物耗尽！
⚠️ 第56天，村民622缺水！
⚠️ 第56天，村民623食物耗尽！
⚠️ 第56天，村民623缺水！
⚠️ 第56天，村民624食物耗尽！
⚠️ 第56天，村民624缺水！
⚠️ 第56天，村民625食物耗尽！
⚠️ 第56天，村民625缺水！
⚠️ 第56天，村民626食物耗尽！
⚠️ 第56天，村民626缺水！
⚠️ 第56天，村民627食物耗尽！
⚠️ 第56天，村民627缺水！
⚠️ 第56天，村民628食物耗尽！
⚠️ 第56天，村民628缺水！
⚠️ 第56天，村民629食物耗尽！
⚠️ 第56天，村民629缺水！
⚠️ 第56天，村民630食物耗尽！
⚠️ 第56天，村民630缺水！
⚠️ 第56天，村民631食物耗尽！
⚠️ 第56天，村民631缺水！
⚠️ 第56天，村民632食物耗尽！
⚠️ 第56天，村民632缺水！
⚠️ 第56天，村民633食物耗尽！
⚠️ 第56天，村民633缺水！
⚠️ 第56天，村民634食物耗尽！
⚠️ 第56天，村民634缺水！
⚠️ 第56天，村民635食物耗尽！
⚠️ 第56天，村民635缺水！
⚠️ 第56天，村民636食物耗尽！
⚠️ 第56天，村民636缺水！
⚠️ 第56天，村民637食物耗尽！
⚠️ 第56天，村民637缺水！
⚠️ 第56天，村民638食物耗尽！
⚠️ 第56天，村民638缺水！
⚠️ 第56天，村民639食物耗尽！
⚠️ 第56天，村民639缺水！
⚠️ 第56天，村民640食物耗尽！
⚠️ 第56天，村民640缺水！
⚠️ 第56天，村民641食物耗尽！
⚠️ 第56天，村民641缺水！
⚠️ 第56天，村民642食物耗尽！
⚠️ 第56天，村民642缺水！
⚠️ 第56天，村民643食物耗尽！
⚠️ 第56天，村民643缺水！
⚠️ 第56天，村民644食物耗尽！
⚠️ 第56天，村民644缺水！
⚠️ 第56天，村民645食物耗尽！
⚠️ 第56天，村民645缺水！
⚠️ 第56天，村民646食物耗尽！
⚠️ 第56天，村民646缺水！
⚠️ 第56天，村民647食物耗尽！
⚠️ 第56天，村民647缺水！
⚠️ 第56天，村民648食物耗尽！
⚠️ 第56天，村民648缺水！
⚠️ 第56天，村民649食物耗尽！
⚠️ 第56天，村民649缺水！
⚠️ 第56天，村民650食物耗尽！
⚠️ 第56天，村民650缺水！
⚠️ 第56天，村民651食物耗尽！
⚠️ 第56天，村民651缺水！
⚠️ 第56天，村民652食物耗尽！
⚠️ 第56天，村民652缺水！
⚠️ 第56天，村民653食物耗尽！
⚠️ 第56天，村民653缺水！
⚠️ 第56天，村民654食物耗尽！
⚠️ 第56天，村民654缺水！
⚠️ 第56天，村民655食物耗尽！
⚠️ 第56天，村民655缺水！
⚠️ 第56天，村民656食物耗尽！
⚠️ 第56天，村民656缺水！
⚠️ 第56天，村民657食物耗尽！
⚠️ 第56天，村民657缺水！
⚠️ 第56天，村民658食物耗尽！
⚠️ 第56天，村民658缺水！
⚠️ 第56天，村民659食物耗尽！
⚠️ 第56天，村民659缺水！
⚠️ 第56天，村民660食物耗尽！
⚠️ 第56天，村民660缺水！
⚠️ 第56天，村民661食物耗尽！
⚠️ 第56天，村民661缺水！
⚠️ 第56天，村民662食物耗尽！
⚠️ 第56天，村民662缺水！
⚠️ 第56天，村民663食物耗尽！
⚠️ 第56天，村民663缺水！
⚠️ 第56天，村民664食物耗尽！
⚠️ 第56天，村民664缺水！
⚠️ 第56天，村民665食物耗尽！
⚠️ 第56天，村民665缺水！
⚠️ 第56天，村民666食物耗尽！
⚠️ 第56天，村民666缺水！
⚠️ 第56天，村民667食物耗尽！
⚠️ 第56天，村民667缺水！
⚠️ 第56天，村民668食物耗尽！
⚠️ 第56天，村民668缺水！
⚠️ 第56天，村民669食物耗尽！
⚠️ 第56天，村民669缺水！
⚠️ 第56天，村民670食物耗尽！
⚠️ 第56天，村民670缺水！
⚠️ 第56天，村民671食物耗尽！
⚠️ 第56天，村民671缺水！
⚠️ 第56天，村民672食物耗尽！
⚠️ 第56天，村民672缺水！
⚠️ 第56天，村民673食物耗尽！
⚠️ 第56天，村民673缺水！
⚠️ 第56天，村民674食物耗尽！
⚠️ 第56天，村民674缺水！
⚠️ 第56天，村民675食物耗尽！
⚠️ 第56天，村民675缺水！
⚠️ 第56天，村民676食物耗尽！
⚠️ 第56天，村民676缺水！
⚠️ 第56天，村民677食物耗尽！
⚠️ 第56天，村民677缺水！
⚠️ 第56天，村民678食物耗尽！
⚠️ 第56天，村民678缺水！
⚠️ 第56天，村民679食物耗尽！
⚠️ 第56天，村民679缺水！
⚠️ 第56天，村民680食物耗尽！
⚠️ 第56天，村民680缺水！
⚠️ 第56天，村民681食物耗尽！
⚠️ 第56天，村民681缺水！
⚠️ 第56天，村民682食物耗尽！
⚠️ 第56天，村民682缺水！
⚠️ 第56天，村民683食物耗尽！
⚠️ 第56天，村民683缺水！
⚠️ 第56天，村民684食物耗尽！
⚠️ 第56天，村民684缺水！
⚠️ 第56天，村民685食物耗尽！
⚠️ 第56天，村民685缺水！
⚠️ 第56天，村民686食物耗尽！
⚠️ 第56天，村民686缺水！
⚠️ 第56天，村民687食物耗尽！
⚠️ 第56天，村民687缺水！
⚠️ 第56天，村民688食物耗尽！
⚠️ 第56天，村民688缺水！
⚠️ 第56天，村民689食物耗尽！
⚠️ 第56天，村民689缺水！
⚠️ 第56天，村民690食物耗尽！
⚠️ 第56天，村民690缺水！
⚠️ 第56天，村民691食物耗尽！
⚠️ 第56天，村民691缺水！
⚠️ 第56天，村民692食物耗尽！
⚠️ 第56天，村民692缺水！
⚠️ 第56天，村民693食物耗尽！
⚠️ 第56天，村民693缺水！
⚠️ 第56天，村民694食物耗尽！
⚠️ 第56天，村民694缺水！
⚠️ 第56天，村民695食物耗尽！
⚠️ 第56天，村民695缺水！
⚠️ 第56天，村民696食物耗尽！
⚠️ 第56天，村民696缺水！
⚠️ 第56天，村民697食物耗尽！
⚠️ 第56天，村民697缺水！
⚠️ 第56天，村民698食物耗尽！
⚠️ 第56天，村民698缺水！
⚠️ 第56天，村民699食物耗尽！
⚠️ 第56天，村民699缺水！
⚠️ 第56天，村民700食物耗尽！
⚠️ 第56天，村民700缺水！
⚠️ 第56天，村民701食物耗尽！
⚠️ 第56天，村民701缺水！
⚠️ 第56天，村民702食物耗尽！
⚠️ 第56天，村民702缺水！
⚠️ 第56天，村民703食物耗尽！
⚠️ 第56天，村民703缺水！
⚠️ 第56天，村民704食物耗尽！
⚠️ 第56天，村民704缺水！
⚠️ 第56天，村民705食物耗尽！
⚠️ 第56天，村民705缺水！
⚠️ 第56天，村民706食物耗尽！
⚠️ 第56天，村民706缺水！
⚠️ 第56天，村民707食物耗尽！
⚠️ 第56天，村民707缺水！
⚠️ 第56天，村民708食物耗尽！
⚠️ 第56天，村民708缺水！
⚠️ 第56天，村民709食物耗尽！
⚠️ 第56天，村民709缺水！
⚠️ 第56天，村民710食物耗尽！
⚠️ 第56天，村民710缺水！
⚠️ 第56天，村民711食物耗尽！
⚠️ 第56天，村民711缺水！
⚠️ 第56天，村民712食物耗尽！
⚠️ 第56天，村民712缺水！
⚠️ 第56天，村民713食物耗尽！
⚠️ 第56天，村民713缺水！
⚠️ 第56天，村民714食物耗尽！
⚠️ 第56天，村民714缺水！
⚠️ 第56天，村民715食物耗尽！
⚠️ 第56天，村民715缺水！
⚠️ 第56天，村民716食物耗尽！
⚠️ 第56天，村民716缺水！
⚠️ 第56天，村民717食物耗尽！
⚠️ 第56天，村民717缺水！
⚠️ 第56天，村民718食物耗尽！
⚠️ 第56天，村民718缺水！
⚠️ 第56天，村民719食物耗尽！
⚠️ 第56天，村民719缺水！
⚠️ 第56天，村民720食物耗尽！
⚠️ 第56天，村民720缺水！
⚠️ 第56天，村民721食物耗尽！
⚠️ 第56天，村民721缺水！
⚠️ 第56天，村民722食物耗尽！
⚠️ 第56天，村民722缺水！
⚠️ 第56天，村民723食物耗尽！
⚠️ 第56天，村民723缺水！
⚠️ 第56天，村民724食物耗尽！
⚠️ 第56天，村民724缺水！
⚠️ 第56天，村民725食物耗尽！
⚠️ 第56天，村民725缺水！
⚠️ 第56天，村民726食物耗尽！
⚠️ 第56天，村民726缺水！
⚠️ 第56天，村民727食物耗尽！
⚠️ 第56天，村民727缺水！
⚠️ 第56天，村民728食物耗尽！
⚠️ 第56天，村民728缺水！
⚠️ 第56天，村民729食物耗尽！
⚠️ 第56天，村民729缺水！
⚠️ 第56天，村民730食物耗尽！
⚠️ 第56天，村民730缺水！
⚠️ 第56天，村民731食物耗尽！
⚠️ 第56天，村民731缺水！
⚠️ 第56天，村民732食物耗尽！
⚠️ 第56天，村民732缺水！
⚠️ 第56天，村民733食物耗尽！
⚠️ 第56天，村民733缺水！
⚠️ 第56天，村民734食物耗尽！
⚠️ 第56天，村民734缺水！
⚠️ 第56天，村民735食物耗尽！
⚠️ 第56天，村民735缺水！
⚠️ 第56天，村民736食物耗尽！
⚠️ 第56天，村民736缺水！
⚠️ 第56天，村民737食物耗尽！
⚠️ 第56天，村民737缺水！
⚠️ 第56天，村民738食物耗尽！
⚠️ 第56天，村民738缺水！
⚠️ 第56天，村民739食物耗尽！
⚠️ 第56天，村民739缺水！
⚠️ 第56天，村民740食物耗尽！
⚠️ 第56天，村民740缺水！
⚠️ 第56天，村民741食物耗尽！
⚠️ 第56天，村民741缺水！
⚠️ 第56天，村民742食物耗尽！
⚠️ 第56天，村民742缺水！
⚠️ 第56天，村民743食物耗尽！
⚠️ 第56天，村民743缺水！
⚠️ 第56天，村民744食物耗尽！
⚠️ 第56天，村民744缺水！
⚠️ 第56天，村民745食物耗尽！
⚠️ 第56天，村民745缺水！
⚠️ 第56天，村民746食物耗尽！
⚠️ 第56天，村民746缺水！
⚠️ 第56天，村民747食物耗尽！
⚠️ 第56天，村民747缺水！
⚠️ 第56天，村民748食物耗尽！
⚠️ 第56天，村民748缺水！
⚠️ 第56天，村民749食物耗尽！
⚠️ 第56天，村民749缺水！
⚠️ 第56天，村民750食物耗尽！
⚠️ 第56天，村民750缺水！
⚠️ 第56天，村民751食物耗尽！
⚠️ 第56天，村民751缺水！
⚠️ 第56天，村民752食物耗尽！
⚠️ 第56天，村民752缺水！
⚠️ 第56天，村民753食物耗尽！
⚠️ 第56天，村民753缺水！
⚠️ 第56天，村民754食物耗尽！
⚠️ 第56天，村民754缺水！
⚠️ 第56天，村民755食物耗尽！
⚠️ 第56天，村民755缺水！
⚠️ 第56天，村民756食物耗尽！
⚠️ 第56天，村民756缺水！
⚠️ 第56天，村民757食物耗尽！
⚠️ 第56天，村民757缺水！
⚠️ 第56天，村民758食物耗尽！
⚠️ 第56天，村民758缺水！
⚠️ 第56天，村民759食物耗尽！
⚠️ 第56天，村民759缺水！
⚠️ 第56天，村民760食物耗尽！
⚠️ 第56天，村民760缺水！
⚠️ 第56天，村民761食物耗尽！
⚠️ 第56天，村民761缺水！
⚠️ 第56天，村民762食物耗尽！
⚠️ 第56天，村民762缺水！
⚠️ 第56天，村民763食物耗尽！
⚠️ 第56天，村民763缺水！
⚠️ 第56天，村民764食物耗尽！
⚠️ 第56天，村民764缺水！
⚠️ 第56天，村民765食物耗尽！
⚠️ 第56天，村民765缺水！
⚠️ 第56天，村民766食物耗尽！
⚠️ 第56天，村民766缺水！
⚠️ 第56天，村民767食物耗尽！
⚠️ 第56天，村民767缺水！
⚠️ 第56天，村民768食物耗尽！
⚠️ 第56天，村民768缺水！
⚠️ 第56天，村民769食物耗尽！
⚠️ 第56天，村民769缺水！
⚠️ 第56天，村民770食物耗尽！
⚠️ 第56天，村民770缺水！
⚠️ 第56天，村民771食物耗尽！
⚠️ 第56天，村民771缺水！
⚠️ 第56天，村民772食物耗尽！
⚠️ 第56天，村民772缺水！
⚠️ 第56天，村民773食物耗尽！
⚠️ 第56天，村民773缺水！
⚠️ 第56天，村民774食物耗尽！
⚠️ 第56天，村民774缺水！
⚠️ 第56天，村民775食物耗尽！
⚠️ 第56天，村民775缺水！
⚠️ 第56天，村民776食物耗尽！
⚠️ 第56天，村民776缺水！
⚠️ 第56天，村民777食物耗尽！
⚠️ 第56天，村民777缺水！
⚠️ 第56天，村民778食物耗尽！
⚠️ 第56天，村民778缺水！
⚠️ 第56天，村民779食物耗尽！
⚠️ 第56天，村民779缺水！
⚠️ 第56天，村民780食物耗尽！
⚠️ 第56天，村民780缺水！
⚠️ 第56天，村民781食物耗尽！
⚠️ 第56天，村民781缺水！
⚠️ 第56天，村民782食物耗尽！
⚠️ 第56天，村民782缺水！
⚠️ 第56天，村民783食物耗尽！
⚠️ 第56天，村民783缺水！
⚠️ 第56天，村民784食物耗尽！
⚠️ 第56天，村民784缺水！
⚠️ 第56天，村民785食物耗尽！
⚠️ 第56天，村民785缺水！
⚠️ 第56天，村民786食物耗尽！
⚠️ 第56天，村民786缺水！
⚠️ 第56天，村民787食物耗尽！
⚠️ 第56天，村民787缺水！
⚠️ 第56天，村民788食物耗尽！
⚠️ 第56天，村民788缺水！
⚠️ 第56天，村民789食物耗尽！
⚠️ 第56天，村民789缺水！
⚠️ 第56天，村民790食物耗尽！
⚠️ 第56天，村民790缺水！
⚠️ 第56天，村民791食物耗尽！
⚠️ 第56天，村民791缺水！
⚠️ 第56天，村民792食物耗尽！
⚠️ 第56天，村民792缺水！
⚠️ 第56天，村民793食物耗尽！
⚠️ 第56天，村民793缺水！
⚠️ 第56天，村民794食物耗尽！
⚠️ 第56天，村民794缺水！
⚠️ 第56天，村民795食物耗尽！
⚠️ 第56天，村民795缺水！
⚠️ 第56天，村民796食物耗尽！
⚠️ 第56天，村民796缺水！
⚠️ 第56天，村民797食物耗尽！
⚠️ 第56天，村民797缺水！
⚠️ 第56天，村民798食物耗尽！
⚠️ 第56天，村民798缺水！
⚠️ 第56天，村民799食物耗尽！
⚠️ 第56天，村民799缺水！
⚠️ 第56天，村民800食物耗尽！
⚠️ 第56天，村民800缺水！
⚠️ 第56天，村民801食物耗尽！
⚠️ 第56天，村民801缺水！
⚠️ 第56天，村民802食物耗尽！
⚠️ 第56天，村民802缺水！
⚠️ 第56天，村民803食物耗尽！
⚠️ 第56天，村民803缺水！
⚠️ 第56天，村民804食物耗尽！
⚠️ 第56天，村民804缺水！
⚠️ 第56天，村民805食物耗尽！
⚠️ 第56天，村民805缺水！
⚠️ 第56天，村民806食物耗尽！
⚠️ 第56天，村民806缺水！
⚠️ 第56天，村民807食物耗尽！
⚠️ 第56天，村民807缺水！
⚠️ 第56天，村民808食物耗尽！
⚠️ 第56天，村民808缺水！
⚠️ 第56天，村民809食物耗尽！
⚠️ 第56天，村民809缺水！
⚠️ 第56天，村民810食物耗尽！
⚠️ 第56天，村民810缺水！
⚠️ 第56天，村民811食物耗尽！
⚠️ 第56天，村民811缺水！
⚠️ 第56天，村民812食物耗尽！
⚠️ 第56天，村民812缺水！
⚠️ 第56天，村民813食物耗尽！
⚠️ 第56天，村民813缺水！
⚠️ 第56天，村民814食物耗尽！
⚠️ 第56天，村民814缺水！
⚠️ 第56天，村民815食物耗尽！
⚠️ 第56天，村民815缺水！
⚠️ 第56天，村民816食物耗尽！
⚠️ 第56天，村民816缺水！
⚠️ 第56天，村民817食物耗尽！
⚠️ 第56天，村民817缺水！
⚠️ 第56天，村民818食物耗尽！
⚠️ 第56天，村民818缺水！
⚠️ 第56天，村民819食物耗尽！
⚠️ 第56天，村民819缺水！
⚠️ 第56天，村民820食物耗尽！
⚠️ 第56天，村民820缺水！
⚠️ 第56天，村民821食物耗尽！
⚠️ 第56天，村民821缺水！
⚠️ 第56天，村民822食物耗尽！
⚠️ 第56天，村民822缺水！
⚠️ 第56天，村民823食物耗尽！
⚠️ 第56天，村民823缺水！
⚠️ 第56天，村民824食物耗尽！
⚠️ 第56天，村民824缺水！
⚠️ 第56天，村民825食物耗尽！
⚠️ 第56天，村民825缺水！
⚠️ 第56天，村民826食物耗尽！
⚠️ 第56天，村民826缺水！
⚠️ 第56天，村民827食物耗尽！
⚠️ 第56天，村民827缺水！
⚠️ 第56天，村民828食物耗尽！
⚠️ 第56天，村民828缺水！
⚠️ 第56天，村民829食物耗尽！
⚠️ 第56天，村民829缺水！
⚠️ 第56天，村民830食物耗尽！
⚠️ 第56天，村民830缺水！
⚠️ 第56天，村民831食物耗尽！
⚠️ 第56天，村民831缺水！
⚠️ 第56天，村民832食物耗尽！
⚠️ 第56天，村民832缺水！
⚠️ 第56天，村民833食物耗尽！
⚠️ 第56天，村民833缺水！
⚠️ 第56天，村民834食物耗尽！
⚠️ 第56天，村民834缺水！
⚠️ 第56天，村民835食物耗尽！
⚠️ 第56天，村民835缺水！
⚠️ 第56天，村民836食物耗尽！
⚠️ 第56天，村民836缺水！
⚠️ 第56天，村民837食物耗尽！
⚠️ 第56天，村民837缺水！
⚠️ 第56天，村民838食物耗尽！
⚠️ 第56天，村民838缺水！
⚠️ 第56天，村民839食物耗尽！
⚠️ 第56天，村民839缺水！
⚠️ 第56天，村民840食物耗尽！
⚠️ 第56天，村民840缺水！
⚠️ 第56天，村民841食物耗尽！
⚠️ 第56天，村民841缺水！
⚠️ 第56天，村民842食物耗尽！
⚠️ 第56天，村民842缺水！
⚠️ 第56天，村民843食物耗尽！
⚠️ 第56天，村民843缺水！
⚠️ 第56天，村民844食物耗尽！
⚠️ 第56天，村民844缺水！
⚠️ 第56天，村民845食物耗尽！
⚠️ 第56天，村民845缺水！
⚠️ 第56天，村民846食物耗尽！
⚠️ 第56天，村民846缺水！
⚠️ 第56天，村民847食物耗尽！
⚠️ 第56天，村民847缺水！
⚠️ 第56天，村民848食物耗尽！
⚠️ 第56天，村民848缺水！
⚠️ 第56天，村民849食物耗尽！
⚠️ 第56天，村民849缺水！
⚠️ 第56天，村民850食物耗尽！
⚠️ 第56天，村民850缺水！
⚠️ 第56天，村民851食物耗尽！
⚠️ 第56天，村民851缺水！
⚠️ 第56天，村民852食物耗尽！
⚠️ 第56天，村民852缺水！
⚠️ 第56天，村民853食物耗尽！
⚠️ 第56天，村民853缺水！
⚠️ 第56天，村民854食物耗尽！
⚠️ 第56天，村民854缺水！
⚠️ 第56天，村民855食物耗尽！
⚠️ 第56天，村民855缺水！
⚠️ 第56天，村民856食物耗尽！
⚠️ 第56天，村民856缺水！
⚠️ 第56天，村民857食物耗尽！
⚠️ 第56天，村民857缺水！
⚠️ 第56天，村民858食物耗尽！
⚠️ 第56天，村民858缺水！
⚠️ 第56天，村民859食物耗尽！
⚠️ 第56天，村民859缺水！
⚠️ 第56天，村民860食物耗尽！
⚠️ 第56天，村民860缺水！
⚠️ 第56天，村民861食物耗尽！
⚠️ 第56天，村民861缺水！
⚠️ 第56天，村民862食物耗尽！
⚠️ 第56天，村民862缺水！
⚠️ 第56天，村民863食物耗尽！
⚠️ 第56天，村民863缺水！
⚠️ 第56天，村民864食物耗尽！
⚠️ 第56天，村民864缺水！
⚠️ 第56天，村民865食物耗尽！
⚠️ 第56天，村民865缺水！
⚠️ 第56天，村民866食物耗尽！
⚠️ 第56天，村民866缺水！
⚠️ 第56天，村民867食物耗尽！
⚠️ 第56天，村民867缺水！
⚠️ 第56天，村民868食物耗尽！
⚠️ 第56天，村民868缺水！
⚠️ 第56天，村民869食物耗尽！
⚠️ 第56天，村民869缺水！
⚠️ 第56天，村民870食物耗尽！
⚠️ 第56天，村民870缺水！
⚠️ 第56天，村民871食物耗尽！
⚠️ 第56天，村民871缺水！
⚠️ 第56天，村民872食物耗尽！
⚠️ 第56天，村民872缺水！
⚠️ 第56天，村民873食物耗尽！
⚠️ 第56天，村民873缺水！
⚠️ 第56天，村民874食物耗尽！
⚠️ 第56天，村民874缺水！
⚠️ 第56天，村民875食物耗尽！
⚠️ 第56天，村民875缺水！
⚠️ 第56天，村民876食物耗尽！
⚠️ 第56天，村民876缺水！
⚠️ 第56天，村民877食物耗尽！
⚠️ 第56天，村民877缺水！
⚠️ 第56天，村民878食物耗尽！
⚠️ 第56天，村民878缺水！
⚠️ 第56天，村民879食物耗尽！
⚠️ 第56天，村民879缺水！
⚠️ 第56天，村民880食物耗尽！
⚠️ 第56天，村民880缺水！
⚠️ 第56天，村民881食物耗尽！
⚠️ 第56天，村民881缺水！
⚠️ 第56天，村民882食物耗尽！
⚠️ 第56天，村民882缺水！
⚠️ 第56天，村民883食物耗尽！
⚠️ 第56天，村民883缺水！
⚠️ 第56天，村民884食物耗尽！
⚠️ 第56天，村民884缺水！
⚠️ 第56天，村民885食物耗尽！
⚠️ 第56天，村民885缺水！
⚠️ 第56天，村民886食物耗尽！
⚠️ 第56天，村民886缺水！
⚠️ 第56天，村民887食物耗尽！
⚠️ 第56天，村民887缺水！
⚠️ 第56天，村民888食物耗尽！
⚠️ 第56天，村民888缺水！
⚠️ 第56天，村民889食物耗尽！
⚠️ 第56天，村民889缺水！
⚠️ 第56天，村民890食物耗尽！
⚠️ 第56天，村民890缺水！
⚠️ 第56天，村民891食物耗尽！
⚠️ 第56天，村民891缺水！
⚠️ 第56天，村民892食物耗尽！
⚠️ 第56天，村民892缺水！
⚠️ 第56天，村民893食物耗尽！
⚠️ 第56天，村民893缺水！
⚠️ 第56天，村民894食物耗尽！
⚠️ 第56天，村民894缺水！
⚠️ 第56天，村民895食物耗尽！
⚠️ 第56天，村民895缺水！
⚠️ 第56天，村民896食物耗尽！
⚠️ 第56天，村民896缺水！
⚠️ 第56天，村民897食物耗尽！
⚠️ 第56天，村民897缺水！
⚠️ 第56天，村民898食物耗尽！
⚠️ 第56天，村民898缺水！
⚠️ 第56天，村民899食物耗尽！
⚠️ 第56天，村民899缺水！
⚠️ 第56天，村民900食物耗尽！
⚠️ 第56天，村民900缺水！
⚠️ 第56天，村民901食物耗尽！
⚠️ 第56天，村民901缺水！
⚠️ 第56天，村民902食物耗尽！
⚠️ 第56天，村民902缺水！
⚠️ 第56天，村民903食物耗尽！
⚠️ 第56天，村民903缺水！
⚠️ 第56天，村民904食物耗尽！
⚠️ 第56天，村民904缺水！
⚠️ 第56天，村民905食物耗尽！
⚠️ 第56天，村民905缺水！
⚠️ 第56天，村民906食物耗尽！
⚠️ 第56天，村民906缺水！
⚠️ 第56天，村民907食物耗尽！
⚠️ 第56天，村民907缺水！
⚠️ 第56天，村民908食物耗尽！
⚠️ 第56天，村民908缺水！
⚠️ 第56天，村民909食物耗尽！
⚠️ 第56天，村民909缺水！
⚠️ 第56天，村民910食物耗尽！
⚠️ 第56天，村民910缺水！
⚠️ 第56天，村民911食物耗尽！
⚠️ 第56天，村民911缺水！
⚠️ 第56天，村民912食物耗尽！
⚠️ 第56天，村民912缺水！
⚠️ 第56天，村民913食物耗尽！
⚠️ 第56天，村民913缺水！
⚠️ 第56天，村民914食物耗尽！
⚠️ 第56天，村民914缺水！
⚠️ 第56天，村民915食物耗尽！
⚠️ 第56天，村民915缺水！
⚠️ 第56天，村民916食物耗尽！
⚠️ 第56天，村民916缺水！
⚠️ 第56天，村民917食物耗尽！
⚠️ 第56天，村民917缺水！
⚠️ 第56天，村民918食物耗尽！
⚠️ 第56天，村民918缺水！
⚠️ 第56天，村民919食物耗尽！
⚠️ 第56天，村民919缺水！
⚠️ 第56天，村民920食物耗尽！
⚠️ 第56天，村民920缺水！
⚠️ 第56天，村民921食物耗尽！
⚠️ 第56天，村民921缺水！
⚠️ 第56天，村民922食物耗尽！
⚠️ 第56天，村民922缺水！
⚠️ 第56天，村民923食物耗尽！
⚠️ 第56天，村民923缺水！
⚠️ 第56天，村民924食物耗尽！
⚠️ 第56天，村民924缺水！
⚠️ 第56天，村民925食物耗尽！
⚠️ 第56天，村民925缺水！
⚠️ 第56天，村民926食物耗尽！
⚠️ 第56天，村民926缺水！
⚠️ 第56天，村民927食物耗尽！
⚠️ 第56天，村民927缺水！
⚠️ 第56天，村民928食物耗尽！
⚠️ 第56天，村民928缺水！
⚠️ 第56天，村民929食物耗尽！
⚠️ 第56天，村民929缺水！
⚠️ 第56天，村民930食物耗尽！
⚠️ 第56天，村民930缺水！
⚠️ 第56天，村民931食物耗尽！
⚠️ 第56天，村民931缺水！
⚠️ 第56天，村民932食物耗尽！
⚠️ 第56天，村民932缺水！
⚠️ 第56天，村民933食物耗尽！
⚠️ 第56天，村民933缺水！
⚠️ 第56天，村民934食物耗尽！
⚠️ 第56天，村民934缺水！
⚠️ 第56天，村民935食物耗尽！
⚠️ 第56天，村民935缺水！
⚠️ 第56天，村民936食物耗尽！
⚠️ 第56天，村民936缺水！
⚠️ 第56天，村民937食物耗尽！
⚠️ 第56天，村民937缺水！
⚠️ 第56天，村民938食物耗尽！
⚠️ 第56天，村民938缺水！
⚠️ 第56天，村民939食物耗尽！
⚠️ 第56天，村民939缺水！
⚠️ 第56天，村民940食物耗尽！
⚠️ 第56天，村民940缺水！
⚠️ 第56天，村民941食物耗尽！
⚠️ 第56天，村民941缺水！
⚠️ 第56天，村民942食物耗尽！
⚠️ 第56天，村民942缺水！
⚠️ 第56天，村民943食物耗尽！
⚠️ 第56天，村民943缺水！
⚠️ 第56天，村民944食物耗尽！
⚠️ 第56天，村民944缺水！
⚠️ 第56天，村民945食物耗尽！
⚠️ 第56天，村民945缺水！
⚠️ 第56天，村民946食物耗尽！
⚠️ 第56天，村民946缺水！
⚠️ 第56天，村民947食物耗尽！
⚠️ 第56天，村民947缺水！
⚠️ 第56天，村民948食物耗尽！
⚠️ 第56天，村民948缺水！
⚠️ 第56天，村民949食物耗尽！
⚠️ 第56天，村民949缺水！
⚠️ 第56天，村民950食物耗尽！
⚠️ 第56天，村民950缺水！
⚠️ 第56天，村民951食物耗尽！
⚠️ 第56天，村民951缺水！
⚠️ 第56天，村民952食物耗尽！
⚠️ 第56天，村民952缺水！
⚠️ 第56天，村民953食物耗尽！
⚠️ 第56天，村民953缺水！
⚠️ 第56天，村民954食物耗尽！
⚠️ 第56天，村民954缺水！
⚠️ 第56天，村民955食物耗尽！
⚠️ 第56天，村民955缺水！
⚠️ 第56天，村民956食物耗尽！
⚠️ 第56天，村民956缺水！
⚠️ 第56天，村民957食物耗尽！
⚠️ 第56天，村民957缺水！
⚠️ 第56天，村民958食物耗尽！
⚠️ 第56天，村民958缺水！
⚠️ 第56天，村民959食物耗尽！
⚠️ 第56天，村民959缺水！
⚠️ 第56天，村民960食物耗尽！
⚠️ 第56天，村民960缺水！
⚠️ 第56天，村民961食物耗尽！
⚠️ 第56天，村民961缺水！
⚠️ 第56天，村民962食物耗尽！
⚠️ 第56天，村民962缺水！
⚠️ 第56天，村民963食物耗尽！
⚠️ 第56天，村民963缺水！
⚠️ 第56天，村民964食物耗尽！
⚠️ 第56天，村民964缺水！
⚠️ 第56天，村民965食物耗尽！
⚠️ 第56天，村民965缺水！
⚠️ 第56天，村民966食物耗尽！
⚠️ 第56天，村民966缺水！
⚠️ 第56天，村民967食物耗尽！
⚠️ 第56天，村民967缺水！
⚠️ 第56天，村民968食物耗尽！
⚠️ 第56天，村民968缺水！
⚠️ 第56天，村民969食物耗尽！
⚠️ 第56天，村民969缺水！
⚠️ 第56天，村民970食物耗尽！
⚠️ 第56天，村民970缺水！
⚠️ 第56天，村民971食物耗尽！
⚠️ 第56天，村民971缺水！
⚠️ 第56天，村民972食物耗尽！
⚠️ 第56天，村民972缺水！
⚠️ 第56天，村民973食物耗尽！
⚠️ 第56天，村民973缺水！
⚠️ 第56天，村民974食物耗尽！
⚠️ 第56天，村民974缺水！
⚠️ 第56天，村民975食物耗尽！
⚠️ 第56天，村民975缺水！
⚠️ 第56天，村民976食物耗尽！
⚠️ 第56天，村民976缺水！
⚠️ 第56天，村民977食物耗尽！
⚠️ 第56天，村民977缺水！
⚠️ 第56天，村民978食物耗尽！
⚠️ 第56天，村民978缺水！
⚠️ 第56天，村民979食物耗尽！
⚠️ 第56天，村民979缺水！
⚠️ 第56天，村民980食物耗尽！
⚠️ 第56天，村民980缺水！
⚠️ 第56天，村民981食物耗尽！
⚠️ 第56天，村民981缺水！
⚠️ 第56天，村民982食物耗尽！
⚠️ 第56天，村民982缺水！
⚠️ 第56天，村民983食物耗尽！
⚠️ 第56天，村民983缺水！
⚠️ 第56天，村民984食物耗尽！
⚠️ 第56天，村民984缺水！
⚠️ 第56天，村民985食物耗尽！
⚠️ 第56天，村民985缺水！
⚠️ 第56天，村民986食物耗尽！
⚠️ 第56天，村民986缺水！
⚠️ 第56天，村民987食物耗尽！
⚠️ 第56天，村民987缺水！
⚠️ 第56天，村民988食物耗尽！
⚠️ 第56天，村民988缺水！
⚠️ 第56天，村民989食物耗尽！
⚠️ 第56天，村民989缺水！
⚠️ 第56天，村民990食物耗尽！
⚠️ 第56天，村民990缺水！
⚠️ 第56天，村民991食物耗尽！
⚠️ 第56天，村民991缺水！
⚠️ 第56天，村民992食物耗尽！
⚠️ 第56天，村民992缺水！
⚠️ 第56天，村民993食物耗尽！
⚠️ 第56天，村民993缺水！
⚠️ 第56天，村民994食物耗尽！
⚠️ 第56天，村民994缺水！
⚠️ 第56天，村民995食物耗尽！
⚠️ 第56天，村民995缺水！
⚠️ 第56天，村民996食物耗尽！
⚠️ 第56天，村民996缺水！
⚠️ 第56天，村民997食物耗尽！
⚠️ 第56天，村民997缺水！
⚠️ 第56天，村民998食物耗尽！
⚠️ 第56天，村民998缺水！
⚠️ 第56天，村民999食物耗尽！
⚠️ 第56天，村民999缺水！
⚠️ 第56天，村民1000食物耗尽！
⚠️ 第56天，村民1000缺水！
⚠️ 第56天，村民1001食物耗尽！
⚠️ 第56天，村民1001缺水！
⚠️ 第56天，村民1002食物耗尽！
⚠️ 第56天，村民1002缺水！
⚠️ 第56天，村民1003食物耗尽！
⚠️ 第56天，村民1003缺水！
⚠️ 第56天，村民1004食物耗尽！
⚠️ 第56天，村民1004缺水！
⚠️ 第56天，村民1005食物耗尽！
⚠️ 第56天，村民1005缺水！
⚠️ 第56天，村民1006食物耗尽！
⚠️ 第56天，村民1006缺水！
⚠️ 第56天，村民1007食物耗尽！
⚠️ 第56天，村民1007缺水！
⚠️ 第56天，村民1008食物耗尽！
⚠️ 第56天，村民1008缺水！
⚠️ 第56天，村民1009食物耗尽！
⚠️ 第56天，村民1009缺水！
⚠️ 第56天，村民1010食物耗尽！
⚠️ 第56天，村民1010缺水！
⚠️ 第56天，村民1011食物耗尽！
⚠️ 第56天，村民1011缺水！
⚠️ 第56天，村民1012食物耗尽！
⚠️ 第56天，村民1012缺水！
⚠️ 第56天，村民1013食物耗尽！
⚠️ 第56天，村民1013缺水！
⚠️ 第56天，村民1014食物耗尽！
⚠️ 第56天，村民1014缺水！
⚠️ 第56天，村民1015食物耗尽！
⚠️ 第56天，村民1015缺水！
⚠️ 第56天，村民1016食物耗尽！
⚠️ 第56天，村民1016缺水！
⚠️ 第56天，村民1017食物耗尽！
⚠️ 第56天，村民1017缺水！
⚠️ 第56天，村民1018食物耗尽！
⚠️ 第56天，村民1018缺水！
⚠️ 第56天，村民1019食物耗尽！
⚠️ 第56天，村民1019缺水！
⚠️ 第56天，村民1020食物耗尽！
⚠️ 第56天，村民1020缺水！
⚠️ 第56天，村民1021食物耗尽！
⚠️ 第56天，村民1021缺水！
⚠️ 第56天，村民1022食物耗尽！
⚠️ 第56天，村民1022缺水！
⚠️ 第56天，村民1023食物耗尽！
⚠️ 第56天，村民1023缺水！
⚠️ 第56天，村民1024食物耗尽！
⚠️ 第56天，村民1024缺水！
⚠️ 第56天，村民1025食物耗尽！
⚠️ 第56天，村民1025缺水！
⚠️ 第56天，村民1026食物耗尽！
⚠️ 第56天，村民1026缺水！
⚠️ 第56天，村民1027食物耗尽！
⚠️ 第56天，村民1027缺水！
⚠️ 第56天，村民1028食物耗尽！
⚠️ 第56天，村民1028缺水！
⚠️ 第56天，村民1029食物耗尽！
⚠️ 第56天，村民1029缺水！
⚠️ 第56天，村民1030食物耗尽！
⚠️ 第56天，村民1030缺水！
⚠️ 第56天，村民1031食物耗尽！
⚠️ 第56天，村民1031缺水！
⚠️ 第56天，村民1032食物耗尽！
⚠️ 第56天，村民1032缺水！
⚠️ 第56天，村民1033食物耗尽！
⚠️ 第56天，村民1033缺水！
⚠️ 第56天，村民1034食物耗尽！
⚠️ 第56天，村民1034缺水！
⚠️ 第56天，村民1035食物耗尽！
⚠️ 第56天，村民1035缺水！
⚠️ 第56天，村民1036食物耗尽！
⚠️ 第56天，村民1036缺水！
⚠️ 第56天，村民1037食物耗尽！
⚠️ 第56天，村民1037缺水！
⚠️ 第56天，村民1038食物耗尽！
⚠️ 第56天，村民1038缺水！
⚠️ 第56天，村民1039食物耗尽！
⚠️ 第56天，村民1039缺水！
⚠️ 第56天，村民1040食物耗尽！
⚠️ 第56天，村民1040缺水！
⚠️ 第56天，村民1041食物耗尽！
⚠️ 第56天，村民1041缺水！
⚠️ 第56天，村民1042食物耗尽！
⚠️ 第56天，村民1042缺水！
⚠️ 第56天，村民1043食物耗尽！
⚠️ 第56天，村民1043缺水！
⚠️ 第56天，村民1044食物耗尽！
⚠️ 第56天，村民1044缺水！
⚠️ 第56天，村民1045食物耗尽！
⚠️ 第56天，村民1045缺水！
⚠️ 第56天，村民1046食物耗尽！
⚠️ 第56天，村民1046缺水！
⚠️ 第56天，村民1047食物耗尽！
⚠️ 第56天，村民1047缺水！
⚠️ 第56天，村民1048食物耗尽！
⚠️ 第56天，村民1048缺水！
⚠️ 第56天，村民1049食物耗尽！
⚠️ 第56天，村民1049缺水！
⚠️ 第56天，村民1050食物耗尽！
⚠️ 第56天，村民1050缺水！
⚠️ 第56天，村民1051食物耗尽！
⚠️ 第56天，村民1051缺水！
⚠️ 第56天，村民1052食物耗尽！
⚠️ 第56天，村民1052缺水！
⚠️ 第56天，村民1053食物耗尽！
⚠️ 第56天，村民1053缺水！
⚠️ 第56天，村民1054食物耗尽！
⚠️ 第56天，村民1054缺水！
⚠️ 第56天，村民1055食物耗尽！
⚠️ 第56天，村民1055缺水！
⚠️ 第56天，村民1056食物耗尽！
⚠️ 第56天，村民1056缺水！
⚠️ 第56天，村民1057食物耗尽！
⚠️ 第56天，村民1057缺水！
⚠️ 第56天，村民1058食物耗尽！
⚠️ 第56天，村民1058缺水！
⚠️ 第56天，村民1059食物耗尽！
⚠️ 第56天，村民1059缺水！
⚠️ 第56天，村民1060食物耗尽！
⚠️ 第56天，村民1060缺水！
⚠️ 第56天，村民1061食物耗尽！
⚠️ 第56天，村民1061缺水！
⚠️ 第56天，村民1062食物耗尽！
⚠️ 第56天，村民1062缺水！
⚠️ 第56天，村民1063食物耗尽！
⚠️ 第56天，村民1063缺水！
⚠️ 第56天，村民1064食物耗尽！
⚠️ 第56天，村民1064缺水！
⚠️ 第56天，村民1065食物耗尽！
⚠️ 第56天，村民1065缺水！
⚠️ 第56天，村民1066食物耗尽！
⚠️ 第56天，村民1066缺水！
⚠️ 第56天，村民1067食物耗尽！
⚠️ 第56天，村民1067缺水！
⚠️ 第56天，村民1068食物耗尽！
⚠️ 第56天，村民1068缺水！
⚠️ 第56天，村民1069食物耗尽！
⚠️ 第56天，村民1069缺水！
⚠️ 第56天，村民1070食物耗尽！
⚠️ 第56天，村民1070缺水！
⚠️ 第56天，村民1071食物耗尽！
⚠️ 第56天，村民1071缺水！
⚠️ 第56天，村民1072食物耗尽！
⚠️ 第56天，村民1072缺水！
⚠️ 第56天，村民1073食物耗尽！
⚠️ 第56天，村民1073缺水！
⚠️ 第56天，村民1074食物耗尽！
⚠️ 第56天，村民1074缺水！
⚠️ 第56天，村民1075食物耗尽！
⚠️ 第56天，村民1075缺水！
⚠️ 第56天，村民1076食物耗尽！
⚠️ 第56天，村民1076缺水！
⚠️ 第56天，村民1077食物耗尽！
⚠️ 第56天，村民1077缺水！
⚠️ 第56天，村民1078食物耗尽！
⚠️ 第56天，村民1078缺水！
⚠️ 第56天，村民1079食物耗尽！
⚠️ 第56天，村民1079缺水！
⚠️ 第56天，村民1080食物耗尽！
⚠️ 第56天，村民1080缺水！
⚠️ 第56天，村民1081食物耗尽！
⚠️ 第56天，村民1081缺水！
⚠️ 第56天，村民1082食物耗尽！
⚠️ 第56天，村民1082缺水！
⚠️ 第56天，村民1083食物耗尽！
⚠️ 第56天，村民1083缺水！
⚠️ 第56天，村民1084食物耗尽！
⚠️ 第56天，村民1084缺水！
⚠️ 第56天，村民1085食物耗尽！
⚠️ 第56天，村民1085缺水！
⚠️ 第56天，村民1086食物耗尽！
⚠️ 第56天，村民1086缺水！
⚠️ 第56天，村民1087食物耗尽！
⚠️ 第56天，村民1087缺水！
⚠️ 第56天，村民1088食物耗尽！
⚠️ 第56天，村民1088缺水！
⚠️ 第56天，村民1089食物耗尽！
⚠️ 第56天，村民1089缺水！
⚠️ 第56天，村民1090食物耗尽！
⚠️ 第56天，村民1090缺水！
⚠️ 第56天，村民1091食物耗尽！
⚠️ 第56天，村民1091缺水！
⚠️ 第56天，村民1092食物耗尽！
⚠️ 第56天，村民1092缺水！
⚠️ 第56天，村民1093食物耗尽！
⚠️ 第56天，村民1093缺水！
⚠️ 第56天，村民1094食物耗尽！
⚠️ 第56天，村民1094缺水！
⚠️ 第56天，村民1095食物耗尽！
⚠️ 第56天，村民1095缺水！
⚠️ 第56天，村民1096食物耗尽！
⚠️ 第56天，村民1096缺水！
⚠️ 第56天，村民1097食物耗尽！
⚠️ 第56天，村民1097缺水！
⚠️ 第56天，村民1098食物耗尽！
⚠️ 第56天，村民1098缺水！
⚠️ 第56天，村民1099食物耗尽！
⚠️ 第56天，村民1099缺水！
⚠️ 第56天，村民1100食物耗尽！
⚠️ 第56天，村民1100缺水！
⚠️ 第56天，村民1101食物耗尽！
⚠️ 第56天，村民1101缺水！
⚠️ 第56天，村民1102食物耗尽！
⚠️ 第56天，村民1102缺水！
⚠️ 第56天，村民1103食物耗尽！
⚠️ 第56天，村民1103缺水！
⚠️ 第56天，村民1104食物耗尽！
⚠️ 第56天，村民1104缺水！
⚠️ 第56天，村民1105食物耗尽！
⚠️ 第56天，村民1105缺水！
⚠️ 第56天，村民1106食物耗尽！
⚠️ 第56天，村民1106缺水！
⚠️ 第56天，村民1107食物耗尽！
⚠️ 第56天，村民1107缺水！
⚠️ 第56天，村民1108食物耗尽！
⚠️ 第56天，村民1108缺水！
⚠️ 第56天，村民1109食物耗尽！
⚠️ 第56天，村民1109缺水！
⚠️ 第56天，村民1110食物耗尽！
⚠️ 第56天，村民1110缺水！
⚠️ 第56天，村民1111食物耗尽！
⚠️ 第56天，村民1111缺水！
⚠️ 第56天，村民1112食物耗尽！
⚠️ 第56天，村民1112缺水！
⚠️ 第56天，村民1113食物耗尽！
⚠️ 第56天，村民1113缺水！
⚠️ 第56天，村民1114食物耗尽！
⚠️ 第56天，村民1114缺水！
⚠️ 第56天，村民1115食物耗尽！
⚠️ 第56天，村民1115缺水！
⚠️ 第56天，村民1116食物耗尽！
⚠️ 第56天，村民1116缺水！
⚠️ 第56天，村民1117食物耗尽！
⚠️ 第56天，村民1117缺水！
⚠️ 第56天，村民1118食物耗尽！
⚠️ 第56天，村民1118缺水！
⚠️ 第56天，村民1119食物耗尽！
⚠️ 第56天，村民1119缺水！
⚠️ 第56天，村民1120食物耗尽！
⚠️ 第56天，村民1120缺水！
⚠️ 第56天，村民1121食物耗尽！
⚠️ 第56天，村民1121缺水！
⚠️ 第56天，村民1122食物耗尽！
⚠️ 第56天，村民1122缺水！
⚠️ 第56天，村民1123食物耗尽！
⚠️ 第56天，村民1123缺水！
⚠️ 第56天，村民1124食物耗尽！
⚠️ 第56天，村民1124缺水！
⚠️ 第56天，村民1125食物耗尽！
⚠️ 第56天，村民1125缺水！
⚠️ 第56天，村民1126食物耗尽！
⚠️ 第56天，村民1126缺水！
⚠️ 第56天，村民1127食物耗尽！
⚠️ 第56天，村民1127缺水！
⚠️ 第56天，村民1128食物耗尽！
⚠️ 第56天，村民1128缺水！
⚠️ 第56天，村民1129食物耗尽！
⚠️ 第56天，村民1129缺水！
⚠️ 第56天，村民1130食物耗尽！
⚠️ 第56天，村民1130缺水！
⚠️ 第56天，村民1131食物耗尽！
⚠️ 第56天，村民1131缺水！
⚠️ 第56天，村民1132食物耗尽！
⚠️ 第56天，村民1132缺水！
⚠️ 第56天，村民1133食物耗尽！
⚠️ 第56天，村民1133缺水！
⚠️ 第56天，村民1134食物耗尽！
⚠️ 第56天，村民1134缺水！
⚠️ 第56天，村民1135食物耗尽！
⚠️ 第56天，村民1135缺水！
⚠️ 第56天，村民1136食物耗尽！
⚠️ 第56天，村民1136缺水！
⚠️ 第56天，村民1137食物耗尽！
⚠️ 第56天，村民1137缺水！
⚠️ 第56天，村民1138食物耗尽！
⚠️ 第56天，村民1138缺水！
⚠️ 第56天，村民1139食物耗尽！
⚠️ 第56天，村民1139缺水！
⚠️ 第56天，村民1140食物耗尽！
⚠️ 第56天，村民1140缺水！
⚠️ 第56天，村民1141食物耗尽！
⚠️ 第56天，村民1141缺水！
⚠️ 第56天，村民1142食物耗尽！
⚠️ 第56天，村民1142缺水！
⚠️ 第56天，村民1143食物耗尽！
⚠️ 第56天，村民1143缺水！
⚠️ 第56天，村民1144食物耗尽！
⚠️ 第56天，村民1144缺水！
⚠️ 第56天，村民1145食物耗尽！
⚠️ 第56天，村民1145缺水！
⚠️ 第56天，村民1146食物耗尽！
⚠️ 第56天，村民1146缺水！
⚠️ 第56天，村民1147食物耗尽！
⚠️ 第56天，村民1147缺水！
⚠️ 第56天，村民1148食物耗尽！
⚠️ 第56天，村民1148缺水！
⚠️ 第56天，村民1149食物耗尽！
⚠️ 第56天，村民1149缺水！
⚠️ 第56天，村民1150食物耗尽！
⚠️ 第56天，村民1150缺水！
⚠️ 第56天，村民1151食物耗尽！
⚠️ 第56天，村民1151缺水！
⚠️ 第56天，村民1152食物耗尽！
⚠️ 第56天，村民1152缺水！
⚠️ 第56天，村民1153食物耗尽！
⚠️ 第56天，村民1153缺水！
⚠️ 第56天，村民1154食物耗尽！
⚠️ 第56天，村民1154缺水！
⚠️ 第56天，村民1155食物耗尽！
⚠️ 第56天，村民1155缺水！
⚠️ 第56天，村民1156食物耗尽！
⚠️ 第56天，村民1156缺水！
⚠️ 第56天，村民1157食物耗尽！
⚠️ 第56天，村民1157缺水！
⚠️ 第56天，村民1158食物耗尽！
⚠️ 第56天，村民1158缺水！
⚠️ 第56天，村民1159食物耗尽！
⚠️ 第56天，村民1159缺水！
⚠️ 第56天，村民1160食物耗尽！
⚠️ 第56天，村民1160缺水！
⚠️ 第56天，村民1161食物耗尽！
⚠️ 第56天，村民1161缺水！
⚠️ 第56天，村民1162食物耗尽！
⚠️ 第56天，村民1162缺水！
⚠️ 第56天，村民1163食物耗尽！
⚠️ 第56天，村民1163缺水！
⚠️ 第56天，村民1164食物耗尽！
⚠️ 第56天，村民1164缺水！
⚠️ 第56天，村民1165食物耗尽！
⚠️ 第56天，村民1165缺水！
⚠️ 第56天，村民1166食物耗尽！
⚠️ 第56天，村民1166缺水！
⚠️ 第56天，村民1167食物耗尽！
⚠️ 第56天，村民1167缺水！
⚠️ 第56天，村民1168食物耗尽！
⚠️ 第56天，村民1168缺水！
⚠️ 第56天，村民1169食物耗尽！
⚠️ 第56天，村民1169缺水！
⚠️ 第56天，村民1170食物耗尽！
⚠️ 第56天，村民1170缺水！
⚠️ 第56天，村民1171食物耗尽！
⚠️ 第56天，村民1171缺水！
⚠️ 第56天，村民1172食物耗尽！
⚠️ 第56天，村民1172缺水！
⚠️ 第56天，村民1173食物耗尽！
⚠️ 第56天，村民1173缺水！
⚠️ 第56天，村民1174食物耗尽！
⚠️ 第56天，村民1174缺水！
⚠️ 第56天，村民1175食物耗尽！
⚠️ 第56天，村民1175缺水！
⚠️ 第56天，村民1176食物耗尽！
⚠️ 第56天，村民1176缺水！
⚠️ 第56天，村民1177食物耗尽！
⚠️ 第56天，村民1177缺水！
⚠️ 第56天，村民1178食物耗尽！
⚠️ 第56天，村民1178缺水！
⚠️ 第56天，村民1179食物耗尽！
⚠️ 第56天，村民1179缺水！
⚠️ 第56天，村民1180食物耗尽！
⚠️ 第56天，村民1180缺水！
⚠️ 第56天，村民1181食物耗尽！
⚠️ 第56天，村民1181缺水！
⚠️ 第56天，村民1182食物耗尽！
⚠️ 第56天，村民1182缺水！
⚠️ 第56天，村民1183食物耗尽！
⚠️ 第56天，村民1183缺水！
⚠️ 第56天，村民1184食物耗尽！
⚠️ 第56天，村民1184缺水！
⚠️ 第56天，村民1185食物耗尽！
⚠️ 第56天，村民1185缺水！
⚠️ 第56天，村民1186食物耗尽！
⚠️ 第56天，村民1186缺水！
⚠️ 第56天，村民1187食物耗尽！
⚠️ 第56天，村民1187缺水！
⚠️ 第56天，村民1188食物耗尽！
⚠️ 第56天，村民1188缺水！
⚠️ 第56天，村民1189食物耗尽！
⚠️ 第56天，村民1189缺水！
⚠️ 第56天，村民1190食物耗尽！
⚠️ 第56天，村民1190缺水！
⚠️ 第56天，村民1191食物耗尽！
⚠️ 第56天，村民1191缺水！
⚠️ 第56天，村民1192食物耗尽！
⚠️ 第56天，村民1192缺水！
⚠️ 第56天，村民1193食物耗尽！
⚠️ 第56天，村民1193缺水！
⚠️ 第56天，村民1194食物耗尽！
⚠️ 第56天，村民1194缺水！
⚠️ 第56天，村民1195食物耗尽！
⚠️ 第56天，村民1195缺水！
⚠️ 第56天，村民1196食物耗尽！
⚠️ 第56天，村民1196缺水！
⚠️ 第56天，村民1197食物耗尽！
⚠️ 第56天，村民1197缺水！
⚠️ 第56天，村民1198食物耗尽！
⚠️ 第56天，村民1198缺水！
⚠️ 第56天，村民1199食物耗尽！
⚠️ 第56天，村民1199缺水！
⚠️ 第56天，村民1200食物耗尽！
⚠️ 第56天，村民1200缺水！
⚠️ 第56天，村民1201食物耗尽！
⚠️ 第56天，村民1201缺水！
⚠️ 第56天，村民1202食物耗尽！
⚠️ 第56天，村民1202缺水！
⚠️ 第56天，村民1203食物耗尽！
⚠️ 第56天，村民1203缺水！
⚠️ 第56天，村民1204食物耗尽！
⚠️ 第56天，村民1204缺水！
⚠️ 第56天，村民1205食物耗尽！
⚠️ 第56天，村民1205缺水！
⚠️ 第56天，村民1206食物耗尽！
⚠️ 第56天，村民1206缺水！
⚠️ 第56天，村民1207食物耗尽！
⚠️ 第56天，村民1207缺水！
⚠️ 第56天，村民1208食物耗尽！
⚠️ 第56天，村民1208缺水！
⚠️ 第56天，村民1209食物耗尽！
⚠️ 第56天，村民1209缺水！
⚠️ 第56天，村民1210食物耗尽！
⚠️ 第56天，村民1210缺水！
⚠️ 第56天，村民1211食物耗尽！
⚠️ 第56天，村民1211缺水！
⚠️ 第56天，村民1212食物耗尽！
⚠️ 第56天，村民1212缺水！
⚠️ 第56天，村民1213食物耗尽！
⚠️ 第56天，村民1213缺水！
⚠️ 第56天，村民1214食物耗尽！
⚠️ 第56天，村民1214缺水！
⚠️ 第56天，村民1215食物耗尽！
⚠️ 第56天，村民1215缺水！
⚠️ 第56天，村民1216食物耗尽！
⚠️ 第56天，村民1216缺水！
⚠️ 第56天，村民1217食物耗尽！
⚠️ 第56天，村民1217缺水！
⚠️ 第56天，村民1218食物耗尽！
⚠️ 第56天，村民1218缺水！
⚠️ 第56天，村民1219食物耗尽！
⚠️ 第56天，村民1219缺水！
⚠️ 第56天，村民1220食物耗尽！
⚠️ 第56天，村民1220缺水！
⚠️ 第56天，村民1221食物耗尽！
⚠️ 第56天，村民1221缺水！
⚠️ 第56天，村民1222食物耗尽！
⚠️ 第56天，村民1222缺水！
⚠️ 第56天，村民1223食物耗尽！
⚠️ 第56天，村民1223缺水！
⚠️ 第56天，村民1224食物耗尽！
⚠️ 第56天，村民1224缺水！
⚠️ 第56天，村民1225食物耗尽！
⚠️ 第56天，村民1225缺水！
⚠️ 第56天，村民1226食物耗尽！
⚠️ 第56天，村民1226缺水！
⚠️ 第56天，村民1227食物耗尽！
⚠️ 第56天，村民1227缺水！
⚠️ 第56天，村民1228食物耗尽！
⚠️ 第56天，村民1228缺水！
⚠️ 第56天，村民1229食物耗尽！
⚠️ 第56天，村民1229缺水！
⚠️ 第56天，村民1230食物耗尽！
⚠️ 第56天，村民1230缺水！
⚠️ 第56天，村民1231食物耗尽！
⚠️ 第56天，村民1231缺水！
⚠️ 第56天，村民1232食物耗尽！
⚠️ 第56天，村民1232缺水！
⚠️ 第56天，村民1233食物耗尽！
⚠️ 第56天，村民1233缺水！
⚠️ 第56天，村民1234食物耗尽！
⚠️ 第56天，村民1234缺水！
⚠️ 第56天，村民1235食物耗尽！
⚠️ 第56天，村民1235缺水！
⚠️ 第56天，村民1236食物耗尽！
⚠️ 第56天，村民1236缺水！
⚠️ 第56天，村民1237食物耗尽！
⚠️ 第56天，村民1237缺水！
⚠️ 第56天，村民1238食物耗尽！
⚠️ 第56天，村民1238缺水！
⚠️ 第56天，村民1239食物耗尽！
⚠️ 第56天，村民1239缺水！
⚠️ 第56天，村民1240食物耗尽！
⚠️ 第56天，村民1240缺水！
⚠️ 第56天，村民1241食物耗尽！
⚠️ 第56天，村民1241缺水！
⚠️ 第56天，村民1242食物耗尽！
⚠️ 第56天，村民1242缺水！
⚠️ 第56天，村民1243食物耗尽！
⚠️ 第56天，村民1243缺水！
⚠️ 第56天，村民1244食物耗尽！
⚠️ 第56天，村民1244缺水！
⚠️ 第56天，村民1245食物耗尽！
⚠️ 第56天，村民1245缺水！
⚠️ 第56天，村民1246食物耗尽！
⚠️ 第56天，村民1246缺水！
⚠️ 第56天，村民1247食物耗尽！
⚠️ 第56天，村民1247缺水！
⚠️ 第56天，村民1248食物耗尽！
⚠️ 第56天，村民1248缺水！
⚠️ 第56天，村民1249食物耗尽！
⚠️ 第56天，村民1249缺水！
⚠️ 第56天，村民1250食物耗尽！
⚠️ 第56天，村民1250缺水！
⚠️ 第56天，村民1251食物耗尽！
⚠️ 第56天，村民1251缺水！
⚠️ 第56天，村民1252食物耗尽！
⚠️ 第56天，村民1252缺水！
⚠️ 第56天，村民1253食物耗尽！
⚠️ 第56天，村民1253缺水！
⚠️ 第56天，村民1254食物耗尽！
⚠️ 第56天，村民1254缺水！
⚠️ 第56天，村民1255食物耗尽！
⚠️ 第56天，村民1255缺水！
⚠️ 第56天，村民1256食物耗尽！
⚠️ 第56天，村民1256缺水！
⚠️ 第56天，村民1257食物耗尽！
⚠️ 第56天，村民1257缺水！
⚠️ 第56天，村民1258食物耗尽！
⚠️ 第56天，村民1258缺水！
⚠️ 第56天，村民1259食物耗尽！
⚠️ 第56天，村民1259缺水！
⚠️ 第56天，村民1260食物耗尽！
⚠️ 第56天，村民1260缺水！
⚠️ 第56天，村民1261食物耗尽！
⚠️ 第56天，村民1261缺水！
⚠️ 第56天，村民1262食物耗尽！
⚠️ 第56天，村民1262缺水！
⚠️ 第56天，村民1263食物耗尽！
⚠️ 第56天，村民1263缺水！
⚠️ 第56天，村民1264食物耗尽！
⚠️ 第56天，村民1264缺水！
⚠️ 第56天，村民1265食物耗尽！
⚠️ 第56天，村民1265缺水！
⚠️ 第56天，村民1266食物耗尽！
⚠️ 第56天，村民1266缺水！
⚠️ 第56天，村民1267食物耗尽！
⚠️ 第56天，村民1267缺水！
⚠️ 第56天，村民1268食物耗尽！
⚠️ 第56天，村民1268缺水！
⚠️ 第56天，村民1269食物耗尽！
⚠️ 第56天，村民1269缺水！
⚠️ 第56天，村民1270食物耗尽！
⚠️ 第56天，村民1270缺水！
⚠️ 第56天，村民1271食物耗尽！
⚠️ 第56天，村民1271缺水！
⚠️ 第56天，村民1272食物耗尽！
⚠️ 第56天，村民1272缺水！
⚠️ 第56天，村民1273食物耗尽！
⚠️ 第56天，村民1273缺水！
⚠️ 第56天，村民1274食物耗尽！
⚠️ 第56天，村民1274缺水！
⚠️ 第56天，村民1275食物耗尽！
⚠️ 第56天，村民1275缺水！
⚠️ 第56天，村民1276食物耗尽！
⚠️ 第56天，村民1276缺水！
⚠️ 第56天，村民1277食物耗尽！
⚠️ 第56天，村民1277缺水！
⚠️ 第56天，村民1278食物耗尽！
⚠️ 第56天，村民1278缺水！
⚠️ 第56天，村民1279食物耗尽！
⚠️ 第56天，村民1279缺水！
⚠️ 第56天，村民1280食物耗尽！
⚠️ 第56天，村民1280缺水！
⚠️ 第56天，村民1281食物耗尽！
⚠️ 第56天，村民1281缺水！
⚠️ 第56天，村民1282食物耗尽！
⚠️ 第56天，村民1282缺水！
⚠️ 第56天，村民1283食物耗尽！
⚠️ 第56天，村民1283缺水！
⚠️ 第56天，村民1284食物耗尽！
⚠️ 第56天，村民1284缺水！
⚠️ 第56天，村民1285食物耗尽！
⚠️ 第56天，村民1285缺水！
⚠️ 第56天，村民1286食物耗尽！
⚠️ 第56天，村民1286缺水！
⚠️ 第56天，村民1287食物耗尽！
⚠️ 第56天，村民1287缺水！
⚠️ 第56天，村民1288食物耗尽！
⚠️ 第56天，村民1288缺水！
⚠️ 第56天，村民1289食物耗尽！
⚠️ 第56天，村民1289缺水！
⚠️ 第56天，村民1290食物耗尽！
⚠️ 第56天，村民1290缺水！
⚠️ 第56天，村民1291食物耗尽！
⚠️ 第56天，村民1291缺水！
⚠️ 第56天，村民1292食物耗尽！
⚠️ 第56天，村民1292缺水！
⚠️ 第56天，村民1293食物耗尽！
⚠️ 第56天，村民1293缺水！
⚠️ 第56天，村民1294食物耗尽！
⚠️ 第56天，村民1294缺水！
⚠️ 第56天，村民1295食物耗尽！
⚠️ 第56天，村民1295缺水！
⚠️ 第56天，村民1296食物耗尽！
⚠️ 第56天，村民1296缺水！
⚠️ 第56天，村民1297食物耗尽！
⚠️ 第56天，村民1297缺水！
⚠️ 第56天，村民1298食物耗尽！
⚠️ 第56天，村民1298缺水！
⚠️ 第56天，村民1299食物耗尽！
⚠️ 第56天，村民1299缺水！
⚠️ 第56天，村民1300食物耗尽！
⚠️ 第56天，村民1300缺水！
⚠️ 第56天，村民1301食物耗尽！
⚠️ 第56天，村民1301缺水！
⚠️ 第56天，村民1302食物耗尽！
⚠️ 第56天，村民1302缺水！
⚠️ 第56天，村民1303食物耗尽！
⚠️ 第56天，村民1303缺水！
⚠️ 第56天，村民1304食物耗尽！
⚠️ 第56天，村民1304缺水！
⚠️ 第56天，村民1305食物耗尽！
⚠️ 第56天，村民1305缺水！
⚠️ 第56天，村民1306食物耗尽！
⚠️ 第56天，村民1306缺水！
⚠️ 第56天，村民1307食物耗尽！
⚠️ 第56天，村民1307缺水！
⚠️ 第56天，村民1308食物耗尽！
⚠️ 第56天，村民1308缺水！
⚠️ 第56天，村民1309食物耗尽！
⚠️ 第56天，村民1309缺水！
⚠️ 第56天，村民1310食物耗尽！
⚠️ 第56天，村民1310缺水！
⚠️ 第56天，村民1311食物耗尽！
⚠️ 第56天，村民1311缺水！
⚠️ 第56天，村民1312食物耗尽！
⚠️ 第56天，村民1312缺水！
⚠️ 第56天，村民1313食物耗尽！
⚠️ 第56天，村民1313缺水！
⚠️ 第56天，村民1314食物耗尽！
⚠️ 第56天，村民1314缺水！
⚠️ 第56天，村民1315食物耗尽！
⚠️ 第56天，村民1315缺水！
⚠️ 第56天，村民1316食物耗尽！
⚠️ 第56天，村民1316缺水！
⚠️ 第56天，村民1317食物耗尽！
⚠️ 第56天，村民1317缺水！
⚠️ 第56天，村民1318食物耗尽！
⚠️ 第56天，村民1318缺水！
⚠️ 第56天，村民1319食物耗尽！
⚠️ 第56天，村民1319缺水！
⚠️ 第56天，村民1320食物耗尽！
⚠️ 第56天，村民1320缺水！
⚠️ 第56天，村民1321食物耗尽！
⚠️ 第56天，村民1321缺水！
⚠️ 第56天，村民1322食物耗尽！
⚠️ 第56天，村民1322缺水！
⚠️ 第56天，村民1323食物耗尽！
⚠️ 第56天，村民1323缺水！
⚠️ 第56天，村民1324食物耗尽！
⚠️ 第56天，村民1324缺水！
⚠️ 第56天，村民1325食物耗尽！
⚠️ 第56天，村民1325缺水！
⚠️ 第56天，村民1326食物耗尽！
⚠️ 第56天，村民1326缺水！
⚠️ 第56天，村民1327食物耗尽！
⚠️ 第56天，村民1327缺水！
⚠️ 第56天，村民1328食物耗尽！
⚠️ 第56天，村民1328缺水！
⚠️ 第56天，村民1329食物耗尽！
⚠️ 第56天，村民1329缺水！
⚠️ 第56天，村民1330食物耗尽！
⚠️ 第56天，村民1330缺水！
⚠️ 第56天，村民1331食物耗尽！
⚠️ 第56天，村民1331缺水！
⚠️ 第56天，村民1332食物耗尽！
⚠️ 第56天，村民1332缺水！
⚠️ 第56天，村民1333食物耗尽！
⚠️ 第56天，村民1333缺水！
⚠️ 第56天，村民1334食物耗尽！
⚠️ 第56天，村民1334缺水！
⚠️ 第56天，村民1335食物耗尽！
⚠️ 第56天，村民1335缺水！
⚠️ 第56天，村民1336食物耗尽！
⚠️ 第56天，村民1336缺水！
⚠️ 第56天，村民1337食物耗尽！
⚠️ 第56天，村民1337缺水！
⚠️ 第56天，村民1338食物耗尽！
⚠️ 第56天，村民1338缺水！
⚠️ 第56天，村民1339食物耗尽！
⚠️ 第56天，村民1339缺水！
⚠️ 第56天，村民1340食物耗尽！
⚠️ 第56天，村民1340缺水！
⚠️ 第56天，村民1341食物耗尽！
⚠️ 第56天，村民1341缺水！
⚠️ 第56天，村民1342食物耗尽！
⚠️ 第56天，村民1342缺水！
⚠️ 第56天，村民1343食物耗尽！
⚠️ 第56天，村民1343缺水！
⚠️ 第56天，村民1344食物耗尽！
⚠️ 第56天，村民1344缺水！
⚠️ 第56天，村民1345食物耗尽！
⚠️ 第56天，村民1345缺水！
⚠️ 第56天，村民1346食物耗尽！
⚠️ 第56天，村民1346缺水！
⚠️ 第56天，村民1347食物耗尽！
⚠️ 第56天，村民1347缺水！
⚠️ 第56天，村民1348食物耗尽！
⚠️ 第56天，村民1348缺水！
⚠️ 第56天，村民1349食物耗尽！
⚠️ 第56天，村民1349缺水！
⚠️ 第56天，村民1350食物耗尽！
⚠️ 第56天，村民1350缺水！
⚠️ 第56天，村民1351食物耗尽！
⚠️ 第56天，村民1351缺水！
⚠️ 第56天，村民1352食物耗尽！
⚠️ 第56天，村民1352缺水！
⚠️ 第56天，村民1353食物耗尽！
⚠️ 第56天，村民1353缺水！
⚠️ 第56天，村民1354食物耗尽！
⚠️ 第56天，村民1354缺水！
⚠️ 第56天，村民1355食物耗尽！
⚠️ 第56天，村民1355缺水！
⚠️ 第56天，村民1356食物耗尽！
⚠️ 第56天，村民1356缺水！
⚠️ 第56天，村民1357食物耗尽！
⚠️ 第56天，村民1357缺水！
⚠️ 第56天，村民1358食物耗尽！
⚠️ 第56天，村民1358缺水！
⚠️ 第56天，村民1359食物耗尽！
⚠️ 第56天，村民1359缺水！
⚠️ 第56天，村民1360食物耗尽！
⚠️ 第56天，村民1360缺水！
⚠️ 第56天，村民1361食物耗尽！
⚠️ 第56天，村民1361缺水！
⚠️ 第56天，村民1362食物耗尽！
⚠️ 第56天，村民1362缺水！
⚠️ 第56天，村民1363食物耗尽！
⚠️ 第56天，村民1363缺水！
⚠️ 第56天，村民1364食物耗尽！
⚠️ 第56天，村民1364缺水！
⚠️ 第56天，村民1365食物耗尽！
⚠️ 第56天，村民1365缺水！
⚠️ 第56天，村民1366食物耗尽！
⚠️ 第56天，村民1366缺水！
⚠️ 第56天，村民1367食物耗尽！
⚠️ 第56天，村民1367缺水！
⚠️ 第56天，村民1368食物耗尽！
⚠️ 第56天，村民1368缺水！
⚠️ 第56天，村民1369食物耗尽！
⚠️ 第56天，村民1369缺水！
⚠️ 第56天，村民1370食物耗尽！
⚠️ 第56天，村民1370缺水！
⚠️ 第56天，村民1371食物耗尽！
⚠️ 第56天，村民1371缺水！
⚠️ 第56天，村民1372食物耗尽！
⚠️ 第56天，村民1372缺水！
⚠️ 第56天，村民1373食物耗尽！
⚠️ 第56天，村民1373缺水！
⚠️ 第56天，村民1374食物耗尽！
⚠️ 第56天，村民1374缺水！
⚠️ 第56天，村民1375食物耗尽！
⚠️ 第56天，村民1375缺水！
⚠️ 第56天，村民1376食物耗尽！
⚠️ 第56天，村民1376缺水！
⚠️ 第56天，村民1377食物耗尽！
⚠️ 第56天，村民1377缺水！
⚠️ 第56天，村民1378食物耗尽！
⚠️ 第56天，村民1378缺水！
⚠️ 第56天，村民1379食物耗尽！
⚠️ 第56天，村民1379缺水！
⚠️ 第56天，村民1380食物耗尽！
⚠️ 第56天，村民1380缺水！
⚠️ 第56天，村民1381食物耗尽！
⚠️ 第56天，村民1381缺水！
⚠️ 第56天，村民1382食物耗尽！
⚠️ 第56天，村民1382缺水！
⚠️ 第56天，村民1383食物耗尽！
⚠️ 第56天，村民1383缺水！
⚠️ 第56天，村民1384食物耗尽！
⚠️ 第56天，村民1384缺水！
⚠️ 第56天，村民1385食物耗尽！
⚠️ 第56天，村民1385缺水！
⚠️ 第56天，村民1386食物耗尽！
⚠️ 第56天，村民1386缺水！
⚠️ 第56天，村民1387食物耗尽！
⚠️ 第56天，村民1387缺水！
⚠️ 第56天，村民1388食物耗尽！
⚠️ 第56天，村民1388缺水！
⚠️ 第56天，村民1389食物耗尽！
⚠️ 第56天，村民1389缺水！
⚠️ 第56天，村民1390食物耗尽！
⚠️ 第56天，村民1390缺水！
⚠️ 第56天，村民1391食物耗尽！
⚠️ 第56天，村民1391缺水！
⚠️ 第56天，村民1392食物耗尽！
⚠️ 第56天，村民1392缺水！
⚠️ 第56天，村民1393食物耗尽！
⚠️ 第56天，村民1393缺水！
⚠️ 第56天，村民1394食物耗尽！
⚠️ 第56天，村民1394缺水！
⚠️ 第56天，村民1395食物耗尽！
⚠️ 第56天，村民1395缺水！
⚠️ 第56天，村民1396食物耗尽！
⚠️ 第56天，村民1396缺水！
⚠️ 第56天，村民1397食物耗尽！
⚠️ 第56天，村民1397缺水！
⚠️ 第56天，村民1398食物耗尽！
⚠️ 第56天，村民1398缺水！
⚠️ 第56天，村民1399食物耗尽！
⚠️ 第56天，村民1399缺水！
⚠️ 第56天，村民1400食物耗尽！
⚠️ 第56天，村民1400缺水！
⚠️ 第56天，村民1401食物耗尽！
⚠️ 第56天，村民1401缺水！
⚠️ 第56天，村民1402食物耗尽！
⚠️ 第56天，村民1402缺水！
⚠️ 第56天，村民1403食物耗尽！
⚠️ 第56天，村民1403缺水！
⚠️ 第56天，村民1404食物耗尽！
⚠️ 第56天，村民1404缺水！
⚠️ 第56天，村民1405食物耗尽！
⚠️ 第56天，村民1405缺水！
⚠️ 第56天，村民1406食物耗尽！
⚠️ 第56天，村民1406缺水！
⚠️ 第56天，村民1407食物耗尽！
⚠️ 第56天，村民1407缺水！
⚠️ 第56天，村民1408食物耗尽！
⚠️ 第56天，村民1408缺水！
⚠️ 第56天，村民1409食物耗尽！
⚠️ 第56天，村民1409缺水！
⚠️ 第56天，村民1410食物耗尽！
⚠️ 第56天，村民1410缺水！
⚠️ 第56天，村民1411食物耗尽！
⚠️ 第56天，村民1411缺水！
⚠️ 第56天，村民1412食物耗尽！
⚠️ 第56天，村民1412缺水！
⚠️ 第56天，村民1413食物耗尽！
⚠️ 第56天，村民1413缺水！
⚠️ 第56天，村民1414食物耗尽！
⚠️ 第56天，村民1414缺水！
⚠️ 第56天，村民1415食物耗尽！
⚠️ 第56天，村民1415缺水！
⚠️ 第56天，村民1416食物耗尽！
⚠️ 第56天，村民1416缺水！
⚠️ 第56天，村民1417食物耗尽！
⚠️ 第56天，村民1417缺水！
⚠️ 第56天，村民1418食物耗尽！
⚠️ 第56天，村民1418缺水！
⚠️ 第56天，村民1419食物耗尽！
⚠️ 第56天，村民1419缺水！
⚠️ 第56天，村民1420食物耗尽！
⚠️ 第56天，村民1420缺水！
⚠️ 第56天，村民1421食物耗尽！
⚠️ 第56天，村民1421缺水！
⚠️ 第56天，村民1422食物耗尽！
⚠️ 第56天，村民1422缺水！
⚠️ 第56天，村民1423食物耗尽！
⚠️ 第56天，村民1423缺水！
⚠️ 第56天，村民1424食物耗尽！
⚠️ 第56天，村民1424缺水！
⚠️ 第56天，村民1425食物耗尽！
⚠️ 第56天，村民1425缺水！
⚠️ 第56天，村民1426食物耗尽！
⚠️ 第56天，村民1426缺水！
⚠️ 第56天，村民1427食物耗尽！
⚠️ 第56天，村民1427缺水！
⚠️ 第56天，村民1428食物耗尽！
⚠️ 第56天，村民1428缺水！
⚠️ 第56天，村民1429食物耗尽！
⚠️ 第56天，村民1429缺水！
⚠️ 第56天，村民1430食物耗尽！
⚠️ 第56天，村民1430缺水！
⚠️ 第56天，村民1431食物耗尽！
⚠️ 第56天，村民1431缺水！
⚠️ 第56天，村民1432食物耗尽！
⚠️ 第56天，村民1432缺水！
⚠️ 第56天，村民1433食物耗尽！
⚠️ 第56天，村民1433缺水！
⚠️ 第56天，村民1434食物耗尽！
⚠️ 第56天，村民1434缺水！
⚠️ 第56天，村民1435食物耗尽！
⚠️ 第56天，村民1435缺水！
⚠️ 第56天，村民1436食物耗尽！
⚠️ 第56天，村民1436缺水！
⚠️ 第56天，村民1437食物耗尽！
⚠️ 第56天，村民1437缺水！
⚠️ 第56天，村民1438食物耗尽！
⚠️ 第56天，村民1438缺水！
⚠️ 第56天，村民1439食物耗尽！
⚠️ 第56天，村民1439缺水！
⚠️ 第56天，村民1440食物耗尽！
⚠️ 第56天，村民1440缺水！
⚠️ 第56天，村民1441食物耗尽！
⚠️ 第56天，村民1441缺水！
⚠️ 第56天，村民1442食物耗尽！
⚠️ 第56天，村民1442缺水！
⚠️ 第56天，村民1443食物耗尽！
⚠️ 第56天，村民1443缺水！
⚠️ 第56天，村民1444食物耗尽！
⚠️ 第56天，村民1444缺水！
⚠️ 第56天，村民1445食物耗尽！
⚠️ 第56天，村民1445缺水！
⚠️ 第56天，村民1446食物耗尽！
⚠️ 第56天，村民1446缺水！
⚠️ 第56天，村民1447食物耗尽！
⚠️ 第56天，村民1447缺水！
⚠️ 第56天，村民1448食物耗尽！
⚠️ 第56天，村民1448缺水！
⚠️ 第56天，村民1449食物耗尽！
⚠️ 第56天，村民1449缺水！
⚠️ 第56天，村民1450食物耗尽！
⚠️ 第56天，村民1450缺水！
⚠️ 第56天，村民1451食物耗尽！
⚠️ 第56天，村民1451缺水！
⚠️ 第56天，村民1452食物耗尽！
⚠️ 第56天，村民1452缺水！
⚠️ 第56天，村民1453食物耗尽！
⚠️ 第56天，村民1453缺水！
⚠️ 第56天，村民1454食物耗尽！
⚠️ 第56天，村民1454缺水！
⚠️ 第56天，村民1455食物耗尽！
⚠️ 第56天，村民1455缺水！
⚠️ 第56天，村民1456食物耗尽！
⚠️ 第56天，村民1456缺水！
⚠️ 第56天，村民1457食物耗尽！
⚠️ 第56天，村民1457缺水！
⚠️ 第56天，村民1458食物耗尽！
⚠️ 第56天，村民1458缺水！
⚠️ 第56天，村民1459食物耗尽！
⚠️ 第56天，村民1459缺水！
⚠️ 第56天，村民1460食物耗尽！
⚠️ 第56天，村民1460缺水！
⚠️ 第56天，村民1461食物耗尽！
⚠️ 第56天，村民1461缺水！
⚠️ 第56天，村民1462食物耗尽！
⚠️ 第56天，村民1462缺水！
⚠️ 第56天，村民1463食物耗尽！
⚠️ 第56天，村民1463缺水！
⚠️ 第56天，村民1464食物耗尽！
⚠️ 第56天，村民1464缺水！
⚠️ 第56天，村民1465食物耗尽！
⚠️ 第56天，村民1465缺水！
⚠️ 第56天，村民1466食物耗尽！
⚠️ 第56天，村民1466缺水！
⚠️ 第56天，村民1467食物耗尽！
⚠️ 第56天，村民1467缺水！
⚠️ 第56天，村民1468食物耗尽！
⚠️ 第56天，村民1468缺水！
⚠️ 第56天，村民1469食物耗尽！
⚠️ 第56天，村民1469缺水！
⚠️ 第56天，村民1470食物耗尽！
⚠️ 第56天，村民1470缺水！
⚠️ 第56天，村民1471食物耗尽！
⚠️ 第56天，村民1471缺水！
⚠️ 第56天，村民1472食物耗尽！
⚠️ 第56天，村民1472缺水！
⚠️ 第56天，村民1473食物耗尽！
⚠️ 第56天，村民1473缺水！
⚠️ 第56天，村民1474食物耗尽！
⚠️ 第56天，村民1474缺水！
⚠️ 第56天，村民1475食物耗尽！
⚠️ 第56天，村民1475缺水！
⚠️ 第56天，村民1476食物耗尽！
⚠️ 第56天，村民1476缺水！
⚠️ 第56天，村民1477食物耗尽！
⚠️ 第56天，村民1477缺水！
⚠️ 第56天，村民1478食物耗尽！
⚠️ 第56天，村民1478缺水！
⚠️ 第56天，村民1479食物耗尽！
⚠️ 第56天，村民1479缺水！
⚠️ 第56天，村民1480食物耗尽！
⚠️ 第56天，村民1480缺水！
⚠️ 第56天，村民1481食物耗尽！
⚠️ 第56天，村民1481缺水！
⚠️ 第56天，村民1482食物耗尽！
⚠️ 第56天，村民1482缺水！
⚠️ 第56天，村民1483食物耗尽！
⚠️ 第56天，村民1483缺水！
⚠️ 第56天，村民1484食物耗尽！
⚠️ 第56天，村民1484缺水！
⚠️ 第56天，村民1485食物耗尽！
⚠️ 第56天，村民1485缺水！
⚠️ 第56天，村民1486食物耗尽！
⚠️ 第56天，村民1486缺水！
⚠️ 第56天，村民1487食物耗尽！
⚠️ 第56天，村民1487缺水！
⚠️ 第56天，村民1488食物耗尽！
⚠️ 第56天，村民1488缺水！
⚠️ 第56天，村民1489食物耗尽！
⚠️ 第56天，村民1489缺水！
⚠️ 第56天，村民1490食物耗尽！
⚠️ 第56天，村民1490缺水！
⚠️ 第56天，村民1491食物耗尽！
⚠️ 第56天，村民1491缺水！
⚠️ 第56天，村民1492食物耗尽！
⚠️ 第56天，村民1492缺水！
⚠️ 第56天，村民1493食物耗尽！
⚠️ 第56天，村民1493缺水！
⚠️ 第56天，村民1494食物耗尽！
⚠️ 第56天，村民1494缺水！
⚠️ 第56天，村民1495食物耗尽！
⚠️ 第56天，村民1495缺水！
⚠️ 第56天，村民1496食物耗尽！
⚠️ 第56天，村民1496缺水！
⚠️ 第56天，村民1497食物耗尽！
⚠️ 第56天，村民1497缺水！
⚠️ 第56天，村民1498食物耗尽！
⚠️ 第56天，村民1498缺水！
⚠️ 第56天，村民1499食物耗尽！
⚠️ 第56天，村民1499缺水！
⚠️ 第56天，村民1500食物耗尽！
⚠️ 第56天，村民1500缺水！
⚠️ 第56天，村民1501食物耗尽！
⚠️ 第56天，村民1501缺水！
⚠️ 第56天，村民1502食物耗尽！
⚠️ 第56天，村民1502缺水！
⚠️ 第56天，村民1503食物耗尽！
⚠️ 第56天，村民1503缺水！
⚠️ 第56天，村民1504食物耗尽！
⚠️ 第56天，村民1504缺水！
⚠️ 第56天，村民1505食物耗尽！
⚠️ 第56天，村民1505缺水！
⚠️ 第56天，村民1506食物耗尽！
⚠️ 第56天，村民1506缺水！
⚠️ 第56天，村民1507食物耗尽！
⚠️ 第56天，村民1507缺水！
⚠️ 第56天，村民1508食物耗尽！
⚠️ 第56天，村民1508缺水！
⚠️ 第56天，村民1509食物耗尽！
⚠️ 第56天，村民1509缺水！
⚠️ 第56天，村民1510食物耗尽！
⚠️ 第56天，村民1510缺水！
⚠️ 第56天，村民1511食物耗尽！
⚠️ 第56天，村民1511缺水！
⚠️ 第56天，村民1512食物耗尽！
⚠️ 第56天，村民1512缺水！
⚠️ 第56天，村民1513食物耗尽！
⚠️ 第56天，村民1513缺水！
⚠️ 第56天，村民1514食物耗尽！
⚠️ 第56天，村民1514缺水！
⚠️ 第56天，村民1515食物耗尽！
⚠️ 第56天，村民1515缺水！
⚠️ 第56天，村民1516食物耗尽！
⚠️ 第56天，村民1516缺水！
⚠️ 第56天，村民1517食物耗尽！
⚠️ 第56天，村民1517缺水！
⚠️ 第56天，村民1518食物耗尽！
⚠️ 第56天，村民1518缺水！
⚠️ 第56天，村民1519食物耗尽！
⚠️ 第56天，村民1519缺水！
⚠️ 第56天，村民1520食物耗尽！
⚠️ 第56天，村民1520缺水！
⚠️ 第56天，村民1521食物耗尽！
⚠️ 第56天，村民1521缺水！
⚠️ 第56天，村民1522食物耗尽！
⚠️ 第56天，村民1522缺水！
⚠️ 第56天，村民1523食物耗尽！
⚠️ 第56天，村民1523缺水！
⚠️ 第56天，村民1524食物耗尽！
⚠️ 第56天，村民1524缺水！
⚠️ 第56天，村民1525食物耗尽！
⚠️ 第56天，村民1525缺水！
⚠️ 第56天，村民1526食物耗尽！
⚠️ 第56天，村民1526缺水！
⚠️ 第56天，村民1527食物耗尽！
⚠️ 第56天，村民1527缺水！
⚠️ 第56天，村民1528食物耗尽！
⚠️ 第56天，村民1528缺水！
⚠️ 第56天，村民1529食物耗尽！
⚠️ 第56天，村民1529缺水！
⚠️ 第56天，村民1530食物耗尽！
⚠️ 第56天，村民1530缺水！
⚠️ 第56天，村民1531食物耗尽！
⚠️ 第56天，村民1531缺水！
⚠️ 第56天，村民1532食物耗尽！
⚠️ 第56天，村民1532缺水！
⚠️ 第56天，村民1533食物耗尽！
⚠️ 第56天，村民1533缺水！
⚠️ 第56天，村民1534食物耗尽！
⚠️ 第56天，村民1534缺水！
⚠️ 第56天，村民1535食物耗尽！
⚠️ 第56天，村民1535缺水！
⚠️ 第56天，村民1536食物耗尽！
⚠️ 第56天，村民1536缺水！
⚠️ 第56天，村民1537食物耗尽！
⚠️ 第56天，村民1537缺水！
⚠️ 第56天，村民1538食物耗尽！
⚠️ 第56天，村民1538缺水！
⚠️ 第56天，村民1539食物耗尽！
⚠️ 第56天，村民1539缺水！
⚠️ 第56天，村民1540食物耗尽！
⚠️ 第56天，村民1540缺水！
⚠️ 第56天，村民1541食物耗尽！
⚠️ 第56天，村民1541缺水！
⚠️ 第56天，村民1542食物耗尽！
⚠️ 第56天，村民1542缺水！
⚠️ 第56天，村民1543食物耗尽！
⚠️ 第56天，村民1543缺水！
⚠️ 第56天，村民1544食物耗尽！
⚠️ 第56天，村民1544缺水！
⚠️ 第56天，村民1545食物耗尽！
⚠️ 第56天，村民1545缺水！
⚠️ 第56天，村民1546食物耗尽！
⚠️ 第56天，村民1546缺水！
⚠️ 第56天，村民1547食物耗尽！
⚠️ 第56天，村民1547缺水！
⚠️ 第56天，村民1548食物耗尽！
⚠️ 第56天，村民1548缺水！
⚠️ 第56天，村民1549食物耗尽！
⚠️ 第56天，村民1549缺水！
⚠️ 第56天，村民1550食物耗尽！
⚠️ 第56天，村民1550缺水！
⚠️ 第56天，村民1551食物耗尽！
⚠️ 第56天，村民1551缺水！
⚠️ 第56天，村民1552食物耗尽！
⚠️ 第56天，村民1552缺水！
⚠️ 第56天，村民1553食物耗尽！
⚠️ 第56天，村民1553缺水！
⚠️ 第56天，村民1554食物耗尽！
⚠️ 第56天，村民1554缺水！
⚠️ 第56天，村民1555食物耗尽！
⚠️ 第56天，村民1555缺水！
⚠️ 第56天，村民1556食物耗尽！
⚠️ 第56天，村民1556缺水！
⚠️ 第56天，村民1557食物耗尽！
⚠️ 第56天，村民1557缺水！
⚠️ 第56天，村民1558食物耗尽！
⚠️ 第56天，村民1558缺水！
⚠️ 第56天，村民1559食物耗尽！
⚠️ 第56天，村民1559缺水！
⚠️ 第56天，村民1560食物耗尽！
⚠️ 第56天，村民1560缺水！
⚠️ 第56天，村民1561食物耗尽！
⚠️ 第56天，村民1561缺水！
⚠️ 第56天，村民1562食物耗尽！
⚠️ 第56天，村民1562缺水！
⚠️ 第56天，村民1563食物耗尽！
⚠️ 第56天，村民1563缺水！
⚠️ 第56天，村民1564食物耗尽！
⚠️ 第56天，村民1564缺水！
⚠️ 第56天，村民1565食物耗尽！
⚠️ 第56天，村民1565缺水！
⚠️ 第56天，村民1566食物耗尽！
⚠️ 第56天，村民1566缺水！
⚠️ 第56天，村民1567食物耗尽！
⚠️ 第56天，村民1567缺水！
⚠️ 第56天，村民1568食物耗尽！
⚠️ 第56天，村民1568缺水！
⚠️ 第56天，村民1569食物耗尽！
⚠️ 第56天，村民1569缺水！
⚠️ 第56天，村民1570食物耗尽！
⚠️ 第56天，村民1570缺水！
⚠️ 第56天，村民1571食物耗尽！
⚠️ 第56天，村民1571缺水！
⚠️ 第56天，村民1572食物耗尽！
⚠️ 第56天，村民1572缺水！
⚠️ 第56天，村民1573食物耗尽！
⚠️ 第56天，村民1573缺水！
⚠️ 第56天，村民1574食物耗尽！
⚠️ 第56天，村民1574缺水！
⚠️ 第56天，村民1575食物耗尽！
⚠️ 第56天，村民1575缺水！
⚠️ 第56天，村民1576食物耗尽！
⚠️ 第56天，村民1576缺水！
⚠️ 第56天，村民1577食物耗尽！
⚠️ 第56天，村民1577缺水！
⚠️ 第56天，村民1578食物耗尽！
⚠️ 第56天，村民1578缺水！
⚠️ 第56天，村民1579食物耗尽！
⚠️ 第56天，村民1579缺水！
⚠️ 第56天，村民1580食物耗尽！
⚠️ 第56天，村民1580缺水！
⚠️ 第56天，村民1581食物耗尽！
⚠️ 第56天，村民1581缺水！
⚠️ 第56天，村民1582食物耗尽！
⚠️ 第56天，村民1582缺水！
⚠️ 第56天，村民1583食物耗尽！
⚠️ 第56天，村民1583缺水！
⚠️ 第56天，村民1584食物耗尽！
⚠️ 第56天，村民1584缺水！
⚠️ 第56天，村民1585食物耗尽！
⚠️ 第56天，村民1585缺水！
⚠️ 第56天，村民1586食物耗尽！
⚠️ 第56天，村民1586缺水！
⚠️ 第56天，村民1587食物耗尽！
⚠️ 第56天，村民1587缺水！
⚠️ 第56天，村民1588食物耗尽！
⚠️ 第56天，村民1588缺水！
⚠️ 第56天，村民1589食物耗尽！
⚠️ 第56天，村民1589缺水！
⚠️ 第56天，村民1590食物耗尽！
⚠️ 第56天，村民1590缺水！
⚠️ 第56天，村民1591食物耗尽！
⚠️ 第56天，村民1591缺水！
⚠️ 第56天，村民1592食物耗尽！
⚠️ 第56天，村民1592缺水！
⚠️ 第56天，村民1593食物耗尽！
⚠️ 第56天，村民1593缺水！
⚠️ 第56天，村民1594食物耗尽！
⚠️ 第56天，村民1594缺水！
⚠️ 第56天，村民1595食物耗尽！
⚠️ 第56天，村民1595缺水！
⚠️ 第56天，村民1596食物耗尽！
⚠️ 第56天，村民1596缺水！
⚠️ 第56天，村民1597食物耗尽！
⚠️ 第56天，村民1597缺水！
⚠️ 第56天，村民1598食物耗尽！
⚠️ 第56天，村民1598缺水！
⚠️ 第56天，村民1599食物耗尽！
⚠️ 第56天，村民1599缺水！
⚠️ 第56天，村民1600食物耗尽！
⚠️ 第56天，村民1600缺水！
⚠️ 第56天，村民1601食物耗尽！
⚠️ 第56天，村民1601缺水！
⚠️ 第56天，村民1602食物耗尽！
⚠️ 第56天，村民1602缺水！
⚠️ 第56天，村民1603食物耗尽！
⚠️ 第56天，村民1603缺水！
⚠️ 第56天，村民1604食物耗尽！
⚠️ 第56天，村民1604缺水！
⚠️ 第56天，村民1605食物耗尽！
⚠️ 第56天，村民1605缺水！
⚠️ 第56天，村民1606食物耗尽！
⚠️ 第56天，村民1606缺水！
⚠️ 第56天，村民1607食物耗尽！
⚠️ 第56天，村民1607缺水！
⚠️ 第56天，村民1608食物耗尽！
⚠️ 第56天，村民1608缺水！
⚠️ 第56天，村民1609食物耗尽！
⚠️ 第56天，村民1609缺水！
⚠️ 第56天，村民1610食物耗尽！
⚠️ 第56天，村民1610缺水！
⚠️ 第56天，村民1611食物耗尽！
⚠️ 第56天，村民1611缺水！
⚠️ 第56天，村民1612食物耗尽！
⚠️ 第56天，村民1612缺水！
⚠️ 第56天，村民1613食物耗尽！
⚠️ 第56天，村民1613缺水！
⚠️ 第56天，村民1614食物耗尽！
⚠️ 第56天，村民1614缺水！
⚠️ 第56天，村民1615食物耗尽！
⚠️ 第56天，村民1615缺水！
⚠️ 第56天，村民1616食物耗尽！
⚠️ 第56天，村民1616缺水！
⚠️ 第56天，村民1617食物耗尽！
⚠️ 第56天，村民1617缺水！
⚠️ 第56天，村民1618食物耗尽！
⚠️ 第56天，村民1618缺水！
⚠️ 第56天，村民1619食物耗尽！
⚠️ 第56天，村民1619缺水！
⚠️ 第56天，村民1620食物耗尽！
⚠️ 第56天，村民1620缺水！
⚠️ 第56天，村民1621食物耗尽！
⚠️ 第56天，村民1621缺水！
⚠️ 第56天，村民1622食物耗尽！
⚠️ 第56天，村民1622缺水！
⚠️ 第56天，村民1623食物耗尽！
⚠️ 第56天，村民1623缺水！
⚠️ 第56天，村民1624食物耗尽！
⚠️ 第56天，村民1624缺水！
⚠️ 第56天，村民1625食物耗尽！
⚠️ 第56天，村民1625缺水！
⚠️ 第56天，村民1626食物耗尽！
⚠️ 第56天，村民1626缺水！
⚠️ 第56天，村民1627食物耗尽！
⚠️ 第56天，村民1627缺水！
⚠️ 第56天，村民1628食物耗尽！
⚠️ 第56天，村民1628缺水！
⚠️ 第56天，村民1629食物耗尽！
⚠️ 第56天，村民1629缺水！
⚠️ 第56天，村民1630食物耗尽！
⚠️ 第56天，村民1630缺水！
⚠️ 第56天，村民1631食物耗尽！
⚠️ 第56天，村民1631缺水！
⚠️ 第56天，村民1632食物耗尽！
⚠️ 第56天，村民1632缺水！
⚠️ 第56天，村民1633食物耗尽！
⚠️ 第56天，村民1633缺水！
⚠️ 第56天，村民1634食物耗尽！
⚠️ 第56天，村民1634缺水！
⚠️ 第56天，村民1635食物耗尽！
⚠️ 第56天，村民1635缺水！
⚠️ 第56天，村民1636食物耗尽！
⚠️ 第56天，村民1636缺水！
⚠️ 第56天，村民1637食物耗尽！
⚠️ 第56天，村民1637缺水！
⚠️ 第56天，村民1638食物耗尽！
⚠️ 第56天，村民1638缺水！
⚠️ 第56天，村民1639食物耗尽！
⚠️ 第56天，村民1639缺水！
⚠️ 第56天，村民1640食物耗尽！
⚠️ 第56天，村民1640缺水！
⚠️ 第56天，村民1641食物耗尽！
⚠️ 第56天，村民1641缺水！
⚠️ 第56天，村民1642食物耗尽！
⚠️ 第56天，村民1642缺水！
⚠️ 第56天，村民1643食物耗尽！
⚠️ 第56天，村民1643缺水！
⚠️ 第56天，村民1644食物耗尽！
⚠️ 第56天，村民1644缺水！
⚠️ 第56天，村民1645食物耗尽！
⚠️ 第56天，村民1645缺水！
⚠️ 第56天，村民1646食物耗尽！
⚠️ 第56天，村民1646缺水！
⚠️ 第56天，村民1647食物耗尽！
⚠️ 第56天，村民1647缺水！
⚠️ 第56天，村民1648食物耗尽！
⚠️ 第56天，村民1648缺水！
⚠️ 第56天，村民1649食物耗尽！
⚠️ 第56天，村民1649缺水！
⚠️ 第56天，村民1650食物耗尽！
⚠️ 第56天，村民1650缺水！
⚠️ 第56天，村民1651食物耗尽！
⚠️ 第56天，村民1651缺水！
⚠️ 第56天，村民1652食物耗尽！
⚠️ 第56天，村民1652缺水！
⚠️ 第56天，村民1653食物耗尽！
⚠️ 第56天，村民1653缺水！
⚠️ 第56天，村民1654食物耗尽！
⚠️ 第56天，村民1654缺水！
⚠️ 第56天，村民1655食物耗尽！
⚠️ 第56天，村民1655缺水！
⚠️ 第56天，村民1656食物耗尽！
⚠️ 第56天，村民1656缺水！
⚠️ 第56天，村民1657食物耗尽！
⚠️ 第56天，村民1657缺水！
⚠️ 第56天，村民1658食物耗尽！
⚠️ 第56天，村民1658缺水！
⚠️ 第56天，村民1659食物耗尽！
⚠️ 第56天，村民1659缺水！
⚠️ 第56天，村民1660食物耗尽！
⚠️ 第56天，村民1660缺水！
⚠️ 第56天，村民1661食物耗尽！
⚠️ 第56天，村民1661缺水！
⚠️ 第56天，村民1662食物耗尽！
⚠️ 第56天，村民1662缺水！
⚠️ 第56天，村民1663食物耗尽！
⚠️ 第56天，村民1663缺水！
⚠️ 第56天，村民1664食物耗尽！
⚠️ 第56天，村民1664缺水！
⚠️ 第56天，村民1665食物耗尽！
⚠️ 第56天，村民1665缺水！
⚠️ 第56天，村民1666食物耗尽！
⚠️ 第56天，村民1666缺水！
⚠️ 第56天，村民1667食物耗尽！
⚠️ 第56天，村民1667缺水！
⚠️ 第56天，村民1668食物耗尽！
⚠️ 第56天，村民1668缺水！
⚠️ 第56天，村民1669食物耗尽！
⚠️ 第56天，村民1669缺水！
⚠️ 第56天，村民1670食物耗尽！
⚠️ 第56天，村民1670缺水！
⚠️ 第56天，村民1671食物耗尽！
⚠️ 第56天，村民1671缺水！
⚠️ 第56天，村民1672食物耗尽！
⚠️ 第56天，村民1672缺水！
⚠️ 第56天，村民1673食物耗尽！
⚠️ 第56天，村民1673缺水！
⚠️ 第56天，村民1674食物耗尽！
⚠️ 第56天，村民1674缺水！
⚠️ 第56天，村民1675食物耗尽！
⚠️ 第56天，村民1675缺水！
⚠️ 第56天，村民1676食物耗尽！
⚠️ 第56天，村民1676缺水！
⚠️ 第56天，村民1677食物耗尽！
⚠️ 第56天，村民1677缺水！
⚠️ 第56天，村民1678食物耗尽！
⚠️ 第56天，村民1678缺水！
⚠️ 第56天，村民1679食物耗尽！
⚠️ 第56天，村民1679缺水！
⚠️ 第56天，村民1680食物耗尽！
⚠️ 第56天，村民1680缺水！
⚠️ 第56天，村民1681食物耗尽！
⚠️ 第56天，村民1681缺水！
⚠️ 第56天，村民1682食物耗尽！
⚠️ 第56天，村民1682缺水！
⚠️ 第56天，村民1683食物耗尽！
⚠️ 第56天，村民1683缺水！
⚠️ 第56天，村民1684食物耗尽！
⚠️ 第56天，村民1684缺水！
⚠️ 第56天，村民1685食物耗尽！
⚠️ 第56天，村民1685缺水！
⚠️ 第56天，村民1686食物耗尽！
⚠️ 第56天，村民1686缺水！
⚠️ 第56天，村民1687食物耗尽！
⚠️ 第56天，村民1687缺水！
⚠️ 第56天，村民1688食物耗尽！
⚠️ 第56天，村民1688缺水！
⚠️ 第56天，村民1689食物耗尽！
⚠️ 第56天，村民1689缺水！
⚠️ 第56天，村民1690食物耗尽！
⚠️ 第56天，村民1690缺水！
⚠️ 第56天，村民1691食物耗尽！
⚠️ 第56天，村民1691缺水！
⚠️ 第56天，村民1692食物耗尽！
⚠️ 第56天，村民1692缺水！
⚠️ 第56天，村民1693食物耗尽！
⚠️ 第56天，村民1693缺水！
⚠️ 第56天，村民1694食物耗尽！
⚠️ 第56天，村民1694缺水！
⚠️ 第56天，村民1695食物耗尽！
⚠️ 第56天，村民1695缺水！
⚠️ 第56天，村民1696食物耗尽！
⚠️ 第56天，村民1696缺水！
⚠️ 第56天，村民1697食物耗尽！
⚠️ 第56天，村民1697缺水！
⚠️ 第56天，村民1698食物耗尽！
⚠️ 第56天，村民1698缺水！
⚠️ 第56天，村民1699食物耗尽！
⚠️ 第56天，村民1699缺水！
⚠️ 第56天，村民1700食物耗尽！
⚠️ 第56天，村民1700缺水！
⚠️ 第56天，村民1701食物耗尽！
⚠️ 第56天，村民1701缺水！
⚠️ 第56天，村民1702食物耗尽！
⚠️ 第56天，村民1702缺水！
⚠️ 第56天，村民1703食物耗尽！
⚠️ 第56天，村民1703缺水！
⚠️ 第56天，村民1704食物耗尽！
⚠️ 第56天，村民1704缺水！
⚠️ 第56天，村民1705食物耗尽！
⚠️ 第56天，村民1705缺水！
⚠️ 第56天，村民1706食物耗尽！
⚠️ 第56天，村民1706缺水！
⚠️ 第56天，村民1707食物耗尽！
⚠️ 第56天，村民1707缺水！
⚠️ 第56天，村民1708食物耗尽！
⚠️ 第56天，村民1708缺水！
⚠️ 第56天，村民1709食物耗尽！
⚠️ 第56天，村民1709缺水！
⚠️ 第56天，村民1710食物耗尽！
⚠️ 第56天，村民1710缺水！
⚠️ 第56天，村民1711食物耗尽！
⚠️ 第56天，村民1711缺水！
⚠️ 第56天，村民1712食物耗尽！
⚠️ 第56天，村民1712缺水！
⚠️ 第56天，村民1713食物耗尽！
⚠️ 第56天，村民1713缺水！
⚠️ 第56天，村民1714食物耗尽！
⚠️ 第56天，村民1714缺水！
⚠️ 第56天，村民1715食物耗尽！
⚠️ 第56天，村民1715缺水！
⚠️ 第56天，村民1716食物耗尽！
⚠️ 第56天，村民1716缺水！
⚠️ 第56天，村民1717食物耗尽！
⚠️ 第56天，村民1717缺水！
⚠️ 第56天，村民1718食物耗尽！
⚠️ 第56天，村民1718缺水！
⚠️ 第56天，村民1719食物耗尽！
⚠️ 第56天，村民1719缺水！
⚠️ 第56天，村民1720食物耗尽！
⚠️ 第56天，村民1720缺水！
⚠️ 第56天，村民1721食物耗尽！
⚠️ 第56天，村民1721缺水！
⚠️ 第56天，村民1722食物耗尽！
⚠️ 第56天，村民1722缺水！
⚠️ 第56天，村民1723食物耗尽！
⚠️ 第56天，村民1723缺水！
⚠️ 第56天，村民1724食物耗尽！
⚠️ 第56天，村民1724缺水！
⚠️ 第56天，村民1725食物耗尽！
⚠️ 第56天，村民1725缺水！
⚠️ 第56天，村民1726食物耗尽！
⚠️ 第56天，村民1726缺水！
⚠️ 第56天，村民1727食物耗尽！
⚠️ 第56天，村民1727缺水！
⚠️ 第56天，村民1728食物耗尽！
⚠️ 第56天，村民1728缺水！
⚠️ 第56天，村民1729食物耗尽！
⚠️ 第56天，村民1729缺水！
⚠️ 第56天，村民1730食物耗尽！
⚠️ 第56天，村民1730缺水！
⚠️ 第56天，村民1731食物耗尽！
⚠️ 第56天，村民1731缺水！
⚠️ 第56天，村民1732食物耗尽！
⚠️ 第56天，村民1732缺水！
⚠️ 第56天，村民1733食物耗尽！
⚠️ 第56天，村民1733缺水！
⚠️ 第56天，村民1734食物耗尽！
⚠️ 第56天，村民1734缺水！
⚠️ 第56天，村民1735食物耗尽！
⚠️ 第56天，村民1735缺水！
⚠️ 第56天，村民1736食物耗尽！
⚠️ 第56天，村民1736缺水！
⚠️ 第56天，村民1737食物耗尽！
⚠️ 第56天，村民1737缺水！
⚠️ 第56天，村民1738食物耗尽！
⚠️ 第56天，村民1738缺水！
⚠️ 第56天，村民1739食物耗尽！
⚠️ 第56天，村民1739缺水！
⚠️ 第56天，村民1740食物耗尽！
⚠️ 第56天，村民1740缺水！
⚠️ 第56天，村民1741食物耗尽！
⚠️ 第56天，村民1741缺水！
⚠️ 第56天，村民1742食物耗尽！
⚠️ 第56天，村民1742缺水！
⚠️ 第56天，村民1743食物耗尽！
⚠️ 第56天，村民1743缺水！
⚠️ 第56天，村民1744食物耗尽！
⚠️ 第56天，村民1744缺水！
⚠️ 第56天，村民1745食物耗尽！
⚠️ 第56天，村民1745缺水！
⚠️ 第56天，村民1746食物耗尽！
⚠️ 第56天，村民1746缺水！
⚠️ 第56天，村民1747食物耗尽！
⚠️ 第56天，村民1747缺水！
⚠️ 第56天，村民1748食物耗尽！
⚠️ 第56天，村民1748缺水！
⚠️ 第56天，村民1749食物耗尽！
⚠️ 第56天，村民1749缺水！
⚠️ 第56天，村民1750食物耗尽！
⚠️ 第56天，村民1750缺水！
⚠️ 第56天，村民1751食物耗尽！
⚠️ 第56天，村民1751缺水！
⚠️ 第56天，村民1752食物耗尽！
⚠️ 第56天，村民1752缺水！
⚠️ 第56天，村民1753食物耗尽！
⚠️ 第56天，村民1753缺水！
⚠️ 第56天，村民1754食物耗尽！
⚠️ 第56天，村民1754缺水！
⚠️ 第56天，村民1755食物耗尽！
⚠️ 第56天，村民1755缺水！
⚠️ 第56天，村民1756食物耗尽！
⚠️ 第56天，村民1756缺水！
⚠️ 第56天，村民1757食物耗尽！
⚠️ 第56天，村民1757缺水！
⚠️ 第56天，村民1758食物耗尽！
⚠️ 第56天，村民1758缺水！
⚠️ 第56天，村民1759食物耗尽！
⚠️ 第56天，村民1759缺水！
⚠️ 第56天，村民1760食物耗尽！
⚠️ 第56天，村民1760缺水！
⚠️ 第56天，村民1761食物耗尽！
⚠️ 第56天，村民1761缺水！
⚠️ 第56天，村民1762食物耗尽！
⚠️ 第56天，村民1762缺水！
⚠️ 第56天，村民1763食物耗尽！
⚠️ 第56天，村民1763缺水！
⚠️ 第56天，村民1764食物耗尽！
⚠️ 第56天，村民1764缺水！
⚠️ 第56天，村民1765食物耗尽！
⚠️ 第56天，村民1765缺水！
⚠️ 第56天，村民1766食物耗尽！
⚠️ 第56天，村民1766缺水！
⚠️ 第56天，村民1767食物耗尽！
⚠️ 第56天，村民1767缺水！
⚠️ 第56天，村民1768食物耗尽！
⚠️ 第56天，村民1768缺水！
⚠️ 第56天，村民1769食物耗尽！
⚠️ 第56天，村民1769缺水！
⚠️ 第56天，村民1770食物耗尽！
⚠️ 第56天，村民1770缺水！
⚠️ 第56天，村民1771食物耗尽！
⚠️ 第56天，村民1771缺水！
⚠️ 第56天，村民1772食物耗尽！
⚠️ 第56天，村民1772缺水！
⚠️ 第56天，村民1773食物耗尽！
⚠️ 第56天，村民1773缺水！
⚠️ 第56天，村民1774食物耗尽！
⚠️ 第56天，村民1774缺水！
⚠️ 第56天，村民1775食物耗尽！
⚠️ 第56天，村民1775缺水！
⚠️ 第56天，村民1776食物耗尽！
⚠️ 第56天，村民1776缺水！
⚠️ 第56天，村民1777食物耗尽！
⚠️ 第56天，村民1777缺水！
⚠️ 第56天，村民1778食物耗尽！
⚠️ 第56天，村民1778缺水！
⚠️ 第56天，村民1779食物耗尽！
⚠️ 第56天，村民1779缺水！
⚠️ 第56天，村民1780食物耗尽！
⚠️ 第56天，村民1780缺水！
⚠️ 第56天，村民1781食物耗尽！
⚠️ 第56天，村民1781缺水！
⚠️ 第56天，村民1782食物耗尽！
⚠️ 第56天，村民1782缺水！
⚠️ 第56天，村民1783食物耗尽！
⚠️ 第56天，村民1783缺水！
⚠️ 第56天，村民1784食物耗尽！
⚠️ 第56天，村民1784缺水！
⚠️ 第56天，村民1785食物耗尽！
⚠️ 第56天，村民1785缺水！
⚠️ 第56天，村民1786食物耗尽！
⚠️ 第56天，村民1786缺水！
⚠️ 第56天，村民1787食物耗尽！
⚠️ 第56天，村民1787缺水！
⚠️ 第56天，村民1788食物耗尽！
⚠️ 第56天，村民1788缺水！
⚠️ 第56天，村民1789食物耗尽！
⚠️ 第56天，村民1789缺水！
⚠️ 第56天，村民1790食物耗尽！
⚠️ 第56天，村民1790缺水！
⚠️ 第56天，村民1791食物耗尽！
⚠️ 第56天，村民1791缺水！
⚠️ 第56天，村民1792食物耗尽！
⚠️ 第56天，村民1792缺水！
⚠️ 第56天，村民1793食物耗尽！
⚠️ 第56天，村民1793缺水！
⚠️ 第56天，村民1794食物耗尽！
⚠️ 第56天，村民1794缺水！
⚠️ 第56天，村民1795食物耗尽！
⚠️ 第56天，村民1795缺水！
⚠️ 第56天，村民1796食物耗尽！
⚠️ 第56天，村民1796缺水！
⚠️ 第56天，村民1797食物耗尽！
⚠️ 第56天，村民1797缺水！
⚠️ 第56天，村民1798食物耗尽！
⚠️ 第56天，村民1798缺水！
⚠️ 第56天，村民1799食物耗尽！
⚠️ 第56天，村民1799缺水！
⚠️ 第56天，村民1800食物耗尽！
⚠️ 第56天，村民1800缺水！
⚠️ 第56天，村民1801食物耗尽！
⚠️ 第56天，村民1801缺水！
⚠️ 第56天，村民1802食物耗尽！
⚠️ 第56天，村民1802缺水！
⚠️ 第56天，村民1803食物耗尽！
⚠️ 第56天，村民1803缺水！
⚠️ 第56天，村民1804食物耗尽！
⚠️ 第56天，村民1804缺水！
⚠️ 第56天，村民1805食物耗尽！
⚠️ 第56天，村民1805缺水！
⚠️ 第56天，村民1806食物耗尽！
⚠️ 第56天，村民1806缺水！
⚠️ 第56天，村民1807食物耗尽！
⚠️ 第56天，村民1807缺水！
⚠️ 第56天，村民1808食物耗尽！
⚠️ 第56天，村民1808缺水！
⚠️ 第56天，村民1809食物耗尽！
⚠️ 第56天，村民1809缺水！
⚠️ 第56天，村民1810食物耗尽！
⚠️ 第56天，村民1810缺水！
⚠️ 第56天，村民1811食物耗尽！
⚠️ 第56天，村民1811缺水！
⚠️ 第56天，村民1812食物耗尽！
⚠️ 第56天，村民1812缺水！
⚠️ 第56天，村民1813食物耗尽！
⚠️ 第56天，村民1813缺水！
⚠️ 第56天，村民1814食物耗尽！
⚠️ 第56天，村民1814缺水！
⚠️ 第56天，村民1815食物耗尽！
⚠️ 第56天，村民1815缺水！
⚠️ 第56天，村民1816食物耗尽！
⚠️ 第56天，村民1816缺水！
⚠️ 第56天，村民1817食物耗尽！
⚠️ 第56天，村民1817缺水！
⚠️ 第56天，村民1818食物耗尽！
⚠️ 第56天，村民1818缺水！
⚠️ 第56天，村民1819食物耗尽！
⚠️ 第56天，村民1819缺水！
⚠️ 第56天，村民1820食物耗尽！
⚠️ 第56天，村民1820缺水！
⚠️ 第56天，村民1821食物耗尽！
⚠️ 第56天，村民1821缺水！
⚠️ 第56天，村民1822食物耗尽！
⚠️ 第56天，村民1822缺水！
⚠️ 第56天，村民1823食物耗尽！
⚠️ 第56天，村民1823缺水！
⚠️ 第56天，村民1824食物耗尽！
⚠️ 第56天，村民1824缺水！
⚠️ 第56天，村民1825食物耗尽！
⚠️ 第56天，村民1825缺水！
⚠️ 第56天，村民1826食物耗尽！
⚠️ 第56天，村民1826缺水！
⚠️ 第56天，村民1827食物耗尽！
⚠️ 第56天，村民1827缺水！
⚠️ 第56天，村民1828食物耗尽！
⚠️ 第56天，村民1828缺水！
⚠️ 第56天，村民1829食物耗尽！
⚠️ 第56天，村民1829缺水！
⚠️ 第56天，村民1830食物耗尽！
⚠️ 第56天，村民1830缺水！
⚠️ 第56天，村民1831食物耗尽！
⚠️ 第56天，村民1831缺水！
⚠️ 第56天，村民1832食物耗尽！
⚠️ 第56天，村民1832缺水！
⚠️ 第56天，村民1833食物耗尽！
⚠️ 第56天，村民1833缺水！
⚠️ 第56天，村民1834食物耗尽！
⚠️ 第56天，村民1834缺水！
⚠️ 第56天，村民1835食物耗尽！
⚠️ 第56天，村民1835缺水！
⚠️ 第56天，村民1836食物耗尽！
⚠️ 第56天，村民1836缺水！
⚠️ 第56天，村民1837食物耗尽！
⚠️ 第56天，村民1837缺水！
⚠️ 第56天，村民1838食物耗尽！
⚠️ 第56天，村民1838缺水！
⚠️ 第56天，村民1839食物耗尽！
⚠️ 第56天，村民1839缺水！
⚠️ 第56天，村民1840食物耗尽！
⚠️ 第56天，村民1840缺水！
⚠️ 第56天，村民1841食物耗尽！
⚠️ 第56天，村民1841缺水！
⚠️ 第56天，村民1842食物耗尽！
⚠️ 第56天，村民1842缺水！
⚠️ 第56天，村民1843食物耗尽！
⚠️ 第56天，村民1843缺水！
⚠️ 第56天，村民1844食物耗尽！
⚠️ 第56天，村民1844缺水！
⚠️ 第56天，村民1845食物耗尽！
⚠️ 第56天，村民1845缺水！
⚠️ 第56天，村民1846食物耗尽！
⚠️ 第56天，村民1846缺水！
⚠️ 第56天，村民1847食物耗尽！
⚠️ 第56天，村民1847缺水！
⚠️ 第56天，村民1848食物耗尽！
⚠️ 第56天，村民1848缺水！
⚠️ 第56天，村民1849食物耗尽！
⚠️ 第56天，村民1849缺水！
⚠️ 第56天，村民1850食物耗尽！
⚠️ 第56天，村民1850缺水！
⚠️ 第56天，村民1851食物耗尽！
⚠️ 第56天，村民1851缺水！
⚠️ 第56天，村民1852食物耗尽！
⚠️ 第56天，村民1852缺水！
⚠️ 第56天，村民1853食物耗尽！
⚠️ 第56天，村民1853缺水！
⚠️ 第56天，村民1854食物耗尽！
⚠️ 第56天，村民1854缺水！
⚠️ 第56天，村民1855食物耗尽！
⚠️ 第56天，村民1855缺水！
⚠️ 第56天，村民1856食物耗尽！
⚠️ 第56天，村民1856缺水！
⚠️ 第56天，村民1857食物耗尽！
⚠️ 第56天，村民1857缺水！
⚠️ 第56天，村民1858食物耗尽！
⚠️ 第56天，村民1858缺水！
⚠️ 第56天，村民1859食物耗尽！
⚠️ 第56天，村民1859缺水！
⚠️ 第56天，村民1860食物耗尽！
⚠️ 第56天，村民1860缺水！
⚠️ 第56天，村民1861食物耗尽！
⚠️ 第56天，村民1861缺水！
⚠️ 第56天，村民1862食物耗尽！
⚠️ 第56天，村民1862缺水！
⚠️ 第56天，村民1863食物耗尽！
⚠️ 第56天，村民1863缺水！
⚠️ 第56天，村民1864食物耗尽！
⚠️ 第56天，村民1864缺水！
⚠️ 第56天，村民1865食物耗尽！
⚠️ 第56天，村民1865缺水！
⚠️ 第56天，村民1866食物耗尽！
⚠️ 第56天，村民1866缺水！
⚠️ 第56天，村民1867食物耗尽！
⚠️ 第56天，村民1867缺水！
⚠️ 第56天，村民1868食物耗尽！
⚠️ 第56天，村民1868缺水！
⚠️ 第56天，村民1869食物耗尽！
⚠️ 第56天，村民1869缺水！
⚠️ 第56天，村民1870食物耗尽！
⚠️ 第56天，村民1870缺水！
⚠️ 第56天，村民1871食物耗尽！
⚠️ 第56天，村民1871缺水！
⚠️ 第56天，村民1872食物耗尽！
⚠️ 第56天，村民1872缺水！
⚠️ 第56天，村民1873食物耗尽！
⚠️ 第56天，村民1873缺水！
⚠️ 第56天，村民1874食物耗尽！
⚠️ 第56天，村民1874缺水！
⚠️ 第56天，村民1875食物耗尽！
⚠️ 第56天，村民1875缺水！
⚠️ 第56天，村民1876食物耗尽！
⚠️ 第56天，村民1876缺水！
⚠️ 第56天，村民1877食物耗尽！
⚠️ 第56天，村民1877缺水！
⚠️ 第56天，村民1878食物耗尽！
⚠️ 第56天，村民1878缺水！
⚠️ 第56天，村民1879食物耗尽！
⚠️ 第56天，村民1879缺水！
⚠️ 第56天，村民1880食物耗尽！
⚠️ 第56天，村民1880缺水！
⚠️ 第56天，村民1881食物耗尽！
⚠️ 第56天，村民1881缺水！
⚠️ 第56天，村民1882食物耗尽！
⚠️ 第56天，村民1882缺水！
⚠️ 第56天，村民1883食物耗尽！
⚠️ 第56天，村民1883缺水！
⚠️ 第56天，村民1884食物耗尽！
⚠️ 第56天，村民1884缺水！
⚠️ 第56天，村民1885食物耗尽！
⚠️ 第56天，村民1885缺水！
⚠️ 第56天，村民1886食物耗尽！
⚠️ 第56天，村民1886缺水！
⚠️ 第56天，村民1887食物耗尽！
⚠️ 第56天，村民1887缺水！
⚠️ 第56天，村民1888食物耗尽！
⚠️ 第56天，村民1888缺水！
⚠️ 第56天，村民1889食物耗尽！
⚠️ 第56天，村民1889缺水！
⚠️ 第56天，村民1890食物耗尽！
⚠️ 第56天，村民1890缺水！
⚠️ 第56天，村民1891食物耗尽！
⚠️ 第56天，村民1891缺水！
⚠️ 第56天，村民1892食物耗尽！
⚠️ 第56天，村民1892缺水！
⚠️ 第56天，村民1893食物耗尽！
⚠️ 第56天，村民1893缺水！
⚠️ 第56天，村民1894食物耗尽！
⚠️ 第56天，村民1894缺水！
⚠️ 第56天，村民1895食物耗尽！
⚠️ 第56天，村民1895缺水！
⚠️ 第56天，村民1896食物耗尽！
⚠️ 第56天，村民1896缺水！
⚠️ 第56天，村民1897食物耗尽！
⚠️ 第56天，村民1897缺水！
⚠️ 第56天，村民1898食物耗尽！
⚠️ 第56天，村民1898缺水！
⚠️ 第56天，村民1899食物耗尽！
⚠️ 第56天，村民1899缺水！
⚠️ 第56天，村民1900食物耗尽！
⚠️ 第56天，村民1900缺水！
⚠️ 第56天，村民1901食物耗尽！
⚠️ 第56天，村民1901缺水！
⚠️ 第56天，村民1902食物耗尽！
⚠️ 第56天，村民1902缺水！
⚠️ 第56天，村民1903食物耗尽！
⚠️ 第56天，村民1903缺水！
⚠️ 第56天，村民1904食物耗尽！
⚠️ 第56天，村民1904缺水！
⚠️ 第56天，村民1905食物耗尽！
⚠️ 第56天，村民1905缺水！
⚠️ 第56天，村民1906食物耗尽！
⚠️ 第56天，村民1906缺水！
⚠️ 第56天，村民1907食物耗尽！
⚠️ 第56天，村民1907缺水！
⚠️ 第56天，村民1908食物耗尽！
⚠️ 第56天，村民1908缺水！
⚠️ 第56天，村民1909食物耗尽！
⚠️ 第56天，村民1909缺水！
⚠️ 第56天，村民1910食物耗尽！
⚠️ 第56天，村民1910缺水！
⚠️ 第56天，村民1911食物耗尽！
⚠️ 第56天，村民1911缺水！
⚠️ 第56天，村民1912食物耗尽！
⚠️ 第56天，村民1912缺水！
⚠️ 第56天，村民1913食物耗尽！
⚠️ 第56天，村民1913缺水！
⚠️ 第56天，村民1914食物耗尽！
⚠️ 第56天，村民1914缺水！
⚠️ 第56天，村民1915食物耗尽！
⚠️ 第56天，村民1915缺水！
⚠️ 第56天，村民1916食物耗尽！
⚠️ 第56天，村民1916缺水！
⚠️ 第56天，村民1917食物耗尽！
⚠️ 第56天，村民1917缺水！
⚠️ 第56天，村民1918食物耗尽！
⚠️ 第56天，村民1918缺水！
⚠️ 第56天，村民1919食物耗尽！
⚠️ 第56天，村民1919缺水！
⚠️ 第56天，村民1920食物耗尽！
⚠️ 第56天，村民1920缺水！
⚠️ 第56天，村民1921食物耗尽！
⚠️ 第56天，村民1921缺水！
⚠️ 第56天，村民1922食物耗尽！
⚠️ 第56天，村民1922缺水！
⚠️ 第56天，村民1923食物耗尽！
⚠️ 第56天，村民1923缺水！
⚠️ 第56天，村民1924食物耗尽！
⚠️ 第56天，村民1924缺水！
⚠️ 第56天，村民1925食物耗尽！
⚠️ 第56天，村民1925缺水！
⚠️ 第56天，村民1926食物耗尽！
⚠️ 第56天，村民1926缺水！
⚠️ 第56天，村民1927食物耗尽！
⚠️ 第56天，村民1927缺水！
⚠️ 第56天，村民1928食物耗尽！
⚠️ 第56天，村民1928缺水！
⚠️ 第56天，村民1929食物耗尽！
⚠️ 第56天，村民1929缺水！
⚠️ 第56天，村民1930食物耗尽！
⚠️ 第56天，村民1930缺水！
⚠️ 第56天，村民1931食物耗尽！
⚠️ 第56天，村民1931缺水！
⚠️ 第56天，村民1932食物耗尽！
⚠️ 第56天，村民1932缺水！
⚠️ 第56天，村民1933食物耗尽！
⚠️ 第56天，村民1933缺水！
⚠️ 第56天，村民1934食物耗尽！
⚠️ 第56天，村民1934缺水！
⚠️ 第56天，村民1935食物耗尽！
⚠️ 第56天，村民1935缺水！
⚠️ 第56天，村民1936食物耗尽！
⚠️ 第56天，村民1936缺水！
⚠️ 第56天，村民1937食物耗尽！
⚠️ 第56天，村民1937缺水！
⚠️ 第56天，村民1938食物耗尽！
⚠️ 第56天，村民1938缺水！
⚠️ 第56天，村民1939食物耗尽！
⚠️ 第56天，村民1939缺水！
⚠️ 第56天，村民1940食物耗尽！
⚠️ 第56天，村民1940缺水！
⚠️ 第56天，村民1941食物耗尽！
⚠️ 第56天，村民1941缺水！
⚠️ 第56天，村民1942食物耗尽！
⚠️ 第56天，村民1942缺水！
⚠️ 第56天，村民1943食物耗尽！
⚠️ 第56天，村民1943缺水！
⚠️ 第56天，村民1944食物耗尽！
⚠️ 第56天，村民1944缺水！
⚠️ 第56天，村民1945食物耗尽！
⚠️ 第56天，村民1945缺水！
⚠️ 第56天，村民1946食物耗尽！
⚠️ 第56天，村民1946缺水！
⚠️ 第56天，村民1947食物耗尽！
⚠️ 第56天，村民1947缺水！
⚠️ 第56天，村民1948食物耗尽！
⚠️ 第56天，村民1948缺水！
⚠️ 第56天，村民1949食物耗尽！
⚠️ 第56天，村民1949缺水！
⚠️ 第56天，村民1950食物耗尽！
⚠️ 第56天，村民1950缺水！
⚠️ 第56天，村民1951食物耗尽！
⚠️ 第56天，村民1951缺水！
⚠️ 第56天，村民1952食物耗尽！
⚠️ 第56天，村民1952缺水！
⚠️ 第56天，村民1953食物耗尽！
⚠️ 第56天，村民1953缺水！
⚠️ 第56天，村民1954食物耗尽！
⚠️ 第56天，村民1954缺水！
⚠️ 第56天，村民1955食物耗尽！
⚠️ 第56天，村民1955缺水！
⚠️ 第56天，村民1956食物耗尽！
⚠️ 第56天，村民1956缺水！
⚠️ 第56天，村民1957食物耗尽！
⚠️ 第56天，村民1957缺水！
⚠️ 第56天，村民1958食物耗尽！
⚠️ 第56天，村民1958缺水！
⚠️ 第56天，村民1959食物耗尽！
⚠️ 第56天，村民1959缺水！
⚠️ 第56天，村民1960食物耗尽！
⚠️ 第56天，村民1960缺水！
⚠️ 第56天，村民1961食物耗尽！
⚠️ 第56天，村民1961缺水！
⚠️ 第56天，村民1962食物耗尽！
⚠️ 第56天，村民1962缺水！
⚠️ 第56天，村民1963食物耗尽！
⚠️ 第56天，村民1963缺水！
⚠️ 第56天，村民1964食物耗尽！
⚠️ 第56天，村民1964缺水！
⚠️ 第56天，村民1965食物耗尽！
⚠️ 第56天，村民1965缺水！
⚠️ 第56天，村民1966食物耗尽！
⚠️ 第56天，村民1966缺水！
⚠️ 第56天，村民1967食物耗尽！
⚠️ 第56天，村民1967缺水！
⚠️ 第56天，村民1968食物耗尽！
⚠️ 第56天，村民1968缺水！
⚠️ 第56天，村民1969食物耗尽！
⚠️ 第56天，村民1969缺水！
⚠️ 第56天，村民1970食物耗尽！
⚠️ 第56天，村民1970缺水！
⚠️ 第56天，村民1971食物耗尽！
⚠️ 第56天，村民1971缺水！
⚠️ 第56天，村民1972食物耗尽！
⚠️ 第56天，村民1972缺水！
⚠️ 第56天，村民1973食物耗尽！
⚠️ 第56天，村民1973缺水！
⚠️ 第56天，村民1974食物耗尽！
⚠️ 第56天，村民1974缺水！
⚠️ 第56天，村民1975食物耗尽！
⚠️ 第56天，村民1975缺水！
⚠️ 第56天，村民1976食物耗尽！
⚠️ 第56天，村民1976缺水！
⚠️ 第56天，村民1977食物耗尽！
⚠️ 第56天，村民1977缺水！
⚠️ 第56天，村民1978食物耗尽！
⚠️ 第56天，村民1978缺水！
⚠️ 第56天，村民1979食物耗尽！
⚠️ 第56天，村民1979缺水！
⚠️ 第56天，村民1980食物耗尽！
⚠️ 第56天，村民1980缺水！
⚠️ 第56天，村民1981食物耗尽！
⚠️ 第56天，村民1981缺水！
⚠️ 第56天，村民1982食物耗尽！
⚠️ 第56天，村民1982缺水！
⚠️ 第56天，村民1983食物耗尽！
⚠️ 第56天，村民1983缺水！
⚠️ 第56天，村民1984食物耗尽！
⚠️ 第56天，村民1984缺水！
⚠️ 第56天，村民1985食物耗尽！
⚠️ 第56天，村民1985缺水！
⚠️ 第56天，村民1986食物耗尽！
⚠️ 第56天，村民1986缺水！
⚠️ 第56天，村民1987食物耗尽！
⚠️ 第56天，村民1987缺水！
⚠️ 第56天，村民1988食物耗尽！
⚠️ 第56天，村民1988缺水！
⚠️ 第56天，村民1989食物耗尽！
⚠️ 第56天，村民1989缺水！
⚠️ 第56天，村民1990食物耗尽！
⚠️ 第56天，村民1990缺水！
⚠️ 第56天，村民1991食物耗尽！
⚠️ 第56天，村民1991缺水！
⚠️ 第56天，村民1992食物耗尽！
⚠️ 第56天，村民1992缺水！
⚠️ 第56天，村民1993食物耗尽！
⚠️ 第56天，村民1993缺水！
⚠️ 第56天，村民1994食物耗尽！
⚠️ 第56天，村民1994缺水！
⚠️ 第56天，村民1995食物耗尽！
⚠️ 第56天，村民1995缺水！
⚠️ 第56天，村民1996食物耗尽！
⚠️ 第56天，村民1996缺水！
⚠️ 第56天，村民1997食物耗尽！
⚠️ 第56天，村民1997缺水！
⚠️ 第56天，村民1998食物耗尽！
⚠️ 第56天，村民1998缺水！
⚠️ 第56天，村民1999食物耗尽！
⚠️ 第56天，村民1999缺水！
⚠️ 第56天，村民2000食物耗尽！
⚠️ 第56天，村民2000缺水！
🌪️ --- 第57天，发生【瘟疫】！---
📊 第57天结束：当前村庄共有 2000 人存活。
